customer_id,total_orders,total_units,total_revenue,total_profit,first_order_date,last_order_date,aov,profit_margin,customer_type,recency,R_score,F_score,M_score,RFM_score,segment,activity_status
10001,6,15.0,55291.71000000001,24250.93,2024-04-15,2025-05-31,9215.29,43.86,Repeat,215,2,5,3,253,At Risk,Inactive
10002,1,2.0,3734.42,1396.48,2024-02-13,2024-02-13,3734.42,37.39,One-time,688,1,1,1,111,Lost Customers,Inactive
10003,4,17.0,107693.45,54634.17,2024-04-15,2025-05-16,26923.36,50.73,Repeat,230,2,3,5,235,At Risk,Inactive
10004,1,5.0,6847.34,3485.18,2025-03-12,2025-03-12,6847.34,50.9,One-time,295,2,1,1,211,Lost Customers,Inactive
10005,4,14.0,29473.65,12287.28,2024-04-20,2025-08-10,7368.41,41.69,Repeat,144,3,3,2,332,Potential Loyalists,At Risk
10006,6,17.0,148843.37,73005.05,2024-03-22,2025-10-13,24807.23,49.05,Repeat,80,4,5,5,455,Champions,Active
10007,3,6.0,59399.22,21770.23,2024-09-24,2025-03-13,19799.74,36.65,Repeat,294,2,2,4,224,Lost Customers,Inactive
10009,3,6.0,129809.06,42021.74,2024-12-04,2025-06-14,43269.69,32.37,Repeat,201,2,2,5,225,Lost Customers,Inactive
10010,2,7.0,16433.66,6346.88,2024-11-12,2025-10-14,8216.83,38.62,Repeat,79,4,1,2,412,New Customers,Active
10011,3,11.0,111918.29,56148.6,2024-09-16,2025-10-09,37306.1,50.17,Repeat,84,4,2,5,425,New Customers,Active
10012,4,15.0,91664.56999999999,41500.76,2025-01-02,2025-10-16,22916.14,45.27,Repeat,77,4,3,4,434,Loyal Customers,Active
10013,2,4.0,3109.2799999999997,1402.96,2025-07-19,2025-11-17,1554.64,45.12,Repeat,45,5,1,1,511,New Customers,Active
10014,4,10.0,143650.88,78697.77,2024-03-05,2025-09-15,35912.72,54.78,Repeat,108,4,3,5,435,Loyal Customers,At Risk
10015,1,5.0,21121.489999999998,6927.09,2025-04-04,2025-04-04,21121.49,32.8,One-time,272,2,1,2,212,Lost Customers,Inactive
10016,4,11.0,62655.97,25489.52,2024-01-23,2025-05-08,15663.99,40.68,Repeat,238,2,3,4,234,At Risk,Inactive
10017,3,6.0,88797.7,42064.979999999996,2025-08-31,2025-12-06,29599.23,47.37,Repeat,26,5,2,4,524,New Customers,Active
10018,4,10.0,45559.21,21581.52,2024-09-22,2025-12-06,11389.8,47.37,Repeat,26,5,3,3,533,Loyal Customers,Active
10019,5,19.0,246519.69999999998,78952.68000000001,2024-01-10,2025-04-01,49303.94,32.03,Repeat,275,2,4,5,245,At Risk,Inactive
10020,5,16.0,89616.65,42426.56,2024-03-28,2025-09-09,17923.33,47.34,Repeat,114,3,4,4,344,Potential Loyalists,At Risk
10021,6,14.0,51136.83,19877.18,2024-02-01,2025-10-15,8522.8,38.87,Repeat,78,4,5,3,453,Loyal Customers,Active
10022,6,18.0,121162.72,51697.86,2024-08-03,2025-09-22,20193.79,42.67,Repeat,101,4,5,5,455,Champions,At Risk
10023,3,6.0,23055.68,8776.4,2024-10-09,2025-12-14,7685.23,38.07,Repeat,18,5,2,2,522,New Customers,Active
10024,2,7.0,5620.99,2106.31,2024-01-21,2025-01-25,2810.5,37.47,Repeat,341,1,1,1,111,Lost Customers,Inactive
10025,3,5.0,3366.08,1430.3,2024-06-05,2025-12-29,1122.03,42.49,Repeat,3,5,2,1,521,New Customers,Active
10026,4,9.0,36817.86,15718.34,2024-03-31,2025-08-09,9204.46,42.69,Repeat,145,3,3,3,333,Potential Loyalists,At Risk
10027,5,15.0,148984.47999999998,75695.95999999999,2024-06-24,2025-08-22,29796.9,50.81,Repeat,132,3,4,5,345,Potential Loyalists,At Risk
10028,1,3.0,1216.04,539.39,2025-12-08,2025-12-08,1216.04,44.36,One-time,24,5,1,1,511,New Customers,Active
10029,2,7.0,16746.3,7279.7300000000005,2024-07-17,2024-11-23,8373.15,43.47,Repeat,404,1,1,2,112,Lost Customers,Inactive
10030,5,21.0,197304.37,89461.52,2024-02-12,2025-12-02,39460.87,45.34,Repeat,30,5,4,5,545,Champions,Active
10031,8,20.0,41733.67,18914.63,2024-02-09,2025-09-13,5216.71,45.32,Repeat,110,3,5,3,353,Potential Loyalists,At Risk
10032,3,7.0,22816.14,11675.86,2024-01-22,2025-07-20,7605.38,51.17,Repeat,165,3,2,2,322,Potential Loyalists,At Risk
10033,1,1.0,591.4,150.38,2025-10-13,2025-10-13,591.4,25.43,One-time,80,4,1,1,411,New Customers,Active
10034,4,12.0,98209.51000000001,37837.55,2024-04-08,2025-09-24,24552.38,38.53,Repeat,99,4,3,5,435,Loyal Customers,At Risk
10035,4,8.0,19888.48,10129.32,2024-03-12,2025-04-11,4972.12,50.93,Repeat,265,2,3,2,232,At Risk,Inactive
10036,2,4.0,18080.149999999998,7024.47,2024-06-11,2024-10-06,9040.07,38.85,Repeat,452,1,1,2,112,Lost Customers,Inactive
10037,5,14.0,30408.39,15762.4,2024-01-20,2025-05-08,6081.68,51.84,Repeat,238,2,4,2,242,At Risk,Inactive
10038,4,12.0,42904.89,20560.88,2024-04-13,2025-11-09,10726.22,47.92,Repeat,53,4,3,3,433,Loyal Customers,Active
10039,4,9.0,25882.899999999998,10242.76,2024-07-20,2025-08-02,6470.72,39.57,Repeat,152,3,3,2,332,Potential Loyalists,At Risk
10040,2,10.0,35701.48,17387.99,2024-07-10,2025-03-23,17850.74,48.7,Repeat,284,2,1,3,213,Lost Customers,Inactive
10041,4,6.0,79714.53,34958.47,2024-04-24,2024-10-24,19928.63,43.85,Repeat,434,1,3,4,134,At Risk,Inactive
10042,1,3.0,2207.88,1127.24,2025-04-25,2025-04-25,2207.88,51.06,One-time,251,2,1,1,211,Lost Customers,Inactive
10043,7,9.0,85358.68999999999,39839.86,2024-01-30,2025-10-31,12194.1,46.67,Repeat,62,4,5,4,454,Champions,Active
10044,5,13.0,46281.47,19720.16,2024-02-19,2025-09-25,9256.29,42.61,Repeat,98,4,4,3,443,Loyal Customers,At Risk
10045,2,2.0,17074.85,9238.48,2024-08-13,2025-07-07,8537.42,54.11,Repeat,178,3,1,2,312,Potential Loyalists,At Risk
10046,1,1.0,20745.45,6913.53,2024-06-26,2024-06-26,20745.45,33.33,One-time,554,1,1,2,112,Lost Customers,Inactive
10047,3,10.0,59525.32,26448.18,2024-09-02,2025-06-22,19841.77,44.43,Repeat,193,2,2,4,224,Lost Customers,Inactive
10048,5,10.0,14923.41,5825.77,2024-02-14,2025-09-18,2984.68,39.04,Repeat,105,4,4,2,442,Loyal Customers,At Risk
10049,3,5.0,25840.730000000003,13889.82,2024-02-28,2025-03-19,8613.58,53.75,Repeat,288,2,2,2,222,Lost Customers,Inactive
10050,1,2.0,2348.42,1025.46,2025-03-04,2025-03-04,2348.42,43.67,One-time,303,2,1,1,211,Lost Customers,Inactive
10051,4,7.0,101584.62000000001,38975.86,2024-01-21,2025-12-25,25396.16,38.37,Repeat,7,5,3,5,535,Loyal Customers,Active
10052,2,6.0,24760.51,11227.519999999999,2024-03-15,2024-11-21,12380.26,45.34,Repeat,406,1,1,2,112,Lost Customers,Inactive
10053,1,1.0,986.72,323.54,2025-07-07,2025-07-07,986.72,32.79,One-time,178,3,1,1,311,Potential Loyalists,At Risk
10054,2,3.0,7652.629999999999,2512.03,2024-08-06,2025-05-06,3826.31,32.83,Repeat,240,2,1,1,211,Lost Customers,Inactive
10055,4,12.0,39726.08,17975.93,2024-06-27,2025-12-18,9931.52,45.25,Repeat,14,5,3,3,533,Loyal Customers,Active
10056,5,14.0,209695.0,110013.63999999998,2024-03-15,2025-08-24,41939.0,52.46,Repeat,130,3,4,5,345,Potential Loyalists,At Risk
10057,6,18.0,77474.16,36215.57,2024-02-27,2025-12-16,12912.36,46.75,Repeat,16,5,5,4,554,Champions,Active
10058,2,5.0,19276.36,7869.879999999999,2024-08-07,2025-11-15,9638.18,40.83,Repeat,47,5,1,2,512,New Customers,Active
10059,4,9.0,119294.04000000001,44956.19,2024-04-05,2025-11-26,29823.51,37.69,Repeat,36,5,3,5,535,Loyal Customers,Active
10061,5,16.0,11194.53,4114.61,2024-03-17,2025-10-08,2238.91,36.76,Repeat,85,4,4,1,441,Loyal Customers,Active
10062,3,8.0,68990.04999999999,28618.5,2024-04-21,2025-04-22,22996.68,41.48,Repeat,254,2,2,4,224,Lost Customers,Inactive
10063,4,17.0,109903.48,46803.36,2024-01-26,2025-09-28,27475.87,42.59,Repeat,95,4,3,5,435,Loyal Customers,At Risk
10064,3,4.0,4166.46,1736.3799999999999,2024-05-26,2025-08-11,1388.82,41.68,Repeat,143,3,2,1,321,Potential Loyalists,At Risk
10065,3,5.0,6543.57,2339.5,2024-02-03,2024-07-01,2181.19,35.75,Repeat,549,1,2,1,121,Lost Customers,Inactive
10066,4,8.0,40593.44,19526.690000000002,2024-07-15,2025-10-19,10148.36,48.1,Repeat,74,4,3,3,433,Loyal Customers,Active
10067,2,5.0,2512.0,1073.49,2025-06-27,2025-10-26,1256.0,42.73,Repeat,67,4,1,1,411,New Customers,Active
10068,2,5.0,22677.149999999998,10517.91,2025-05-16,2025-07-29,11338.58,46.38,Repeat,156,3,1,2,312,Potential Loyalists,At Risk
10069,6,25.0,206764.16,92296.67,2024-03-09,2025-11-14,34460.69,44.64,Repeat,48,5,5,5,555,Champions,Active
10070,2,6.0,8684.09,4384.22,2025-08-12,2025-11-27,4342.04,50.49,Repeat,35,5,1,1,511,New Customers,Active
10071,2,7.0,65081.420000000006,29578.39,2025-05-15,2025-06-05,32540.71,45.45,Repeat,210,2,1,4,214,Lost Customers,Inactive
10072,4,8.0,27130.33,9973.42,2024-02-01,2025-12-12,6782.58,36.76,Repeat,20,5,3,2,532,Loyal Customers,Active
10073,3,9.0,103170.29000000001,41469.67,2024-08-01,2025-06-26,34390.1,40.2,Repeat,189,2,2,5,225,Lost Customers,Inactive
10074,4,5.0,37149.02,16557.38,2024-07-16,2025-09-19,9287.25,44.57,Repeat,104,4,3,3,433,Loyal Customers,At Risk
10075,4,10.0,134341.92,59101.12,2024-02-20,2025-09-11,33585.48,43.99,Repeat,112,3,3,5,335,Potential Loyalists,At Risk
10076,5,15.0,39558.79,19882.5,2024-02-03,2025-12-16,7911.76,50.26,Repeat,16,5,4,3,543,Loyal Customers,Active
10077,3,8.0,18291.739999999998,7811.0599999999995,2024-01-25,2025-05-05,6097.25,42.7,Repeat,241,2,2,2,222,Lost Customers,Inactive
10078,4,11.0,94994.40000000001,47590.69,2024-02-10,2025-03-18,23748.6,50.1,Repeat,289,2,3,4,234,At Risk,Inactive
10079,2,8.0,24959.18,14202.66,2024-06-26,2025-06-15,12479.59,56.9,Repeat,200,2,1,2,212,Lost Customers,Inactive
10080,5,13.0,15088.28,7702.51,2024-02-08,2025-12-03,3017.66,51.05,Repeat,29,5,4,2,542,Loyal Customers,Active
10081,5,11.0,84202.34000000001,44080.189999999995,2025-02-01,2025-11-01,16840.47,52.35,Repeat,61,4,4,4,444,Champions,Active
10082,5,16.0,201642.63999999998,82052.41,2024-05-30,2025-12-16,40328.53,40.69,Repeat,16,5,4,5,545,Champions,Active
10083,5,13.0,31515.140000000003,12056.36,2024-02-09,2024-10-24,6303.03,38.26,Repeat,434,1,4,2,142,At Risk,Inactive
10084,3,7.0,38013.1,17393.48,2024-06-12,2025-12-14,12671.03,45.76,Repeat,18,5,2,3,523,New Customers,Active
10085,4,19.0,62091.810000000005,24785.27,2024-07-12,2025-06-05,15522.95,39.92,Repeat,210,2,3,4,234,At Risk,Inactive
10086,3,9.0,46236.81,22012.22,2024-01-03,2025-12-12,15412.27,47.61,Repeat,20,5,2,3,523,New Customers,Active
10087,3,13.0,44396.59,15378.5,2024-05-12,2025-04-20,14798.86,34.64,Repeat,256,2,2,3,223,Lost Customers,Inactive
10088,2,6.0,4020.3,1493.98,2024-04-27,2025-04-28,2010.15,37.16,Repeat,248,2,1,1,211,Lost Customers,Inactive
10089,3,19.0,220495.84,112597.97,2024-08-21,2025-04-21,73498.61,51.07,Repeat,255,2,2,5,225,Lost Customers,Inactive
10090,2,2.0,35202.74,19589.91,2024-03-13,2025-10-30,17601.37,55.65,Repeat,63,4,1,3,413,New Customers,Active
10091,5,18.0,218797.41,85783.3,2024-02-04,2025-07-21,43759.48,39.21,Repeat,164,3,4,5,345,Potential Loyalists,At Risk
10092,6,30.0,148135.45,64415.520000000004,2024-01-19,2025-07-27,24689.24,43.48,Repeat,158,3,5,5,355,Potential Loyalists,At Risk
10093,4,15.0,36131.15,14941.7,2024-01-08,2025-09-28,9032.79,41.35,Repeat,95,4,3,3,433,Loyal Customers,At Risk
10094,2,3.0,4373.49,1972.32,2024-04-28,2024-07-11,2186.74,45.1,Repeat,539,1,1,1,111,Lost Customers,Inactive
10095,3,6.0,77355.78,39549.74,2024-06-01,2025-12-03,25785.26,51.13,Repeat,29,5,2,4,524,New Customers,Active
10096,3,9.0,153507.36000000002,82739.19,2024-03-03,2025-09-02,51169.12,53.9,Repeat,121,3,2,5,325,Potential Loyalists,At Risk
10097,3,9.0,51226.56,20667.15,2024-02-23,2024-07-04,17075.52,40.34,Repeat,546,1,2,3,123,Lost Customers,Inactive
10098,3,3.0,9058.3,5132.81,2024-02-11,2024-10-29,3019.43,56.66,Repeat,429,1,2,1,121,Lost Customers,Inactive
10099,2,3.0,8555.12,3559.2300000000005,2024-05-24,2024-06-03,4277.56,41.6,Repeat,577,1,1,1,111,Lost Customers,Inactive
10100,4,6.0,9559.02,4162.23,2024-07-11,2025-05-10,2389.76,43.54,Repeat,236,2,3,1,231,At Risk,Inactive
10101,3,7.0,9997.51,4773.67,2024-06-17,2025-08-25,3332.5,47.75,Repeat,129,3,2,1,321,Potential Loyalists,At Risk
10102,5,13.0,75583.62,37266.5,2024-02-14,2025-09-03,15116.72,49.3,Repeat,120,3,4,4,344,Potential Loyalists,At Risk
10103,6,15.0,124760.0,58433.31,2024-01-29,2025-10-30,20793.33,46.84,Repeat,63,4,5,5,455,Champions,Active
10104,3,5.0,53721.22,26895.3,2024-07-11,2025-12-13,17907.07,50.06,Repeat,19,5,2,3,523,New Customers,Active
10105,4,8.0,37573.869999999995,21366.98,2024-05-10,2025-04-24,9393.47,56.87,Repeat,252,2,3,3,233,At Risk,Inactive
10106,4,8.0,109140.34,40828.33,2024-06-01,2024-11-15,27285.08,37.41,Repeat,412,1,3,5,135,At Risk,Inactive
10107,6,19.0,239072.74,97949.06,2024-04-20,2025-12-15,39845.46,40.97,Repeat,17,5,5,5,555,Champions,Active
10108,4,8.0,13143.68,6616.21,2024-08-18,2025-12-09,3285.92,50.34,Repeat,23,5,3,1,531,Loyal Customers,Active
10109,5,9.0,15632.710000000001,8486.32,2024-03-20,2025-06-05,3126.54,54.29,Repeat,210,2,4,2,242,At Risk,Inactive
10110,8,14.0,26235.8,11493.97,2024-02-01,2025-11-04,3279.48,43.81,Repeat,58,4,5,2,452,Loyal Customers,Active
10111,3,8.0,47515.399999999994,23627.11,2024-10-20,2025-07-12,15838.47,49.73,Repeat,173,3,2,3,323,Potential Loyalists,At Risk
10112,5,15.0,81927.76,35004.31,2024-08-17,2025-08-27,16385.55,42.73,Repeat,127,3,4,4,344,Potential Loyalists,At Risk
10113,2,4.0,4627.0599999999995,1557.1799999999998,2024-04-30,2024-05-21,2313.53,33.65,Repeat,590,1,1,1,111,Lost Customers,Inactive
10114,2,6.0,41344.98,21897.899999999998,2024-01-11,2025-03-20,20672.49,52.96,Repeat,287,2,1,3,213,Lost Customers,Inactive
10115,4,12.0,56918.100000000006,28266.510000000002,2024-07-08,2025-11-30,14229.53,49.66,Repeat,32,5,3,4,534,Loyal Customers,Active
10116,6,17.0,21381.41,8545.13,2024-02-16,2025-06-02,3563.57,39.97,Repeat,213,2,5,2,252,At Risk,Inactive
10117,1,1.0,1582.79,839.43,2025-05-12,2025-05-12,1582.79,53.03,One-time,234,2,1,1,211,Lost Customers,Inactive
10118,11,37.0,188602.54,89863.81,2024-06-23,2025-12-13,17145.69,47.65,Repeat,19,5,5,5,555,Champions,Active
10119,5,9.0,11023.289999999999,4983.05,2024-06-21,2025-03-27,2204.66,45.2,Repeat,280,2,4,1,241,At Risk,Inactive
10120,2,4.0,25104.34,9938.34,2025-06-16,2025-07-08,12552.17,39.59,Repeat,177,3,1,2,312,Potential Loyalists,At Risk
10121,1,2.0,9164.95,5531.13,2024-04-28,2024-04-28,9164.95,60.35,One-time,613,1,1,1,111,Lost Customers,Inactive
10122,4,10.0,30915.31,12360.94,2024-02-04,2024-12-23,7728.83,39.98,Repeat,374,1,3,2,132,At Risk,Inactive
10123,3,6.0,141256.41999999998,76601.66,2024-02-21,2024-09-29,47085.47,54.23,Repeat,459,1,2,5,125,Lost Customers,Inactive
10124,3,10.0,28924.539999999997,10497.09,2024-05-17,2025-09-30,9641.51,36.29,Repeat,93,4,2,2,422,New Customers,At Risk
10125,5,12.0,84995.56,38632.44,2024-01-08,2025-04-09,16999.11,45.45,Repeat,267,2,4,4,244,At Risk,Inactive
10126,4,15.0,43100.33,17519.03,2024-07-14,2025-11-20,10775.08,40.65,Repeat,42,5,3,3,533,Loyal Customers,Active
10127,4,14.0,71068.51,25848.7,2024-12-06,2025-11-07,17767.13,36.37,Repeat,55,4,3,4,434,Loyal Customers,Active
10128,3,12.0,39176.9,18816.46,2024-12-16,2025-12-25,13058.97,48.03,Repeat,7,5,2,3,523,New Customers,Active
10129,5,12.0,60968.03,32624.99,2024-02-17,2025-10-16,12193.61,53.51,Repeat,77,4,4,4,444,Champions,Active
10130,3,5.0,14950.96,5568.35,2024-04-03,2025-03-27,4983.65,37.24,Repeat,280,2,2,2,222,Lost Customers,Inactive
10131,2,3.0,6862.63,3222.72,2024-05-12,2025-04-05,3431.32,46.96,Repeat,271,2,1,1,211,Lost Customers,Inactive
10132,4,15.0,34577.38,16581.940000000002,2024-09-03,2025-12-22,8644.34,47.96,Repeat,10,5,3,3,533,Loyal Customers,Active
10133,1,4.0,26590.050000000003,9796.39,2024-09-09,2024-09-09,26590.05,36.84,One-time,479,1,1,2,112,Lost Customers,Inactive
10134,2,6.0,11486.52,5600.26,2024-05-11,2025-07-24,5743.26,48.76,Repeat,161,3,1,1,311,Potential Loyalists,At Risk
10135,3,7.0,106482.34,54453.66,2024-02-13,2025-11-29,35494.11,51.14,Repeat,33,5,2,5,525,New Customers,Active
10136,5,11.0,126460.58,62811.850000000006,2024-06-03,2025-07-22,25292.12,49.67,Repeat,163,3,4,5,345,Potential Loyalists,At Risk
10137,2,3.0,5365.49,2346.26,2024-05-17,2025-12-02,2682.74,43.73,Repeat,30,5,1,1,511,New Customers,Active
10138,2,3.0,11650.16,3518.28,2025-05-03,2025-11-12,5825.08,30.2,Repeat,50,4,1,1,411,New Customers,Active
10139,1,1.0,678.19,179.46,2024-10-14,2024-10-14,678.19,26.46,One-time,444,1,1,1,111,Lost Customers,Inactive
10140,1,1.0,379.39,127.97,2024-11-13,2024-11-13,379.39,33.73,One-time,414,1,1,1,111,Lost Customers,Inactive
10141,2,3.0,1661.31,777.4,2024-10-24,2025-01-23,830.66,46.79,Repeat,343,1,1,1,111,Lost Customers,Inactive
10142,5,16.0,39280.68,18826.02,2024-01-31,2025-05-16,7856.14,47.93,Repeat,230,2,4,3,243,At Risk,Inactive
10143,3,5.0,18850.350000000002,10032.32,2025-01-08,2025-03-10,6283.45,53.22,Repeat,297,2,2,2,222,Lost Customers,Inactive
10144,4,15.0,95267.48,50349.66,2024-02-16,2025-08-25,23816.87,52.85,Repeat,129,3,3,4,334,Potential Loyalists,At Risk
10145,6,12.0,33102.119999999995,12328.210000000001,2024-04-21,2025-12-11,5517.02,37.24,Repeat,21,5,5,3,553,Loyal Customers,Active
10146,5,13.0,27217.140000000003,11393.94,2024-07-25,2025-12-29,5443.43,41.86,Repeat,3,5,4,2,542,Loyal Customers,Active
10147,2,2.0,4124.81,1493.83,2024-04-07,2025-12-08,2062.41,36.22,Repeat,24,5,1,1,511,New Customers,Active
10148,2,9.0,41865.24,17099.97,2025-08-07,2025-08-24,20932.62,40.85,Repeat,130,3,1,3,313,Potential Loyalists,At Risk
10149,6,8.0,52524.45,18438.82,2024-02-28,2025-10-01,8754.07,35.11,Repeat,92,4,5,3,453,Loyal Customers,At Risk
10150,3,4.0,6674.43,3413.68,2024-08-13,2025-06-07,2224.81,51.15,Repeat,208,2,2,1,221,Lost Customers,Inactive
10151,4,10.0,42616.59,18487.45,2024-05-11,2025-12-19,10654.15,43.38,Repeat,13,5,3,3,533,Loyal Customers,Active
10152,4,10.0,113286.23,58754.67,2024-02-22,2025-12-31,28321.56,51.86,Repeat,1,5,3,5,535,Loyal Customers,Active
10153,3,7.0,23693.0,6935.88,2024-03-20,2025-03-30,7897.67,29.27,Repeat,277,2,2,2,222,Lost Customers,Inactive
10154,3,5.0,24422.34,11252.75,2025-02-28,2025-12-17,8140.78,46.08,Repeat,15,5,2,2,522,New Customers,Active
10155,3,4.0,27785.64,11621.189999999999,2025-01-03,2025-09-16,9261.88,41.82,Repeat,107,4,2,2,422,New Customers,At Risk
10156,7,24.0,154584.44,77676.18,2024-08-03,2025-11-25,22083.49,50.25,Repeat,37,5,5,5,555,Champions,Active
10157,6,15.0,321016.12,108145.12,2024-09-13,2025-12-03,53502.69,33.69,Repeat,29,5,5,5,555,Champions,Active
10158,2,8.0,55709.91,22478.460000000003,2024-12-04,2025-01-14,27854.96,40.35,Repeat,352,1,1,3,113,Lost Customers,Inactive
10159,5,16.0,86022.02,38318.810000000005,2024-05-11,2025-01-02,17204.4,44.55,Repeat,364,1,4,4,144,At Risk,Inactive
10160,4,14.0,232942.91,94336.52,2025-01-30,2025-12-20,58235.73,40.5,Repeat,12,5,3,5,535,Loyal Customers,Active
10161,5,11.0,97430.0,51867.73,2024-01-20,2025-07-17,19486.0,53.24,Repeat,168,3,4,5,345,Potential Loyalists,At Risk
10162,4,7.0,9013.66,4704.33,2024-12-17,2025-12-26,2253.42,52.19,Repeat,6,5,3,1,531,Loyal Customers,Active
10163,4,15.0,58879.44,28293.13,2024-12-11,2025-07-15,14719.86,48.05,Repeat,170,3,3,4,334,Potential Loyalists,At Risk
10164,5,13.0,112075.90000000001,51132.92,2024-02-24,2025-08-29,22415.18,45.62,Repeat,125,3,4,5,345,Potential Loyalists,At Risk
10165,2,3.0,14495.37,8383.460000000001,2024-10-02,2025-12-08,7247.68,57.84,Repeat,24,5,1,1,511,New Customers,Active
10166,5,13.0,238161.26,108527.70000000001,2024-07-19,2025-12-30,47632.25,45.57,Repeat,2,5,4,5,545,Champions,Active
10167,5,13.0,80349.94,35973.94,2024-02-29,2025-11-06,16069.99,44.77,Repeat,56,4,4,4,444,Champions,Active
10168,2,2.0,33243.37,17815.86,2025-03-15,2025-07-28,16621.69,53.59,Repeat,157,3,1,3,313,Potential Loyalists,At Risk
10169,1,2.0,2190.42,788.3900000000001,2025-10-23,2025-10-23,2190.42,35.99,One-time,70,4,1,1,411,New Customers,Active
10170,2,7.0,70324.8,29005.68,2025-08-04,2025-11-16,35162.4,41.25,Repeat,46,5,1,4,514,New Customers,Active
10171,5,9.0,21070.15,8534.039999999999,2024-01-20,2025-10-06,4214.03,40.5,Repeat,87,4,4,2,442,Loyal Customers,Active
10172,4,12.0,84081.49,43676.17999999999,2024-01-23,2025-04-23,21020.37,51.95,Repeat,253,2,3,4,234,At Risk,Inactive
10173,2,2.0,5290.1,1706.08,2024-10-22,2025-12-01,2645.05,32.25,Repeat,31,5,1,1,511,New Customers,Active
10174,6,16.0,130867.3,60426.32,2024-04-30,2025-12-23,21811.22,46.17,Repeat,9,5,5,5,555,Champions,Active
10175,3,10.0,220184.8,87181.84,2025-02-23,2025-11-16,73394.93,39.59,Repeat,46,5,2,5,525,New Customers,Active
10176,6,14.0,100319.19,45268.240000000005,2024-01-23,2025-04-10,16719.87,45.12,Repeat,266,2,5,5,255,At Risk,Inactive
10177,3,4.0,26438.65,10724.76,2024-12-05,2025-09-09,8812.88,40.56,Repeat,114,3,2,2,322,Potential Loyalists,At Risk
10178,5,10.0,40617.9,18624.719999999998,2024-11-02,2025-07-04,8123.58,45.85,Repeat,181,3,4,3,343,Potential Loyalists,Inactive
10179,5,18.0,49043.16,22283.78,2024-04-07,2025-03-16,9808.63,45.44,Repeat,291,2,4,3,243,At Risk,Inactive
10180,2,7.0,14940.6,7027.629999999999,2024-03-10,2024-04-27,7470.3,47.04,Repeat,614,1,1,2,112,Lost Customers,Inactive
10181,3,7.0,28476.98,14461.13,2024-02-29,2025-08-02,9492.33,50.78,Repeat,152,3,2,2,322,Potential Loyalists,At Risk
10182,3,12.0,40515.5,17794.35,2024-02-29,2024-08-19,13505.17,43.92,Repeat,500,1,2,3,123,Lost Customers,Inactive
10183,2,3.0,9241.61,4119.219999999999,2024-09-19,2025-03-08,4620.8,44.57,Repeat,299,2,1,1,211,Lost Customers,Inactive
10184,3,12.0,147774.42,75884.84,2024-03-15,2025-09-04,49258.14,51.35,Repeat,119,3,2,5,325,Potential Loyalists,At Risk
10185,1,2.0,114221.3,54871.18,2025-08-10,2025-08-10,114221.3,48.04,One-time,144,3,1,5,315,Potential Loyalists,At Risk
10186,6,18.0,73360.34,26884.09,2024-01-08,2025-11-27,12226.72,36.65,Repeat,35,5,5,4,554,Champions,Active
10187,1,4.0,25854.26,10792.45,2025-07-16,2025-07-16,25854.26,41.74,One-time,169,3,1,2,312,Potential Loyalists,At Risk
10188,1,1.0,882.85,219.67,2025-07-15,2025-07-15,882.85,24.88,One-time,170,3,1,1,311,Potential Loyalists,At Risk
10189,5,17.0,93661.65,34226.94,2024-04-12,2025-08-26,18732.33,36.54,Repeat,128,3,4,4,344,Potential Loyalists,At Risk
10190,4,9.0,59664.020000000004,26651.55,2024-03-21,2025-04-25,14916.0,44.67,Repeat,251,2,3,4,234,At Risk,Inactive
10191,4,9.0,122079.96999999999,59269.41,2024-01-27,2025-12-03,30519.99,48.55,Repeat,29,5,3,5,535,Loyal Customers,Active
10192,6,19.0,226790.22999999998,103710.33000000002,2024-04-11,2025-06-24,37798.37,45.73,Repeat,191,2,5,5,255,At Risk,Inactive
10193,5,11.0,38901.4,17934.73,2024-01-24,2025-11-27,7780.28,46.1,Repeat,35,5,4,3,543,Loyal Customers,Active
10194,6,12.0,10996.84,5086.03,2024-01-27,2025-08-27,1832.81,46.25,Repeat,127,3,5,1,351,Potential Loyalists,At Risk
10195,2,8.0,65097.97,21435.14,2024-08-28,2024-09-15,32548.98,32.93,Repeat,473,1,1,4,114,Lost Customers,Inactive
10196,4,6.0,15661.87,6113.780000000001,2024-04-21,2025-10-09,3915.47,39.04,Repeat,84,4,3,2,432,Loyal Customers,Active
10197,2,2.0,4585.76,1649.22,2024-11-09,2025-01-30,2292.88,35.96,Repeat,336,1,1,1,111,Lost Customers,Inactive
10198,2,8.0,101409.35999999999,43408.29,2024-09-20,2025-03-11,50704.68,42.81,Repeat,296,2,1,5,215,Lost Customers,Inactive
10199,2,2.0,8846.76,4362.09,2024-02-19,2024-08-14,4423.38,49.31,Repeat,505,1,1,1,111,Lost Customers,Inactive
10200,2,5.0,65791.08,28197.04,2024-12-19,2025-07-30,32895.54,42.86,Repeat,155,3,1,4,314,Potential Loyalists,At Risk
10201,4,12.0,37755.840000000004,18431.65,2024-02-04,2025-04-29,9438.96,48.82,Repeat,247,2,3,3,233,At Risk,Inactive
10202,3,3.0,16903.87,7335.16,2024-07-12,2025-07-31,5634.62,43.39,Repeat,154,3,2,2,322,Potential Loyalists,At Risk
10203,1,4.0,13080.460000000001,5661.47,2024-09-02,2024-09-02,13080.46,43.28,One-time,486,1,1,1,111,Lost Customers,Inactive
10204,7,20.0,68704.99,35160.46,2024-01-12,2025-12-28,9815.0,51.18,Repeat,4,5,5,4,554,Champions,Active
10205,2,5.0,12823.36,4443.1900000000005,2024-04-21,2025-04-07,6411.68,34.65,Repeat,269,2,1,1,211,Lost Customers,Inactive
10206,9,30.0,308028.09,131599.7,2024-03-21,2025-09-26,34225.34,42.72,Repeat,97,4,5,5,455,Champions,At Risk
10207,3,10.0,52389.19,24806.01,2024-10-03,2025-11-08,17463.06,47.35,Repeat,54,4,2,3,423,New Customers,Active
10208,4,14.0,97442.67000000001,43758.99,2024-01-06,2025-08-29,24360.67,44.91,Repeat,125,3,3,5,335,Potential Loyalists,At Risk
10209,5,12.0,21841.62,11673.04,2024-01-20,2025-04-23,4368.32,53.44,Repeat,253,2,4,2,242,At Risk,Inactive
10210,3,10.0,86028.78,40152.95,2024-01-07,2025-12-20,28676.26,46.67,Repeat,12,5,2,4,524,New Customers,Active
10211,6,15.0,91823.96999999999,40407.21,2025-02-25,2025-11-02,15303.99,44.01,Repeat,60,4,5,4,454,Champions,Active
10212,1,2.0,2466.89,722.21,2024-12-29,2024-12-29,2466.89,29.28,One-time,368,1,1,1,111,Lost Customers,Inactive
10213,3,4.0,19940.52,9608.21,2024-10-31,2025-08-26,6646.84,48.18,Repeat,128,3,2,2,322,Potential Loyalists,At Risk
10214,3,6.0,24652.75,13167.880000000001,2024-04-10,2025-07-25,8217.58,53.41,Repeat,160,3,2,2,322,Potential Loyalists,At Risk
10215,3,5.0,27219.4,7801.46,2025-02-14,2025-12-15,9073.13,28.66,Repeat,17,5,2,2,522,New Customers,Active
10216,4,14.0,79945.26000000001,37057.6,2024-04-16,2025-02-09,19986.32,46.35,Repeat,326,1,3,4,134,At Risk,Inactive
10217,1,2.0,8682.59,5048.77,2024-11-13,2024-11-13,8682.59,58.15,One-time,414,1,1,1,111,Lost Customers,Inactive
10218,4,9.0,129858.09,64487.310000000005,2024-06-06,2025-07-24,32464.52,49.66,Repeat,161,3,3,5,335,Potential Loyalists,At Risk
10219,1,3.0,36497.19,11733.730000000001,2024-10-13,2024-10-13,36497.19,32.15,One-time,445,1,1,3,113,Lost Customers,Inactive
10220,4,9.0,56778.11,29313.78,2024-02-26,2025-11-18,14194.53,51.63,Repeat,44,5,3,4,534,Loyal Customers,Active
10221,6,13.0,51307.63,21088.95,2024-01-29,2025-11-25,8551.27,41.1,Repeat,37,5,5,3,553,Loyal Customers,Active
10223,1,5.0,16666.260000000002,6483.93,2025-01-16,2025-01-16,16666.26,38.9,One-time,350,1,1,2,112,Lost Customers,Inactive
10224,5,13.0,121793.92000000001,47502.83,2024-08-07,2025-08-13,24358.78,39.0,Repeat,141,3,4,5,345,Potential Loyalists,At Risk
10225,7,17.0,127798.28,56498.72,2024-03-05,2025-12-17,18256.9,44.21,Repeat,15,5,5,5,555,Champions,Active
10226,3,7.0,7271.799999999999,3672.77,2024-11-20,2025-04-17,2423.93,50.51,Repeat,259,2,2,1,221,Lost Customers,Inactive
10227,3,10.0,125703.46,68667.54,2024-06-25,2025-05-29,41901.15,54.63,Repeat,217,2,2,5,225,Lost Customers,Inactive
10228,3,10.0,28932.5,13049.41,2024-06-09,2025-09-26,9644.17,45.1,Repeat,97,4,2,2,422,New Customers,At Risk
10229,4,10.0,51470.34,22998.37,2024-11-22,2025-04-22,12867.58,44.68,Repeat,254,2,3,3,233,At Risk,Inactive
10230,4,14.0,84266.98,32736.989999999998,2024-03-13,2025-09-24,21066.74,38.85,Repeat,99,4,3,4,434,Loyal Customers,At Risk
10231,2,5.0,8715.62,2534.5,2024-10-19,2025-01-25,4357.81,29.08,Repeat,341,1,1,1,111,Lost Customers,Inactive
10233,4,15.0,44512.41,18281.75,2024-11-11,2025-05-24,11128.1,41.07,Repeat,222,2,3,3,233,At Risk,Inactive
10234,1,1.0,12104.43,7229.09,2024-11-11,2024-11-11,12104.43,59.72,One-time,416,1,1,1,111,Lost Customers,Inactive
10235,2,3.0,33988.28,12855.82,2025-03-04,2025-09-13,16994.14,37.82,Repeat,110,3,1,3,313,Potential Loyalists,At Risk
10236,6,13.0,45873.63,25390.5,2024-01-14,2025-11-28,7645.6,55.35,Repeat,34,5,5,3,553,Loyal Customers,Active
10237,1,3.0,3702.4,1301.88,2025-11-13,2025-11-13,3702.4,35.16,One-time,49,4,1,1,411,New Customers,Active
10238,1,1.0,229.18,88.62,2025-12-24,2025-12-24,229.18,38.67,One-time,8,5,1,1,511,New Customers,Active
10239,7,28.0,82577.9,36013.86,2024-11-29,2025-12-16,11796.84,43.61,Repeat,16,5,5,4,554,Champions,Active
10240,8,17.0,53782.270000000004,27749.48,2024-01-08,2025-03-25,6722.78,51.6,Repeat,282,2,5,3,253,At Risk,Inactive
10241,4,5.0,9170.95,4134.72,2024-06-14,2025-04-27,2292.74,45.08,Repeat,249,2,3,1,231,At Risk,Inactive
10242,2,8.0,19819.82,7619.2,2024-07-25,2024-12-21,9909.91,38.44,Repeat,376,1,1,2,112,Lost Customers,Inactive
10243,3,10.0,66810.39,26691.3,2025-06-11,2025-11-27,22270.13,39.95,Repeat,35,5,2,4,524,New Customers,Active
10244,6,14.0,61032.98,30848.68,2024-03-20,2025-01-18,10172.16,50.54,Repeat,348,1,5,4,154,At Risk,Inactive
10245,3,14.0,20056.32,8327.98,2024-05-03,2025-03-04,6685.44,41.52,Repeat,303,2,2,2,222,Lost Customers,Inactive
10246,3,6.0,43064.82,13893.7,2024-01-28,2025-04-01,14354.94,32.26,Repeat,275,2,2,3,223,Lost Customers,Inactive
10247,5,9.0,19183.3,6948.88,2024-02-13,2025-10-29,3836.66,36.22,Repeat,64,4,4,2,442,Loyal Customers,Active
10249,5,12.0,35910.25,15846.820000000002,2024-03-26,2025-09-14,7182.05,44.13,Repeat,109,4,4,3,443,Loyal Customers,At Risk
10250,2,6.0,129851.79999999999,71966.88,2024-08-29,2025-11-25,64925.9,55.42,Repeat,37,5,1,5,515,New Customers,Active
10251,7,14.0,55693.340000000004,25741.260000000002,2024-07-26,2025-08-03,7956.19,46.22,Repeat,151,3,5,3,353,Potential Loyalists,At Risk
10252,2,2.0,8183.3099999999995,3819.61,2024-11-05,2025-12-27,4091.66,46.68,Repeat,5,5,1,1,511,New Customers,Active
10253,4,10.0,32583.87,13018.34,2024-06-28,2024-12-24,8145.97,39.95,Repeat,373,1,3,2,132,At Risk,Inactive
10254,1,2.0,8780.470000000001,4315.09,2025-05-13,2025-05-13,8780.47,49.14,One-time,233,2,1,1,211,Lost Customers,Inactive
10255,4,5.0,29293.83,9687.529999999999,2024-10-11,2025-08-21,7323.46,33.07,Repeat,133,3,3,2,332,Potential Loyalists,At Risk
10256,6,18.0,65807.73000000001,29662.739999999998,2024-03-13,2025-08-26,10967.96,45.07,Repeat,128,3,5,4,354,Potential Loyalists,At Risk
10257,3,10.0,7653.02,2968.88,2024-09-07,2025-03-11,2551.01,38.79,Repeat,296,2,2,1,221,Lost Customers,Inactive
10258,2,7.0,69789.37,30049.8,2024-06-28,2025-04-16,34894.68,43.06,Repeat,260,2,1,4,214,Lost Customers,Inactive
10260,4,7.0,7123.43,3430.63,2024-03-01,2025-10-18,1780.86,48.16,Repeat,75,4,3,1,431,Loyal Customers,Active
10261,1,1.0,2033.51,642.69,2024-10-17,2024-10-17,2033.51,31.6,One-time,441,1,1,1,111,Lost Customers,Inactive
10262,3,12.0,120901.54,45046.619999999995,2024-02-12,2025-10-16,40300.51,37.26,Repeat,77,4,2,5,425,New Customers,Active
10263,2,3.0,3519.8,1240.57,2024-03-11,2024-07-05,1759.9,35.25,Repeat,545,1,1,1,111,Lost Customers,Inactive
10264,3,13.0,67739.6,32005.260000000002,2024-05-18,2025-07-09,22579.87,47.25,Repeat,176,3,2,4,324,Potential Loyalists,At Risk
10265,2,2.0,58162.69,27806.61,2024-01-12,2024-04-26,29081.34,47.81,Repeat,615,1,1,4,114,Lost Customers,Inactive
10267,2,5.0,18681.6,8597.91,2024-01-11,2025-06-04,9340.8,46.02,Repeat,211,2,1,2,212,Lost Customers,Inactive
10268,2,5.0,81260.37,30295.1,2024-08-09,2025-08-19,40630.18,37.28,Repeat,135,3,1,4,314,Potential Loyalists,At Risk
10269,2,8.0,91801.25,45363.350000000006,2024-11-04,2025-11-14,45900.62,49.41,Repeat,48,5,1,4,514,New Customers,Active
10270,3,12.0,70160.86,28278.239999999998,2024-07-27,2025-07-01,23386.95,40.3,Repeat,184,3,2,4,324,Potential Loyalists,Inactive
10271,5,18.0,107287.39,37343.18,2024-07-14,2025-04-08,21457.48,34.81,Repeat,268,2,4,5,245,At Risk,Inactive
10272,3,7.0,53088.66,25184.350000000002,2024-06-19,2025-11-27,17696.22,47.44,Repeat,35,5,2,3,523,New Customers,Active
10273,3,10.0,79918.73,42337.46,2024-02-04,2024-12-08,26639.58,52.98,Repeat,389,1,2,4,124,Lost Customers,Inactive
10274,2,4.0,69308.65999999999,21070.47,2024-02-22,2025-10-09,34654.33,30.4,Repeat,84,4,1,4,414,New Customers,Active
10275,1,2.0,16015.34,4893.23,2024-08-19,2024-08-19,16015.34,30.55,One-time,500,1,1,2,112,Lost Customers,Inactive
10276,3,6.0,35567.32,17857.57,2024-08-02,2024-12-16,11855.77,50.21,Repeat,381,1,2,3,123,Lost Customers,Inactive
10277,3,9.0,34132.55,14034.4,2025-03-31,2025-12-28,11377.52,41.12,Repeat,4,5,2,3,523,New Customers,Active
10278,5,14.0,118870.41,50757.07,2024-03-27,2025-07-20,23774.08,42.7,Repeat,165,3,4,5,345,Potential Loyalists,At Risk
10279,4,7.0,18850.84,6787.389999999999,2024-07-15,2025-07-02,4712.71,36.01,Repeat,183,3,3,2,332,Potential Loyalists,Inactive
10280,1,2.0,6758.27,3781.75,2025-05-18,2025-05-18,6758.27,55.96,One-time,228,2,1,1,211,Lost Customers,Inactive
10281,4,8.0,49282.04,24274.94,2024-09-17,2025-08-21,12320.51,49.26,Repeat,133,3,3,3,333,Potential Loyalists,At Risk
10282,1,4.0,9072.34,3398.3,2024-12-05,2024-12-05,9072.34,37.46,One-time,392,1,1,1,111,Lost Customers,Inactive
10283,3,8.0,146043.82,66991.55,2025-01-08,2025-03-13,48681.27,45.87,Repeat,294,2,2,5,225,Lost Customers,Inactive
10284,7,30.0,200784.98,69971.23,2024-04-11,2025-10-07,28683.57,34.85,Repeat,86,4,5,5,455,Champions,Active
10285,3,10.0,30521.75,14799.01,2025-06-30,2025-12-12,10173.92,48.49,Repeat,20,5,2,2,522,New Customers,Active
10286,2,4.0,31238.469999999998,17006.53,2024-11-13,2025-10-18,15619.23,54.44,Repeat,75,4,1,2,412,New Customers,Active
10287,2,7.0,21680.41,11489.34,2025-05-22,2025-11-09,10840.2,52.99,Repeat,53,4,1,2,412,New Customers,Active
10288,3,7.0,45253.89,18362.35,2024-10-26,2025-05-31,15084.63,40.58,Repeat,215,2,2,3,223,Lost Customers,Inactive
10289,2,5.0,9545.28,3921.21,2024-10-11,2025-11-30,4772.64,41.08,Repeat,32,5,1,1,511,New Customers,Active
10290,2,4.0,17613.190000000002,6663.17,2025-01-15,2025-01-30,8806.6,37.83,Repeat,336,1,1,2,112,Lost Customers,Inactive
10291,4,12.0,79678.78,38434.049999999996,2024-07-03,2025-05-12,19919.7,48.24,Repeat,234,2,3,4,234,At Risk,Inactive
10292,1,2.0,15326.44,6370.76,2024-06-06,2024-06-06,15326.44,41.57,One-time,574,1,1,2,112,Lost Customers,Inactive
10293,3,9.0,26645.97,11215.2,2024-07-01,2025-06-04,8881.99,42.09,Repeat,211,2,2,2,222,Lost Customers,Inactive
10294,5,12.0,55821.39,25561.09,2024-04-25,2025-09-30,11164.28,45.79,Repeat,93,4,4,3,443,Loyal Customers,At Risk
10295,3,14.0,86954.94,43492.61,2024-07-05,2025-12-11,28984.98,50.02,Repeat,21,5,2,4,524,New Customers,Active
10296,4,10.0,155651.75999999998,52025.590000000004,2024-10-17,2025-12-08,38912.94,33.42,Repeat,24,5,3,5,535,Loyal Customers,Active
10297,4,8.0,132758.33,66023.05,2024-10-24,2025-09-22,33189.58,49.73,Repeat,101,4,3,5,435,Loyal Customers,At Risk
10298,2,9.0,22623.44,8905.05,2025-08-02,2025-09-08,11311.72,39.36,Repeat,115,3,1,2,312,Potential Loyalists,At Risk
10299,4,13.0,65687.11,30946.86,2024-07-16,2025-07-05,16421.78,47.11,Repeat,180,3,3,4,334,Potential Loyalists,At Risk
10300,6,13.0,57637.28,24160.29,2024-01-04,2025-09-03,9606.21,41.92,Repeat,120,3,5,4,354,Potential Loyalists,At Risk
10301,2,3.0,11633.39,4952.11,2024-03-19,2025-07-12,5816.7,42.57,Repeat,173,3,1,1,311,Potential Loyalists,At Risk
10302,3,6.0,22177.489999999998,10252.49,2024-08-01,2025-08-30,7392.5,46.23,Repeat,124,3,2,2,322,Potential Loyalists,At Risk
10303,3,7.0,27865.530000000002,8721.97,2024-03-01,2025-11-07,9288.51,31.3,Repeat,55,4,2,2,422,New Customers,Active
10304,3,10.0,92208.82999999999,50429.73,2024-07-21,2025-11-02,30736.28,54.69,Repeat,60,4,2,4,424,New Customers,Active
10305,4,5.0,9080.06,3138.7200000000003,2024-01-16,2025-12-13,2270.02,34.57,Repeat,19,5,3,1,531,Loyal Customers,Active
10306,4,9.0,20900.66,7223.22,2024-01-06,2025-11-22,5225.16,34.56,Repeat,40,5,3,2,532,Loyal Customers,Active
10307,3,9.0,217667.73,84584.19,2024-06-28,2025-11-10,72555.91,38.86,Repeat,52,4,2,5,425,New Customers,Active
10308,1,1.0,5531.45,2979.53,2025-05-22,2025-05-22,5531.45,53.87,One-time,224,2,1,1,211,Lost Customers,Inactive
10309,5,8.0,50946.36,25836.52,2024-03-25,2025-11-21,10189.27,50.71,Repeat,41,5,4,3,543,Loyal Customers,Active
10310,3,9.0,10872.15,5430.91,2024-01-26,2025-07-07,3624.05,49.95,Repeat,178,3,2,1,321,Potential Loyalists,At Risk
10311,2,2.0,3578.92,1598.25,2024-10-14,2025-08-28,1789.46,44.66,Repeat,126,3,1,1,311,Potential Loyalists,At Risk
10312,9,36.0,147496.49,65267.77,2024-03-02,2025-11-11,16388.5,44.25,Repeat,51,4,5,5,455,Champions,Active
10313,4,6.0,33509.380000000005,15473.73,2024-09-11,2025-08-15,8377.35,46.18,Repeat,139,3,3,3,333,Potential Loyalists,At Risk
10314,1,5.0,6327.29,2098.09,2025-08-16,2025-08-16,6327.29,33.16,One-time,138,3,1,1,311,Potential Loyalists,At Risk
10315,3,4.0,9447.14,3753.48,2024-09-27,2024-12-31,3149.05,39.73,Repeat,366,1,2,1,121,Lost Customers,Inactive
10316,1,8.0,19300.59,8820.619999999999,2025-07-30,2025-07-30,19300.59,45.7,One-time,155,3,1,2,312,Potential Loyalists,At Risk
10317,4,7.0,3616.2799999999997,1174.15,2024-04-17,2025-09-22,904.07,32.47,Repeat,101,4,3,1,431,Loyal Customers,At Risk
10318,3,7.0,41816.98,18543.09,2024-06-23,2025-07-05,13938.99,44.34,Repeat,180,3,2,3,323,Potential Loyalists,At Risk
10319,7,18.0,94728.31,26284.63,2024-01-01,2025-11-11,13532.62,27.75,Repeat,51,4,5,4,454,Champions,Active
10320,3,7.0,22215.239999999998,8306.73,2024-10-31,2025-09-07,7405.08,37.39,Repeat,116,3,2,2,322,Potential Loyalists,At Risk
10321,4,11.0,40182.12,17900.11,2024-01-23,2024-11-29,10045.53,44.55,Repeat,398,1,3,3,133,At Risk,Inactive
10322,1,3.0,8370.77,3097.2999999999997,2024-12-01,2024-12-01,8370.77,37.0,One-time,396,1,1,1,111,Lost Customers,Inactive
10323,4,11.0,30490.11,14402.26,2024-01-02,2025-09-11,7622.53,47.24,Repeat,112,3,3,2,332,Potential Loyalists,At Risk
10324,1,8.0,42303.04,15911.28,2024-08-22,2024-08-22,42303.04,37.61,One-time,497,1,1,3,113,Lost Customers,Inactive
10325,2,8.0,52114.01,26019.690000000002,2024-02-23,2024-06-26,26057.0,49.93,Repeat,554,1,1,3,113,Lost Customers,Inactive
10326,4,8.0,12651.880000000001,5297.48,2024-04-17,2025-10-29,3162.97,41.87,Repeat,64,4,3,1,431,Loyal Customers,Active
10327,2,9.0,58954.19,30715.79,2024-03-06,2025-12-10,29477.1,52.1,Repeat,22,5,1,4,514,New Customers,Active
10329,2,3.0,7488.07,3805.38,2024-04-12,2024-06-25,3744.04,50.82,Repeat,555,1,1,1,111,Lost Customers,Inactive
10330,8,18.0,168090.97,87064.95,2024-07-07,2025-12-10,21011.37,51.8,Repeat,22,5,5,5,555,Champions,Active
10331,2,3.0,4303.17,1554.19,2024-03-21,2025-11-26,2151.58,36.12,Repeat,36,5,1,1,511,New Customers,Active
10332,3,6.0,59108.58,23792.940000000002,2024-03-02,2025-04-06,19702.86,40.25,Repeat,270,2,2,4,224,Lost Customers,Inactive
10333,4,10.0,77862.45,32060.21,2024-03-15,2025-11-05,19465.61,41.18,Repeat,57,4,3,4,434,Loyal Customers,Active
10335,1,6.0,127813.40000000001,59857.81,2024-04-07,2024-04-07,127813.4,46.83,One-time,634,1,1,5,115,Lost Customers,Inactive
10336,7,22.0,300242.56,162941.58000000002,2024-07-04,2025-12-19,42891.79,54.27,Repeat,13,5,5,5,555,Champions,Active
10337,4,6.0,8798.880000000001,3090.38,2024-03-15,2024-12-01,2199.72,35.12,Repeat,396,1,3,1,131,At Risk,Inactive
10338,7,27.0,205364.15,93700.48,2024-01-05,2025-08-19,29337.74,45.63,Repeat,135,3,5,5,355,Potential Loyalists,At Risk
10339,6,13.0,96784.08,45769.94,2024-02-27,2025-10-17,16130.68,47.29,Repeat,76,4,5,4,454,Champions,Active
10340,1,1.0,809.37,454.12,2025-04-30,2025-04-30,809.37,56.11,One-time,246,2,1,1,211,Lost Customers,Inactive
10341,8,21.0,169464.33000000002,71536.06,2024-01-03,2025-12-15,21183.04,42.21,Repeat,17,5,5,5,555,Champions,Active
10342,3,5.0,34734.2,12609.33,2024-01-11,2024-10-27,11578.07,36.3,Repeat,431,1,2,3,123,Lost Customers,Inactive
10343,7,26.0,182346.36,82096.75,2024-01-17,2025-04-20,26049.48,45.02,Repeat,256,2,5,5,255,At Risk,Inactive
10344,3,7.0,16182.56,7630.64,2024-05-30,2025-12-07,5394.19,47.15,Repeat,25,5,2,2,522,New Customers,Active
10345,4,14.0,21710.57,9398.74,2024-02-21,2025-01-11,5427.64,43.29,Repeat,355,1,3,2,132,At Risk,Inactive
10346,5,18.0,142971.51,60558.259999999995,2024-03-18,2025-09-28,28594.3,42.36,Repeat,95,4,4,5,445,Champions,At Risk
10347,4,5.0,20525.89,11033.289999999999,2024-03-09,2025-01-29,5131.47,53.75,Repeat,337,1,3,2,132,At Risk,Inactive
10348,3,10.0,84284.79999999999,41119.63,2024-04-30,2024-09-08,28094.93,48.79,Repeat,480,1,2,4,124,Lost Customers,Inactive
10349,3,4.0,14352.14,5015.43,2024-03-19,2025-07-03,4784.05,34.95,Repeat,182,3,2,1,321,Potential Loyalists,Inactive
10350,3,9.0,50407.64,18076.0,2024-11-19,2025-10-27,16802.55,35.86,Repeat,66,4,2,3,423,New Customers,Active
10351,9,19.0,54530.67,23616.53,2024-03-10,2025-10-23,6058.96,43.31,Repeat,70,4,5,3,453,Loyal Customers,Active
10352,4,4.0,23941.67,12235.52,2024-01-17,2024-11-11,5985.42,51.11,Repeat,416,1,3,2,132,At Risk,Inactive
10353,3,6.0,107971.28,58188.33,2024-09-11,2025-12-19,35990.43,53.89,Repeat,13,5,2,5,525,New Customers,Active
10354,3,11.0,54833.39,29068.42,2024-05-09,2025-10-01,18277.8,53.01,Repeat,92,4,2,3,423,New Customers,At Risk
10355,3,12.0,84888.28,41445.04,2024-01-24,2025-11-27,28296.09,48.82,Repeat,35,5,2,4,524,New Customers,Active
10356,5,11.0,22523.75,11528.960000000001,2025-02-04,2025-07-28,4504.75,51.19,Repeat,157,3,4,2,342,Potential Loyalists,At Risk
10357,2,3.0,5689.299999999999,3192.84,2024-05-10,2025-10-23,2844.65,56.12,Repeat,70,4,1,1,411,New Customers,Active
10358,4,11.0,136934.52,64115.83,2024-03-25,2025-12-21,34233.63,46.82,Repeat,11,5,3,5,535,Loyal Customers,Active
10359,5,10.0,56359.88,28134.899999999998,2024-03-04,2025-08-27,11271.98,49.92,Repeat,127,3,4,3,343,Potential Loyalists,At Risk
10360,1,4.0,33709.18,12401.9,2024-02-04,2024-02-04,33709.18,36.79,One-time,697,1,1,3,113,Lost Customers,Inactive
10361,2,5.0,17284.329999999998,7064.730000000001,2024-03-02,2025-09-30,8642.16,40.87,Repeat,93,4,1,2,412,New Customers,At Risk
10362,2,5.0,3622.38,1453.69,2025-10-07,2025-11-30,1811.19,40.13,Repeat,32,5,1,1,511,New Customers,Active
10363,3,6.0,11620.08,4383.59,2024-12-26,2025-10-19,3873.36,37.72,Repeat,74,4,2,1,421,New Customers,Active
10364,5,16.0,47299.57,17505.72,2024-02-25,2025-12-05,9459.91,37.01,Repeat,27,5,4,3,543,Loyal Customers,Active
10365,3,3.0,7341.22,2443.8100000000004,2025-03-18,2025-09-22,2447.07,33.29,Repeat,101,4,2,1,421,New Customers,At Risk
10366,3,11.0,245598.62000000002,87580.59000000001,2024-07-26,2025-03-25,81866.21,35.66,Repeat,282,2,2,5,225,Lost Customers,Inactive
10367,1,4.0,5898.360000000001,1955.22,2024-07-16,2024-07-16,5898.36,33.15,One-time,534,1,1,1,111,Lost Customers,Inactive
10368,2,7.0,9057.57,4542.58,2024-04-29,2024-08-19,4528.78,50.15,Repeat,500,1,1,1,111,Lost Customers,Inactive
10369,4,15.0,213253.03999999998,95034.07,2024-11-14,2025-09-28,53313.26,44.56,Repeat,95,4,3,5,435,Loyal Customers,At Risk
10370,8,15.0,70200.76999999999,24457.98,2024-04-22,2025-12-08,8775.1,34.84,Repeat,24,5,5,4,554,Champions,Active
10371,6,15.0,67898.09,29332.39,2024-08-11,2025-07-23,11316.35,43.2,Repeat,162,3,5,4,354,Potential Loyalists,At Risk
10372,5,13.0,88993.72,44347.88,2024-01-26,2025-09-09,17798.74,49.83,Repeat,114,3,4,4,344,Potential Loyalists,At Risk
10373,3,11.0,106455.87,48232.26,2024-03-27,2025-10-01,35485.29,45.31,Repeat,92,4,2,5,425,New Customers,At Risk
10374,7,17.0,190682.75,77361.53,2024-02-04,2025-12-06,27240.39,40.57,Repeat,26,5,5,5,555,Champions,Active
10375,5,9.0,43548.66,17549.98,2024-12-01,2025-12-29,8709.73,40.3,Repeat,3,5,4,3,543,Loyal Customers,Active
10376,4,10.0,39065.82,18735.25,2024-07-09,2025-09-28,9766.46,47.96,Repeat,95,4,3,3,433,Loyal Customers,At Risk
10377,2,7.0,29275.329999999998,12750.89,2024-04-30,2024-11-08,14637.66,43.56,Repeat,419,1,1,2,112,Lost Customers,Inactive
10378,3,7.0,22953.36,10038.35,2024-05-27,2025-08-17,7651.12,43.73,Repeat,137,3,2,2,322,Potential Loyalists,At Risk
10379,4,10.0,104516.42,42329.25,2024-07-20,2025-07-31,26129.1,40.5,Repeat,154,3,3,5,335,Potential Loyalists,At Risk
10380,7,13.0,78543.88,33715.06,2024-04-05,2025-09-27,11220.55,42.93,Repeat,96,4,5,4,454,Champions,At Risk
10381,7,15.0,114927.37,50723.3,2024-07-15,2025-05-19,16418.2,44.14,Repeat,227,2,5,5,255,At Risk,Inactive
10382,4,19.0,138368.13,69055.16,2024-03-19,2025-04-09,34592.03,49.91,Repeat,267,2,3,5,235,At Risk,Inactive
10383,1,3.0,8489.62,3297.14,2025-11-01,2025-11-01,8489.62,38.84,One-time,61,4,1,1,411,New Customers,Active
10384,6,15.0,203469.2,92233.79,2024-03-16,2025-08-15,33911.53,45.33,Repeat,139,3,5,5,355,Potential Loyalists,At Risk
10385,2,2.0,5407.719999999999,2581.96,2024-09-12,2025-02-27,2703.86,47.75,Repeat,308,2,1,1,211,Lost Customers,Inactive
10386,3,14.0,150753.78,73982.66,2024-12-20,2025-08-13,50251.26,49.08,Repeat,141,3,2,5,325,Potential Loyalists,At Risk
10387,1,3.0,7782.18,3035.7799999999997,2025-05-23,2025-05-23,7782.18,39.01,One-time,223,2,1,1,211,Lost Customers,Inactive
10388,1,7.0,12744.01,4717.91,2024-04-21,2024-04-21,12744.01,37.02,One-time,620,1,1,1,111,Lost Customers,Inactive
10389,3,10.0,14635.8,5692.11,2024-08-16,2025-08-07,4878.6,38.89,Repeat,147,3,2,1,321,Potential Loyalists,At Risk
10390,3,7.0,49081.03,20664.559999999998,2024-03-01,2025-10-14,16360.34,42.1,Repeat,79,4,2,3,423,New Customers,Active
10391,5,23.0,79345.22,28605.38,2024-02-21,2025-02-20,15869.04,36.05,Repeat,315,2,4,4,244,At Risk,Inactive
10392,3,11.0,84578.47,44717.44,2024-04-29,2025-12-02,28192.82,52.87,Repeat,30,5,2,4,524,New Customers,Active
10393,2,5.0,34874.8,18005.96,2024-09-17,2025-08-05,17437.4,51.63,Repeat,149,3,1,3,313,Potential Loyalists,At Risk
10395,3,5.0,42025.979999999996,10048.1,2024-12-19,2025-06-29,14008.66,23.91,Repeat,186,2,2,3,223,Lost Customers,Inactive
10396,2,3.0,11624.05,5833.91,2024-08-10,2024-08-18,5812.02,50.19,Repeat,501,1,1,1,111,Lost Customers,Inactive
10397,3,9.0,22542.88,9178.1,2024-04-22,2025-10-01,7514.29,40.71,Repeat,92,4,2,2,422,New Customers,At Risk
10398,2,4.0,8032.95,4698.0599999999995,2024-01-22,2024-06-11,4016.48,58.48,Repeat,569,1,1,1,111,Lost Customers,Inactive
10399,5,12.0,111223.78,50014.74,2024-02-19,2025-08-30,22244.76,44.97,Repeat,124,3,4,5,345,Potential Loyalists,At Risk
10400,5,17.0,38763.82,15131.42,2024-03-22,2025-07-29,7752.76,39.03,Repeat,156,3,4,3,343,Potential Loyalists,At Risk
10401,3,12.0,33144.49,14905.830000000002,2024-07-01,2025-06-30,11048.16,44.97,Repeat,185,3,2,3,323,Potential Loyalists,Inactive
10402,1,3.0,11260.8,4714.05,2025-04-09,2025-04-09,11260.8,41.86,One-time,267,2,1,1,211,Lost Customers,Inactive
10403,4,17.0,109225.42,46285.96,2024-03-04,2025-09-03,27306.36,42.38,Repeat,120,3,3,5,335,Potential Loyalists,At Risk
10404,1,3.0,14167.87,7117.87,2025-04-16,2025-04-16,14167.87,50.24,One-time,260,2,1,1,211,Lost Customers,Inactive
10406,2,7.0,37437.3,16958.14,2025-05-01,2025-09-21,18718.65,45.3,Repeat,102,4,1,3,413,New Customers,At Risk
10407,4,15.0,83451.99,36619.25,2024-08-09,2025-06-28,20863.0,43.88,Repeat,187,2,3,4,234,At Risk,Inactive
10408,1,1.0,513.81,194.04,2024-04-11,2024-04-11,513.81,37.76,One-time,630,1,1,1,111,Lost Customers,Inactive
10409,2,6.0,120154.17,54543.520000000004,2024-06-11,2025-04-30,60077.08,45.39,Repeat,246,2,1,5,215,Lost Customers,Inactive
10410,4,16.0,42072.21,20529.489999999998,2024-04-26,2025-12-24,10518.05,48.8,Repeat,8,5,3,3,533,Loyal Customers,Active
10411,2,5.0,9850.58,4885.26,2025-05-28,2025-06-28,4925.29,49.59,Repeat,187,2,1,1,211,Lost Customers,Inactive
10412,4,12.0,51194.52,26089.06,2024-06-30,2025-11-23,12798.63,50.96,Repeat,39,5,3,3,533,Loyal Customers,Active
10413,2,5.0,2685.6,822.25,2025-09-04,2025-10-17,1342.8,30.62,Repeat,76,4,1,1,411,New Customers,Active
10414,4,7.0,17332.08,7246.469999999999,2024-03-27,2025-11-28,4333.02,41.81,Repeat,34,5,3,2,532,Loyal Customers,Active
10415,4,9.0,37166.71,15158.87,2024-04-26,2025-07-18,9291.68,40.79,Repeat,167,3,3,3,333,Potential Loyalists,At Risk
10416,5,13.0,66162.87,30424.64,2024-02-12,2025-09-26,13232.57,45.98,Repeat,97,4,4,4,444,Champions,At Risk
10417,5,17.0,102731.61,45744.880000000005,2024-07-31,2025-05-08,20546.32,44.53,Repeat,238,2,4,5,245,At Risk,Inactive
10419,4,7.0,32451.840000000004,17525.23,2024-11-05,2025-06-13,8112.96,54.0,Repeat,202,2,3,2,232,At Risk,Inactive
10420,3,9.0,17688.04,5602.88,2024-07-13,2025-05-27,5896.01,31.68,Repeat,219,2,2,2,222,Lost Customers,Inactive
10421,4,10.0,41667.93,19718.73,2024-01-20,2025-07-31,10416.98,47.32,Repeat,154,3,3,3,333,Potential Loyalists,At Risk
10422,5,12.0,129568.81999999999,56807.009999999995,2024-05-17,2025-09-01,25913.76,43.84,Repeat,122,3,4,5,345,Potential Loyalists,At Risk
10423,4,11.0,71579.79,29962.2,2024-01-13,2025-10-05,17894.95,41.86,Repeat,88,4,3,4,434,Loyal Customers,Active
10424,8,18.0,177998.17,80180.4,2024-02-02,2025-12-04,22249.77,45.05,Repeat,28,5,5,5,555,Champions,Active
10425,1,2.0,557.69,250.07,2025-06-10,2025-06-10,557.69,44.84,One-time,205,2,1,1,211,Lost Customers,Inactive
10426,3,7.0,87602.46,31475.34,2024-03-11,2025-06-23,29200.82,35.93,Repeat,192,2,2,4,224,Lost Customers,Inactive
10427,4,9.0,36579.68,18095.87,2024-01-16,2025-07-31,9144.92,49.47,Repeat,154,3,3,3,333,Potential Loyalists,At Risk
10428,7,18.0,103053.49,48281.479999999996,2024-03-09,2025-08-19,14721.93,46.85,Repeat,135,3,5,5,355,Potential Loyalists,At Risk
10429,2,14.0,117362.48000000001,64247.77,2024-08-29,2025-09-16,58681.24,54.74,Repeat,107,4,1,5,415,New Customers,At Risk
10430,2,13.0,72063.56,36482.14,2024-05-18,2025-06-23,36031.78,50.62,Repeat,192,2,1,4,214,Lost Customers,Inactive
10431,4,9.0,22958.37,9465.060000000001,2024-04-03,2025-11-08,5739.59,41.23,Repeat,54,4,3,2,432,Loyal Customers,Active
10432,2,3.0,17614.260000000002,8122.64,2025-10-22,2025-10-25,8807.13,46.11,Repeat,68,4,1,2,412,New Customers,Active
10433,6,7.0,26923.039999999997,12240.07,2024-01-29,2025-04-14,4487.17,45.46,Repeat,262,2,5,2,252,At Risk,Inactive
10434,2,8.0,14713.619999999999,4375.46,2024-03-22,2025-02-09,7356.81,29.74,Repeat,326,1,1,1,111,Lost Customers,Inactive
10435,4,8.0,22391.38,7847.34,2024-05-18,2025-09-08,5597.84,35.05,Repeat,115,3,3,2,332,Potential Loyalists,At Risk
10436,2,7.0,62121.270000000004,33730.99,2025-01-13,2025-02-20,31060.64,54.3,Repeat,315,2,1,4,214,Lost Customers,Inactive
10437,6,24.0,123305.93,58634.87,2024-03-24,2025-05-05,20550.99,47.55,Repeat,241,2,5,5,255,At Risk,Inactive
10438,3,9.0,49855.8,22434.03,2024-07-13,2025-10-11,16618.6,45.0,Repeat,82,4,2,3,423,New Customers,Active
10439,2,10.0,11667.86,4374.73,2024-02-03,2025-05-29,5833.93,37.49,Repeat,217,2,1,1,211,Lost Customers,Inactive
10440,7,16.0,101512.63,42187.24,2024-05-16,2025-12-23,14501.8,41.56,Repeat,9,5,5,5,555,Champions,Active
10441,4,8.0,28827.8,13682.34,2024-05-09,2024-12-09,7206.95,47.46,Repeat,388,1,3,2,132,At Risk,Inactive
10442,2,7.0,28869.91,13633.64,2024-07-10,2025-10-15,14434.96,47.22,Repeat,78,4,1,2,412,New Customers,Active
10443,8,26.0,91745.62,40261.04,2024-06-24,2025-12-24,11468.2,43.88,Repeat,8,5,5,4,554,Champions,Active
10444,4,15.0,118087.0,47994.92,2024-09-23,2025-08-24,29521.75,40.64,Repeat,130,3,3,5,335,Potential Loyalists,At Risk
10445,4,12.0,224818.34,95396.03,2024-03-31,2025-04-01,56204.58,42.43,Repeat,275,2,3,5,235,At Risk,Inactive
10446,4,15.0,210734.00999999998,88224.69,2024-08-02,2025-09-03,52683.5,41.87,Repeat,120,3,3,5,335,Potential Loyalists,At Risk
10447,2,5.0,15763.779999999999,5743.050000000001,2024-10-25,2025-08-13,7881.89,36.43,Repeat,141,3,1,2,312,Potential Loyalists,At Risk
10448,2,6.0,58180.659999999996,27317.54,2024-04-28,2025-11-21,29090.33,46.95,Repeat,41,5,1,4,514,New Customers,Active
10449,2,3.0,16466.33,8982.560000000001,2024-08-07,2024-12-12,8233.17,54.55,Repeat,385,1,1,2,112,Lost Customers,Inactive
10450,2,7.0,62060.97,33250.77,2024-08-02,2024-10-23,31030.48,53.58,Repeat,435,1,1,4,114,Lost Customers,Inactive
10451,3,6.0,16880.08,7843.18,2025-04-19,2025-12-21,5626.69,46.46,Repeat,11,5,2,2,522,New Customers,Active
10452,4,6.0,12686.349999999999,5847.0599999999995,2025-05-21,2025-12-23,3171.59,46.09,Repeat,9,5,3,1,531,Loyal Customers,Active
10453,4,15.0,59063.81,20928.67,2024-12-02,2025-12-17,14765.95,35.43,Repeat,15,5,3,4,534,Loyal Customers,Active
10454,1,3.0,29093.06,11228.57,2024-03-25,2024-03-25,29093.06,38.6,One-time,647,1,1,2,112,Lost Customers,Inactive
10455,3,4.0,3589.39,1519.88,2024-10-15,2025-03-03,1196.46,42.34,Repeat,304,2,2,1,221,Lost Customers,Inactive
10456,3,10.0,42623.649999999994,20907.18,2024-08-07,2025-08-16,14207.88,49.05,Repeat,138,3,2,3,323,Potential Loyalists,At Risk
10457,4,11.0,41154.7,19311.63,2024-05-12,2025-10-12,10288.67,46.92,Repeat,81,4,3,3,433,Loyal Customers,Active
10458,7,13.0,47524.71,22752.41,2024-01-24,2025-11-11,6789.24,47.87,Repeat,51,4,5,3,453,Loyal Customers,Active
10459,4,14.0,109021.20999999999,52553.85,2024-02-27,2025-09-29,27255.3,48.21,Repeat,94,4,3,5,435,Loyal Customers,At Risk
10460,4,12.0,58812.41,23769.76,2024-04-26,2025-12-05,14703.1,40.42,Repeat,27,5,3,4,534,Loyal Customers,Active
10461,5,11.0,184321.87,71641.83,2024-04-16,2025-12-21,36864.37,38.87,Repeat,11,5,4,5,545,Champions,Active
10462,3,16.0,157105.5,60574.64,2024-01-18,2025-04-18,52368.5,38.56,Repeat,258,2,2,5,225,Lost Customers,Inactive
10463,2,8.0,16365.05,8182.38,2024-06-15,2025-08-27,8182.52,50.0,Repeat,127,3,1,2,312,Potential Loyalists,At Risk
10464,5,12.0,34274.1,16802.58,2024-09-07,2025-07-10,6854.82,49.02,Repeat,175,3,4,3,343,Potential Loyalists,At Risk
10465,4,12.0,110421.81999999999,57264.43000000001,2024-04-08,2025-10-08,27605.46,51.86,Repeat,85,4,3,5,435,Loyal Customers,Active
10466,5,20.0,67745.23,38600.98,2024-03-25,2025-01-23,13549.05,56.98,Repeat,343,1,4,4,144,At Risk,Inactive
10467,1,5.0,47320.71,24174.0,2024-03-29,2024-03-29,47320.71,51.09,One-time,643,1,1,3,113,Lost Customers,Inactive
10469,3,5.0,21813.9,9626.65,2025-03-20,2025-08-13,7271.3,44.13,Repeat,141,3,2,2,322,Potential Loyalists,At Risk
10470,4,10.0,46185.52,14372.66,2024-04-18,2025-05-13,11546.38,31.12,Repeat,233,2,3,3,233,At Risk,Inactive
10471,3,15.0,40536.82,20432.97,2024-03-22,2025-07-18,13512.27,50.41,Repeat,167,3,2,3,323,Potential Loyalists,At Risk
10472,4,16.0,79252.34,42162.619999999995,2024-09-05,2025-10-23,19813.08,53.2,Repeat,70,4,3,4,434,Loyal Customers,Active
10473,1,2.0,45320.58,18023.14,2024-03-27,2024-03-27,45320.58,39.77,One-time,645,1,1,3,113,Lost Customers,Inactive
10474,7,26.0,90243.69,43457.22,2024-01-09,2025-10-29,12891.96,48.16,Repeat,64,4,5,4,454,Champions,Active
10475,6,15.0,194020.16999999998,85766.37,2024-05-27,2025-11-08,32336.69,44.2,Repeat,54,4,5,5,455,Champions,Active
10476,1,4.0,11556.05,3681.8499999999995,2025-12-01,2025-12-01,11556.05,31.86,One-time,31,5,1,1,511,New Customers,Active
10477,2,3.0,33556.6,15968.66,2024-12-05,2025-07-05,16778.3,47.59,Repeat,180,3,1,3,313,Potential Loyalists,At Risk
10478,3,12.0,84393.95,36511.65,2024-02-14,2024-08-13,28131.32,43.26,Repeat,506,1,2,4,124,Lost Customers,Inactive
10479,4,16.0,106264.94,46634.92,2024-01-18,2025-05-11,26566.24,43.89,Repeat,235,2,3,5,235,At Risk,Inactive
10480,9,27.0,152216.08,63096.78,2024-09-15,2025-12-31,16912.9,41.45,Repeat,1,5,5,5,555,Champions,Active
10481,2,3.0,53481.35,29207.760000000002,2024-10-23,2025-05-19,26740.68,54.61,Repeat,227,2,1,3,213,Lost Customers,Inactive
10482,1,2.0,39804.049999999996,18466.09,2025-12-30,2025-12-30,39804.05,46.39,One-time,2,5,1,3,513,New Customers,Active
10483,2,6.0,25068.1,10716.17,2025-03-23,2025-07-04,12534.05,42.75,Repeat,181,3,1,2,312,Potential Loyalists,Inactive
10484,3,8.0,56453.630000000005,22750.260000000002,2024-12-09,2025-05-25,18817.88,40.3,Repeat,221,2,2,3,223,Lost Customers,Inactive
10485,3,3.0,15482.68,7972.66,2024-04-29,2025-09-20,5160.89,51.49,Repeat,103,4,2,2,422,New Customers,At Risk
10486,3,9.0,26860.56,11783.67,2024-03-14,2025-04-15,8953.52,43.87,Repeat,261,2,2,2,222,Lost Customers,Inactive
10487,9,25.0,261349.26,98494.49,2024-01-29,2025-09-29,29038.81,37.69,Repeat,94,4,5,5,455,Champions,At Risk
10488,4,19.0,80913.5,34017.340000000004,2024-05-28,2025-10-29,20228.38,42.04,Repeat,64,4,3,4,434,Loyal Customers,Active
10489,4,7.0,25090.440000000002,12323.23,2024-10-09,2025-06-23,6272.61,49.12,Repeat,192,2,3,2,232,At Risk,Inactive
10490,4,11.0,111270.56,47015.32,2024-04-27,2025-11-21,27817.64,42.25,Repeat,41,5,3,5,535,Loyal Customers,Active
10491,1,1.0,56054.57,25838.56,2025-01-22,2025-01-22,56054.57,46.1,One-time,344,1,1,3,113,Lost Customers,Inactive
10492,4,10.0,266680.9,142498.91,2025-02-12,2025-12-19,66670.23,53.43,Repeat,13,5,3,5,535,Loyal Customers,Active
10493,2,4.0,4841.87,1548.3200000000002,2024-04-12,2024-11-22,2420.94,31.98,Repeat,405,1,1,1,111,Lost Customers,Inactive
10494,2,6.0,12778.609999999999,4692.7,2024-04-17,2025-02-03,6389.3,36.72,Repeat,332,1,1,1,111,Lost Customers,Inactive
10495,1,2.0,11316.35,4104.39,2024-04-03,2024-04-03,11316.35,36.27,One-time,638,1,1,1,111,Lost Customers,Inactive
10496,3,6.0,36425.9,17787.43,2024-09-12,2025-08-12,12141.97,48.83,Repeat,142,3,2,3,323,Potential Loyalists,At Risk
10497,5,17.0,97406.6,43216.67,2024-03-22,2025-12-25,19481.32,44.37,Repeat,7,5,4,5,545,Champions,Active
10498,6,11.0,34647.42,16376.06,2024-08-20,2025-12-11,5774.57,47.26,Repeat,21,5,5,3,553,Loyal Customers,Active
10499,6,10.0,81994.82,29113.86,2024-09-23,2025-10-18,13665.8,35.51,Repeat,75,4,5,4,454,Champions,Active
10500,1,1.0,491.56,176.0,2025-07-25,2025-07-25,491.56,35.8,One-time,160,3,1,1,311,Potential Loyalists,At Risk
10501,1,1.0,7591.36,1933.64,2025-01-15,2025-01-15,7591.36,25.47,One-time,351,1,1,1,111,Lost Customers,Inactive
10502,1,2.0,11337.93,6646.47,2024-07-15,2024-07-15,11337.93,58.62,One-time,535,1,1,1,111,Lost Customers,Inactive
10503,5,14.0,34564.78,11964.51,2024-03-29,2025-12-20,6912.96,34.61,Repeat,12,5,4,3,543,Loyal Customers,Active
10504,4,6.0,57148.64,29106.22,2025-04-16,2025-12-28,14287.16,50.93,Repeat,4,5,3,4,534,Loyal Customers,Active
10505,5,8.0,37408.5,15730.36,2024-07-10,2025-08-28,7481.7,42.05,Repeat,126,3,4,3,343,Potential Loyalists,At Risk
10506,6,13.0,139672.55000000002,55366.76,2024-01-05,2025-10-12,23278.76,39.64,Repeat,81,4,5,5,455,Champions,Active
10507,5,23.0,178628.97,72153.05,2024-04-09,2025-10-26,35725.79,40.39,Repeat,67,4,4,5,445,Champions,Active
10508,4,11.0,33171.04,15456.91,2024-03-13,2025-07-10,8292.76,46.6,Repeat,175,3,3,3,333,Potential Loyalists,At Risk
10509,7,15.0,53982.26,22077.18,2024-03-26,2025-11-04,7711.75,40.9,Repeat,58,4,5,3,453,Loyal Customers,Active
10510,4,14.0,24306.86,9446.61,2024-02-25,2025-08-22,6076.72,38.86,Repeat,132,3,3,2,332,Potential Loyalists,At Risk
10511,4,12.0,92817.54,43380.37,2024-05-13,2025-12-11,23204.38,46.74,Repeat,21,5,3,4,534,Loyal Customers,Active
10512,3,7.0,31063.809999999998,15400.19,2024-05-24,2025-10-05,10354.6,49.58,Repeat,88,4,2,2,422,New Customers,Active
10513,2,7.0,48786.75,23441.29,2025-01-02,2025-10-09,24393.38,48.05,Repeat,84,4,1,3,413,New Customers,Active
10514,2,3.0,5011.0,2444.91,2024-02-29,2025-06-21,2505.5,48.79,Repeat,194,2,1,1,211,Lost Customers,Inactive
10515,5,12.0,61409.58,21751.4,2024-03-02,2025-12-08,12281.92,35.42,Repeat,24,5,4,4,544,Champions,Active
10516,1,2.0,1550.8400000000001,862.3,2025-05-14,2025-05-14,1550.84,55.6,One-time,232,2,1,1,211,Lost Customers,Inactive
10517,8,13.0,68871.86,27858.730000000003,2024-01-26,2025-11-27,8608.98,40.45,Repeat,35,5,5,4,554,Champions,Active
10518,4,11.0,39019.79,19859.289999999997,2024-01-23,2025-07-10,9754.95,50.9,Repeat,175,3,3,3,333,Potential Loyalists,At Risk
10519,4,8.0,19177.87,7937.21,2025-01-23,2025-11-07,4794.47,41.39,Repeat,55,4,3,2,432,Loyal Customers,Active
10520,7,19.0,105216.25,52402.97,2024-05-06,2025-10-06,15030.89,49.81,Repeat,87,4,5,5,455,Champions,Active
10521,2,8.0,24025.42,10535.12,2024-08-11,2025-07-05,12012.71,43.85,Repeat,180,3,1,2,312,Potential Loyalists,At Risk
10522,4,8.0,31540.32,13998.59,2024-04-18,2025-12-13,7885.08,44.38,Repeat,19,5,3,2,532,Loyal Customers,Active
10523,4,13.0,40381.53,19831.33,2025-03-04,2025-12-21,10095.38,49.11,Repeat,11,5,3,3,533,Loyal Customers,Active
10524,5,8.0,19984.38,7600.22,2024-04-21,2025-09-30,3996.88,38.03,Repeat,93,4,4,2,442,Loyal Customers,At Risk
10525,1,5.0,47350.76,27183.46,2025-09-20,2025-09-20,47350.76,57.41,One-time,103,4,1,3,413,New Customers,At Risk
10526,6,20.0,89682.85,42667.14,2024-08-18,2025-12-17,14947.14,47.58,Repeat,15,5,5,4,554,Champions,Active
10527,8,20.0,102075.37999999999,37669.65,2024-05-05,2025-10-16,12759.42,36.9,Repeat,77,4,5,5,455,Champions,Active
10528,4,7.0,50892.14,22022.57,2024-01-18,2025-03-01,12723.04,43.27,Repeat,306,2,3,3,233,At Risk,Inactive
10529,4,13.0,83229.9,37770.7,2024-01-21,2024-11-14,20807.47,45.38,Repeat,413,1,3,4,134,At Risk,Inactive
10530,2,8.0,93798.06,38263.979999999996,2024-02-14,2025-10-27,46899.03,40.79,Repeat,66,4,1,4,414,New Customers,Active
10531,2,4.0,27536.260000000002,12286.720000000001,2024-07-20,2024-11-06,13768.13,44.62,Repeat,421,1,1,2,112,Lost Customers,Inactive
10532,1,1.0,639.3,236.24,2025-05-17,2025-05-17,639.3,36.95,One-time,229,2,1,1,211,Lost Customers,Inactive
10533,4,16.0,80262.95999999999,32391.940000000002,2024-05-07,2025-06-18,20065.74,40.36,Repeat,197,2,3,4,234,At Risk,Inactive
10534,4,7.0,12327.6,4779.36,2025-04-18,2025-09-03,3081.9,38.77,Repeat,120,3,3,1,331,Potential Loyalists,At Risk
10535,4,8.0,10127.240000000002,3132.7799999999997,2024-01-22,2025-01-15,2531.81,30.93,Repeat,351,1,3,1,131,At Risk,Inactive
10536,3,6.0,16989.55,7877.4400000000005,2024-11-08,2025-04-20,5663.18,46.37,Repeat,256,2,2,2,222,Lost Customers,Inactive
10537,4,11.0,75741.98,30391.489999999998,2024-03-12,2025-06-12,18935.5,40.13,Repeat,203,2,3,4,234,At Risk,Inactive
10538,5,16.0,66313.33,31237.09,2024-01-01,2025-07-09,13262.67,47.11,Repeat,176,3,4,4,344,Potential Loyalists,At Risk
10539,5,18.0,188465.78,74659.44,2024-04-25,2025-11-04,37693.16,39.61,Repeat,58,4,4,5,445,Champions,Active
10540,5,13.0,84221.12,30818.44,2024-02-10,2025-10-11,16844.22,36.59,Repeat,82,4,4,4,444,Champions,Active
10541,2,7.0,22170.52,9655.51,2024-06-20,2025-01-27,11085.26,43.55,Repeat,339,1,1,2,112,Lost Customers,Inactive
10543,3,4.0,13404.51,5066.5599999999995,2024-07-31,2025-12-26,4468.17,37.8,Repeat,6,5,2,1,521,New Customers,Active
10544,2,7.0,16770.21,7242.18,2025-01-06,2025-09-04,8385.1,43.18,Repeat,119,3,1,2,312,Potential Loyalists,At Risk
10545,1,1.0,11658.68,6573.68,2025-10-03,2025-10-03,11658.68,56.38,One-time,90,4,1,1,411,New Customers,Active
10546,6,14.0,43135.92,18360.4,2024-05-18,2025-07-16,7189.32,42.56,Repeat,169,3,5,3,353,Potential Loyalists,At Risk
10547,1,9.0,29717.13,8987.78,2025-08-30,2025-08-30,29717.13,30.24,One-time,124,3,1,2,312,Potential Loyalists,At Risk
10548,4,11.0,24778.239999999998,9719.74,2024-09-13,2025-11-30,6194.56,39.23,Repeat,32,5,3,2,532,Loyal Customers,Active
10549,5,21.0,125664.09,65790.65999999999,2024-01-19,2025-09-13,25132.82,52.35,Repeat,110,3,4,5,345,Potential Loyalists,At Risk
10550,1,3.0,67689.90999999999,20594.97,2025-05-20,2025-05-20,67689.91,30.43,One-time,226,2,1,4,214,Lost Customers,Inactive
10551,3,7.0,14089.92,4371.97,2025-04-18,2025-11-03,4696.64,31.03,Repeat,59,4,2,1,421,New Customers,Active
10552,1,7.0,15133.28,4154.98,2024-01-27,2024-01-27,15133.28,27.46,One-time,705,1,1,2,112,Lost Customers,Inactive
10553,2,5.0,11152.0,5071.13,2024-05-27,2024-09-10,5576.0,45.47,Repeat,478,1,1,1,111,Lost Customers,Inactive
10554,8,18.0,101683.45999999999,49286.86,2024-09-06,2025-08-25,12710.43,48.47,Repeat,129,3,5,5,355,Potential Loyalists,At Risk
10555,3,6.0,30027.559999999998,11962.73,2025-01-22,2025-11-03,10009.19,39.84,Repeat,59,4,2,2,422,New Customers,Active
10556,6,17.0,96061.35,31465.1,2024-08-31,2025-11-05,16010.22,32.76,Repeat,57,4,5,4,454,Champions,Active
10557,1,3.0,1525.29,743.25,2024-05-19,2024-05-19,1525.29,48.73,One-time,592,1,1,1,111,Lost Customers,Inactive
10558,8,16.0,148547.43,60236.38,2024-01-18,2025-08-14,18568.43,40.55,Repeat,140,3,5,5,355,Potential Loyalists,At Risk
10559,3,7.0,6902.55,2319.67,2024-01-20,2025-06-25,2300.85,33.61,Repeat,190,2,2,1,221,Lost Customers,Inactive
10560,1,1.0,7383.15,2686.56,2024-03-13,2024-03-13,7383.15,36.39,One-time,659,1,1,1,111,Lost Customers,Inactive
10561,3,16.0,55362.18,28738.73,2024-02-13,2025-08-28,18454.06,51.91,Repeat,126,3,2,3,323,Potential Loyalists,At Risk
10562,5,14.0,31681.87,13824.630000000001,2024-02-22,2024-07-17,6336.37,43.64,Repeat,533,1,4,2,142,At Risk,Inactive
10563,4,13.0,52971.42,22606.23,2024-05-20,2025-07-22,13242.86,42.68,Repeat,163,3,3,3,333,Potential Loyalists,At Risk
10564,6,12.0,49870.87,21711.02,2024-04-22,2025-06-07,8311.81,43.53,Repeat,208,2,5,3,253,At Risk,Inactive
10565,4,12.0,54301.59,21338.24,2024-05-26,2025-08-14,13575.4,39.3,Repeat,140,3,3,3,333,Potential Loyalists,At Risk
10566,4,10.0,28100.5,11836.17,2024-05-06,2025-05-05,7025.12,42.12,Repeat,241,2,3,2,232,At Risk,Inactive
10567,2,4.0,56995.58,23988.34,2024-09-23,2025-12-21,28497.79,42.09,Repeat,11,5,1,4,514,New Customers,Active
10568,5,10.0,93342.89,45658.130000000005,2024-03-20,2024-11-05,18668.58,48.91,Repeat,422,1,4,4,144,At Risk,Inactive
10569,8,20.0,108656.68,59853.54,2024-01-16,2025-09-25,13582.08,55.09,Repeat,98,4,5,5,455,Champions,At Risk
10570,4,9.0,51081.55,26965.92,2024-08-11,2025-11-25,12770.39,52.79,Repeat,37,5,3,3,533,Loyal Customers,Active
10571,2,3.0,2666.5899999999997,1002.93,2024-03-29,2025-09-02,1333.29,37.61,Repeat,121,3,1,1,311,Potential Loyalists,At Risk
10572,2,3.0,67735.28,26466.18,2024-06-26,2025-01-01,33867.64,39.07,Repeat,365,1,1,4,114,Lost Customers,Inactive
10573,2,6.0,30181.11,10746.55,2024-08-21,2025-03-31,15090.56,35.61,Repeat,276,2,1,2,212,Lost Customers,Inactive
10574,1,3.0,16345.24,7846.74,2025-09-09,2025-09-09,16345.24,48.01,One-time,114,3,1,2,312,Potential Loyalists,At Risk
10575,4,9.0,35469.04,14683.3,2024-07-03,2025-01-25,8867.26,41.4,Repeat,341,1,3,3,133,At Risk,Inactive
10576,1,6.0,16243.56,8530.15,2025-01-27,2025-01-27,16243.56,52.51,One-time,339,1,1,2,112,Lost Customers,Inactive
10577,4,16.0,82029.85,37073.31,2025-03-01,2025-09-09,20507.46,45.19,Repeat,114,3,3,4,334,Potential Loyalists,At Risk
10578,4,10.0,143564.78,59670.579999999994,2024-05-05,2025-10-21,35891.2,41.56,Repeat,72,4,3,5,435,Loyal Customers,Active
10579,5,14.0,36950.32,19275.76,2024-12-12,2025-11-25,7390.06,52.17,Repeat,37,5,4,3,543,Loyal Customers,Active
10580,3,6.0,15806.83,7386.55,2025-02-23,2025-12-22,5268.94,46.73,Repeat,10,5,2,2,522,New Customers,Active
10581,3,5.0,15797.169999999998,7961.21,2024-03-29,2025-09-15,5265.72,50.4,Repeat,108,4,2,2,422,New Customers,At Risk
10582,7,16.0,46755.87,18495.58,2024-01-12,2025-12-25,6679.41,39.56,Repeat,7,5,5,3,553,Loyal Customers,Active
10583,1,3.0,7743.54,3012.23,2025-08-29,2025-08-29,7743.54,38.9,One-time,125,3,1,1,311,Potential Loyalists,At Risk
10584,7,19.0,57192.99,31826.440000000002,2024-04-19,2025-09-11,8170.43,55.65,Repeat,112,3,5,4,354,Potential Loyalists,At Risk
10585,8,25.0,157555.58,67685.90000000001,2024-04-21,2025-09-16,19694.45,42.96,Repeat,107,4,5,5,455,Champions,At Risk
10586,3,10.0,89312.89,44645.100000000006,2024-05-31,2025-07-31,29770.96,49.99,Repeat,154,3,2,4,324,Potential Loyalists,At Risk
10587,1,3.0,9369.76,3269.3199999999997,2025-09-23,2025-09-23,9369.76,34.89,One-time,100,4,1,1,411,New Customers,At Risk
10588,1,8.0,146879.26,62482.72,2025-12-15,2025-12-15,146879.26,42.54,One-time,17,5,1,5,515,New Customers,Active
10589,6,12.0,44997.93,18743.18,2024-03-10,2025-06-08,7499.66,41.65,Repeat,207,2,5,3,253,At Risk,Inactive
10590,5,11.0,99909.85,45265.42,2024-02-13,2025-09-05,19981.97,45.31,Repeat,118,3,4,5,345,Potential Loyalists,At Risk
10591,4,11.0,9965.68,5002.85,2024-07-18,2025-08-25,2491.42,50.2,Repeat,129,3,3,1,331,Potential Loyalists,At Risk
10592,3,10.0,15159.17,6871.01,2024-07-05,2025-07-14,5053.06,45.33,Repeat,171,3,2,2,322,Potential Loyalists,At Risk
10593,3,4.0,33598.91,15519.84,2024-07-31,2025-06-19,11199.64,46.19,Repeat,196,2,2,3,223,Lost Customers,Inactive
10594,1,4.0,16676.16,8684.15,2025-05-02,2025-05-02,16676.16,52.08,One-time,244,2,1,2,212,Lost Customers,Inactive
10595,2,6.0,15436.810000000001,6805.57,2024-10-20,2024-11-12,7718.41,44.09,Repeat,415,1,1,2,112,Lost Customers,Inactive
10597,2,6.0,26582.559999999998,10865.32,2025-02-25,2025-09-06,13291.28,40.87,Repeat,117,3,1,2,312,Potential Loyalists,At Risk
10598,6,15.0,95894.32,45095.87,2024-08-09,2025-10-06,15982.39,47.03,Repeat,87,4,5,4,454,Champions,Active
10599,5,17.0,81571.75,36500.12,2024-04-19,2025-01-16,16314.35,44.75,Repeat,350,1,4,4,144,At Risk,Inactive
10600,4,12.0,35772.29,19008.52,2024-05-18,2025-08-16,8943.07,53.14,Repeat,138,3,3,3,333,Potential Loyalists,At Risk
10601,5,16.0,43913.840000000004,18938.6,2024-12-30,2025-09-06,8782.77,43.13,Repeat,117,3,4,3,343,Potential Loyalists,At Risk
10602,3,8.0,54955.69,25754.03,2025-04-26,2025-10-26,18318.56,46.86,Repeat,67,4,2,3,423,New Customers,Active
10603,2,8.0,26446.54,12097.64,2024-09-11,2024-12-16,13223.27,45.74,Repeat,381,1,1,2,112,Lost Customers,Inactive
10604,5,12.0,77657.33,37107.17,2024-05-20,2025-05-21,15531.47,47.78,Repeat,225,2,4,4,244,At Risk,Inactive
10605,2,9.0,9358.61,4263.85,2024-01-19,2024-02-15,4679.3,45.56,Repeat,686,1,1,1,111,Lost Customers,Inactive
10606,4,6.0,122575.41,63272.54,2024-12-25,2025-09-30,30643.85,51.62,Repeat,93,4,3,5,435,Loyal Customers,At Risk
10607,2,6.0,13456.51,5246.61,2024-11-17,2025-10-17,6728.26,38.99,Repeat,76,4,1,1,411,New Customers,Active
10608,3,14.0,49037.409999999996,19743.99,2024-07-24,2025-11-15,16345.8,40.26,Repeat,47,5,2,3,523,New Customers,Active
10609,6,18.0,181749.63999999998,76666.43000000001,2024-07-11,2025-12-07,30291.61,42.18,Repeat,25,5,5,5,555,Champions,Active
10610,3,12.0,35689.28,18242.63,2024-03-06,2025-04-15,11896.43,51.12,Repeat,261,2,2,3,223,Lost Customers,Inactive
10611,6,16.0,201876.91,94404.83,2024-02-07,2025-11-08,33646.15,46.76,Repeat,54,4,5,5,455,Champions,Active
10612,6,17.0,53692.06,24421.81,2024-01-18,2025-10-13,8948.68,45.48,Repeat,80,4,5,3,453,Loyal Customers,Active
10613,5,15.0,187575.83,92151.64,2024-04-19,2025-03-06,37515.17,49.13,Repeat,301,2,4,5,245,At Risk,Inactive
10614,4,8.0,52405.72,22724.67,2024-09-09,2025-02-28,13101.43,43.36,Repeat,307,2,3,3,233,At Risk,Inactive
10615,5,10.0,29276.11,11809.71,2024-03-24,2025-12-16,5855.22,40.34,Repeat,16,5,4,2,542,Loyal Customers,Active
10616,3,8.0,20406.7,7493.12,2024-12-19,2025-06-04,6802.23,36.72,Repeat,211,2,2,2,222,Lost Customers,Inactive
10618,8,16.0,76186.91,35267.65,2024-07-19,2025-11-29,9523.36,46.29,Repeat,33,5,5,4,554,Champions,Active
10619,3,12.0,64613.380000000005,33565.7,2024-05-20,2025-08-20,21537.79,51.95,Repeat,134,3,2,4,324,Potential Loyalists,At Risk
10620,2,10.0,16301.42,7489.54,2024-05-12,2025-06-06,8150.71,45.94,Repeat,209,2,1,2,212,Lost Customers,Inactive
10621,4,11.0,73757.62999999999,38476.12,2024-04-08,2025-07-14,18439.41,52.17,Repeat,171,3,3,4,334,Potential Loyalists,At Risk
10622,5,15.0,77634.77,29736.579999999998,2024-05-04,2025-04-09,15526.95,38.3,Repeat,267,2,4,4,244,At Risk,Inactive
10623,5,21.0,142455.53,79154.84,2024-02-20,2025-01-05,28491.11,55.56,Repeat,361,1,4,5,145,At Risk,Inactive
10624,1,4.0,5037.12,1893.96,2025-01-03,2025-01-03,5037.12,37.6,One-time,363,1,1,1,111,Lost Customers,Inactive
10625,2,4.0,5007.6900000000005,1550.5,2025-01-21,2025-09-13,2503.85,30.96,Repeat,110,3,1,1,311,Potential Loyalists,At Risk
10626,2,2.0,3876.0299999999997,1476.31,2024-08-02,2025-03-31,1938.02,38.09,Repeat,276,2,1,1,211,Lost Customers,Inactive
10627,6,19.0,137005.76,61524.64,2024-08-08,2025-11-14,22834.29,44.91,Repeat,48,5,5,5,555,Champions,Active
10628,1,1.0,48801.99,27824.52,2025-04-11,2025-04-11,48801.99,57.02,One-time,265,2,1,3,213,Lost Customers,Inactive
10629,4,9.0,40275.37,15795.260000000002,2024-01-26,2025-10-13,10068.84,39.22,Repeat,80,4,3,3,433,Loyal Customers,Active
10630,4,10.0,23870.88,11139.53,2024-05-31,2025-10-25,5967.72,46.67,Repeat,68,4,3,2,432,Loyal Customers,Active
10631,5,9.0,27063.25,11527.359999999999,2024-02-12,2025-11-25,5412.65,42.59,Repeat,37,5,4,2,542,Loyal Customers,Active
10632,5,10.0,68184.04,33421.32,2025-01-05,2025-12-07,13636.81,49.02,Repeat,25,5,4,4,544,Champions,Active
10633,3,5.0,45881.25,26924.6,2024-06-18,2024-12-28,15293.75,58.68,Repeat,369,1,2,3,123,Lost Customers,Inactive
10634,4,6.0,131478.63999999998,49044.35,2024-10-21,2025-11-11,32869.66,37.3,Repeat,51,4,3,5,435,Loyal Customers,Active
10635,3,5.0,17698.989999999998,6745.91,2024-03-26,2025-04-01,5899.66,38.11,Repeat,275,2,2,2,222,Lost Customers,Inactive
10636,4,12.0,101148.9,47234.770000000004,2024-07-06,2025-09-02,25287.22,46.7,Repeat,121,3,3,5,335,Potential Loyalists,At Risk
10637,4,16.0,45185.06,21487.66,2024-04-29,2025-05-04,11296.26,47.55,Repeat,242,2,3,3,233,At Risk,Inactive
10638,3,12.0,92505.75,34962.21,2024-02-29,2025-09-26,30835.25,37.79,Repeat,97,4,2,4,424,New Customers,At Risk
10639,7,16.0,78256.23999999999,36169.54,2024-01-21,2025-05-25,11179.46,46.22,Repeat,221,2,5,4,254,At Risk,Inactive
10640,4,9.0,25123.93,9870.9,2024-05-09,2025-11-17,6280.98,39.29,Repeat,45,5,3,2,532,Loyal Customers,Active
10641,2,5.0,21470.68,9877.14,2024-05-19,2024-11-23,10735.34,46.0,Repeat,404,1,1,2,112,Lost Customers,Inactive
10642,5,32.0,79252.29,37609.65,2024-06-02,2025-10-28,15850.46,47.46,Repeat,65,4,4,4,444,Champions,Active
10643,3,8.0,39721.25,18758.59,2024-05-30,2025-12-30,13240.42,47.23,Repeat,2,5,2,3,523,New Customers,Active
10644,8,22.0,98027.35,35316.96,2024-02-09,2025-04-19,12253.42,36.03,Repeat,257,2,5,5,255,At Risk,Inactive
10645,6,20.0,69575.29,32993.6,2024-02-14,2024-12-11,11595.88,47.42,Repeat,386,1,5,4,154,At Risk,Inactive
10646,6,28.0,196777.37,75055.76,2024-08-13,2025-11-20,32796.23,38.14,Repeat,42,5,5,5,555,Champions,Active
10647,2,7.0,27940.870000000003,12898.96,2024-06-08,2024-07-17,13970.44,46.17,Repeat,533,1,1,2,112,Lost Customers,Inactive
10648,2,4.0,4978.51,2349.62,2024-07-23,2025-08-26,2489.26,47.2,Repeat,128,3,1,1,311,Potential Loyalists,At Risk
10649,4,7.0,28587.68,13330.85,2024-03-26,2025-04-12,7146.92,46.63,Repeat,264,2,3,2,232,At Risk,Inactive
10650,2,8.0,42752.06,20789.760000000002,2024-02-06,2025-07-13,21376.03,48.63,Repeat,172,3,1,3,313,Potential Loyalists,At Risk
10651,7,25.0,112563.89,51771.76,2024-02-16,2025-09-09,16080.56,45.99,Repeat,114,3,5,5,355,Potential Loyalists,At Risk
10652,9,22.0,97209.97,45216.94,2024-01-24,2025-10-25,10801.11,46.51,Repeat,68,4,5,5,455,Champions,Active
10653,2,4.0,42126.67,19891.129999999997,2024-02-08,2024-12-13,21063.34,47.22,Repeat,384,1,1,3,113,Lost Customers,Inactive
10654,6,13.0,24484.36,10753.320000000002,2024-05-28,2025-11-26,4080.73,43.92,Repeat,36,5,5,2,552,Loyal Customers,Active
10655,4,8.0,60447.159999999996,25939.309999999998,2024-01-17,2025-08-02,15111.79,42.91,Repeat,152,3,3,4,334,Potential Loyalists,At Risk
10656,4,10.0,63671.18,31429.989999999998,2024-06-26,2025-11-21,15917.8,49.36,Repeat,41,5,3,4,534,Loyal Customers,Active
10657,7,13.0,89473.45999999999,31948.5,2024-05-15,2025-11-25,12781.92,35.71,Repeat,37,5,5,4,554,Champions,Active
10658,3,4.0,72646.44,26700.460000000003,2024-05-05,2025-05-03,24215.48,36.75,Repeat,243,2,2,4,224,Lost Customers,Inactive
10659,2,4.0,7700.549999999999,4035.97,2024-08-09,2025-08-19,3850.27,52.41,Repeat,135,3,1,1,311,Potential Loyalists,At Risk
10660,2,3.0,18215.53,7510.139999999999,2024-09-01,2025-05-20,9107.76,41.23,Repeat,226,2,1,2,212,Lost Customers,Inactive
10661,2,7.0,27957.35,12699.99,2024-03-28,2024-12-01,13978.68,45.43,Repeat,396,1,1,2,112,Lost Customers,Inactive
10662,3,6.0,34790.119999999995,17898.67,2024-03-18,2025-12-01,11596.71,51.45,Repeat,31,5,2,3,523,New Customers,Active
10664,5,11.0,99769.77999999998,52563.63,2024-01-13,2025-12-08,19953.96,52.68,Repeat,24,5,4,5,545,Champions,Active
10665,4,8.0,91079.53,41951.31,2024-08-28,2025-04-28,22769.88,46.06,Repeat,248,2,3,4,234,At Risk,Inactive
10666,3,9.0,69766.5,31493.08,2025-03-21,2025-12-28,23255.5,45.14,Repeat,4,5,2,4,524,New Customers,Active
10667,3,9.0,83564.81999999999,34070.53,2024-10-24,2025-12-18,27854.94,40.77,Repeat,14,5,2,4,524,New Customers,Active
10668,6,14.0,23763.6,11404.5,2024-06-21,2025-12-09,3960.6,47.99,Repeat,23,5,5,2,552,Loyal Customers,Active
10669,2,5.0,17105.51,8981.68,2024-11-20,2025-07-03,8552.75,52.51,Repeat,182,3,1,2,312,Potential Loyalists,Inactive
10670,4,9.0,25815.79,10929.13,2024-08-11,2025-11-22,6453.95,42.34,Repeat,40,5,3,2,532,Loyal Customers,Active
10671,2,7.0,10901.96,4690.16,2024-06-26,2024-11-05,5450.98,43.02,Repeat,422,1,1,1,111,Lost Customers,Inactive
10672,1,5.0,10718.79,5371.120000000001,2025-06-11,2025-06-11,10718.79,50.11,One-time,204,2,1,1,211,Lost Customers,Inactive
10673,5,9.0,24683.97,8975.83,2025-02-03,2025-12-08,4936.79,36.36,Repeat,24,5,4,2,542,Loyal Customers,Active
10674,4,4.0,74255.14,41493.11,2024-11-03,2025-09-02,18563.78,55.88,Repeat,121,3,3,4,334,Potential Loyalists,At Risk
10675,5,17.0,66899.35,30695.379999999997,2024-05-09,2025-12-02,13379.87,45.88,Repeat,30,5,4,4,544,Champions,Active
10676,1,5.0,6238.93,2933.1899999999996,2024-03-20,2024-03-20,6238.93,47.01,One-time,652,1,1,1,111,Lost Customers,Inactive
10677,6,10.0,55444.66,19420.94,2024-10-07,2025-12-20,9240.78,35.03,Repeat,12,5,5,3,553,Loyal Customers,Active
10678,2,9.0,70746.24,26897.22,2024-05-01,2024-08-08,35373.12,38.02,Repeat,511,1,1,4,114,Lost Customers,Inactive
10679,2,5.0,81061.33,41725.21,2024-02-04,2024-09-12,40530.66,51.47,Repeat,476,1,1,4,114,Lost Customers,Inactive
10680,2,8.0,13222.03,5040.35,2024-05-27,2024-06-17,6611.02,38.12,Repeat,563,1,1,1,111,Lost Customers,Inactive
10681,3,6.0,10404.78,3588.1000000000004,2024-01-24,2025-06-10,3468.26,34.49,Repeat,205,2,2,1,221,Lost Customers,Inactive
10682,2,6.0,42570.28,21596.04,2024-02-16,2025-02-20,21285.14,50.73,Repeat,315,2,1,3,213,Lost Customers,Inactive
10683,5,14.0,90084.49,44430.05,2024-01-06,2025-07-29,18016.9,49.32,Repeat,156,3,4,4,344,Potential Loyalists,At Risk
10684,2,10.0,69716.37,23908.78,2024-12-12,2025-01-02,34858.18,34.29,Repeat,364,1,1,4,114,Lost Customers,Inactive
10686,2,4.0,1555.42,672.54,2025-06-11,2025-10-31,777.71,43.24,Repeat,62,4,1,1,411,New Customers,Active
10688,3,7.0,10396.51,4099.16,2025-02-14,2025-07-24,3465.5,39.43,Repeat,161,3,2,1,321,Potential Loyalists,At Risk
10689,6,9.0,25949.660000000003,10637.04,2024-08-26,2025-12-03,4324.94,40.99,Repeat,29,5,5,2,552,Loyal Customers,Active
10690,6,11.0,59522.38,27399.120000000003,2024-06-25,2025-11-25,9920.4,46.03,Repeat,37,5,5,4,554,Champions,Active
10691,2,8.0,14152.78,4993.92,2024-11-13,2025-08-28,7076.39,35.29,Repeat,126,3,1,1,311,Potential Loyalists,At Risk
10692,4,11.0,49233.2,21438.28,2024-10-31,2025-12-25,12308.3,43.54,Repeat,7,5,3,3,533,Loyal Customers,Active
10693,2,3.0,13439.720000000001,6030.45,2025-01-23,2025-10-24,6719.86,44.87,Repeat,69,4,1,1,411,New Customers,Active
10694,2,10.0,23869.49,9350.81,2024-02-14,2024-05-18,11934.74,39.17,Repeat,593,1,1,2,112,Lost Customers,Inactive
10695,1,2.0,10586.640000000001,4092.59,2025-08-27,2025-08-27,10586.64,38.66,One-time,127,3,1,1,311,Potential Loyalists,At Risk
10696,2,10.0,129325.62999999999,44699.95,2024-11-15,2025-11-19,64662.81,34.56,Repeat,43,5,1,5,515,New Customers,Active
10697,1,1.0,1288.35,550.48,2024-12-15,2024-12-15,1288.35,42.73,One-time,382,1,1,1,111,Lost Customers,Inactive
10698,2,11.0,146157.18,49822.56,2024-01-17,2025-01-24,73078.59,34.09,Repeat,342,1,1,5,115,Lost Customers,Inactive
10699,1,2.0,18784.27,8668.24,2025-11-25,2025-11-25,18784.27,46.15,One-time,37,5,1,2,512,New Customers,Active
10700,1,5.0,6693.53,3129.1800000000003,2024-10-27,2024-10-27,6693.53,46.75,One-time,431,1,1,1,111,Lost Customers,Inactive
10701,3,5.0,18565.760000000002,8145.17,2024-02-13,2025-09-17,6188.59,43.87,Repeat,106,4,2,2,422,New Customers,At Risk
10702,3,7.0,20448.48,9588.789999999999,2024-10-21,2025-10-23,6816.16,46.89,Repeat,70,4,2,2,422,New Customers,Active
10703,4,10.0,80641.25,31559.620000000003,2024-11-11,2025-09-18,20160.31,39.14,Repeat,105,4,3,4,434,Loyal Customers,At Risk
10704,4,8.0,76464.23999999999,36770.48,2024-02-07,2025-11-23,19116.06,48.09,Repeat,39,5,3,4,534,Loyal Customers,Active
10705,3,5.0,4416.110000000001,1756.54,2024-07-15,2025-06-30,1472.04,39.78,Repeat,185,3,2,1,321,Potential Loyalists,Inactive
10706,4,8.0,9133.17,3972.61,2024-07-21,2025-10-17,2283.29,43.5,Repeat,76,4,3,1,431,Loyal Customers,Active
10708,2,5.0,43664.26,12422.009999999998,2025-05-01,2025-10-20,21832.13,28.45,Repeat,73,4,1,3,413,New Customers,Active
10709,3,8.0,59908.86,27557.23,2024-05-06,2024-12-13,19969.62,46.0,Repeat,384,1,2,4,124,Lost Customers,Inactive
10710,1,1.0,33473.34,19117.34,2024-06-29,2024-06-29,33473.34,57.11,One-time,551,1,1,3,113,Lost Customers,Inactive
10711,2,6.0,9733.52,3540.7700000000004,2025-05-07,2025-12-29,4866.76,36.38,Repeat,3,5,1,1,511,New Customers,Active
10712,4,17.0,67951.38,27809.26,2024-06-07,2025-12-29,16987.84,40.93,Repeat,3,5,3,4,534,Loyal Customers,Active
10713,7,27.0,112439.31999999999,46710.32,2024-03-20,2025-04-07,16062.76,41.54,Repeat,269,2,5,5,255,At Risk,Inactive
10714,5,9.0,28968.010000000002,12656.43,2024-01-07,2025-12-03,5793.6,43.69,Repeat,29,5,4,2,542,Loyal Customers,Active
10715,2,12.0,105280.18,55814.31,2025-10-06,2025-10-22,52640.09,53.02,Repeat,71,4,1,5,415,New Customers,Active
10716,4,10.0,27982.76,11629.79,2024-02-24,2025-05-31,6995.69,41.56,Repeat,215,2,3,2,232,At Risk,Inactive
10717,4,17.0,53803.15,18538.63,2024-02-08,2024-12-14,13450.79,34.46,Repeat,383,1,3,3,133,At Risk,Inactive
10718,2,2.0,2528.3199999999997,1233.6,2024-09-06,2025-07-18,1264.16,48.79,Repeat,167,3,1,1,311,Potential Loyalists,At Risk
10719,4,10.0,35674.850000000006,11368.24,2024-03-16,2025-12-27,8918.71,31.87,Repeat,5,5,3,3,533,Loyal Customers,Active
10720,2,8.0,35344.26,13708.37,2024-05-07,2025-12-16,17672.13,38.79,Repeat,16,5,1,3,513,New Customers,Active
10721,1,1.0,1605.04,542.06,2024-12-16,2024-12-16,1605.04,33.77,One-time,381,1,1,1,111,Lost Customers,Inactive
10722,2,5.0,4930.110000000001,1986.6299999999999,2024-06-19,2025-05-23,2465.06,40.3,Repeat,223,2,1,1,211,Lost Customers,Inactive
10723,2,5.0,21333.57,11172.86,2024-04-30,2025-12-11,10666.78,52.37,Repeat,21,5,1,2,512,New Customers,Active
10724,3,7.0,82766.7,36737.36,2025-02-01,2025-09-21,27588.9,44.39,Repeat,102,4,2,4,424,New Customers,At Risk
10725,1,1.0,1136.83,320.19,2024-02-10,2024-02-10,1136.83,28.17,One-time,691,1,1,1,111,Lost Customers,Inactive
10726,3,5.0,18259.5,7749.18,2024-08-01,2025-09-06,6086.5,42.44,Repeat,117,3,2,2,322,Potential Loyalists,At Risk
10727,1,9.0,25553.960000000003,11151.27,2024-07-29,2024-07-29,25553.96,43.64,One-time,521,1,1,2,112,Lost Customers,Inactive
10728,5,12.0,53775.05,26252.41,2024-10-04,2025-12-17,10755.01,48.82,Repeat,15,5,4,3,543,Loyal Customers,Active
10729,4,8.0,23352.37,7453.41,2024-05-07,2025-03-24,5838.09,31.92,Repeat,283,2,3,2,232,At Risk,Inactive
10730,4,15.0,155396.08,76020.79,2024-06-28,2025-10-18,38849.02,48.92,Repeat,75,4,3,5,435,Loyal Customers,Active
10731,5,13.0,101346.54000000001,44290.91,2024-09-07,2025-11-21,20269.31,43.7,Repeat,41,5,4,5,545,Champions,Active
10732,7,22.0,174028.24,61594.89,2024-01-17,2025-12-02,24861.18,35.39,Repeat,30,5,5,5,555,Champions,Active
10733,4,15.0,34492.45,17670.54,2024-01-13,2025-12-04,8623.11,51.23,Repeat,28,5,3,3,533,Loyal Customers,Active
10734,5,17.0,126421.06999999999,53258.329999999994,2024-02-06,2025-08-23,25284.21,42.13,Repeat,131,3,4,5,345,Potential Loyalists,At Risk
10735,2,3.0,4682.599999999999,1570.04,2024-09-11,2025-07-31,2341.3,33.53,Repeat,154,3,1,1,311,Potential Loyalists,At Risk
10736,8,19.0,71014.83,33148.93,2024-03-29,2025-11-11,8876.85,46.68,Repeat,51,4,5,4,454,Champions,Active
10737,2,9.0,20321.04,10153.06,2024-07-26,2025-06-26,10160.52,49.96,Repeat,189,2,1,2,212,Lost Customers,Inactive
10738,5,10.0,37590.92,15687.07,2024-05-19,2025-12-20,7518.18,41.73,Repeat,12,5,4,3,543,Loyal Customers,Active
10739,3,7.0,12028.65,5015.83,2024-03-17,2025-03-03,4009.55,41.7,Repeat,304,2,2,1,221,Lost Customers,Inactive
10740,7,22.0,72653.23,33914.29,2024-01-27,2025-04-25,10379.03,46.68,Repeat,251,2,5,4,254,At Risk,Inactive
10741,3,7.0,8914.89,3955.88,2024-02-23,2025-10-07,2971.63,44.37,Repeat,86,4,2,1,421,New Customers,Active
10742,4,9.0,18340.61,9120.1,2024-01-06,2025-12-09,4585.15,49.73,Repeat,23,5,3,2,532,Loyal Customers,Active
10743,5,8.0,24601.55,10880.11,2024-04-24,2025-03-10,4920.31,44.23,Repeat,297,2,4,2,242,At Risk,Inactive
10744,2,4.0,15634.26,7314.26,2024-02-14,2024-08-11,7817.13,46.78,Repeat,508,1,1,2,112,Lost Customers,Inactive
10745,4,8.0,45840.09,14396.0,2024-07-20,2025-12-06,11460.02,31.4,Repeat,26,5,3,3,533,Loyal Customers,Active
10746,4,10.0,42132.05,13700.38,2024-03-20,2025-03-24,10533.01,32.52,Repeat,283,2,3,3,233,At Risk,Inactive
10747,3,4.0,14459.33,6590.91,2024-01-20,2025-07-08,4819.78,45.58,Repeat,177,3,2,1,321,Potential Loyalists,At Risk
10748,2,3.0,20946.18,11680.09,2024-08-07,2025-11-28,10473.09,55.76,Repeat,34,5,1,2,512,New Customers,Active
10749,1,1.0,480.61,274.72,2025-07-08,2025-07-08,480.61,57.16,One-time,177,3,1,1,311,Potential Loyalists,At Risk
10750,1,5.0,39745.97,15123.43,2025-06-13,2025-06-13,39745.97,38.05,One-time,202,2,1,3,213,Lost Customers,Inactive
10751,5,16.0,74027.67,31605.99,2024-03-01,2025-09-29,14805.53,42.69,Repeat,94,4,4,4,444,Champions,At Risk
10752,2,2.0,4674.72,1547.26,2024-01-18,2025-03-28,2337.36,33.1,Repeat,279,2,1,1,211,Lost Customers,Inactive
10753,1,2.0,3804.67,1663.04,2025-06-13,2025-06-13,3804.67,43.71,One-time,202,2,1,1,211,Lost Customers,Inactive
10754,5,19.0,93882.78,36348.96,2024-06-01,2025-12-18,18776.56,38.72,Repeat,14,5,4,4,544,Champions,Active
10755,4,7.0,121036.49999999999,57256.17,2025-02-08,2025-12-18,30259.12,47.3,Repeat,14,5,3,5,535,Loyal Customers,Active
10757,6,14.0,177412.93,90369.84,2024-05-18,2025-12-09,29568.82,50.94,Repeat,23,5,5,5,555,Champions,Active
10758,2,3.0,7602.469999999999,3376.2000000000003,2025-04-19,2025-10-15,3801.23,44.41,Repeat,78,4,1,1,411,New Customers,Active
10759,7,21.0,101599.84,43908.71,2024-01-06,2025-10-05,14514.26,43.22,Repeat,88,4,5,5,455,Champions,Active
10760,4,14.0,125515.58,60549.93,2024-02-27,2025-10-13,31378.9,48.24,Repeat,80,4,3,5,435,Loyal Customers,Active
10761,1,3.0,21235.28,6199.88,2024-04-02,2024-04-02,21235.28,29.2,One-time,639,1,1,2,112,Lost Customers,Inactive
10762,3,5.0,109782.88999999998,59916.74,2025-02-02,2025-09-19,36594.3,54.58,Repeat,104,4,2,5,425,New Customers,At Risk
10763,1,3.0,2466.22,1154.64,2025-02-15,2025-02-15,2466.22,46.82,One-time,320,1,1,1,111,Lost Customers,Inactive
10764,1,3.0,2678.16,985.3600000000001,2024-02-07,2024-02-07,2678.16,36.79,One-time,694,1,1,1,111,Lost Customers,Inactive
10765,6,26.0,67486.87000000001,32507.64,2024-07-09,2025-12-26,11247.81,48.17,Repeat,6,5,5,4,554,Champions,Active
10766,5,7.0,68411.88,33975.04,2024-01-24,2025-11-26,13682.38,49.66,Repeat,36,5,4,4,544,Champions,Active
10767,1,1.0,2889.49,921.64,2025-01-31,2025-01-31,2889.49,31.9,One-time,335,1,1,1,111,Lost Customers,Inactive
10768,2,7.0,6427.74,3257.01,2024-08-13,2025-02-25,3213.87,50.67,Repeat,310,2,1,1,211,Lost Customers,Inactive
10769,3,5.0,44522.94,17726.88,2024-01-12,2025-12-14,14840.98,39.82,Repeat,18,5,2,3,523,New Customers,Active
10770,2,2.0,3238.63,1725.32,2024-05-20,2025-02-23,1619.32,53.27,Repeat,312,2,1,1,211,Lost Customers,Inactive
10771,2,5.0,21193.72,8461.35,2025-02-16,2025-10-12,10596.86,39.92,Repeat,81,4,1,2,412,New Customers,Active
10772,6,19.0,79801.88,35347.68,2024-04-06,2025-10-05,13300.31,44.29,Repeat,88,4,5,4,454,Champions,Active
10773,3,14.0,140760.12,70972.73,2024-08-08,2025-01-18,46920.04,50.42,Repeat,348,1,2,5,125,Lost Customers,Inactive
10774,5,9.0,62057.28,25074.05,2024-04-06,2025-11-10,12411.46,40.4,Repeat,52,4,4,4,444,Champions,Active
10775,6,19.0,77006.35,33291.99,2024-02-18,2025-08-08,12834.39,43.23,Repeat,146,3,5,4,354,Potential Loyalists,At Risk
10776,3,9.0,83685.19,35791.76,2024-03-05,2024-11-05,27895.06,42.77,Repeat,422,1,2,4,124,Lost Customers,Inactive
10777,4,9.0,74891.87,34095.7,2024-02-26,2025-03-05,18722.97,45.53,Repeat,302,2,3,4,234,At Risk,Inactive
10778,5,12.0,56017.009999999995,24490.07,2024-03-20,2025-06-15,11203.4,43.72,Repeat,200,2,4,3,243,At Risk,Inactive
10779,2,3.0,4637.16,1761.71,2024-03-11,2025-05-28,2318.58,37.99,Repeat,218,2,1,1,211,Lost Customers,Inactive
10780,4,7.0,14033.22,5198.44,2024-01-22,2025-11-30,3508.3,37.04,Repeat,32,5,3,1,531,Loyal Customers,Active
10781,6,16.0,143490.49,61668.200000000004,2024-02-20,2025-11-28,23915.08,42.98,Repeat,34,5,5,5,555,Champions,Active
10782,3,9.0,37148.96,15421.86,2024-11-26,2025-12-05,12382.99,41.51,Repeat,27,5,2,3,523,New Customers,Active
10783,5,11.0,116715.49,65939.53,2024-12-30,2025-06-06,23343.1,56.5,Repeat,209,2,4,5,245,At Risk,Inactive
10784,7,14.0,125783.9,49990.3,2024-03-31,2025-11-19,17969.13,39.74,Repeat,43,5,5,5,555,Champions,Active
10785,2,4.0,16507.62,7747.29,2024-04-22,2025-07-03,8253.81,46.93,Repeat,182,3,1,2,312,Potential Loyalists,Inactive
10786,5,12.0,96912.91,43067.95,2024-04-30,2025-12-08,19382.58,44.44,Repeat,24,5,4,4,544,Champions,Active
10787,5,14.0,30989.059999999998,12199.04,2024-02-11,2025-10-11,6197.81,39.37,Repeat,82,4,4,2,442,Loyal Customers,Active
10788,2,8.0,20015.41,10133.22,2024-02-23,2024-06-06,10007.7,50.63,Repeat,574,1,1,2,112,Lost Customers,Inactive
10789,5,15.0,105420.84,53720.25,2024-01-01,2025-09-20,21084.17,50.96,Repeat,103,4,4,5,445,Champions,At Risk
10790,4,7.0,30055.78,13331.62,2024-04-23,2025-06-06,7513.94,44.36,Repeat,209,2,3,2,232,At Risk,Inactive
10791,4,8.0,88288.28,31340.97,2024-06-29,2025-05-02,22072.07,35.5,Repeat,244,2,3,4,234,At Risk,Inactive
10792,6,15.0,42812.27,19336.27,2024-01-14,2024-11-09,7135.38,45.17,Repeat,418,1,5,3,153,At Risk,Inactive
10793,3,12.0,17420.7,6441.04,2024-03-13,2025-03-02,5806.9,36.97,Repeat,305,2,2,2,222,Lost Customers,Inactive
10794,3,13.0,32166.07,14840.880000000001,2024-01-10,2025-07-17,10722.02,46.14,Repeat,168,3,2,2,322,Potential Loyalists,At Risk
10795,7,22.0,166552.24,82544.94,2024-01-10,2025-08-28,23793.18,49.56,Repeat,126,3,5,5,355,Potential Loyalists,At Risk
10796,2,4.0,7918.650000000001,2222.86,2024-03-07,2025-07-16,3959.32,28.07,Repeat,169,3,1,1,311,Potential Loyalists,At Risk
10797,4,6.0,47179.7,15320.009999999998,2024-08-10,2025-11-27,11794.92,32.47,Repeat,35,5,3,3,533,Loyal Customers,Active
10798,4,12.0,83910.74,34464.1,2024-05-08,2024-10-25,20977.68,41.07,Repeat,433,1,3,4,134,At Risk,Inactive
10799,3,7.0,55354.0,29296.17,2024-06-24,2025-12-11,18451.33,52.93,Repeat,21,5,2,3,523,New Customers,Active
10800,2,4.0,2258.17,1151.71,2024-05-22,2024-09-30,1129.08,51.0,Repeat,458,1,1,1,111,Lost Customers,Inactive
10801,6,19.0,70973.75,34726.67,2024-09-01,2025-10-02,11828.96,48.93,Repeat,91,4,5,4,454,Champions,At Risk
10802,3,6.0,17476.18,9211.289999999999,2024-01-29,2025-07-06,5825.39,52.71,Repeat,179,3,2,2,322,Potential Loyalists,At Risk
10803,1,2.0,4719.5599999999995,2142.62,2024-02-02,2024-02-02,4719.56,45.4,One-time,699,1,1,1,111,Lost Customers,Inactive
10804,5,11.0,33455.47,16139.23,2024-02-06,2025-09-22,6691.09,48.24,Repeat,101,4,4,3,443,Loyal Customers,At Risk
10805,2,7.0,63706.89,34934.53,2025-01-31,2025-08-31,31853.44,54.84,Repeat,123,3,1,4,314,Potential Loyalists,At Risk
10806,1,2.0,7204.59,3406.81,2024-10-02,2024-10-02,7204.59,47.29,One-time,456,1,1,1,111,Lost Customers,Inactive
10807,6,16.0,102482.68,51013.53,2024-03-11,2025-11-21,17080.45,49.78,Repeat,41,5,5,5,555,Champions,Active
10808,3,3.0,26894.729999999996,13800.4,2024-07-27,2025-07-22,8964.91,51.31,Repeat,163,3,2,2,322,Potential Loyalists,At Risk
10809,4,14.0,76920.75,38723.51,2024-01-02,2025-03-24,19230.19,50.34,Repeat,283,2,3,4,234,At Risk,Inactive
10810,3,6.0,18711.99,8980.990000000002,2024-06-15,2025-06-10,6237.33,48.0,Repeat,205,2,2,2,222,Lost Customers,Inactive
10811,4,8.0,82757.69,38021.19,2024-01-28,2025-10-22,20689.42,45.94,Repeat,71,4,3,4,434,Loyal Customers,Active
10812,5,17.0,56590.62,26535.910000000003,2024-09-15,2025-07-10,11318.12,46.89,Repeat,175,3,4,3,343,Potential Loyalists,At Risk
10813,6,22.0,30942.96,13765.0,2024-01-17,2025-11-03,5157.16,44.49,Repeat,59,4,5,2,452,Loyal Customers,Active
10814,4,16.0,52656.19,25182.170000000002,2024-02-28,2025-02-03,13164.05,47.82,Repeat,332,1,3,3,133,At Risk,Inactive
10815,4,11.0,86983.18,27001.519999999997,2024-06-30,2025-12-04,21745.8,31.04,Repeat,28,5,3,4,534,Loyal Customers,Active
10816,2,3.0,7848.240000000001,1589.47,2024-12-01,2025-07-24,3924.12,20.25,Repeat,161,3,1,1,311,Potential Loyalists,At Risk
10817,1,1.0,512.76,200.12,2024-11-10,2024-11-10,512.76,39.03,One-time,417,1,1,1,111,Lost Customers,Inactive
10818,7,15.0,80500.15,31746.38,2024-01-05,2025-05-07,11500.02,39.44,Repeat,239,2,5,4,254,At Risk,Inactive
10819,4,9.0,21576.739999999998,9480.19,2024-06-21,2025-07-22,5394.18,43.94,Repeat,163,3,3,2,332,Potential Loyalists,At Risk
10820,2,4.0,12344.17,5026.789999999999,2024-01-22,2024-07-04,6172.08,40.72,Repeat,546,1,1,1,111,Lost Customers,Inactive
10821,3,8.0,15832.36,6984.77,2025-04-13,2025-09-08,5277.45,44.12,Repeat,115,3,2,2,322,Potential Loyalists,At Risk
10822,5,16.0,151482.22999999998,50953.67,2024-07-14,2025-09-28,30296.45,33.64,Repeat,95,4,4,5,445,Champions,At Risk
10823,3,11.0,79722.6,34041.59,2024-04-17,2025-06-07,26574.2,42.7,Repeat,208,2,2,4,224,Lost Customers,Inactive
10824,2,4.0,6340.59,1610.1399999999999,2024-11-08,2024-11-21,3170.3,25.39,Repeat,406,1,1,1,111,Lost Customers,Inactive
10825,6,20.0,91425.57,33529.9,2024-09-04,2025-10-10,15237.6,36.67,Repeat,83,4,5,4,454,Champions,Active
10826,4,19.0,66747.44,31557.940000000002,2024-02-15,2025-12-03,16686.86,47.28,Repeat,29,5,3,4,534,Loyal Customers,Active
10827,1,1.0,934.79,271.61,2024-11-12,2024-11-12,934.79,29.06,One-time,415,1,1,1,111,Lost Customers,Inactive
10828,4,7.0,10468.560000000001,4240.98,2024-01-17,2025-03-08,2617.14,40.51,Repeat,299,2,3,1,231,At Risk,Inactive
10829,5,14.0,86072.26000000001,38720.0,2024-09-01,2025-12-05,17214.45,44.99,Repeat,27,5,4,4,544,Champions,Active
10830,2,6.0,15306.33,5746.36,2025-08-02,2025-12-20,7653.16,37.54,Repeat,12,5,1,2,512,New Customers,Active
10831,4,10.0,24415.32,13069.7,2024-03-15,2025-10-02,6103.83,53.53,Repeat,91,4,3,2,432,Loyal Customers,At Risk
10832,2,13.0,50064.78,24822.440000000002,2024-01-27,2025-09-05,25032.39,49.58,Repeat,118,3,1,3,313,Potential Loyalists,At Risk
10833,2,9.0,13554.76,4437.54,2024-09-26,2025-12-03,6777.38,32.74,Repeat,29,5,1,1,511,New Customers,Active
10834,5,11.0,84018.20999999999,41909.770000000004,2024-03-27,2024-11-03,16803.64,49.88,Repeat,424,1,4,4,144,At Risk,Inactive
10835,6,9.0,69458.78,28104.28,2024-09-09,2025-07-11,11576.46,40.46,Repeat,174,3,5,4,354,Potential Loyalists,At Risk
10836,6,15.0,125770.31,59669.12,2024-01-07,2025-10-05,20961.72,47.44,Repeat,88,4,5,5,455,Champions,Active
10837,4,16.0,122639.02,50495.51,2024-03-06,2025-12-16,30659.76,41.17,Repeat,16,5,3,5,535,Loyal Customers,Active
10838,5,10.0,56298.37,24704.04,2024-04-14,2025-08-19,11259.67,43.88,Repeat,135,3,4,3,343,Potential Loyalists,At Risk
10839,4,9.0,42946.08,19359.89,2024-01-27,2025-09-11,10736.52,45.08,Repeat,112,3,3,3,333,Potential Loyalists,At Risk
10840,4,12.0,83149.89,47072.45,2024-03-06,2025-07-12,20787.47,56.61,Repeat,173,3,3,4,334,Potential Loyalists,At Risk
10841,2,3.0,70884.09,26120.4,2025-01-12,2025-05-18,35442.04,36.85,Repeat,228,2,1,4,214,Lost Customers,Inactive
10842,7,22.0,134950.6,53593.909999999996,2024-05-20,2025-11-24,19278.66,39.71,Repeat,38,5,5,5,555,Champions,Active
10843,2,5.0,42760.36,16159.970000000001,2024-02-28,2024-07-31,21380.18,37.79,Repeat,519,1,1,3,113,Lost Customers,Inactive
10844,5,12.0,182356.47,78465.2,2024-01-03,2025-11-02,36471.29,43.03,Repeat,60,4,4,5,445,Champions,Active
10845,6,15.0,42483.3,20318.489999999998,2024-02-14,2025-11-21,7080.55,47.83,Repeat,41,5,5,3,553,Loyal Customers,Active
10846,4,7.0,44471.48,22426.15,2024-06-08,2024-11-30,11117.87,50.43,Repeat,397,1,3,3,133,At Risk,Inactive
10847,3,8.0,15725.16,6921.530000000001,2024-07-30,2025-06-03,5241.72,44.02,Repeat,212,2,2,2,222,Lost Customers,Inactive
10848,1,1.0,3019.19,1385.86,2024-09-06,2024-09-06,3019.19,45.9,One-time,482,1,1,1,111,Lost Customers,Inactive
10849,1,2.0,2105.04,1326.16,2024-12-19,2024-12-19,2105.04,63.0,One-time,378,1,1,1,111,Lost Customers,Inactive
10850,3,10.0,54186.01,20239.14,2024-01-16,2024-10-12,18062.0,37.35,Repeat,446,1,2,3,123,Lost Customers,Inactive
10851,10,26.0,121100.26,56862.02,2024-02-04,2025-12-28,12110.03,46.95,Repeat,4,5,5,5,555,Champions,Active
10852,3,7.0,74001.92,11049.52,2024-03-16,2025-09-23,24667.31,14.93,Repeat,100,4,2,4,424,New Customers,At Risk
10853,6,9.0,43672.43,19421.91,2024-09-03,2025-07-28,7278.74,44.47,Repeat,157,3,5,3,353,Potential Loyalists,At Risk
10854,3,5.0,13492.36,4098.78,2025-01-30,2025-07-22,4497.45,30.38,Repeat,163,3,2,1,321,Potential Loyalists,At Risk
10855,4,13.0,38105.44,16825.37,2024-07-03,2025-06-24,9526.36,44.15,Repeat,191,2,3,3,233,At Risk,Inactive
10856,2,7.0,9189.630000000001,3036.79,2024-01-07,2024-04-23,4594.82,33.05,Repeat,618,1,1,1,111,Lost Customers,Inactive
10857,5,12.0,27166.96,13442.73,2024-02-08,2025-10-30,5433.39,49.48,Repeat,63,4,4,2,442,Loyal Customers,Active
10858,2,2.0,57281.310000000005,16067.3,2024-07-04,2025-04-08,28640.66,28.05,Repeat,268,2,1,4,214,Lost Customers,Inactive
10859,5,12.0,26383.68,12063.43,2024-05-22,2025-06-16,5276.74,45.72,Repeat,199,2,4,2,242,At Risk,Inactive
10860,3,10.0,71172.21,32324.58,2024-04-28,2025-09-10,23724.07,45.42,Repeat,113,3,2,4,324,Potential Loyalists,At Risk
10861,3,9.0,56176.18,18179.02,2024-08-20,2025-11-13,18725.39,32.36,Repeat,49,4,2,3,423,New Customers,Active
10862,1,2.0,4001.7,1120.1100000000001,2025-04-18,2025-04-18,4001.7,27.99,One-time,258,2,1,1,211,Lost Customers,Inactive
10863,6,20.0,137847.16,60746.1,2024-07-11,2025-09-08,22974.53,44.07,Repeat,115,3,5,5,355,Potential Loyalists,At Risk
10864,8,24.0,127367.76999999999,53094.62,2024-01-09,2025-08-21,15920.97,41.69,Repeat,133,3,5,5,355,Potential Loyalists,At Risk
10865,4,11.0,58739.06,28036.3,2024-08-05,2025-07-03,14684.76,47.73,Repeat,182,3,3,4,334,Potential Loyalists,Inactive
10866,3,5.0,78686.17,24603.71,2024-10-26,2024-12-21,26228.72,31.27,Repeat,376,1,2,4,124,Lost Customers,Inactive
10867,3,13.0,46825.78,21266.35,2024-05-01,2025-08-29,15608.59,45.42,Repeat,125,3,2,3,323,Potential Loyalists,At Risk
10868,6,10.0,56030.509999999995,22807.5,2024-03-19,2025-12-02,9338.42,40.71,Repeat,30,5,5,3,553,Loyal Customers,Active
10869,3,11.0,47640.51,17965.51,2025-04-10,2025-10-10,15880.17,37.71,Repeat,83,4,2,3,423,New Customers,Active
10870,5,16.0,73934.91,33702.51,2025-01-12,2025-07-26,14786.98,45.58,Repeat,159,3,4,4,344,Potential Loyalists,At Risk
10872,3,10.0,90645.55,39362.350000000006,2025-04-28,2025-10-02,30215.18,43.42,Repeat,91,4,2,4,424,New Customers,At Risk
10873,1,2.0,39405.96,14641.75,2025-06-23,2025-06-23,39405.96,37.16,One-time,192,2,1,3,213,Lost Customers,Inactive
10874,5,15.0,52143.02,28799.16,2024-01-07,2025-11-24,10428.6,55.23,Repeat,38,5,4,3,543,Loyal Customers,Active
10875,3,9.0,64519.38,31432.95,2024-08-19,2024-12-18,21506.46,48.72,Repeat,379,1,2,4,124,Lost Customers,Inactive
10876,1,2.0,11429.06,5269.3,2024-09-03,2024-09-03,11429.06,46.1,One-time,485,1,1,1,111,Lost Customers,Inactive
10877,2,3.0,20415.77,11244.9,2025-09-17,2025-12-21,10207.88,55.08,Repeat,11,5,1,2,512,New Customers,Active
10878,2,5.0,19567.67,9600.15,2024-02-13,2025-01-13,9783.83,49.06,Repeat,353,1,1,2,112,Lost Customers,Inactive
10879,2,4.0,8341.289999999999,3923.5699999999997,2024-03-14,2025-06-15,4170.64,47.04,Repeat,200,2,1,1,211,Lost Customers,Inactive
10880,2,8.0,30173.46,16242.96,2024-07-27,2025-01-25,15086.73,53.83,Repeat,341,1,1,2,112,Lost Customers,Inactive
10881,3,4.0,37369.509999999995,12874.199999999999,2024-01-24,2025-12-09,12456.5,34.45,Repeat,23,5,2,3,523,New Customers,Active
10882,3,10.0,16047.439999999999,6182.98,2024-09-18,2025-04-18,5349.15,38.53,Repeat,258,2,2,2,222,Lost Customers,Inactive
10884,5,21.0,83679.11,32915.87,2024-04-25,2025-12-02,16735.82,39.34,Repeat,30,5,4,4,544,Champions,Active
10885,6,9.0,151433.52000000002,71280.96,2024-02-14,2025-12-16,25238.92,47.07,Repeat,16,5,5,5,555,Champions,Active
10886,1,5.0,5936.65,2599.42,2024-01-19,2024-01-19,5936.65,43.79,One-time,713,1,1,1,111,Lost Customers,Inactive
10887,4,15.0,40520.049999999996,17504.96,2024-01-01,2025-11-06,10130.01,43.2,Repeat,56,4,3,3,433,Loyal Customers,Active
10888,1,5.0,27528.309999999998,11087.77,2025-08-23,2025-08-23,27528.31,40.28,One-time,131,3,1,2,312,Potential Loyalists,At Risk
10889,1,3.0,11206.71,5763.34,2024-07-04,2024-07-04,11206.71,51.43,One-time,546,1,1,1,111,Lost Customers,Inactive
10890,3,5.0,9625.24,5391.280000000001,2024-01-25,2024-10-08,3208.41,56.01,Repeat,450,1,2,1,121,Lost Customers,Inactive
10891,5,24.0,127782.51,56096.009999999995,2024-07-19,2025-12-14,25556.5,43.9,Repeat,18,5,4,5,545,Champions,Active
10892,3,8.0,117303.51,53575.82,2024-05-14,2025-08-20,39101.17,45.67,Repeat,134,3,2,5,325,Potential Loyalists,At Risk
10893,3,12.0,18087.27,7154.34,2024-07-01,2025-04-03,6029.09,39.55,Repeat,273,2,2,2,222,Lost Customers,Inactive
10894,8,35.0,194105.44,75326.79000000001,2024-01-17,2025-08-13,24263.18,38.81,Repeat,141,3,5,5,355,Potential Loyalists,At Risk
10895,4,15.0,109401.37,45853.36,2024-01-05,2025-08-27,27350.34,41.91,Repeat,127,3,3,5,335,Potential Loyalists,At Risk
10896,4,15.0,85207.87,37486.48,2024-07-08,2025-09-14,21301.97,43.99,Repeat,109,4,3,4,434,Loyal Customers,At Risk
10897,2,4.0,7751.379999999999,2081.56,2024-01-03,2025-05-12,3875.69,26.85,Repeat,234,2,1,1,211,Lost Customers,Inactive
10898,2,4.0,14241.75,7307.24,2024-01-24,2025-12-14,7120.88,51.31,Repeat,18,5,1,1,511,New Customers,Active
10899,7,17.0,115051.99,54674.0,2024-04-05,2025-06-17,16436.0,47.52,Repeat,198,2,5,5,255,At Risk,Inactive
10900,3,4.0,70637.3,28918.11,2024-10-09,2025-03-05,23545.77,40.94,Repeat,302,2,2,4,224,Lost Customers,Inactive
10901,3,7.0,62220.49,28897.57,2024-07-28,2025-11-14,20740.16,46.44,Repeat,48,5,2,4,524,New Customers,Active
10902,7,28.0,149550.44,73642.62,2024-05-01,2025-09-24,21364.35,49.24,Repeat,99,4,5,5,455,Champions,At Risk
10903,3,8.0,36257.54,13934.02,2025-01-08,2025-08-06,12085.85,38.43,Repeat,148,3,2,3,323,Potential Loyalists,At Risk
10904,5,14.0,61641.340000000004,22213.329999999998,2024-04-30,2025-11-30,12328.27,36.04,Repeat,32,5,4,4,544,Champions,Active
10905,3,4.0,27982.9,13174.82,2024-06-10,2025-03-18,9327.63,47.08,Repeat,289,2,2,2,222,Lost Customers,Inactive
10906,3,7.0,37157.53,19811.8,2024-05-14,2025-04-28,12385.84,53.32,Repeat,248,2,2,3,223,Lost Customers,Inactive
10907,4,10.0,21037.059999999998,10965.91,2024-04-03,2025-10-11,5259.26,52.13,Repeat,82,4,3,2,432,Loyal Customers,Active
10908,3,9.0,37078.33,16622.37,2024-05-16,2025-10-30,12359.44,44.83,Repeat,63,4,2,3,423,New Customers,Active
10909,3,7.0,17808.96,8170.84,2024-12-18,2025-11-20,5936.32,45.88,Repeat,42,5,2,2,522,New Customers,Active
10910,1,4.0,22978.29,11747.630000000001,2024-04-05,2024-04-05,22978.29,51.12,One-time,636,1,1,2,112,Lost Customers,Inactive
10911,7,18.0,157562.83,55601.23,2024-06-06,2025-12-31,22508.98,35.29,Repeat,1,5,5,5,555,Champions,Active
10912,2,4.0,58759.5,25314.03,2024-01-25,2025-06-08,29379.75,43.08,Repeat,207,2,1,4,214,Lost Customers,Inactive
10913,2,2.0,1850.15,1127.62,2025-11-28,2025-12-07,925.08,60.95,Repeat,25,5,1,1,511,New Customers,Active
10914,7,16.0,258346.53,94028.73999999999,2024-01-13,2025-07-13,36906.65,36.4,Repeat,172,3,5,5,355,Potential Loyalists,At Risk
10915,3,6.0,44182.95,22554.949999999997,2024-01-06,2025-08-14,14727.65,51.05,Repeat,140,3,2,3,323,Potential Loyalists,At Risk
10916,7,18.0,143003.11000000002,63193.03,2024-04-15,2025-09-18,20429.02,44.19,Repeat,105,4,5,5,455,Champions,At Risk
10917,6,25.0,58107.47,25868.26,2024-07-08,2025-10-10,9684.58,44.52,Repeat,83,4,5,4,454,Champions,Active
10918,4,12.0,98753.03,44001.509999999995,2024-02-26,2025-05-11,24688.26,44.56,Repeat,235,2,3,5,235,At Risk,Inactive
10919,8,35.0,121949.2,59315.53,2024-08-15,2025-11-17,15243.65,48.64,Repeat,45,5,5,5,555,Champions,Active
10920,7,17.0,71875.41,34455.99,2024-02-10,2025-10-01,10267.92,47.94,Repeat,92,4,5,4,454,Champions,At Risk
10921,1,1.0,965.14,406.81,2024-04-23,2024-04-23,965.14,42.15,One-time,618,1,1,1,111,Lost Customers,Inactive
10922,3,9.0,109379.76000000001,49982.79,2024-10-06,2025-09-06,36459.92,45.7,Repeat,117,3,2,5,325,Potential Loyalists,At Risk
10923,1,5.0,18362.54,8632.32,2025-03-13,2025-03-13,18362.54,47.01,One-time,294,2,1,2,212,Lost Customers,Inactive
10924,1,2.0,6677.87,3181.66,2025-11-02,2025-11-02,6677.87,47.64,One-time,60,4,1,1,411,New Customers,Active
10925,6,19.0,43852.82,21523.43,2024-12-13,2025-11-22,7308.8,49.08,Repeat,40,5,5,3,553,Loyal Customers,Active
10926,4,9.0,238850.92,68194.6,2024-06-12,2025-11-30,59712.73,28.55,Repeat,32,5,3,5,535,Loyal Customers,Active
10927,3,9.0,57162.77,24314.19,2024-07-01,2025-03-08,19054.26,42.54,Repeat,299,2,2,4,224,Lost Customers,Inactive
10928,5,19.0,46232.1,21457.19,2024-01-16,2025-03-07,9246.42,46.41,Repeat,300,2,4,3,243,At Risk,Inactive
10930,5,14.0,213799.03,77275.39,2024-04-17,2025-09-25,42759.81,36.14,Repeat,98,4,4,5,445,Champions,At Risk
10931,2,14.0,21794.02,10233.24,2024-05-02,2024-09-06,10897.01,46.95,Repeat,482,1,1,2,112,Lost Customers,Inactive
10932,6,14.0,100100.81,45681.04,2024-06-12,2025-10-09,16683.47,45.64,Repeat,84,4,5,5,455,Champions,Active
10933,4,12.0,80845.29000000001,29917.26,2024-05-25,2024-12-01,20211.32,37.01,Repeat,396,1,3,4,134,At Risk,Inactive
10934,2,5.0,22813.43,8773.65,2024-01-14,2024-04-27,11406.72,38.46,Repeat,614,1,1,2,112,Lost Customers,Inactive
10935,6,22.0,153284.68,74685.02,2024-03-10,2025-10-09,25547.45,48.72,Repeat,84,4,5,5,455,Champions,Active
10936,5,13.0,84123.37000000001,42422.8,2024-06-20,2025-09-15,16824.67,50.43,Repeat,108,4,4,4,444,Champions,At Risk
10937,1,6.0,37528.16,18740.38,2025-02-10,2025-02-10,37528.16,49.94,One-time,325,1,1,3,113,Lost Customers,Inactive
10938,3,10.0,42484.85,10548.51,2024-07-11,2025-12-13,14161.62,24.83,Repeat,19,5,2,3,523,New Customers,Active
10939,4,5.0,13339.670000000002,6202.75,2024-08-10,2025-10-27,3334.92,46.5,Repeat,66,4,3,1,431,Loyal Customers,Active
10940,4,16.0,66270.13,32300.87,2024-11-07,2025-12-31,16567.53,48.74,Repeat,1,5,3,4,534,Loyal Customers,Active
10941,2,3.0,3158.57,1165.78,2024-11-22,2025-06-14,1579.28,36.91,Repeat,201,2,1,1,211,Lost Customers,Inactive
10942,1,4.0,1126.96,552.84,2024-06-24,2024-06-24,1126.96,49.06,One-time,556,1,1,1,111,Lost Customers,Inactive
10943,1,2.0,3386.33,1035.8,2024-04-02,2024-04-02,3386.33,30.59,One-time,639,1,1,1,111,Lost Customers,Inactive
10944,3,3.0,17777.25,10177.28,2024-02-06,2025-10-03,5925.75,57.25,Repeat,90,4,2,2,422,New Customers,Active
10945,2,6.0,17439.739999999998,9317.970000000001,2025-03-14,2025-03-22,8719.87,53.43,Repeat,285,2,1,2,212,Lost Customers,Inactive
10946,4,10.0,159628.76,69872.84,2024-06-17,2025-10-04,39907.19,43.77,Repeat,89,4,3,5,435,Loyal Customers,Active
10947,5,17.0,73515.70999999999,34372.33,2024-04-19,2025-09-25,14703.14,46.76,Repeat,98,4,4,4,444,Champions,At Risk
10948,2,8.0,158554.8,75372.19,2024-11-13,2025-02-20,79277.4,47.54,Repeat,315,2,1,5,215,Lost Customers,Inactive
10949,4,6.0,65967.63,17549.59,2024-02-17,2025-12-26,16491.91,26.6,Repeat,6,5,3,4,534,Loyal Customers,Active
10950,2,9.0,22699.9,6994.459999999999,2024-06-01,2025-08-14,11349.95,30.81,Repeat,140,3,1,2,312,Potential Loyalists,At Risk
10951,4,8.0,41555.26,16577.73,2024-03-28,2025-12-21,10388.82,39.89,Repeat,11,5,3,3,533,Loyal Customers,Active
10952,2,6.0,8449.83,4331.22,2024-06-13,2024-12-07,4224.92,51.26,Repeat,390,1,1,1,111,Lost Customers,Inactive
10953,6,12.0,37312.979999999996,19327.629999999997,2024-01-07,2025-12-25,6218.83,51.8,Repeat,7,5,5,3,553,Loyal Customers,Active
10954,2,3.0,23087.02,12760.31,2024-03-15,2024-08-25,11543.51,55.27,Repeat,494,1,1,2,112,Lost Customers,Inactive
10955,2,3.0,18619.72,6656.35,2024-06-27,2024-07-31,9309.86,35.75,Repeat,519,1,1,2,112,Lost Customers,Inactive
10956,3,14.0,86695.69,43328.57,2025-06-05,2025-09-12,28898.56,49.98,Repeat,111,3,2,4,324,Potential Loyalists,At Risk
10957,4,21.0,188455.16999999998,77926.65000000001,2024-03-14,2025-06-19,47113.79,41.35,Repeat,196,2,3,5,235,At Risk,Inactive
10958,2,9.0,58105.53,22257.75,2024-05-24,2024-10-15,29052.76,38.31,Repeat,443,1,1,4,114,Lost Customers,Inactive
10959,4,10.0,40674.33,16108.73,2024-06-02,2025-10-12,10168.58,39.6,Repeat,81,4,3,3,433,Loyal Customers,Active
10960,4,11.0,49959.5,17775.83,2024-04-15,2025-04-23,12489.88,35.58,Repeat,253,2,3,3,233,At Risk,Inactive
10961,1,2.0,14362.58,4929.78,2025-01-19,2025-01-19,14362.58,34.32,One-time,347,1,1,1,111,Lost Customers,Inactive
10962,5,17.0,89785.44,36949.99,2024-03-31,2025-12-05,17957.09,41.15,Repeat,27,5,4,4,544,Champions,Active
10963,4,7.0,48499.21,17401.58,2024-01-29,2025-06-09,12124.8,35.88,Repeat,206,2,3,3,233,At Risk,Inactive
10964,1,4.0,15573.59,6520.160000000001,2025-11-17,2025-11-17,15573.59,41.87,One-time,45,5,1,2,512,New Customers,Active
10965,4,12.0,86484.0,45312.78,2024-03-22,2024-12-03,21621.0,52.39,Repeat,394,1,3,4,134,At Risk,Inactive
10967,2,4.0,4867.49,1754.69,2024-04-19,2025-10-21,2433.74,36.05,Repeat,72,4,1,1,411,New Customers,Active
10968,2,7.0,19279.260000000002,7912.21,2024-09-19,2025-12-25,9639.63,41.04,Repeat,7,5,1,2,512,New Customers,Active
10969,6,16.0,36701.24,18078.17,2024-01-04,2025-08-24,6116.87,49.26,Repeat,130,3,5,3,353,Potential Loyalists,At Risk
10970,2,4.0,54297.22,20747.34,2024-06-04,2025-12-14,27148.61,38.21,Repeat,18,5,1,3,513,New Customers,Active
10971,1,1.0,810.35,434.31,2025-06-13,2025-06-13,810.35,53.6,One-time,202,2,1,1,211,Lost Customers,Inactive
10972,5,14.0,156206.28999999998,83576.17,2024-02-08,2025-06-25,31241.26,53.5,Repeat,190,2,4,5,245,At Risk,Inactive
10973,5,12.0,20534.45,8366.72,2024-01-17,2025-07-10,4106.89,40.74,Repeat,175,3,4,2,342,Potential Loyalists,At Risk
10974,4,9.0,59735.33,23178.8,2024-03-19,2025-03-01,14933.83,38.8,Repeat,306,2,3,4,234,At Risk,Inactive
10975,2,7.0,138019.23,74278.85,2024-10-06,2025-04-05,69009.62,53.82,Repeat,271,2,1,5,215,Lost Customers,Inactive
10976,3,3.0,6617.63,3265.0699999999997,2024-05-05,2025-12-27,2205.88,49.34,Repeat,5,5,2,1,521,New Customers,Active
10977,2,6.0,23725.19,11920.57,2024-07-29,2024-10-28,11862.6,50.24,Repeat,430,1,1,2,112,Lost Customers,Inactive
10978,3,9.0,18649.46,7944.52,2024-02-20,2025-04-04,6216.49,42.6,Repeat,272,2,2,2,222,Lost Customers,Inactive
10979,1,1.0,536.78,224.37,2024-09-19,2024-09-19,536.78,41.8,One-time,469,1,1,1,111,Lost Customers,Inactive
10980,3,5.0,10110.11,3543.27,2024-11-12,2025-11-30,3370.04,35.05,Repeat,32,5,2,1,521,New Customers,Active
10981,3,6.0,14860.56,7352.28,2024-05-30,2025-11-08,4953.52,49.48,Repeat,54,4,2,2,422,New Customers,Active
10982,2,7.0,29754.850000000002,9450.9,2025-01-07,2025-08-25,14877.42,31.76,Repeat,129,3,1,2,312,Potential Loyalists,At Risk
10983,4,8.0,86146.70999999999,42436.61,2024-01-11,2025-01-20,21536.68,49.26,Repeat,346,1,3,4,134,At Risk,Inactive
10984,2,7.0,86418.61,40875.08,2024-07-26,2024-12-28,43209.3,47.3,Repeat,369,1,1,4,114,Lost Customers,Inactive
10985,3,13.0,31507.57,10084.48,2024-02-28,2025-11-23,10502.52,32.01,Repeat,39,5,2,2,522,New Customers,Active
10986,4,10.0,51297.18,21672.16,2024-03-02,2025-12-22,12824.3,42.25,Repeat,10,5,3,3,533,Loyal Customers,Active
10987,8,31.0,114701.88,52699.73,2024-03-11,2025-10-24,14337.74,45.94,Repeat,69,4,5,5,455,Champions,Active
10988,5,7.0,53147.14,25920.949999999997,2024-05-20,2025-07-24,10629.43,48.77,Repeat,161,3,4,3,343,Potential Loyalists,At Risk
10989,4,13.0,146526.68,68354.19,2024-12-17,2025-09-08,36631.67,46.65,Repeat,115,3,3,5,335,Potential Loyalists,At Risk
10990,3,6.0,18528.12,8238.13,2024-04-23,2025-11-22,6176.04,44.46,Repeat,40,5,2,2,522,New Customers,Active
10991,2,4.0,32213.32,14603.890000000001,2024-06-04,2024-12-14,16106.66,45.33,Repeat,383,1,1,2,112,Lost Customers,Inactive
10992,1,6.0,108077.84,29836.8,2024-05-04,2024-05-04,108077.84,27.61,One-time,607,1,1,5,115,Lost Customers,Inactive
10993,3,9.0,24493.22,11082.47,2024-09-21,2025-10-24,8164.41,45.25,Repeat,69,4,2,2,422,New Customers,Active
10994,3,11.0,39202.03,19515.370000000003,2024-01-12,2025-05-21,13067.34,49.78,Repeat,225,2,2,3,223,Lost Customers,Inactive
10995,4,8.0,4773.4,1662.82,2025-04-13,2025-11-04,1193.35,34.84,Repeat,58,4,3,1,431,Loyal Customers,Active
10998,3,7.0,67290.93,26173.760000000002,2025-05-10,2025-09-07,22430.31,38.9,Repeat,116,3,2,4,324,Potential Loyalists,At Risk
10999,2,5.0,9428.93,3434.6000000000004,2024-04-29,2024-12-22,4714.46,36.43,Repeat,375,1,1,1,111,Lost Customers,Inactive
11000,2,5.0,7337.22,3560.54,2025-09-02,2025-10-05,3668.61,48.53,Repeat,88,4,1,1,411,New Customers,Active
11001,6,8.0,15686.66,7302.43,2024-04-07,2025-04-17,2614.44,46.55,Repeat,259,2,5,2,252,At Risk,Inactive
11002,4,10.0,122768.32,51268.91,2024-04-11,2025-12-28,30692.08,41.76,Repeat,4,5,3,5,535,Loyal Customers,Active
11003,3,7.0,27369.45,13494.84,2025-07-28,2025-11-05,9123.15,49.31,Repeat,57,4,2,2,422,New Customers,Active
11004,6,7.0,77049.95000000001,34145.34,2024-03-21,2025-04-07,12841.66,44.32,Repeat,269,2,5,4,254,At Risk,Inactive
11005,7,15.0,212698.9,84566.41,2024-03-26,2025-10-19,30385.56,39.76,Repeat,74,4,5,5,455,Champions,Active
11006,10,28.0,237861.37,101085.41,2024-02-01,2025-12-21,23786.14,42.5,Repeat,11,5,5,5,555,Champions,Active
11007,1,1.0,4100.11,2283.2,2025-12-08,2025-12-08,4100.11,55.69,One-time,24,5,1,1,511,New Customers,Active
11008,4,15.0,18833.35,9294.47,2024-01-18,2025-01-11,4708.34,49.35,Repeat,355,1,3,2,132,At Risk,Inactive
11009,4,7.0,21285.78,8718.34,2024-04-25,2025-08-18,5321.44,40.96,Repeat,136,3,3,2,332,Potential Loyalists,At Risk
11010,6,17.0,58202.310000000005,28012.04,2024-05-18,2025-11-01,9700.38,48.13,Repeat,61,4,5,4,454,Champions,Active
11011,3,10.0,35688.9,16951.57,2025-06-10,2025-10-29,11896.3,47.5,Repeat,64,4,2,3,423,New Customers,Active
11012,1,3.0,8253.46,4236.83,2025-09-28,2025-09-28,8253.46,51.33,One-time,95,4,1,1,411,New Customers,At Risk
11013,2,2.0,7362.13,3815.88,2024-01-09,2025-06-02,3681.06,51.83,Repeat,213,2,1,1,211,Lost Customers,Inactive
11014,5,8.0,154141.07,74298.96,2025-04-14,2025-10-21,30828.21,48.2,Repeat,72,4,4,5,445,Champions,Active
11015,1,3.0,25722.649999999998,11845.99,2024-10-26,2024-10-26,25722.65,46.05,One-time,432,1,1,2,112,Lost Customers,Inactive
11016,3,11.0,26905.420000000002,13307.869999999999,2024-09-03,2025-06-16,8968.47,49.46,Repeat,199,2,2,2,222,Lost Customers,Inactive
11017,3,12.0,32621.089999999997,14909.6,2024-07-12,2025-05-06,10873.7,45.71,Repeat,240,2,2,2,222,Lost Customers,Inactive
11018,1,6.0,14193.75,5306.69,2025-09-05,2025-09-05,14193.75,37.39,One-time,118,3,1,1,311,Potential Loyalists,At Risk
11019,3,14.0,194469.91,74706.59999999999,2024-01-20,2024-05-20,64823.3,38.42,Repeat,591,1,2,5,125,Lost Customers,Inactive
11020,4,15.0,72331.44,26616.65,2024-07-08,2025-07-28,18082.86,36.8,Repeat,157,3,3,4,334,Potential Loyalists,At Risk
11021,5,14.0,85330.53,23234.15,2024-03-20,2025-07-23,17066.11,27.23,Repeat,162,3,4,4,344,Potential Loyalists,At Risk
11022,1,1.0,851.65,408.02,2025-02-12,2025-02-12,851.65,47.91,One-time,323,1,1,1,111,Lost Customers,Inactive
11023,4,9.0,68280.59,24482.69,2024-04-24,2025-08-04,17070.15,35.86,Repeat,150,3,3,4,334,Potential Loyalists,At Risk
11024,4,8.0,23233.48,10436.81,2024-02-25,2025-10-05,5808.37,44.92,Repeat,88,4,3,2,432,Loyal Customers,Active
11025,4,12.0,199069.53999999998,99821.80000000002,2024-07-25,2025-06-17,49767.38,50.14,Repeat,198,2,3,5,235,At Risk,Inactive
11026,3,15.0,86396.72,26055.23,2024-08-31,2025-08-04,28798.91,30.16,Repeat,150,3,2,4,324,Potential Loyalists,At Risk
11027,2,3.0,6369.85,2935.89,2024-09-15,2025-08-15,3184.92,46.09,Repeat,139,3,1,1,311,Potential Loyalists,At Risk
11028,6,12.0,44923.58,23692.68,2024-06-15,2025-10-28,7487.26,52.74,Repeat,65,4,5,3,453,Loyal Customers,Active
11029,1,3.0,20115.76,10288.64,2025-11-26,2025-11-26,20115.76,51.15,One-time,36,5,1,2,512,New Customers,Active
11030,1,1.0,2499.83,1282.26,2024-10-27,2024-10-27,2499.83,51.29,One-time,431,1,1,1,111,Lost Customers,Inactive
11031,5,12.0,107685.08,47279.64,2024-01-30,2025-12-14,21537.02,43.91,Repeat,18,5,4,5,545,Champions,Active
11032,2,6.0,148906.89,58603.19,2025-05-05,2025-09-21,74453.45,39.36,Repeat,102,4,1,5,415,New Customers,At Risk
11033,5,11.0,45212.020000000004,20430.27,2024-01-11,2025-08-08,9042.4,45.19,Repeat,146,3,4,3,343,Potential Loyalists,At Risk
11034,3,10.0,44284.75,17254.48,2024-10-22,2025-05-08,14761.58,38.96,Repeat,238,2,2,3,223,Lost Customers,Inactive
11035,3,11.0,57983.24999999999,23216.57,2024-10-30,2025-08-05,19327.75,40.04,Repeat,149,3,2,4,324,Potential Loyalists,At Risk
11036,1,1.0,2265.41,963.4,2025-10-25,2025-10-25,2265.41,42.53,One-time,68,4,1,1,411,New Customers,Active
11037,4,18.0,68496.20999999999,29888.13,2024-07-25,2025-02-25,17124.05,43.63,Repeat,310,2,3,4,234,At Risk,Inactive
11038,3,8.0,27847.26,11534.79,2024-01-16,2025-07-24,9282.42,41.42,Repeat,161,3,2,2,322,Potential Loyalists,At Risk
11039,4,8.0,26169.59,11509.86,2024-01-23,2025-11-04,6542.4,43.98,Repeat,58,4,3,2,432,Loyal Customers,Active
11040,3,6.0,105373.57,49396.1,2024-07-18,2025-06-09,35124.52,46.88,Repeat,206,2,2,5,225,Lost Customers,Inactive
11041,1,1.0,430.83,135.09,2024-10-24,2024-10-24,430.83,31.36,One-time,434,1,1,1,111,Lost Customers,Inactive
11042,2,6.0,114333.84000000001,61286.89,2024-05-29,2024-11-12,57166.92,53.6,Repeat,415,1,1,5,115,Lost Customers,Inactive
11043,5,18.0,272693.14999999997,108121.23999999999,2024-12-10,2025-09-23,54538.63,39.65,Repeat,100,4,4,5,445,Champions,At Risk
11044,7,18.0,46824.97,23028.4,2024-01-13,2025-09-16,6689.28,49.18,Repeat,107,4,5,3,453,Loyal Customers,At Risk
11045,3,5.0,7216.320000000001,3081.69,2024-11-01,2025-09-20,2405.44,42.7,Repeat,103,4,2,1,421,New Customers,At Risk
11046,3,10.0,125906.43,63213.97,2025-06-18,2025-10-04,41968.81,50.21,Repeat,89,4,2,5,425,New Customers,Active
11047,5,18.0,97094.68,43786.46,2024-01-21,2025-11-20,19418.94,45.1,Repeat,42,5,4,4,544,Champions,Active
11048,2,7.0,30715.890000000003,9823.92,2024-12-18,2025-12-14,15357.95,31.98,Repeat,18,5,1,2,512,New Customers,Active
11049,2,5.0,24814.09,9027.390000000001,2024-03-14,2024-07-10,12407.04,36.38,Repeat,540,1,1,2,112,Lost Customers,Inactive
11050,6,21.0,141356.42,63409.78,2024-04-12,2025-03-21,23559.4,44.86,Repeat,286,2,5,5,255,At Risk,Inactive
11051,3,8.0,13860.47,5115.01,2024-01-03,2024-06-01,4620.16,36.9,Repeat,579,1,2,1,121,Lost Customers,Inactive
11052,5,9.0,149320.82,67659.07,2024-06-22,2025-10-12,29864.16,45.31,Repeat,81,4,4,5,445,Champions,Active
11053,4,13.0,81167.04,28240.33,2024-01-31,2025-12-26,20291.76,34.79,Repeat,6,5,3,4,534,Loyal Customers,Active
11056,5,14.0,50859.99,20228.71,2024-06-04,2025-11-29,10172.0,39.77,Repeat,33,5,4,3,543,Loyal Customers,Active
11057,1,1.0,62649.22,32433.21,2025-09-01,2025-09-01,62649.22,51.77,One-time,122,3,1,4,314,Potential Loyalists,At Risk
11058,3,6.0,11056.57,4655.77,2024-01-10,2025-08-01,3685.52,42.11,Repeat,153,3,2,1,321,Potential Loyalists,At Risk
11059,5,13.0,38562.3,16023.279999999999,2024-01-05,2025-09-05,7712.46,41.55,Repeat,118,3,4,3,343,Potential Loyalists,At Risk
11060,2,4.0,19950.28,9637.050000000001,2025-03-13,2025-07-07,9975.14,48.31,Repeat,178,3,1,2,312,Potential Loyalists,At Risk
11061,4,12.0,97413.55,42826.0,2024-05-20,2025-10-19,24353.39,43.96,Repeat,74,4,3,5,435,Loyal Customers,Active
11062,1,2.0,20932.17,9730.07,2024-09-17,2024-09-17,20932.17,46.48,One-time,471,1,1,2,112,Lost Customers,Inactive
11063,1,2.0,23830.18,10411.33,2024-10-17,2024-10-17,23830.18,43.69,One-time,441,1,1,2,112,Lost Customers,Inactive
11064,5,20.0,51741.32,20231.11,2024-05-14,2025-11-29,10348.26,39.1,Repeat,33,5,4,3,543,Loyal Customers,Active
11065,5,9.0,18744.98,9393.41,2024-02-04,2025-12-31,3749.0,50.11,Repeat,1,5,4,2,542,Loyal Customers,Active
11066,2,2.0,3495.37,1129.4,2024-08-18,2025-07-24,1747.68,32.31,Repeat,161,3,1,1,311,Potential Loyalists,At Risk
11067,2,4.0,16003.460000000001,7425.84,2024-06-18,2025-07-16,8001.73,46.4,Repeat,169,3,1,2,312,Potential Loyalists,At Risk
11068,7,20.0,108385.84,52461.240000000005,2024-02-02,2025-09-26,15483.69,48.4,Repeat,97,4,5,5,455,Champions,At Risk
11069,5,14.0,62876.74,31397.27,2024-07-24,2025-12-09,12575.35,49.93,Repeat,23,5,4,4,544,Champions,Active
11070,4,14.0,31807.42,13223.57,2024-06-16,2025-10-02,7951.86,41.57,Repeat,91,4,3,2,432,Loyal Customers,At Risk
11071,3,6.0,58869.14,20698.78,2024-09-23,2025-09-15,19623.05,35.16,Repeat,108,4,2,4,424,New Customers,At Risk
11072,2,6.0,92386.42,47912.13,2024-04-27,2025-12-14,46193.21,51.86,Repeat,18,5,1,4,514,New Customers,Active
11073,2,3.0,7266.56,3066.19,2024-01-04,2025-01-21,3633.28,42.2,Repeat,345,1,1,1,111,Lost Customers,Inactive
11074,5,15.0,69892.42,25755.2,2024-09-25,2025-12-08,13978.48,36.85,Repeat,24,5,4,4,544,Champions,Active
11075,4,5.0,19046.17,7967.67,2024-02-01,2025-01-05,4761.54,41.83,Repeat,361,1,3,2,132,At Risk,Inactive
11076,2,3.0,7741.35,3740.82,2024-06-04,2025-09-03,3870.68,48.32,Repeat,120,3,1,1,311,Potential Loyalists,At Risk
11077,4,7.0,54073.08,18441.22,2024-06-18,2025-09-26,13518.27,34.1,Repeat,97,4,3,3,433,Loyal Customers,At Risk
11078,6,19.0,55666.21,25243.86,2024-05-01,2025-08-27,9277.7,45.35,Repeat,127,3,5,3,353,Potential Loyalists,At Risk
11079,4,12.0,77065.18000000001,30490.26,2024-03-23,2025-10-16,19266.3,39.56,Repeat,77,4,3,4,434,Loyal Customers,Active
11080,6,12.0,78213.84,33604.89,2024-01-30,2025-09-13,13035.64,42.97,Repeat,110,3,5,4,354,Potential Loyalists,At Risk
11081,6,20.0,87647.41,37508.22,2024-01-29,2025-06-01,14607.9,42.79,Repeat,214,2,5,4,254,At Risk,Inactive
11082,1,2.0,11028.02,6657.8,2025-08-30,2025-08-30,11028.02,60.37,One-time,124,3,1,1,311,Potential Loyalists,At Risk
11083,3,8.0,24866.53,10228.68,2024-08-03,2025-10-04,8288.84,41.13,Repeat,89,4,2,2,422,New Customers,Active
11084,2,11.0,95249.06,42027.11,2025-01-28,2025-05-05,47624.53,44.12,Repeat,241,2,1,4,214,Lost Customers,Inactive
11085,8,24.0,224103.46,112108.26,2024-01-04,2025-12-05,28012.93,50.03,Repeat,27,5,5,5,555,Champions,Active
11086,6,32.0,216151.73,98225.34999999999,2024-01-03,2025-08-18,36025.29,45.44,Repeat,136,3,5,5,355,Potential Loyalists,At Risk
11087,8,25.0,253294.65999999997,124511.63,2024-03-27,2025-12-25,31661.83,49.16,Repeat,7,5,5,5,555,Champions,Active
11088,7,13.0,77772.22,39982.63,2024-01-11,2025-12-08,11110.32,51.41,Repeat,24,5,5,4,554,Champions,Active
11089,5,10.0,66430.87,23723.59,2024-02-17,2025-07-03,13286.17,35.71,Repeat,182,3,4,4,344,Potential Loyalists,Inactive
11090,3,9.0,62505.399999999994,32072.21,2024-06-19,2025-04-05,20835.13,51.31,Repeat,271,2,2,4,224,Lost Customers,Inactive
11091,2,4.0,4592.6,2519.0,2024-06-26,2025-04-25,2296.3,54.85,Repeat,251,2,1,1,211,Lost Customers,Inactive
11092,8,19.0,74057.57,38871.78,2024-07-24,2025-09-05,9257.2,52.49,Repeat,118,3,5,4,354,Potential Loyalists,At Risk
11093,4,6.0,64403.16,35031.16,2024-04-09,2025-11-13,16100.79,54.39,Repeat,49,4,3,4,434,Loyal Customers,Active
11094,2,9.0,38655.75,10546.4,2024-09-11,2024-10-10,19327.88,27.28,Repeat,448,1,1,3,113,Lost Customers,Inactive
11095,3,9.0,9473.41,4239.0,2024-10-17,2025-08-06,3157.8,44.75,Repeat,148,3,2,1,321,Potential Loyalists,At Risk
11096,4,8.0,62235.2,25682.65,2024-02-22,2024-09-03,15558.8,41.27,Repeat,485,1,3,4,134,At Risk,Inactive
11097,7,18.0,94430.98000000001,35054.6,2024-06-22,2025-11-01,13490.14,37.12,Repeat,61,4,5,4,454,Champions,Active
11098,2,3.0,51553.420000000006,25165.68,2024-05-15,2024-10-20,25776.71,48.81,Repeat,438,1,1,3,113,Lost Customers,Inactive
11099,3,20.0,103760.31999999999,50104.18,2024-05-19,2025-09-19,34586.77,48.29,Repeat,104,4,2,5,425,New Customers,At Risk
11100,3,14.0,55940.68,26524.0,2024-03-18,2025-08-17,18646.89,47.41,Repeat,137,3,2,3,323,Potential Loyalists,At Risk
11101,3,10.0,33634.21000000001,11294.65,2024-10-12,2025-12-15,11211.4,33.58,Repeat,17,5,2,3,523,New Customers,Active
11102,8,16.0,26623.77,10072.42,2024-02-15,2025-10-07,3327.97,37.83,Repeat,86,4,5,2,452,Loyal Customers,Active
11103,2,6.0,82916.97,25581.059999999998,2024-01-15,2024-09-18,41458.48,30.85,Repeat,470,1,1,4,114,Lost Customers,Inactive
11104,3,9.0,28962.59,11789.61,2024-05-31,2025-03-28,9654.2,40.71,Repeat,279,2,2,2,222,Lost Customers,Inactive
11105,6,16.0,135472.25,61624.51,2024-03-14,2025-07-19,22578.71,45.49,Repeat,166,3,5,5,355,Potential Loyalists,At Risk
11106,2,6.0,36472.229999999996,16765.02,2024-11-04,2024-12-12,18236.11,45.97,Repeat,385,1,1,3,113,Lost Customers,Inactive
11107,4,10.0,42195.23,18834.75,2024-06-04,2025-07-23,10548.81,44.64,Repeat,162,3,3,3,333,Potential Loyalists,At Risk
11108,2,5.0,67268.06999999999,33735.78,2025-03-04,2025-06-26,33634.03,50.15,Repeat,189,2,1,4,214,Lost Customers,Inactive
11109,3,6.0,120701.23999999999,64062.229999999996,2024-03-22,2025-04-23,40233.75,53.08,Repeat,253,2,2,5,225,Lost Customers,Inactive
11110,7,20.0,162834.28,79088.06,2024-03-06,2025-12-29,23262.04,48.57,Repeat,3,5,5,5,555,Champions,Active
11111,2,4.0,10165.6,2159.73,2024-12-16,2024-12-21,5082.8,21.25,Repeat,376,1,1,1,111,Lost Customers,Inactive
11112,2,2.0,2243.45,1178.3899999999999,2024-02-26,2025-01-26,1121.72,52.53,Repeat,340,1,1,1,111,Lost Customers,Inactive
11113,3,5.0,36741.44,20310.21,2024-03-19,2025-05-04,12247.15,55.28,Repeat,242,2,2,3,223,Lost Customers,Inactive
11114,6,10.0,19825.99,8721.07,2024-02-20,2025-12-06,3304.33,43.99,Repeat,26,5,5,2,552,Loyal Customers,Active
11115,3,7.0,40091.020000000004,21242.75,2024-04-14,2025-05-27,13363.67,52.99,Repeat,219,2,2,3,223,Lost Customers,Inactive
11116,3,4.0,13745.33,6599.22,2025-04-01,2025-12-16,4581.78,48.01,Repeat,16,5,2,1,521,New Customers,Active
11117,3,12.0,37322.09,15755.77,2024-09-01,2025-05-25,12440.7,42.22,Repeat,221,2,2,3,223,Lost Customers,Inactive
11118,2,6.0,6476.110000000001,3232.42,2025-02-14,2025-06-11,3238.06,49.91,Repeat,204,2,1,1,211,Lost Customers,Inactive
11119,8,25.0,158789.32,68219.66,2024-01-02,2025-12-27,19848.66,42.96,Repeat,5,5,5,5,555,Champions,Active
11120,4,10.0,18866.87,8481.26,2024-12-11,2025-11-03,4716.72,44.95,Repeat,59,4,3,2,432,Loyal Customers,Active
11121,4,9.0,82470.9,38045.22,2024-04-09,2025-07-07,20617.72,46.13,Repeat,178,3,3,4,334,Potential Loyalists,At Risk
11122,5,10.0,160423.82,76103.75,2024-04-16,2025-05-26,32084.76,47.44,Repeat,220,2,4,5,245,At Risk,Inactive
11123,4,10.0,101650.62,33558.65,2024-10-28,2025-09-22,25412.66,33.01,Repeat,101,4,3,5,435,Loyal Customers,At Risk
11124,1,1.0,29037.02,17635.92,2024-08-08,2024-08-08,29037.02,60.74,One-time,511,1,1,2,112,Lost Customers,Inactive
11125,9,23.0,101305.92,47177.16,2024-03-06,2025-12-05,11256.21,46.57,Repeat,27,5,5,5,555,Champions,Active
11126,3,8.0,28732.44,14733.630000000001,2024-01-17,2025-03-27,9577.48,51.28,Repeat,280,2,2,2,222,Lost Customers,Inactive
11127,1,1.0,3282.46,1580.02,2025-08-28,2025-08-28,3282.46,48.14,One-time,126,3,1,1,311,Potential Loyalists,At Risk
11128,2,6.0,13861.970000000001,7906.99,2024-03-22,2025-02-25,6930.98,57.04,Repeat,310,2,1,1,211,Lost Customers,Inactive
11129,2,7.0,4918.01,2282.63,2025-01-29,2025-04-29,2459.0,46.41,Repeat,247,2,1,1,211,Lost Customers,Inactive
11130,5,13.0,94564.58,44911.479999999996,2024-03-24,2025-12-26,18912.92,47.49,Repeat,6,5,4,4,544,Champions,Active
11131,5,16.0,44144.51,20004.69,2024-04-20,2025-06-22,8828.9,45.32,Repeat,193,2,4,3,243,At Risk,Inactive
11132,3,10.0,232121.87000000002,113223.35,2024-01-16,2025-05-05,77373.96,48.78,Repeat,241,2,2,5,225,Lost Customers,Inactive
11133,3,4.0,65052.9,26293.760000000002,2024-02-29,2025-05-21,21684.3,40.42,Repeat,225,2,2,4,224,Lost Customers,Inactive
11134,4,11.0,260167.46,126406.34999999999,2025-01-05,2025-10-01,65041.86,48.59,Repeat,92,4,3,5,435,Loyal Customers,At Risk
11135,4,9.0,15335.15,4830.79,2024-09-22,2025-11-20,3833.79,31.5,Repeat,42,5,3,2,532,Loyal Customers,Active
11136,2,3.0,6316.79,3640.3199999999997,2024-10-07,2025-08-14,3158.4,57.63,Repeat,140,3,1,1,311,Potential Loyalists,At Risk
11137,4,7.0,9853.810000000001,4077.2599999999998,2024-02-02,2025-05-02,2463.45,41.38,Repeat,244,2,3,1,231,At Risk,Inactive
11138,5,23.0,88077.16,27619.879999999997,2024-04-27,2025-09-29,17615.43,31.36,Repeat,94,4,4,4,444,Champions,At Risk
11139,3,11.0,45050.619999999995,19854.05,2024-11-24,2025-10-14,15016.87,44.07,Repeat,79,4,2,3,423,New Customers,Active
11140,6,13.0,37610.64,13311.28,2024-03-20,2025-04-29,6268.44,35.39,Repeat,247,2,5,3,253,At Risk,Inactive
11141,2,11.0,34310.81,10852.35,2024-10-02,2025-10-21,17155.4,31.63,Repeat,72,4,1,3,413,New Customers,Active
11144,6,23.0,216568.65,90251.14,2024-04-08,2025-11-24,36094.78,41.67,Repeat,38,5,5,5,555,Champions,Active
11145,2,9.0,10701.01,3887.09,2025-09-03,2025-12-23,5350.5,36.32,Repeat,9,5,1,1,511,New Customers,Active
11146,6,18.0,40393.16,17616.079999999998,2024-02-08,2025-07-04,6732.19,43.61,Repeat,181,3,5,3,353,Potential Loyalists,Inactive
11147,3,11.0,67478.37,30134.72,2024-01-07,2025-07-08,22492.79,44.66,Repeat,177,3,2,4,324,Potential Loyalists,At Risk
11148,5,10.0,17873.449999999997,8230.07,2024-02-20,2025-01-27,3574.69,46.05,Repeat,339,1,4,2,142,At Risk,Inactive
11149,3,6.0,19863.33,11986.21,2024-05-17,2025-06-06,6621.11,60.34,Repeat,209,2,2,2,222,Lost Customers,Inactive
11150,2,4.0,27422.420000000002,11485.14,2025-07-01,2025-10-22,13711.21,41.88,Repeat,71,4,1,2,412,New Customers,Active
11151,2,2.0,4430.82,2307.0299999999997,2024-04-04,2024-05-20,2215.41,52.07,Repeat,591,1,1,1,111,Lost Customers,Inactive
11152,5,16.0,32895.479999999996,17069.19,2024-09-03,2025-09-22,6579.1,51.89,Repeat,101,4,4,2,442,Loyal Customers,At Risk
11153,4,14.0,101201.46,39716.79,2024-05-23,2025-10-12,25300.36,39.25,Repeat,81,4,3,5,435,Loyal Customers,Active
11154,4,16.0,60139.58,25777.949999999997,2024-06-13,2025-04-03,15034.9,42.86,Repeat,273,2,3,4,234,At Risk,Inactive
11155,8,23.0,143594.94,60227.02,2024-07-14,2025-09-05,17949.37,41.94,Repeat,118,3,5,5,355,Potential Loyalists,At Risk
11156,5,14.0,37903.81,15511.560000000001,2024-01-11,2025-12-10,7580.76,40.92,Repeat,22,5,4,3,543,Loyal Customers,Active
11157,4,9.0,26228.55,11102.85,2024-04-11,2025-12-14,6557.14,42.33,Repeat,18,5,3,2,532,Loyal Customers,Active
11158,2,3.0,22349.26,11131.369999999999,2024-04-12,2025-08-03,11174.63,49.81,Repeat,151,3,1,2,312,Potential Loyalists,At Risk
11159,2,4.0,9602.62,3780.56,2024-08-05,2025-12-07,4801.31,39.37,Repeat,25,5,1,1,511,New Customers,Active
11160,1,1.0,5008.95,2128.23,2025-06-26,2025-06-26,5008.95,42.49,One-time,189,2,1,1,211,Lost Customers,Inactive
11161,4,11.0,79005.12,37498.95,2024-05-20,2025-01-03,19751.28,47.46,Repeat,363,1,3,4,134,At Risk,Inactive
11162,7,19.0,77993.01,41450.909999999996,2024-05-18,2025-08-16,11141.86,53.15,Repeat,138,3,5,4,354,Potential Loyalists,At Risk
11163,5,8.0,119557.35999999999,30973.079999999998,2024-05-14,2025-11-01,23911.47,25.91,Repeat,61,4,4,5,445,Champions,Active
11164,3,10.0,93089.41,47509.46,2024-05-20,2025-01-09,31029.8,51.04,Repeat,357,1,2,4,124,Lost Customers,Inactive
11165,1,4.0,6465.75,2298.79,2024-10-24,2024-10-24,6465.75,35.55,One-time,434,1,1,1,111,Lost Customers,Inactive
11166,2,2.0,8461.55,3986.43,2025-03-13,2025-07-20,4230.77,47.11,Repeat,165,3,1,1,311,Potential Loyalists,At Risk
11167,3,7.0,22071.34,10721.42,2024-09-11,2025-02-22,7357.11,48.58,Repeat,313,2,2,2,222,Lost Customers,Inactive
11168,4,12.0,40835.369999999995,18088.23,2024-09-02,2025-05-08,10208.84,44.3,Repeat,238,2,3,3,233,At Risk,Inactive
11169,5,17.0,124102.84999999999,50008.33,2024-02-20,2024-11-10,24820.57,40.3,Repeat,417,1,4,5,145,At Risk,Inactive
11170,7,15.0,95846.31999999999,33812.520000000004,2024-01-24,2025-12-02,13692.33,35.28,Repeat,30,5,5,4,554,Champions,Active
11171,6,17.0,24796.01,10433.31,2024-02-28,2025-08-21,4132.67,42.08,Repeat,133,3,5,2,352,Potential Loyalists,At Risk
11172,6,16.0,96546.73,40708.95,2024-04-12,2025-11-04,16091.12,42.17,Repeat,58,4,5,4,454,Champions,Active
11173,3,6.0,52038.44,22345.71,2024-03-26,2025-01-26,17346.15,42.94,Repeat,340,1,2,3,123,Lost Customers,Inactive
11174,2,7.0,59830.04000000001,25648.39,2024-07-20,2025-05-03,29915.02,42.87,Repeat,243,2,1,4,214,Lost Customers,Inactive
11175,4,16.0,141061.99,51337.58,2024-01-27,2024-11-21,35265.5,36.39,Repeat,406,1,3,5,135,At Risk,Inactive
11176,7,20.0,64571.19,25633.02,2024-03-13,2025-06-16,9224.46,39.7,Repeat,199,2,5,4,254,At Risk,Inactive
11177,8,32.0,101155.6,43796.33,2024-01-05,2025-11-28,12644.45,43.3,Repeat,34,5,5,5,555,Champions,Active
11178,1,1.0,949.05,423.36,2025-11-10,2025-11-10,949.05,44.61,One-time,52,4,1,1,411,New Customers,Active
11179,5,10.0,14378.37,4726.610000000001,2024-02-13,2025-12-27,2875.67,32.87,Repeat,5,5,4,1,541,Loyal Customers,Active
11180,5,11.0,42635.06,20935.85,2024-06-05,2025-06-11,8527.01,49.1,Repeat,204,2,4,3,243,At Risk,Inactive
11181,3,7.0,105039.56,59255.04,2024-01-17,2025-02-11,35013.19,56.41,Repeat,324,1,2,5,125,Lost Customers,Inactive
11182,3,14.0,37344.93,15527.689999999999,2025-03-15,2025-06-29,12448.31,41.58,Repeat,186,2,2,3,223,Lost Customers,Inactive
11184,2,6.0,11993.78,5068.12,2024-06-16,2025-05-12,5996.89,42.26,Repeat,234,2,1,1,211,Lost Customers,Inactive
11185,2,5.0,13334.47,6967.79,2024-02-16,2024-05-03,6667.24,52.25,Repeat,608,1,1,1,111,Lost Customers,Inactive
11186,3,7.0,75123.15,24367.12,2024-03-06,2025-01-13,25041.05,32.44,Repeat,353,1,2,4,124,Lost Customers,Inactive
11187,3,7.0,32353.690000000002,15825.95,2024-01-08,2025-10-04,10784.56,48.92,Repeat,89,4,2,2,422,New Customers,Active
11188,3,7.0,41301.42,17172.46,2024-05-24,2024-09-17,13767.14,41.58,Repeat,471,1,2,3,123,Lost Customers,Inactive
11189,2,10.0,107002.01,50961.130000000005,2025-06-20,2025-12-16,53501.0,47.63,Repeat,16,5,1,5,515,New Customers,Active
11190,3,8.0,79235.87,34182.840000000004,2024-08-17,2025-03-23,26411.96,43.14,Repeat,284,2,2,4,224,Lost Customers,Inactive
11191,4,13.0,92730.27,46781.409999999996,2024-03-12,2025-09-03,23182.57,50.45,Repeat,120,3,3,4,334,Potential Loyalists,At Risk
11192,5,12.0,55720.200000000004,24302.72,2024-01-26,2025-08-21,11144.04,43.62,Repeat,133,3,4,3,343,Potential Loyalists,At Risk
11193,5,10.0,31830.14,15835.3,2024-04-26,2025-11-01,6366.03,49.75,Repeat,61,4,4,2,442,Loyal Customers,Active
11194,4,7.0,8779.87,3418.6,2024-02-29,2025-12-08,2194.97,38.94,Repeat,24,5,3,1,531,Loyal Customers,Active
11196,5,9.0,25786.07,11489.6,2024-03-01,2025-06-12,5157.21,44.56,Repeat,203,2,4,2,242,At Risk,Inactive
11197,7,19.0,99047.86,44048.86,2024-03-06,2025-11-27,14149.69,44.47,Repeat,35,5,5,5,555,Champions,Active
11198,10,25.0,211386.82,96425.28,2024-05-13,2025-12-04,21138.68,45.62,Repeat,28,5,5,5,555,Champions,Active
11199,5,13.0,15853.099999999999,6577.55,2024-01-14,2025-05-06,3170.62,41.49,Repeat,240,2,4,2,242,At Risk,Inactive
11200,1,1.0,2741.13,1228.92,2024-04-10,2024-04-10,2741.13,44.83,One-time,631,1,1,1,111,Lost Customers,Inactive
11201,3,5.0,89305.59,34807.25,2024-02-08,2025-09-16,29768.53,38.98,Repeat,107,4,2,4,424,New Customers,At Risk
11202,3,7.0,36333.44,18434.93,2024-04-17,2025-07-20,12111.15,50.74,Repeat,165,3,2,3,323,Potential Loyalists,At Risk
11203,3,15.0,128502.31999999999,69831.14,2024-01-18,2025-02-08,42834.11,54.34,Repeat,327,1,2,5,125,Lost Customers,Inactive
11204,2,6.0,4638.74,2143.95,2024-12-16,2025-08-24,2319.37,46.22,Repeat,130,3,1,1,311,Potential Loyalists,At Risk
11205,3,12.0,57942.009999999995,26601.16,2024-01-08,2025-11-22,19314.0,45.91,Repeat,40,5,2,4,524,New Customers,Active
11206,3,8.0,19029.97,7450.08,2024-11-06,2025-09-27,6343.32,39.15,Repeat,96,4,2,2,422,New Customers,At Risk
11207,6,13.0,189869.85,84414.84,2024-02-02,2025-09-22,31644.98,44.46,Repeat,101,4,5,5,455,Champions,At Risk
11208,1,1.0,1314.83,417.78,2025-11-20,2025-11-20,1314.83,31.77,One-time,42,5,1,1,511,New Customers,Active
11209,3,10.0,56260.340000000004,18430.77,2024-01-31,2025-05-13,18753.45,32.76,Repeat,233,2,2,3,223,Lost Customers,Inactive
11210,3,5.0,20794.690000000002,9459.25,2024-09-22,2025-02-17,6931.56,45.49,Repeat,318,2,2,2,222,Lost Customers,Inactive
11211,4,14.0,88704.24,34437.07,2024-06-11,2025-12-10,22176.06,38.82,Repeat,22,5,3,4,534,Loyal Customers,Active
11212,6,15.0,14546.039999999999,5843.02,2024-02-17,2025-12-18,2424.34,40.17,Repeat,14,5,5,1,551,Loyal Customers,Active
11213,3,9.0,53852.33,24586.32,2024-09-14,2025-08-02,17950.78,45.66,Repeat,152,3,2,3,323,Potential Loyalists,At Risk
11214,4,10.0,26359.4,12707.7,2024-06-25,2025-04-06,6589.85,48.21,Repeat,270,2,3,2,232,At Risk,Inactive
11215,3,5.0,34317.909999999996,15420.440000000002,2024-01-18,2025-11-15,11439.3,44.93,Repeat,47,5,2,3,523,New Customers,Active
11216,1,3.0,6711.34,1878.58,2025-09-02,2025-09-02,6711.34,27.99,One-time,121,3,1,1,311,Potential Loyalists,At Risk
11217,3,7.0,160466.8,90617.04,2024-05-08,2025-12-28,53488.93,56.47,Repeat,4,5,2,5,525,New Customers,Active
11218,3,5.0,44280.0,12248.66,2024-08-02,2025-08-16,14760.0,27.66,Repeat,138,3,2,3,323,Potential Loyalists,At Risk
11219,1,5.0,13175.04,4840.48,2025-10-22,2025-10-22,13175.04,36.74,One-time,71,4,1,1,411,New Customers,Active
11220,4,8.0,101353.81999999999,57384.92,2024-01-13,2025-12-02,25338.46,56.62,Repeat,30,5,3,5,535,Loyal Customers,Active
11221,3,5.0,16186.02,7124.0,2024-02-20,2025-04-16,5395.34,44.01,Repeat,260,2,2,2,222,Lost Customers,Inactive
11222,7,12.0,26931.75,10721.42,2024-05-27,2025-03-17,3847.39,39.81,Repeat,290,2,5,2,252,At Risk,Inactive
11223,1,2.0,13594.02,7750.5599999999995,2024-01-06,2024-01-06,13594.02,57.01,One-time,726,1,1,1,111,Lost Customers,Inactive
11224,2,5.0,45840.95999999999,25169.920000000002,2024-01-26,2025-03-13,22920.48,54.91,Repeat,294,2,1,3,213,Lost Customers,Inactive
11225,2,9.0,80398.15,32003.47,2025-01-07,2025-07-20,40199.07,39.81,Repeat,165,3,1,4,314,Potential Loyalists,At Risk
11226,5,8.0,20314.22,9456.76,2024-06-15,2025-10-16,4062.84,46.55,Repeat,77,4,4,2,442,Loyal Customers,Active
11227,4,17.0,51949.619999999995,24250.260000000002,2024-07-13,2025-05-05,12987.4,46.68,Repeat,241,2,3,3,233,At Risk,Inactive
11228,2,4.0,5000.45,2121.96,2024-03-19,2025-02-10,2500.22,42.44,Repeat,325,1,1,1,111,Lost Customers,Inactive
11229,4,10.0,107175.25,51636.42,2024-01-17,2025-12-25,26793.81,48.18,Repeat,7,5,3,5,535,Loyal Customers,Active
11230,2,7.0,56675.35,22199.15,2025-06-25,2025-11-26,28337.68,39.17,Repeat,36,5,1,4,514,New Customers,Active
11231,4,14.0,113722.61,55333.31,2024-10-23,2025-08-11,28430.65,48.66,Repeat,143,3,3,5,335,Potential Loyalists,At Risk
11232,5,15.0,41408.92,17413.61,2024-05-05,2025-12-30,8281.78,42.05,Repeat,2,5,4,3,543,Loyal Customers,Active
11233,5,11.0,179025.31999999998,83530.52,2024-05-15,2025-10-02,35805.06,46.66,Repeat,91,4,4,5,445,Champions,At Risk
11234,5,13.0,37332.34,15231.279999999999,2024-03-23,2025-12-26,7466.47,40.8,Repeat,6,5,4,3,543,Loyal Customers,Active
11235,3,8.0,7935.25,3859.63,2024-06-23,2025-03-22,2645.08,48.64,Repeat,285,2,2,1,221,Lost Customers,Inactive
11236,5,12.0,69402.18000000001,32293.690000000002,2024-01-22,2025-05-20,13880.44,46.53,Repeat,226,2,4,4,244,At Risk,Inactive
11237,6,10.0,30330.67,15867.45,2024-05-08,2025-10-09,5055.11,52.31,Repeat,84,4,5,2,452,Loyal Customers,Active
11238,5,18.0,75128.36,38381.06,2024-07-09,2025-11-22,15025.67,51.09,Repeat,40,5,4,4,544,Champions,Active
11239,2,10.0,27018.68,12907.96,2025-01-07,2025-12-20,13509.34,47.77,Repeat,12,5,1,2,512,New Customers,Active
11240,4,13.0,14808.57,5196.09,2024-02-18,2025-09-09,3702.14,35.09,Repeat,114,3,3,2,332,Potential Loyalists,At Risk
11241,3,13.0,50305.38,27170.579999999998,2024-06-08,2025-03-13,16768.46,54.01,Repeat,294,2,2,3,223,Lost Customers,Inactive
11242,5,11.0,49854.020000000004,23465.82,2024-03-13,2025-11-25,9970.8,47.07,Repeat,37,5,4,3,543,Loyal Customers,Active
11243,1,2.0,138182.26,60134.06,2025-07-02,2025-07-02,138182.26,43.52,One-time,183,3,1,5,315,Potential Loyalists,Inactive
11244,8,23.0,580508.98,268012.77999999997,2024-08-05,2025-10-15,72563.62,46.17,Repeat,78,4,5,5,455,Champions,Active
11245,6,16.0,162426.89,88085.03,2024-09-19,2025-12-10,27071.15,54.23,Repeat,22,5,5,5,555,Champions,Active
11246,1,2.0,10379.28,4506.32,2025-01-01,2025-01-01,10379.28,43.42,One-time,365,1,1,1,111,Lost Customers,Inactive
11247,1,1.0,1393.23,797.15,2025-05-12,2025-05-12,1393.23,57.22,One-time,234,2,1,1,211,Lost Customers,Inactive
11248,4,12.0,54572.43,28486.06,2024-01-25,2024-09-26,13643.11,52.2,Repeat,462,1,3,3,133,At Risk,Inactive
11249,11,37.0,336310.79,175572.41999999998,2024-03-11,2025-07-23,30573.71,52.21,Repeat,162,3,5,5,355,Potential Loyalists,At Risk
11250,3,12.0,24211.260000000002,11153.07,2024-09-27,2024-12-27,8070.42,46.07,Repeat,370,1,2,2,122,Lost Customers,Inactive
11251,4,11.0,67039.14,39360.54,2024-01-19,2025-04-13,16759.78,58.71,Repeat,263,2,3,4,234,At Risk,Inactive
11252,5,9.0,207788.74,75453.52,2024-05-16,2025-08-27,41557.75,36.31,Repeat,127,3,4,5,345,Potential Loyalists,At Risk
11253,3,5.0,11647.29,5565.94,2024-01-05,2024-11-14,3882.43,47.79,Repeat,413,1,2,1,121,Lost Customers,Inactive
11254,3,10.0,48669.32,16914.66,2024-01-11,2024-06-03,16223.11,34.75,Repeat,577,1,2,3,123,Lost Customers,Inactive
11255,3,6.0,25547.52,12569.18,2024-07-29,2025-10-24,8515.84,49.2,Repeat,69,4,2,2,422,New Customers,Active
11256,5,15.0,162482.83000000002,81004.04000000001,2024-09-28,2025-12-25,32496.57,49.85,Repeat,7,5,4,5,545,Champions,Active
11257,4,9.0,52837.59,21903.980000000003,2024-02-06,2024-07-13,13209.4,41.46,Repeat,537,1,3,3,133,At Risk,Inactive
11258,1,2.0,63449.78,22432.3,2025-08-03,2025-08-03,63449.78,35.35,One-time,151,3,1,4,314,Potential Loyalists,At Risk
11259,3,4.0,47983.090000000004,19716.570000000003,2024-01-05,2024-06-02,15994.36,41.09,Repeat,578,1,2,3,123,Lost Customers,Inactive
11260,6,16.0,121854.59,55538.54,2024-01-11,2025-08-12,20309.1,45.58,Repeat,142,3,5,5,355,Potential Loyalists,At Risk
11261,7,14.0,76780.65,35254.26,2024-01-23,2025-09-23,10968.66,45.92,Repeat,100,4,5,4,454,Champions,At Risk
11262,4,8.0,80115.28,33733.13,2024-04-05,2025-02-14,20028.82,42.11,Repeat,321,1,3,4,134,At Risk,Inactive
11263,6,13.0,30628.88,12532.23,2024-08-30,2025-08-28,5104.81,40.92,Repeat,126,3,5,2,352,Potential Loyalists,At Risk
11265,1,3.0,20976.41,10282.68,2025-03-27,2025-03-27,20976.41,49.02,One-time,280,2,1,2,212,Lost Customers,Inactive
11266,4,12.0,87744.94,41863.3,2024-06-26,2025-12-06,21936.24,47.71,Repeat,26,5,3,4,534,Loyal Customers,Active
11267,4,14.0,34278.12,14914.52,2024-06-19,2025-03-19,8569.53,43.51,Repeat,288,2,3,3,233,At Risk,Inactive
11268,3,12.0,129358.65,64001.64,2024-08-02,2025-02-23,43119.55,49.48,Repeat,312,2,2,5,225,Lost Customers,Inactive
11269,7,21.0,60752.54,23639.04,2024-03-04,2025-08-11,8678.93,38.91,Repeat,143,3,5,4,354,Potential Loyalists,At Risk
11270,5,11.0,206169.49,92515.81000000001,2024-01-01,2025-05-26,41233.9,44.87,Repeat,220,2,4,5,245,At Risk,Inactive
11271,4,15.0,50577.0,23312.85,2024-04-12,2025-07-29,12644.25,46.09,Repeat,156,3,3,3,333,Potential Loyalists,At Risk
11272,3,7.0,48914.54,25944.24,2024-02-17,2024-12-11,16304.85,53.04,Repeat,386,1,2,3,123,Lost Customers,Inactive
11273,3,4.0,11246.95,5727.28,2024-03-19,2024-09-24,3748.98,50.92,Repeat,464,1,2,1,121,Lost Customers,Inactive
11274,2,3.0,14592.55,5376.22,2024-06-26,2025-04-27,7296.28,36.84,Repeat,249,2,1,1,211,Lost Customers,Inactive
11275,2,6.0,13112.36,7093.58,2024-03-30,2025-01-12,6556.18,54.1,Repeat,354,1,1,1,111,Lost Customers,Inactive
11276,4,10.0,63367.54,31119.440000000002,2024-04-25,2025-11-10,15841.88,49.11,Repeat,52,4,3,4,434,Loyal Customers,Active
11277,3,4.0,11856.76,4867.96,2024-01-22,2025-09-03,3952.25,41.06,Repeat,120,3,2,1,321,Potential Loyalists,At Risk
11278,6,21.0,161771.25,69451.51000000001,2024-04-15,2025-10-28,26961.88,42.93,Repeat,65,4,5,5,455,Champions,Active
11279,4,7.0,18841.99,9176.96,2024-10-24,2025-11-02,4710.5,48.7,Repeat,60,4,3,2,432,Loyal Customers,Active
11280,3,10.0,20105.1,6798.79,2024-05-01,2025-08-19,6701.7,33.82,Repeat,135,3,2,2,322,Potential Loyalists,At Risk
11281,3,11.0,104672.43,46064.18000000001,2024-07-22,2025-01-13,34890.81,44.01,Repeat,353,1,2,5,125,Lost Customers,Inactive
11282,1,6.0,5823.08,2537.58,2025-11-12,2025-11-12,5823.08,43.58,One-time,50,4,1,1,411,New Customers,Active
11283,5,14.0,39037.01,18981.98,2024-07-28,2025-10-23,7807.4,48.63,Repeat,70,4,4,3,443,Loyal Customers,Active
11284,3,7.0,27304.47,13440.5,2025-02-28,2025-11-04,9101.49,49.22,Repeat,58,4,2,2,422,New Customers,Active
11285,4,17.0,101988.01,32305.91,2024-01-12,2025-11-12,25497.0,31.68,Repeat,50,4,3,5,435,Loyal Customers,Active
11286,2,4.0,22169.489999999998,9027.11,2024-11-12,2025-03-27,11084.74,40.72,Repeat,280,2,1,2,212,Lost Customers,Inactive
11287,3,10.0,12963.57,6258.98,2024-12-26,2025-07-02,4321.19,48.28,Repeat,183,3,2,1,321,Potential Loyalists,Inactive
11288,3,9.0,35886.36,15495.939999999999,2025-01-24,2025-05-13,11962.12,43.18,Repeat,233,2,2,3,223,Lost Customers,Inactive
11289,1,3.0,3040.01,1327.81,2025-12-08,2025-12-08,3040.01,43.68,One-time,24,5,1,1,511,New Customers,Active
11290,5,14.0,95136.01,44592.93,2024-01-31,2025-12-31,19027.2,46.87,Repeat,1,5,4,4,544,Champions,Active
11291,4,11.0,79440.03,39463.07,2024-02-11,2025-12-20,19860.01,49.68,Repeat,12,5,3,4,534,Loyal Customers,Active
11292,5,13.0,83883.12000000001,35841.73,2024-07-05,2025-09-25,16776.62,42.73,Repeat,98,4,4,4,444,Champions,At Risk
11293,3,7.0,36337.42,15956.78,2024-04-25,2025-07-08,12112.47,43.91,Repeat,177,3,2,3,323,Potential Loyalists,At Risk
11294,2,2.0,1776.33,771.34,2024-08-08,2024-12-30,888.16,43.42,Repeat,367,1,1,1,111,Lost Customers,Inactive
11295,2,5.0,25016.289999999997,9682.07,2024-04-28,2025-02-11,12508.14,38.7,Repeat,324,1,1,2,112,Lost Customers,Inactive
11296,1,5.0,33699.9,13246.0,2024-12-03,2024-12-03,33699.9,39.31,One-time,394,1,1,3,113,Lost Customers,Inactive
11297,5,14.0,62157.119999999995,23770.57,2024-01-21,2025-09-10,12431.42,38.24,Repeat,113,3,4,4,344,Potential Loyalists,At Risk
11298,6,13.0,89192.56,43372.74,2024-01-26,2025-10-26,14865.43,48.63,Repeat,67,4,5,4,454,Champions,Active
11299,1,2.0,48474.770000000004,22510.010000000002,2025-05-05,2025-05-05,48474.77,46.44,One-time,241,2,1,3,213,Lost Customers,Inactive
11300,1,2.0,1815.67,1070.67,2025-04-20,2025-04-20,1815.67,58.97,One-time,256,2,1,1,211,Lost Customers,Inactive
11301,5,16.0,44278.42,20074.59,2024-01-17,2025-04-07,8855.68,45.34,Repeat,269,2,4,3,243,At Risk,Inactive
11302,4,15.0,79160.4,40914.43,2024-09-03,2025-09-09,19790.1,51.69,Repeat,114,3,3,4,334,Potential Loyalists,At Risk
11303,4,13.0,152601.3,51538.45,2024-06-22,2025-03-23,38150.32,33.77,Repeat,284,2,3,5,235,At Risk,Inactive
11304,6,21.0,223668.89,80115.68000000001,2024-09-06,2025-10-24,37278.15,35.82,Repeat,69,4,5,5,455,Champions,Active
11305,4,20.0,100181.62000000001,44959.9,2024-04-30,2025-11-10,25045.41,44.88,Repeat,52,4,3,5,435,Loyal Customers,Active
11306,5,11.0,70246.51,32273.11,2024-10-15,2025-12-29,14049.3,45.94,Repeat,3,5,4,4,544,Champions,Active
11307,5,14.0,38654.83,17830.75,2024-02-19,2025-06-06,7730.97,46.13,Repeat,209,2,4,3,243,At Risk,Inactive
11308,3,3.0,22574.809999999998,9611.93,2024-04-01,2025-12-05,7524.94,42.58,Repeat,27,5,2,2,522,New Customers,Active
11309,4,6.0,12491.73,6192.34,2024-06-27,2025-11-01,3122.93,49.57,Repeat,61,4,3,1,431,Loyal Customers,Active
11310,5,10.0,39607.77,18700.82,2024-01-27,2025-09-03,7921.55,47.22,Repeat,120,3,4,3,343,Potential Loyalists,At Risk
11311,5,10.0,186393.31,68749.58,2024-01-22,2025-10-31,37278.66,36.88,Repeat,62,4,4,5,445,Champions,Active
11312,2,4.0,3980.25,1653.9499999999998,2025-09-07,2025-11-20,1990.12,41.55,Repeat,42,5,1,1,511,New Customers,Active
11313,5,11.0,40413.71,18695.71,2024-02-27,2025-09-23,8082.74,46.26,Repeat,100,4,4,3,443,Loyal Customers,At Risk
11314,2,4.0,2426.98,1191.35,2025-01-12,2025-03-22,1213.49,49.09,Repeat,285,2,1,1,211,Lost Customers,Inactive
11315,2,6.0,96623.01000000001,33395.95,2024-07-14,2025-10-20,48311.5,34.56,Repeat,73,4,1,4,414,New Customers,Active
11316,5,9.0,175715.71,82025.85,2024-04-25,2025-07-07,35143.14,46.68,Repeat,178,3,4,5,345,Potential Loyalists,At Risk
11317,2,6.0,36743.76,17008.11,2024-04-07,2025-06-23,18371.88,46.29,Repeat,192,2,1,3,213,Lost Customers,Inactive
11318,1,3.0,28243.46,10991.54,2024-01-24,2024-01-24,28243.46,38.92,One-time,708,1,1,2,112,Lost Customers,Inactive
11319,4,13.0,15822.32,5153.76,2024-03-18,2024-11-27,3955.58,32.57,Repeat,400,1,3,2,132,At Risk,Inactive
11320,3,6.0,13262.65,5747.85,2024-01-05,2024-08-24,4420.88,43.34,Repeat,495,1,2,1,121,Lost Customers,Inactive
11321,4,11.0,31509.219999999998,13785.220000000001,2024-07-02,2025-07-26,7877.3,43.75,Repeat,159,3,3,2,332,Potential Loyalists,At Risk
11322,5,13.0,81318.48999999999,43122.53,2024-05-19,2025-12-25,16263.7,53.03,Repeat,7,5,4,4,544,Champions,Active
11323,2,5.0,24258.97,12827.28,2025-08-01,2025-09-01,12129.48,52.88,Repeat,122,3,1,2,312,Potential Loyalists,At Risk
11324,2,2.0,916.8299999999999,450.24,2024-11-04,2025-01-18,458.42,49.11,Repeat,348,1,1,1,111,Lost Customers,Inactive
11325,3,9.0,37024.759999999995,19803.74,2024-01-17,2024-11-09,12341.59,53.49,Repeat,418,1,2,3,123,Lost Customers,Inactive
11326,1,1.0,1299.09,617.15,2025-08-10,2025-08-10,1299.09,47.51,One-time,144,3,1,1,311,Potential Loyalists,At Risk
11327,3,10.0,8555.220000000001,3166.45,2025-01-22,2025-07-01,2851.74,37.01,Repeat,184,3,2,1,321,Potential Loyalists,Inactive
11328,2,5.0,10454.470000000001,5184.280000000001,2024-02-22,2025-04-14,5227.24,49.59,Repeat,262,2,1,1,211,Lost Customers,Inactive
11329,4,11.0,39532.83,16934.92,2024-07-28,2025-10-11,9883.21,42.84,Repeat,82,4,3,3,433,Loyal Customers,Active
11330,1,1.0,225.26,54.72,2025-05-20,2025-05-20,225.26,24.29,One-time,226,2,1,1,211,Lost Customers,Inactive
11331,6,21.0,124416.42,51141.229999999996,2024-08-14,2025-06-01,20736.07,41.1,Repeat,214,2,5,5,255,At Risk,Inactive
11332,4,14.0,61976.36,28148.07,2024-08-20,2025-10-29,15494.09,45.42,Repeat,64,4,3,4,434,Loyal Customers,Active
11333,5,15.0,110090.18000000001,50617.619999999995,2024-08-03,2025-06-29,22018.04,45.98,Repeat,186,2,4,5,245,At Risk,Inactive
11334,2,6.0,23842.5,10386.24,2025-07-25,2025-12-08,11921.25,43.56,Repeat,24,5,1,2,512,New Customers,Active
11335,3,5.0,61788.17,21244.760000000002,2025-05-30,2025-12-27,20596.06,34.38,Repeat,5,5,2,4,524,New Customers,Active
11336,2,8.0,20976.03,9204.39,2024-11-22,2025-01-11,10488.02,43.88,Repeat,355,1,1,2,112,Lost Customers,Inactive
11337,3,13.0,37930.61,16446.77,2024-07-16,2025-07-23,12643.54,43.36,Repeat,162,3,2,3,323,Potential Loyalists,At Risk
11338,3,5.0,38762.6,19111.87,2024-03-05,2024-08-18,12920.87,49.3,Repeat,501,1,2,3,123,Lost Customers,Inactive
11339,4,8.0,130507.36,68658.15,2024-04-26,2025-05-21,32626.84,52.61,Repeat,225,2,3,5,235,At Risk,Inactive
11340,3,10.0,77478.39,29431.05,2024-01-27,2024-10-30,25826.13,37.99,Repeat,428,1,2,4,124,Lost Customers,Inactive
11341,3,10.0,29903.980000000003,9666.45,2025-05-22,2025-10-12,9967.99,32.32,Repeat,81,4,2,2,422,New Customers,Active
11342,3,6.0,8397.93,3699.06,2024-03-28,2025-12-09,2799.31,44.05,Repeat,23,5,2,1,521,New Customers,Active
11343,1,2.0,36244.46,17563.12,2024-07-08,2024-07-08,36244.46,48.46,One-time,542,1,1,3,113,Lost Customers,Inactive
11344,6,10.0,38527.450000000004,20005.49,2024-02-02,2025-11-18,6421.24,51.93,Repeat,44,5,5,3,553,Loyal Customers,Active
11345,4,9.0,21268.77,7047.49,2024-06-03,2025-12-16,5317.19,33.14,Repeat,16,5,3,2,532,Loyal Customers,Active
11346,4,9.0,44026.05,18287.45,2024-01-30,2025-12-07,11006.51,41.54,Repeat,25,5,3,3,533,Loyal Customers,Active
11347,2,4.0,19361.09,10936.42,2025-02-11,2025-10-02,9680.54,56.49,Repeat,91,4,1,2,412,New Customers,At Risk
11348,2,5.0,10396.58,3479.88,2025-03-08,2025-06-28,5198.29,33.47,Repeat,187,2,1,1,211,Lost Customers,Inactive
11349,3,6.0,15400.43,7033.21,2025-04-12,2025-07-23,5133.48,45.67,Repeat,162,3,2,2,322,Potential Loyalists,At Risk
11350,1,1.0,1760.45,510.69,2024-11-25,2024-11-25,1760.45,29.01,One-time,402,1,1,1,111,Lost Customers,Inactive
11352,2,6.0,7772.08,3065.9,2024-10-01,2025-11-09,3886.04,39.45,Repeat,53,4,1,1,411,New Customers,Active
11353,6,15.0,255341.24,93719.91,2024-02-09,2025-11-27,42556.87,36.7,Repeat,35,5,5,5,555,Champions,Active
11354,2,10.0,20107.74,11572.970000000001,2024-06-10,2024-06-25,10053.87,57.55,Repeat,555,1,1,2,112,Lost Customers,Inactive
11355,2,5.0,6198.67,3179.73,2024-04-23,2025-04-11,3099.34,51.3,Repeat,265,2,1,1,211,Lost Customers,Inactive
11356,5,22.0,141477.97,65992.43,2024-02-20,2024-06-29,28295.59,46.65,Repeat,551,1,4,5,145,At Risk,Inactive
11357,3,7.0,50362.98,21426.14,2024-01-18,2025-11-16,16787.66,42.54,Repeat,46,5,2,3,523,New Customers,Active
11358,3,8.0,9442.33,3591.3599999999997,2024-07-07,2025-08-13,3147.44,38.03,Repeat,141,3,2,1,321,Potential Loyalists,At Risk
11359,1,4.0,11491.22,5665.78,2025-04-15,2025-04-15,11491.22,49.31,One-time,261,2,1,1,211,Lost Customers,Inactive
11360,2,5.0,18181.26,10353.79,2024-09-19,2025-04-02,9090.63,56.95,Repeat,274,2,1,2,212,Lost Customers,Inactive
11361,3,8.0,29862.13,12318.869999999999,2024-04-10,2025-03-30,9954.04,41.25,Repeat,277,2,2,2,222,Lost Customers,Inactive
11362,3,9.0,27234.07,13185.77,2024-04-21,2025-07-15,9078.02,48.42,Repeat,170,3,2,2,322,Potential Loyalists,At Risk
11363,1,5.0,1874.81,896.45,2024-03-14,2024-03-14,1874.81,47.82,One-time,658,1,1,1,111,Lost Customers,Inactive
11364,4,13.0,39676.3,19163.09,2024-01-21,2025-09-07,9919.08,48.3,Repeat,116,3,3,3,333,Potential Loyalists,At Risk
11365,2,5.0,65091.770000000004,27468.77,2024-03-31,2025-10-05,32545.88,42.2,Repeat,88,4,1,4,414,New Customers,Active
11366,2,3.0,16753.99,7288.46,2025-05-13,2025-05-27,8377.0,43.5,Repeat,219,2,1,2,212,Lost Customers,Inactive
11367,4,15.0,120694.17,63062.35,2024-11-05,2025-09-25,30173.54,52.25,Repeat,98,4,3,5,435,Loyal Customers,At Risk
11368,3,11.0,170424.4,71813.84,2024-06-28,2025-04-17,56808.13,42.14,Repeat,259,2,2,5,225,Lost Customers,Inactive
11369,7,16.0,87413.47,40708.16,2024-03-25,2025-09-06,12487.64,46.57,Repeat,117,3,5,4,354,Potential Loyalists,At Risk
11370,4,12.0,59688.340000000004,24283.23,2025-02-16,2025-08-20,14922.08,40.68,Repeat,134,3,3,4,334,Potential Loyalists,At Risk
11371,3,13.0,89963.45,42277.27,2024-02-01,2025-09-13,29987.82,46.99,Repeat,110,3,2,4,324,Potential Loyalists,At Risk
11372,3,12.0,15473.859999999999,5617.700000000001,2024-05-05,2025-10-31,5157.95,36.3,Repeat,62,4,2,2,422,New Customers,Active
11373,6,14.0,77012.09,36900.5,2024-01-14,2025-01-18,12835.35,47.92,Repeat,348,1,5,4,154,At Risk,Inactive
11374,3,11.0,18434.18,6375.65,2024-06-09,2024-11-07,6144.73,34.59,Repeat,420,1,2,2,122,Lost Customers,Inactive
11375,3,6.0,41827.61,16354.220000000001,2024-02-27,2024-12-30,13942.54,39.1,Repeat,367,1,2,3,123,Lost Customers,Inactive
11376,2,4.0,9942.55,4840.24,2024-06-12,2024-12-28,4971.27,48.68,Repeat,369,1,1,1,111,Lost Customers,Inactive
11377,1,1.0,10326.04,5415.29,2025-10-16,2025-10-16,10326.04,52.44,One-time,77,4,1,1,411,New Customers,Active
11378,6,16.0,43553.48,17738.33,2024-08-11,2025-08-14,7258.91,40.73,Repeat,140,3,5,3,353,Potential Loyalists,At Risk
11379,2,7.0,27260.61,13328.43,2024-08-21,2025-08-24,13630.3,48.89,Repeat,130,3,1,2,312,Potential Loyalists,At Risk
11380,6,16.0,47395.770000000004,19237.83,2024-03-17,2025-12-24,7899.3,40.59,Repeat,8,5,5,3,553,Loyal Customers,Active
11381,1,4.0,19892.739999999998,8117.110000000001,2024-01-21,2024-01-21,19892.74,40.8,One-time,711,1,1,2,112,Lost Customers,Inactive
11382,5,16.0,84101.83,35620.1,2024-01-18,2025-09-27,16820.37,42.35,Repeat,96,4,4,4,444,Champions,At Risk
11383,5,15.0,29330.52,13221.01,2024-05-08,2025-11-06,5866.1,45.08,Repeat,56,4,4,2,442,Loyal Customers,Active
11384,3,5.0,25413.859999999997,11113.769999999999,2024-03-15,2025-12-24,8471.29,43.73,Repeat,8,5,2,2,522,New Customers,Active
11385,7,25.0,143551.87999999998,57468.0,2024-03-23,2025-02-04,20507.41,40.03,Repeat,331,1,5,5,155,At Risk,Inactive
11386,4,14.0,24956.97,10238.03,2024-01-22,2025-08-23,6239.24,41.02,Repeat,131,3,3,2,332,Potential Loyalists,At Risk
11387,6,19.0,132734.34,50357.77,2024-09-07,2025-06-06,22122.39,37.94,Repeat,209,2,5,5,255,At Risk,Inactive
11388,5,6.0,71464.5,32389.82,2024-03-28,2025-10-21,14292.9,45.32,Repeat,72,4,4,4,444,Champions,Active
11389,3,8.0,62551.47,24267.81,2024-10-11,2025-06-24,20850.49,38.8,Repeat,191,2,2,4,224,Lost Customers,Inactive
11390,3,12.0,38995.92,20087.63,2024-02-28,2025-06-12,12998.64,51.51,Repeat,203,2,2,3,223,Lost Customers,Inactive
11391,8,30.0,196979.55,93603.61,2024-03-17,2025-07-08,24622.44,47.52,Repeat,177,3,5,5,355,Potential Loyalists,At Risk
11392,3,8.0,52475.63,19257.07,2024-03-22,2025-09-05,17491.88,36.7,Repeat,118,3,2,3,323,Potential Loyalists,At Risk
11393,4,8.0,10663.16,4870.57,2024-03-23,2025-10-29,2665.79,45.68,Repeat,64,4,3,1,431,Loyal Customers,Active
11394,1,1.0,2146.49,755.67,2024-10-07,2024-10-07,2146.49,35.2,One-time,451,1,1,1,111,Lost Customers,Inactive
11395,2,6.0,79381.98,43553.549999999996,2024-05-16,2024-10-21,39690.99,54.87,Repeat,437,1,1,4,114,Lost Customers,Inactive
11396,1,5.0,28604.620000000003,15279.83,2025-07-29,2025-07-29,28604.62,53.42,One-time,156,3,1,2,312,Potential Loyalists,At Risk
11397,2,5.0,128753.84999999999,68461.57,2024-03-04,2024-09-09,64376.92,53.17,Repeat,479,1,1,5,115,Lost Customers,Inactive
11399,5,22.0,86626.78,46358.94,2024-09-14,2025-09-13,17325.36,53.52,Repeat,110,3,4,4,344,Potential Loyalists,At Risk
11400,3,9.0,11778.1,3574.23,2024-05-21,2025-01-21,3926.03,30.35,Repeat,345,1,2,1,121,Lost Customers,Inactive
11401,4,14.0,119115.74,47325.13,2024-06-24,2024-10-20,29778.94,39.73,Repeat,438,1,3,5,135,At Risk,Inactive
11402,5,12.0,68479.76,25770.37,2024-01-20,2025-11-18,13695.95,37.63,Repeat,44,5,4,4,544,Champions,Active
11403,5,10.0,35664.54,15730.18,2024-02-03,2025-05-23,7132.91,44.11,Repeat,223,2,4,3,243,At Risk,Inactive
11405,3,10.0,45106.229999999996,21161.420000000002,2024-01-05,2025-10-03,15035.41,46.91,Repeat,90,4,2,3,423,New Customers,Active
11406,3,8.0,15806.4,6818.200000000001,2024-03-03,2025-07-19,5268.8,43.14,Repeat,166,3,2,2,322,Potential Loyalists,At Risk
11407,3,7.0,183887.97999999998,89445.02,2024-04-30,2024-08-28,61295.99,48.64,Repeat,491,1,2,5,125,Lost Customers,Inactive
11408,3,10.0,58993.75,31173.9,2024-01-10,2025-12-26,19664.58,52.84,Repeat,6,5,2,4,524,New Customers,Active
11409,1,4.0,5693.34,2299.78,2024-12-19,2024-12-19,5693.34,40.39,One-time,378,1,1,1,111,Lost Customers,Inactive
11410,4,11.0,94588.42,46514.79,2024-02-28,2025-03-09,23647.1,49.18,Repeat,298,2,3,4,234,At Risk,Inactive
11411,5,13.0,123393.43000000001,44773.57,2024-04-03,2025-11-03,24678.69,36.29,Repeat,59,4,4,5,445,Champions,Active
11412,2,12.0,62763.39,22960.67,2024-03-12,2024-08-17,31381.7,36.58,Repeat,502,1,1,4,114,Lost Customers,Inactive
11413,2,12.0,39778.31,17748.52,2025-07-14,2025-12-20,19889.16,44.62,Repeat,12,5,1,3,513,New Customers,Active
11414,7,22.0,149126.8,70385.32,2024-02-29,2025-10-04,21303.83,47.2,Repeat,89,4,5,5,455,Champions,Active
11415,1,2.0,4921.389999999999,2626.4300000000003,2025-03-24,2025-03-24,4921.39,53.37,One-time,283,2,1,1,211,Lost Customers,Inactive
11416,4,14.0,33481.22,15167.18,2024-01-31,2025-04-03,8370.3,45.3,Repeat,273,2,3,3,233,At Risk,Inactive
11417,3,8.0,25733.66,10336.44,2025-05-05,2025-12-23,8577.89,40.17,Repeat,9,5,2,2,522,New Customers,Active
11418,3,19.0,150278.91,72425.63,2025-03-08,2025-12-17,50092.97,48.19,Repeat,15,5,2,5,525,New Customers,Active
11419,5,13.0,125471.35,42376.42,2024-02-19,2025-06-01,25094.27,33.77,Repeat,214,2,4,5,245,At Risk,Inactive
11420,5,8.0,80661.35,41943.88,2024-01-25,2025-11-22,16132.27,52.0,Repeat,40,5,4,4,544,Champions,Active
11421,4,12.0,53141.83,19653.48,2024-08-09,2025-10-05,13285.46,36.98,Repeat,88,4,3,3,433,Loyal Customers,Active
11422,4,9.0,26267.08,11174.03,2024-01-20,2025-10-02,6566.77,42.54,Repeat,91,4,3,2,432,Loyal Customers,At Risk
11423,5,14.0,222833.25999999998,84386.93000000001,2024-07-03,2025-10-20,44566.65,37.87,Repeat,73,4,4,5,445,Champions,Active
11424,1,3.0,9207.880000000001,4173.39,2024-04-10,2024-04-10,9207.88,45.32,One-time,631,1,1,1,111,Lost Customers,Inactive
11425,4,9.0,62161.270000000004,29925.069999999996,2024-03-03,2025-10-23,15540.32,48.14,Repeat,70,4,3,4,434,Loyal Customers,Active
11426,2,6.0,20538.57,8986.67,2025-03-03,2025-08-08,10269.28,43.76,Repeat,146,3,1,2,312,Potential Loyalists,At Risk
11427,1,6.0,20244.75,9517.23,2025-11-17,2025-11-17,20244.75,47.01,One-time,45,5,1,2,512,New Customers,Active
11428,5,14.0,42653.79,20761.629999999997,2024-02-08,2025-11-12,8530.76,48.67,Repeat,50,4,4,3,443,Loyal Customers,Active
11429,3,4.0,51412.13,18950.06,2024-04-28,2025-11-12,17137.38,36.86,Repeat,50,4,2,3,423,New Customers,Active
11430,5,19.0,56113.13,26739.42,2024-07-20,2025-04-06,11222.63,47.65,Repeat,270,2,4,3,243,At Risk,Inactive
11432,4,12.0,98239.04000000001,35431.84,2025-01-07,2025-05-15,24559.76,36.07,Repeat,231,2,3,5,235,At Risk,Inactive
11433,5,11.0,57872.34,29104.030000000002,2024-02-18,2025-09-10,11574.47,50.29,Repeat,113,3,4,4,344,Potential Loyalists,At Risk
11434,5,24.0,212098.3,101854.45,2024-03-18,2025-12-22,42419.66,48.02,Repeat,10,5,4,5,545,Champions,Active
11435,5,8.0,26300.9,10297.17,2024-05-16,2025-12-07,5260.18,39.15,Repeat,25,5,4,2,542,Loyal Customers,Active
11436,2,3.0,10198.36,4979.01,2024-10-02,2025-03-31,5099.18,48.82,Repeat,276,2,1,1,211,Lost Customers,Inactive
11437,3,7.0,11552.1,3860.3900000000003,2024-07-18,2025-11-10,3850.7,33.42,Repeat,52,4,2,1,421,New Customers,Active
11438,7,22.0,126775.48,56411.01,2024-04-20,2025-11-09,18110.78,44.5,Repeat,53,4,5,5,455,Champions,Active
11439,2,4.0,5511.33,1774.74,2024-05-28,2024-11-10,2755.66,32.2,Repeat,417,1,1,1,111,Lost Customers,Inactive
11440,4,9.0,23194.39,10935.66,2024-04-29,2025-08-08,5798.6,47.15,Repeat,146,3,3,2,332,Potential Loyalists,At Risk
11441,5,16.0,29846.54,13593.43,2024-02-20,2025-08-16,5969.31,45.54,Repeat,138,3,4,2,342,Potential Loyalists,At Risk
11442,3,7.0,81130.73000000001,42473.19,2024-11-13,2025-10-01,27043.58,52.35,Repeat,92,4,2,4,424,New Customers,At Risk
11443,4,9.0,82524.85,40070.4,2024-05-16,2025-12-18,20631.21,48.56,Repeat,14,5,3,4,534,Loyal Customers,Active
11444,8,26.0,394203.78,157009.46000000002,2024-01-08,2025-08-19,49275.47,39.83,Repeat,135,3,5,5,355,Potential Loyalists,At Risk
11445,5,7.0,71601.63,37454.28,2024-06-13,2025-07-11,14320.33,52.31,Repeat,174,3,4,4,344,Potential Loyalists,At Risk
11446,4,10.0,15332.86,5694.389999999999,2024-12-10,2025-05-17,3833.22,37.14,Repeat,229,2,3,2,232,At Risk,Inactive
11447,4,9.0,40874.64,15994.68,2025-03-30,2025-08-11,10218.66,39.13,Repeat,143,3,3,3,333,Potential Loyalists,At Risk
11448,4,10.0,31421.85,13403.31,2024-03-04,2025-10-19,7855.46,42.66,Repeat,74,4,3,2,432,Loyal Customers,Active
11449,4,9.0,18494.02,8351.26,2024-04-18,2024-10-27,4623.5,45.16,Repeat,431,1,3,2,132,At Risk,Inactive
11450,5,14.0,113966.41,62607.45,2024-07-21,2025-09-02,22793.28,54.94,Repeat,121,3,4,5,345,Potential Loyalists,At Risk
11451,4,10.0,28107.719999999998,11973.98,2024-03-15,2025-05-28,7026.93,42.6,Repeat,218,2,3,2,232,At Risk,Inactive
11452,1,6.0,15919.96,7139.11,2025-01-25,2025-01-25,15919.96,44.84,One-time,341,1,1,2,112,Lost Customers,Inactive
11453,2,5.0,21864.11,6943.97,2024-05-18,2025-01-19,10932.06,31.76,Repeat,347,1,1,2,112,Lost Customers,Inactive
11454,4,10.0,46100.590000000004,17908.55,2024-12-02,2025-11-24,11525.15,38.85,Repeat,38,5,3,3,533,Loyal Customers,Active
11455,3,6.0,62611.04,29456.230000000003,2024-02-01,2025-12-11,20870.35,47.05,Repeat,21,5,2,4,524,New Customers,Active
11456,3,19.0,59411.39,23055.05,2024-03-11,2025-05-17,19803.8,38.81,Repeat,229,2,2,4,224,Lost Customers,Inactive
11457,3,6.0,21265.81,9062.92,2024-12-09,2025-08-02,7088.6,42.62,Repeat,152,3,2,2,322,Potential Loyalists,At Risk
11458,4,15.0,27007.83,12727.43,2024-07-02,2024-11-24,6751.96,47.12,Repeat,403,1,3,2,132,At Risk,Inactive
11459,3,8.0,20126.81,10710.57,2025-01-25,2025-10-22,6708.94,53.22,Repeat,71,4,2,2,422,New Customers,Active
11460,5,12.0,117882.75,49694.43,2024-11-22,2025-10-31,23576.55,42.16,Repeat,62,4,4,5,445,Champions,Active
11461,3,7.0,24453.02,11718.69,2024-06-18,2025-03-24,8151.01,47.92,Repeat,283,2,2,2,222,Lost Customers,Inactive
11462,4,9.0,145252.58000000002,60557.719999999994,2024-02-16,2025-06-13,36313.15,41.69,Repeat,202,2,3,5,235,At Risk,Inactive
11463,7,17.0,86676.0,42055.61,2024-02-07,2025-11-06,12382.29,48.52,Repeat,56,4,5,4,454,Champions,Active
11464,6,12.0,32953.979999999996,11142.09,2024-01-30,2025-09-29,5492.33,33.81,Repeat,94,4,5,3,453,Loyal Customers,At Risk
11465,5,13.0,54053.1,28894.750000000004,2024-05-02,2025-09-18,10810.62,53.46,Repeat,105,4,4,3,443,Loyal Customers,At Risk
11466,2,4.0,5176.9,2075.58,2024-06-15,2024-12-15,2588.45,40.09,Repeat,382,1,1,1,111,Lost Customers,Inactive
11467,3,4.0,36997.68,21127.22,2024-05-22,2024-07-06,12332.56,57.1,Repeat,544,1,2,3,123,Lost Customers,Inactive
11468,1,2.0,20652.08,10830.58,2025-12-10,2025-12-10,20652.08,52.44,One-time,22,5,1,2,512,New Customers,Active
11469,3,5.0,4698.6900000000005,1855.3899999999999,2024-03-15,2025-05-20,1566.23,39.49,Repeat,226,2,2,1,221,Lost Customers,Inactive
11470,2,3.0,1679.73,860.4499999999999,2024-02-23,2025-08-05,839.86,51.23,Repeat,149,3,1,1,311,Potential Loyalists,At Risk
11471,3,4.0,37078.04,15379.93,2024-04-08,2025-03-11,12359.35,41.48,Repeat,296,2,2,3,223,Lost Customers,Inactive
11472,3,5.0,16638.77,6506.64,2024-03-03,2025-03-20,5546.26,39.11,Repeat,287,2,2,2,222,Lost Customers,Inactive
11473,2,9.0,17798.77,7936.4,2024-11-27,2025-09-23,8899.38,44.59,Repeat,100,4,1,2,412,New Customers,At Risk
11474,4,5.0,36668.96,17333.46,2024-02-26,2025-06-02,9167.24,47.27,Repeat,213,2,3,3,233,At Risk,Inactive
11475,5,17.0,73791.06,36539.72,2024-11-30,2025-11-17,14758.21,49.52,Repeat,45,5,4,4,544,Champions,Active
11476,2,5.0,120302.15,50859.18,2024-07-27,2024-09-21,60151.08,42.28,Repeat,467,1,1,5,115,Lost Customers,Inactive
11477,3,7.0,53115.26000000001,24998.15,2024-09-08,2025-11-18,17705.09,47.06,Repeat,44,5,2,3,523,New Customers,Active
11478,1,2.0,5936.7,3248.62,2025-07-20,2025-07-20,5936.7,54.72,One-time,165,3,1,1,311,Potential Loyalists,At Risk
11479,4,6.0,20507.29,8965.26,2024-04-08,2025-07-26,5126.82,43.72,Repeat,159,3,3,2,332,Potential Loyalists,At Risk
11480,2,7.0,34408.09,15943.3,2024-10-18,2025-03-20,17204.04,46.34,Repeat,287,2,1,3,213,Lost Customers,Inactive
11481,3,6.0,60949.01,35297.869999999995,2025-01-05,2025-07-18,20316.34,57.91,Repeat,167,3,2,4,324,Potential Loyalists,At Risk
11482,3,7.0,115994.42,63024.93,2024-08-02,2025-01-08,38664.81,54.33,Repeat,358,1,2,5,125,Lost Customers,Inactive
11483,2,2.0,1315.56,627.11,2024-09-06,2025-03-02,657.78,47.67,Repeat,305,2,1,1,211,Lost Customers,Inactive
11484,4,8.0,62010.4,26134.41,2024-01-09,2025-11-23,15502.6,42.15,Repeat,39,5,3,4,534,Loyal Customers,Active
11485,2,8.0,13062.45,5197.69,2024-07-04,2024-10-21,6531.22,39.79,Repeat,437,1,1,1,111,Lost Customers,Inactive
11486,2,3.0,4409.74,985.08,2024-03-20,2025-05-31,2204.87,22.34,Repeat,215,2,1,1,211,Lost Customers,Inactive
11487,2,7.0,8460.2,3621.2200000000003,2024-03-13,2024-12-31,4230.1,42.8,Repeat,366,1,1,1,111,Lost Customers,Inactive
11488,2,7.0,20050.65,9861.32,2024-05-09,2025-06-14,10025.33,49.18,Repeat,201,2,1,2,212,Lost Customers,Inactive
11489,6,17.0,184230.5,83523.34,2024-01-07,2025-06-24,30705.08,45.34,Repeat,191,2,5,5,255,At Risk,Inactive
11490,3,9.0,31344.140000000003,13125.97,2024-05-27,2025-10-12,10448.05,41.88,Repeat,81,4,2,2,422,New Customers,Active
11491,2,5.0,8721.86,3870.32,2024-02-17,2025-09-06,4360.93,44.37,Repeat,117,3,1,1,311,Potential Loyalists,At Risk
11492,6,21.0,74932.97,32219.41,2024-02-17,2025-03-13,12488.83,43.0,Repeat,294,2,5,4,254,At Risk,Inactive
11493,5,21.0,95304.86,42779.68,2024-02-07,2025-12-05,19060.97,44.89,Repeat,27,5,4,4,544,Champions,Active
11494,3,5.0,15141.34,8017.8,2024-01-05,2024-09-24,5047.11,52.95,Repeat,464,1,2,2,122,Lost Customers,Inactive
11495,5,14.0,248686.4,108352.01999999999,2024-06-08,2025-08-13,49737.28,43.57,Repeat,141,3,4,5,345,Potential Loyalists,At Risk
11496,1,4.0,3500.3399999999997,772.5899999999999,2024-12-01,2024-12-01,3500.34,22.07,One-time,396,1,1,1,111,Lost Customers,Inactive
11497,7,15.0,108665.28,45226.83,2024-01-08,2025-09-03,15523.61,41.62,Repeat,120,3,5,5,355,Potential Loyalists,At Risk
11498,5,11.0,76667.67,40073.340000000004,2024-10-23,2025-07-19,15333.53,52.27,Repeat,166,3,4,4,344,Potential Loyalists,At Risk
11499,3,7.0,14881.33,6120.35,2024-02-25,2025-07-23,4960.44,41.13,Repeat,162,3,2,2,322,Potential Loyalists,At Risk
11500,3,8.0,13723.16,5521.5,2024-12-11,2025-09-17,4574.39,40.23,Repeat,106,4,2,1,421,New Customers,At Risk
11501,3,7.0,96132.89,35041.700000000004,2024-06-06,2025-01-29,32044.3,36.45,Repeat,337,1,2,4,124,Lost Customers,Inactive
11502,3,10.0,67153.35,30651.41,2024-07-26,2025-08-10,22384.45,45.64,Repeat,144,3,2,4,324,Potential Loyalists,At Risk
11503,4,11.0,13281.3,5854.3,2024-03-08,2024-08-11,3320.32,44.08,Repeat,508,1,3,1,131,At Risk,Inactive
11504,3,10.0,24556.199999999997,10544.57,2024-05-05,2025-10-12,8185.4,42.94,Repeat,81,4,2,2,422,New Customers,Active
11505,3,9.0,34146.420000000006,13418.14,2024-02-19,2024-04-09,11382.14,39.3,Repeat,632,1,2,3,123,Lost Customers,Inactive
11506,4,8.0,28717.399999999998,13050.939999999999,2024-05-16,2025-07-09,7179.35,45.45,Repeat,176,3,3,2,332,Potential Loyalists,At Risk
11507,5,10.0,18695.81,8346.98,2024-05-26,2025-08-10,3739.16,44.65,Repeat,144,3,4,2,342,Potential Loyalists,At Risk
11508,4,12.0,51388.38,19392.55,2024-12-29,2025-09-10,12847.1,37.74,Repeat,113,3,3,3,333,Potential Loyalists,At Risk
11509,4,11.0,33208.01,16392.26,2024-02-14,2025-10-11,8302.0,49.36,Repeat,82,4,3,3,433,Loyal Customers,Active
11510,2,5.0,17346.21,6675.91,2024-06-28,2024-09-17,8673.1,38.49,Repeat,471,1,1,2,112,Lost Customers,Inactive
11511,8,26.0,229236.15000000002,106529.79,2024-07-18,2025-07-02,28654.52,46.47,Repeat,183,3,5,5,355,Potential Loyalists,Inactive
11512,1,3.0,16026.73,9855.37,2024-08-13,2024-08-13,16026.73,61.49,One-time,506,1,1,2,112,Lost Customers,Inactive
11513,5,13.0,37475.130000000005,16855.27,2024-06-19,2025-10-29,7495.03,44.98,Repeat,64,4,4,3,443,Loyal Customers,Active
11514,5,20.0,119855.36,55171.86,2024-02-13,2025-09-26,23971.07,46.03,Repeat,97,4,4,5,445,Champions,At Risk
11515,2,4.0,96997.74,40529.05,2025-02-17,2025-08-11,48498.87,41.78,Repeat,143,3,1,4,314,Potential Loyalists,At Risk
11516,2,3.0,33122.799999999996,18191.91,2024-01-31,2024-08-24,16561.4,54.92,Repeat,495,1,1,3,113,Lost Customers,Inactive
11517,4,13.0,62116.94,19064.57,2024-01-25,2025-02-03,15529.24,30.69,Repeat,332,1,3,4,134,At Risk,Inactive
11518,6,13.0,32331.739999999998,15432.46,2024-02-22,2025-10-10,5388.62,47.73,Repeat,83,4,5,2,452,Loyal Customers,Active
11519,4,20.0,260270.85,90415.23999999999,2024-08-27,2025-08-08,65067.71,34.74,Repeat,146,3,3,5,335,Potential Loyalists,At Risk
11520,1,2.0,2028.1,874.13,2024-11-19,2024-11-19,2028.1,43.1,One-time,408,1,1,1,111,Lost Customers,Inactive
11521,3,9.0,14522.560000000001,6004.9800000000005,2024-07-13,2025-08-20,4840.85,41.35,Repeat,134,3,2,1,321,Potential Loyalists,At Risk
11522,1,3.0,4923.969999999999,2175.4300000000003,2024-08-16,2024-08-16,4923.97,44.18,One-time,503,1,1,1,111,Lost Customers,Inactive
11523,10,25.0,101553.45000000001,38544.14,2024-02-09,2025-12-15,10155.35,37.95,Repeat,17,5,5,5,555,Champions,Active
11524,4,11.0,26426.959999999995,10439.62,2024-01-08,2025-09-12,6606.74,39.5,Repeat,111,3,3,2,332,Potential Loyalists,At Risk
11525,6,13.0,16378.34,7733.42,2024-05-09,2025-04-03,2729.72,47.22,Repeat,273,2,5,2,252,At Risk,Inactive
11526,2,3.0,7208.03,2479.38,2025-11-15,2025-12-06,3604.02,34.4,Repeat,26,5,1,1,511,New Customers,Active
11527,3,9.0,57305.31,23220.989999999998,2024-02-06,2025-03-12,19101.77,40.52,Repeat,295,2,2,4,224,Lost Customers,Inactive
11528,4,13.0,75402.94,33270.33,2024-02-29,2025-06-19,18850.74,44.12,Repeat,196,2,3,4,234,At Risk,Inactive
11529,6,15.0,75368.01,28788.56,2024-11-10,2025-10-22,12561.34,38.2,Repeat,71,4,5,4,454,Champions,Active
11530,1,4.0,13327.0,6561.969999999999,2025-09-12,2025-09-12,13327.0,49.24,One-time,111,3,1,1,311,Potential Loyalists,At Risk
11531,4,5.0,6831.099999999999,3111.2200000000003,2024-02-16,2024-07-12,1707.78,45.54,Repeat,538,1,3,1,131,At Risk,Inactive
11532,2,6.0,21850.72,11288.12,2024-12-09,2025-05-07,10925.36,51.66,Repeat,239,2,1,2,212,Lost Customers,Inactive
11533,3,7.0,62176.649999999994,26984.44,2024-05-08,2025-07-30,20725.55,43.4,Repeat,155,3,2,4,324,Potential Loyalists,At Risk
11534,3,4.0,40008.21,17495.38,2025-07-30,2025-12-27,13336.07,43.73,Repeat,5,5,2,3,523,New Customers,Active
11535,4,9.0,86091.55,50906.979999999996,2024-03-04,2024-11-16,21522.89,59.13,Repeat,411,1,3,4,134,At Risk,Inactive
11536,7,14.0,39995.13,15867.9,2024-04-18,2025-10-14,5713.59,39.67,Repeat,79,4,5,3,453,Loyal Customers,Active
11537,4,15.0,70477.12,28448.260000000002,2024-08-29,2025-05-09,17619.28,40.37,Repeat,237,2,3,4,234,At Risk,Inactive
11538,2,9.0,30675.78,12483.46,2024-05-20,2024-09-15,15337.89,40.69,Repeat,473,1,1,2,112,Lost Customers,Inactive
11539,2,5.0,13139.41,5725.1900000000005,2024-01-22,2025-11-03,6569.7,43.57,Repeat,59,4,1,1,411,New Customers,Active
11540,3,7.0,76562.85,37545.84,2024-06-12,2025-12-25,25520.95,49.04,Repeat,7,5,2,4,524,New Customers,Active
11541,4,8.0,57238.299999999996,20092.289999999997,2025-06-06,2025-11-09,14309.58,35.1,Repeat,53,4,3,4,434,Loyal Customers,Active
11542,4,14.0,197813.5,67144.94,2024-09-07,2025-01-03,49453.38,33.94,Repeat,363,1,3,5,135,At Risk,Inactive
11543,1,2.0,1743.32,597.04,2024-06-10,2024-06-10,1743.32,34.25,One-time,570,1,1,1,111,Lost Customers,Inactive
11544,4,10.0,63772.89,31014.96,2024-03-20,2025-08-20,15943.22,48.63,Repeat,134,3,3,4,334,Potential Loyalists,At Risk
11545,6,17.0,62648.26,26438.23,2024-05-14,2025-09-22,10441.38,42.2,Repeat,101,4,5,4,454,Champions,At Risk
11546,4,13.0,29286.45,10347.470000000001,2024-03-26,2025-06-14,7321.61,35.33,Repeat,201,2,3,2,232,At Risk,Inactive
11548,8,15.0,77389.36,35333.85,2024-05-31,2025-11-17,9673.67,45.66,Repeat,45,5,5,4,554,Champions,Active
11549,2,2.0,12745.82,6504.81,2024-10-25,2025-04-18,6372.91,51.03,Repeat,258,2,1,1,211,Lost Customers,Inactive
11550,4,11.0,178606.01,96128.62,2025-01-04,2025-04-13,44651.5,53.82,Repeat,263,2,3,5,235,At Risk,Inactive
11551,4,6.0,7751.43,3246.75,2024-06-27,2025-08-15,1937.86,41.89,Repeat,139,3,3,1,331,Potential Loyalists,At Risk
11552,5,19.0,112147.95,54615.86,2024-06-14,2025-08-27,22429.59,48.7,Repeat,127,3,4,5,345,Potential Loyalists,At Risk
11553,6,18.0,141501.92,67301.29,2024-11-21,2025-10-26,23583.65,47.56,Repeat,67,4,5,5,455,Champions,Active
11554,4,14.0,84045.66,34633.340000000004,2024-06-29,2025-10-20,21011.42,41.21,Repeat,73,4,3,4,434,Loyal Customers,Active
11555,2,4.0,123250.84,60117.60999999999,2024-12-19,2025-08-06,61625.42,48.78,Repeat,148,3,1,5,315,Potential Loyalists,At Risk
11556,7,16.0,139631.76,61176.36,2024-01-23,2025-10-11,19947.39,43.81,Repeat,82,4,5,5,455,Champions,Active
11557,2,7.0,12151.5,4489.849999999999,2024-06-22,2025-07-05,6075.75,36.95,Repeat,180,3,1,1,311,Potential Loyalists,At Risk
11558,3,10.0,143084.46,58137.44,2024-01-15,2025-10-23,47694.82,40.63,Repeat,70,4,2,5,425,New Customers,Active
11559,8,32.0,245123.55,96288.81,2024-03-15,2025-10-10,30640.44,39.28,Repeat,83,4,5,5,455,Champions,Active
11560,3,5.0,17269.59,6187.82,2024-01-12,2025-01-16,5756.53,35.83,Repeat,350,1,2,2,122,Lost Customers,Inactive
11561,2,8.0,10101.64,5085.08,2025-04-22,2025-05-02,5050.82,50.34,Repeat,244,2,1,1,211,Lost Customers,Inactive
11562,1,2.0,30623.05,9861.32,2025-07-05,2025-07-05,30623.05,32.2,One-time,180,3,1,2,312,Potential Loyalists,At Risk
11563,4,7.0,72034.48999999999,28310.190000000002,2024-05-14,2025-04-17,18008.62,39.3,Repeat,259,2,3,4,234,At Risk,Inactive
11564,3,12.0,51890.13,24469.02,2024-04-18,2025-07-05,17296.71,47.16,Repeat,180,3,2,3,323,Potential Loyalists,At Risk
11565,3,4.0,18192.739999999998,10092.36,2024-12-13,2025-12-11,6064.25,55.47,Repeat,21,5,2,2,522,New Customers,Active
11566,1,2.0,19178.18,11190.0,2024-04-13,2024-04-13,19178.18,58.35,One-time,628,1,1,2,112,Lost Customers,Inactive
11567,4,12.0,31029.800000000003,12763.68,2024-06-30,2025-09-12,7757.45,41.13,Repeat,111,3,3,2,332,Potential Loyalists,At Risk
11568,2,6.0,52139.58,19348.71,2024-01-26,2024-12-11,26069.79,37.11,Repeat,386,1,1,3,113,Lost Customers,Inactive
11569,5,10.0,27187.9,13120.15,2024-02-28,2025-08-18,5437.58,48.26,Repeat,136,3,4,2,342,Potential Loyalists,At Risk
11570,6,12.0,89438.15,39341.31,2024-07-14,2025-09-04,14906.36,43.99,Repeat,119,3,5,4,354,Potential Loyalists,At Risk
11571,2,4.0,6903.3,3670.89,2025-03-18,2025-09-11,3451.65,53.18,Repeat,112,3,1,1,311,Potential Loyalists,At Risk
11572,4,7.0,20340.510000000002,9981.199999999999,2024-06-15,2025-12-20,5085.13,49.07,Repeat,12,5,3,2,532,Loyal Customers,Active
11573,4,4.0,5691.92,2008.35,2024-06-05,2025-11-22,1422.98,35.28,Repeat,40,5,3,1,531,Loyal Customers,Active
11574,4,9.0,17023.75,7766.5599999999995,2024-02-13,2025-10-24,4255.94,45.62,Repeat,69,4,3,2,432,Loyal Customers,Active
11575,1,4.0,6018.33,1210.17,2024-10-26,2024-10-26,6018.33,20.11,One-time,432,1,1,1,111,Lost Customers,Inactive
11576,2,7.0,31344.78,14130.77,2025-12-06,2025-12-10,15672.39,45.08,Repeat,22,5,1,2,512,New Customers,Active
11577,3,6.0,47342.240000000005,18396.73,2024-05-08,2025-04-12,15780.75,38.86,Repeat,264,2,2,3,223,Lost Customers,Inactive
11579,5,19.0,121131.64000000001,55531.56,2024-09-17,2025-10-12,24226.33,45.84,Repeat,81,4,4,5,445,Champions,Active
11580,1,1.0,11115.67,4273.81,2024-10-26,2024-10-26,11115.67,38.45,One-time,432,1,1,1,111,Lost Customers,Inactive
11581,6,10.0,56072.64,28091.420000000002,2024-02-24,2025-11-20,9345.44,50.1,Repeat,42,5,5,3,553,Loyal Customers,Active
11582,5,17.0,26019.51,10620.31,2024-09-07,2025-06-09,5203.9,40.82,Repeat,206,2,4,2,242,At Risk,Inactive
11583,5,22.0,113522.78,43247.159999999996,2024-01-16,2025-05-12,22704.56,38.1,Repeat,234,2,4,5,245,At Risk,Inactive
11584,2,6.0,43748.1,15862.84,2025-01-05,2025-02-02,21874.05,36.26,Repeat,333,1,1,3,113,Lost Customers,Inactive
11585,5,13.0,36117.98,14866.81,2025-04-08,2025-11-30,7223.6,41.16,Repeat,32,5,4,3,543,Loyal Customers,Active
11586,1,6.0,142984.41999999998,74032.54000000001,2025-06-26,2025-06-26,142984.42,51.78,One-time,189,2,1,5,215,Lost Customers,Inactive
11587,4,5.0,57541.63999999999,23430.75,2024-10-31,2025-12-06,14385.41,40.72,Repeat,26,5,3,4,534,Loyal Customers,Active
11589,4,8.0,96968.87,34013.74,2024-02-13,2024-11-26,24242.22,35.08,Repeat,401,1,3,4,134,At Risk,Inactive
11590,4,9.0,175814.64,78165.56,2024-02-08,2025-12-03,43953.66,44.46,Repeat,29,5,3,5,535,Loyal Customers,Active
11591,1,5.0,3797.59,1680.49,2024-06-12,2024-06-12,3797.59,44.25,One-time,568,1,1,1,111,Lost Customers,Inactive
11592,1,3.0,2425.54,1083.3899999999999,2025-10-06,2025-10-06,2425.54,44.67,One-time,87,4,1,1,411,New Customers,Active
11593,3,5.0,21443.0,10914.98,2024-03-26,2025-06-25,7147.67,50.9,Repeat,190,2,2,2,222,Lost Customers,Inactive
11594,4,15.0,44959.03,21006.9,2024-02-16,2025-11-28,11239.76,46.72,Repeat,34,5,3,3,533,Loyal Customers,Active
11595,2,3.0,116946.38,62047.68,2024-12-24,2025-03-18,58473.19,53.06,Repeat,289,2,1,5,215,Lost Customers,Inactive
11596,7,23.0,219437.93,113707.7,2024-05-28,2025-11-02,31348.28,51.82,Repeat,60,4,5,5,455,Champions,Active
11597,1,2.0,11406.86,4645.43,2025-02-16,2025-02-16,11406.86,40.72,One-time,319,1,1,1,111,Lost Customers,Inactive
11598,3,8.0,34669.8,13083.91,2024-08-02,2025-11-04,11556.6,37.74,Repeat,58,4,2,3,423,New Customers,Active
11599,3,12.0,15527.45,6258.14,2024-01-24,2025-02-05,5175.82,40.3,Repeat,330,1,2,2,122,Lost Customers,Inactive
11600,5,11.0,30986.46,15087.78,2024-01-21,2025-09-05,6197.29,48.69,Repeat,118,3,4,2,342,Potential Loyalists,At Risk
11601,2,5.0,13108.52,6613.17,2024-08-01,2024-09-09,6554.26,50.45,Repeat,479,1,1,1,111,Lost Customers,Inactive
11602,3,10.0,93629.17,43039.189999999995,2024-05-29,2025-12-07,31209.72,45.97,Repeat,25,5,2,4,524,New Customers,Active
11603,4,12.0,23761.19,10204.78,2024-06-11,2025-09-07,5940.3,42.95,Repeat,116,3,3,2,332,Potential Loyalists,At Risk
11604,6,17.0,112992.78,42281.9,2024-03-16,2025-11-09,18832.13,37.42,Repeat,53,4,5,5,455,Champions,Active
11605,4,13.0,87878.09,37426.16,2024-01-28,2025-10-04,21969.52,42.59,Repeat,89,4,3,4,434,Loyal Customers,Active
11606,2,3.0,54542.22,29400.82,2024-11-15,2025-11-12,27271.11,53.9,Repeat,50,4,1,3,413,New Customers,Active
11607,1,1.0,1057.97,344.66,2025-07-22,2025-07-22,1057.97,32.58,One-time,163,3,1,1,311,Potential Loyalists,At Risk
11608,4,16.0,66396.34,26998.91,2024-07-10,2025-09-02,16599.08,40.66,Repeat,121,3,3,4,334,Potential Loyalists,At Risk
11609,4,13.0,32935.74,14546.130000000001,2024-05-16,2025-10-22,8233.94,44.17,Repeat,71,4,3,3,433,Loyal Customers,Active
11610,1,1.0,1356.16,618.29,2025-10-11,2025-10-11,1356.16,45.59,One-time,82,4,1,1,411,New Customers,Active
11611,6,9.0,128910.33,60021.369999999995,2024-05-11,2025-12-06,21485.06,46.56,Repeat,26,5,5,5,555,Champions,Active
11612,1,1.0,3723.56,1267.0,2024-12-21,2024-12-21,3723.56,34.03,One-time,376,1,1,1,111,Lost Customers,Inactive
11613,4,9.0,28088.800000000003,8974.78,2024-03-27,2025-10-26,7022.2,31.95,Repeat,67,4,3,2,432,Loyal Customers,Active
11614,2,3.0,13099.77,5330.41,2024-07-16,2025-01-02,6549.88,40.69,Repeat,364,1,1,1,111,Lost Customers,Inactive
11615,6,18.0,64163.799999999996,28457.12,2024-01-11,2025-10-21,10693.97,44.35,Repeat,72,4,5,4,454,Champions,Active
11616,2,2.0,5137.45,1847.78,2024-09-10,2025-05-13,2568.72,35.97,Repeat,233,2,1,1,211,Lost Customers,Inactive
11617,1,3.0,22000.29,12198.66,2024-11-04,2024-11-04,22000.29,55.45,One-time,423,1,1,2,112,Lost Customers,Inactive
11618,3,6.0,11821.619999999999,5837.46,2024-06-16,2025-01-22,3940.54,49.38,Repeat,344,1,2,1,121,Lost Customers,Inactive
11619,2,8.0,19118.1,7543.74,2024-09-13,2025-06-29,9559.05,39.46,Repeat,186,2,1,2,212,Lost Customers,Inactive
11620,5,10.0,42563.25,21367.8,2024-01-02,2025-09-17,8512.65,50.2,Repeat,106,4,4,3,443,Loyal Customers,At Risk
11621,5,12.0,83522.08,40238.659999999996,2024-03-11,2025-05-02,16704.42,48.18,Repeat,244,2,4,4,244,At Risk,Inactive
11622,5,19.0,42937.590000000004,19212.22,2024-05-06,2025-12-06,8587.52,44.74,Repeat,26,5,4,3,543,Loyal Customers,Active
11623,6,17.0,277112.63,123339.80000000002,2024-07-07,2025-08-18,46185.44,44.51,Repeat,136,3,5,5,355,Potential Loyalists,At Risk
11624,2,5.0,5090.47,1987.78,2025-01-23,2025-03-16,2545.24,39.05,Repeat,291,2,1,1,211,Lost Customers,Inactive
11625,2,7.0,12851.01,3665.0299999999997,2024-07-25,2025-12-14,6425.5,28.52,Repeat,18,5,1,1,511,New Customers,Active
11626,3,8.0,78550.7,29962.43,2024-05-16,2025-10-04,26183.57,38.14,Repeat,89,4,2,4,424,New Customers,Active
11627,3,6.0,24844.1,12191.36,2024-08-20,2025-09-03,8281.37,49.07,Repeat,120,3,2,2,322,Potential Loyalists,At Risk
11628,4,13.0,127930.99,51617.630000000005,2024-10-13,2025-05-14,31982.75,40.35,Repeat,232,2,3,5,235,At Risk,Inactive
11629,2,7.0,20444.19,8587.63,2024-12-04,2025-03-04,10222.09,42.01,Repeat,303,2,1,2,212,Lost Customers,Inactive
11630,2,2.0,7960.04,3058.53,2024-09-11,2025-03-17,3980.02,38.42,Repeat,290,2,1,1,211,Lost Customers,Inactive
11631,3,9.0,12503.0,4653.85,2024-02-19,2025-08-31,4167.67,37.22,Repeat,123,3,2,1,321,Potential Loyalists,At Risk
11632,8,28.0,201025.69,90211.14,2024-04-11,2025-12-26,25128.21,44.88,Repeat,6,5,5,5,555,Champions,Active
11635,6,15.0,183383.80000000002,83273.70000000001,2024-05-06,2025-10-31,30563.97,45.41,Repeat,62,4,5,5,455,Champions,Active
11636,5,17.0,307187.96,142801.32,2024-03-29,2025-11-02,61437.59,46.49,Repeat,60,4,4,5,445,Champions,Active
11637,4,9.0,21808.87,8548.58,2024-06-10,2025-07-16,5452.22,39.2,Repeat,169,3,3,2,332,Potential Loyalists,At Risk
11638,4,5.0,19512.0,6231.74,2025-02-09,2025-11-28,4878.0,31.94,Repeat,34,5,3,2,532,Loyal Customers,Active
11639,4,10.0,61827.270000000004,31061.050000000003,2024-06-29,2025-07-09,15456.82,50.24,Repeat,176,3,3,4,334,Potential Loyalists,At Risk
11640,6,19.0,194401.37,73336.68,2024-02-08,2025-09-04,32400.23,37.72,Repeat,119,3,5,5,355,Potential Loyalists,At Risk
11641,5,15.0,193430.8,103608.03,2024-02-20,2025-09-21,38686.16,53.56,Repeat,102,4,4,5,445,Champions,At Risk
11642,5,13.0,39773.46,14704.17,2024-10-04,2025-09-28,7954.69,36.97,Repeat,95,4,4,3,443,Loyal Customers,At Risk
11643,4,10.0,110864.76000000001,46169.47,2024-03-07,2024-09-07,27716.19,41.64,Repeat,481,1,3,5,135,At Risk,Inactive
11644,5,12.0,79408.78,36159.23,2024-05-15,2025-10-01,15881.76,45.54,Repeat,92,4,4,4,444,Champions,At Risk
11645,3,7.0,10276.630000000001,4193.58,2024-02-14,2025-10-11,3425.54,40.81,Repeat,82,4,2,1,421,New Customers,Active
11646,3,10.0,123790.31,54126.810000000005,2024-01-01,2025-12-08,41263.44,43.72,Repeat,24,5,2,5,525,New Customers,Active
11647,2,7.0,34133.27,12771.24,2024-02-26,2024-07-09,17066.63,37.42,Repeat,541,1,1,3,113,Lost Customers,Inactive
11648,3,8.0,36513.14,15736.67,2025-04-16,2025-10-05,12171.05,43.1,Repeat,88,4,2,3,423,New Customers,Active
11649,3,9.0,51390.86,23587.72,2024-03-05,2025-11-02,17130.29,45.9,Repeat,60,4,2,3,423,New Customers,Active
11650,6,14.0,88697.22,41168.47,2024-02-26,2025-07-10,14782.87,46.41,Repeat,175,3,5,4,354,Potential Loyalists,At Risk
11651,2,7.0,46530.75,20675.72,2025-03-17,2025-07-10,23265.38,44.43,Repeat,175,3,1,3,313,Potential Loyalists,At Risk
11652,7,25.0,80547.87,35493.82,2024-01-13,2025-08-06,11506.84,44.07,Repeat,148,3,5,4,354,Potential Loyalists,At Risk
11653,2,5.0,27368.32,13615.2,2025-06-11,2025-07-19,13684.16,49.75,Repeat,166,3,1,2,312,Potential Loyalists,At Risk
11654,11,24.0,84257.32,38376.95,2024-03-06,2025-12-28,7659.76,45.55,Repeat,4,5,5,4,554,Champions,Active
11655,3,12.0,52857.909999999996,19397.260000000002,2024-07-25,2024-12-29,17619.3,36.7,Repeat,368,1,2,3,123,Lost Customers,Inactive
11656,6,15.0,38367.05,16643.54,2024-02-08,2025-06-04,6394.51,43.38,Repeat,211,2,5,3,253,At Risk,Inactive
11657,1,4.0,48535.35,23169.67,2024-04-11,2024-04-11,48535.35,47.74,One-time,630,1,1,3,113,Lost Customers,Inactive
11658,1,3.0,4712.75,2732.74,2024-10-07,2024-10-07,4712.75,57.99,One-time,451,1,1,1,111,Lost Customers,Inactive
11659,5,15.0,42302.979999999996,21363.07,2024-02-21,2025-10-24,8460.6,50.5,Repeat,69,4,4,3,443,Loyal Customers,Active
11660,1,1.0,5515.98,2430.1,2024-09-26,2024-09-26,5515.98,44.06,One-time,462,1,1,1,111,Lost Customers,Inactive
11661,2,4.0,2958.98,1427.29,2024-07-13,2025-11-09,1479.49,48.24,Repeat,53,4,1,1,411,New Customers,Active
11662,4,13.0,131046.16,66866.29,2024-04-28,2025-11-14,32761.54,51.02,Repeat,48,5,3,5,535,Loyal Customers,Active
11663,4,12.0,101270.33,46875.02,2024-08-31,2025-12-06,25317.58,46.29,Repeat,26,5,3,5,535,Loyal Customers,Active
11664,5,14.0,41619.41,15988.150000000001,2024-01-11,2025-11-07,8323.88,38.42,Repeat,55,4,4,3,443,Loyal Customers,Active
11665,2,3.0,7759.85,3732.05,2024-12-19,2025-03-12,3879.92,48.09,Repeat,295,2,1,1,211,Lost Customers,Inactive
11666,2,7.0,27041.09,10640.88,2025-01-04,2025-07-27,13520.54,39.35,Repeat,158,3,1,2,312,Potential Loyalists,At Risk
11667,4,9.0,31937.89,15275.08,2024-06-14,2025-04-21,7984.47,47.83,Repeat,255,2,3,2,232,At Risk,Inactive
11668,1,1.0,2814.05,1287.76,2025-04-26,2025-04-26,2814.05,45.76,One-time,250,2,1,1,211,Lost Customers,Inactive
11669,3,8.0,57243.5,28539.65,2024-07-28,2025-05-15,19081.17,49.86,Repeat,231,2,2,4,224,Lost Customers,Inactive
11670,4,10.0,51001.670000000006,19615.26,2024-03-28,2025-10-29,12750.42,38.46,Repeat,64,4,3,3,433,Loyal Customers,Active
11671,8,18.0,166116.8,86185.89,2024-01-06,2025-04-23,20764.6,51.88,Repeat,253,2,5,5,255,At Risk,Inactive
11672,2,4.0,31322.27,17508.53,2024-02-17,2025-07-16,15661.14,55.9,Repeat,169,3,1,2,312,Potential Loyalists,At Risk
11673,1,2.0,46969.47,23389.16,2024-08-16,2024-08-16,46969.47,49.8,One-time,503,1,1,3,113,Lost Customers,Inactive
11674,3,9.0,123488.35,53482.52,2025-01-15,2025-10-03,41162.78,43.31,Repeat,90,4,2,5,425,New Customers,Active
11675,2,7.0,43350.83,21906.17,2024-12-24,2024-12-28,21675.42,50.53,Repeat,369,1,1,3,113,Lost Customers,Inactive
11676,2,8.0,99256.87000000001,43512.020000000004,2025-04-23,2025-04-27,49628.44,43.84,Repeat,249,2,1,5,215,Lost Customers,Inactive
11677,4,6.0,35145.89,14199.49,2024-09-06,2025-11-03,8786.47,40.4,Repeat,59,4,3,3,433,Loyal Customers,Active
11678,3,3.0,15897.64,8512.35,2024-04-24,2024-12-17,5299.21,53.54,Repeat,380,1,2,2,122,Lost Customers,Inactive
11679,4,6.0,13231.63,5979.54,2024-04-14,2025-07-13,3307.91,45.19,Repeat,172,3,3,1,331,Potential Loyalists,At Risk
11680,5,19.0,68499.46,31163.559999999998,2024-08-24,2025-10-17,13699.89,45.49,Repeat,76,4,4,4,444,Champions,Active
11681,5,23.0,144278.64,59301.68,2024-07-18,2025-10-10,28855.73,41.1,Repeat,83,4,4,5,445,Champions,Active
11682,2,5.0,3863.1,1234.46,2025-01-11,2025-08-18,1931.55,31.96,Repeat,136,3,1,1,311,Potential Loyalists,At Risk
11683,4,10.0,93203.38,41866.899999999994,2024-02-21,2025-02-13,23300.84,44.92,Repeat,322,1,3,4,134,At Risk,Inactive
11684,3,6.0,18999.78,8566.89,2024-07-13,2025-03-30,6333.26,45.09,Repeat,277,2,2,2,222,Lost Customers,Inactive
11686,4,8.0,48374.740000000005,24797.989999999998,2024-06-07,2025-08-18,12093.69,51.26,Repeat,136,3,3,3,333,Potential Loyalists,At Risk
11687,1,4.0,21431.95,11285.64,2025-07-05,2025-07-05,21431.95,52.66,One-time,180,3,1,2,312,Potential Loyalists,At Risk
11688,3,9.0,52194.73,16073.900000000001,2024-08-03,2025-09-11,17398.24,30.8,Repeat,112,3,2,3,323,Potential Loyalists,At Risk
11689,4,7.0,26226.93,14015.07,2024-03-16,2025-10-12,6556.73,53.44,Repeat,81,4,3,2,432,Loyal Customers,Active
11690,2,2.0,3816.95,1662.67,2024-01-24,2025-09-02,1908.48,43.56,Repeat,121,3,1,1,311,Potential Loyalists,At Risk
11691,3,8.0,34561.61,13846.26,2025-03-13,2025-08-20,11520.54,40.06,Repeat,134,3,2,3,323,Potential Loyalists,At Risk
11692,3,12.0,48141.5,17560.690000000002,2024-08-12,2025-09-28,16047.17,36.48,Repeat,95,4,2,3,423,New Customers,At Risk
11693,3,12.0,36248.18,15503.990000000002,2024-07-08,2024-12-23,12082.73,42.77,Repeat,374,1,2,3,123,Lost Customers,Inactive
11694,2,7.0,15259.12,6525.75,2024-03-15,2025-04-23,7629.56,42.77,Repeat,253,2,1,2,212,Lost Customers,Inactive
11695,2,3.0,40642.729999999996,22751.03,2024-08-07,2025-06-12,20321.36,55.98,Repeat,203,2,1,3,213,Lost Customers,Inactive
11696,1,6.0,36116.15,18809.300000000003,2025-08-15,2025-08-15,36116.15,52.08,One-time,139,3,1,3,313,Potential Loyalists,At Risk
11697,4,13.0,39100.61,16819.230000000003,2024-06-17,2025-09-21,9775.15,43.02,Repeat,102,4,3,3,433,Loyal Customers,At Risk
11698,5,13.0,135190.06,56569.98,2024-02-11,2025-04-10,27038.01,41.84,Repeat,266,2,4,5,245,At Risk,Inactive
11699,4,9.0,52405.01,18623.07,2024-04-28,2025-08-06,13101.25,35.54,Repeat,148,3,3,3,333,Potential Loyalists,At Risk
11700,7,23.0,87886.65999999999,33846.409999999996,2024-01-04,2025-11-11,12555.24,38.51,Repeat,51,4,5,4,454,Champions,Active
11701,1,1.0,5804.22,3619.11,2025-04-29,2025-04-29,5804.22,62.35,One-time,247,2,1,1,211,Lost Customers,Inactive
11702,2,2.0,28315.41,11997.75,2025-02-20,2025-07-16,14157.7,42.37,Repeat,169,3,1,2,312,Potential Loyalists,At Risk
11703,4,5.0,26677.78,13757.08,2024-02-16,2025-10-28,6669.44,51.57,Repeat,65,4,3,2,432,Loyal Customers,Active
11704,3,6.0,43133.9,12565.08,2024-06-10,2025-08-23,14377.97,29.13,Repeat,131,3,2,3,323,Potential Loyalists,At Risk
11705,3,5.0,46466.27,18386.78,2024-03-22,2025-12-23,15488.76,39.57,Repeat,9,5,2,3,523,New Customers,Active
11706,3,6.0,90210.7,39014.33,2024-10-17,2025-08-30,30070.23,43.25,Repeat,124,3,2,4,324,Potential Loyalists,At Risk
11707,3,12.0,28758.63,10614.75,2024-03-26,2024-12-18,9586.21,36.91,Repeat,379,1,2,2,122,Lost Customers,Inactive
11708,3,5.0,52330.9,23589.41,2024-03-15,2025-11-04,17443.63,45.08,Repeat,58,4,2,3,423,New Customers,Active
11709,9,23.0,321900.00999999995,126193.34000000001,2024-07-08,2025-11-12,35766.67,39.2,Repeat,50,4,5,5,455,Champions,Active
11710,5,13.0,99800.63,38389.51,2024-01-30,2025-04-20,19960.13,38.47,Repeat,256,2,4,5,245,At Risk,Inactive
11711,2,11.0,24301.96,9619.74,2024-11-06,2025-02-07,12150.98,39.58,Repeat,328,1,1,2,112,Lost Customers,Inactive
11712,4,10.0,104111.11,58376.68,2024-01-15,2025-12-07,26027.78,56.07,Repeat,25,5,3,5,535,Loyal Customers,Active
11713,2,7.0,39877.55,19077.04,2024-02-20,2024-04-19,19938.78,47.84,Repeat,622,1,1,3,113,Lost Customers,Inactive
11714,2,6.0,8231.73,3648.5,2024-03-20,2024-12-06,4115.86,44.32,Repeat,391,1,1,1,111,Lost Customers,Inactive
11715,5,11.0,30527.440000000002,12991.69,2024-02-27,2025-08-17,6105.49,42.56,Repeat,137,3,4,2,342,Potential Loyalists,At Risk
11716,3,4.0,35866.39,17125.18,2025-03-07,2025-06-08,11955.46,47.75,Repeat,207,2,2,3,223,Lost Customers,Inactive
11717,4,10.0,79692.1,27128.57,2024-03-26,2025-03-26,19923.03,34.04,Repeat,281,2,3,4,234,At Risk,Inactive
11718,3,7.0,122151.44,45442.97,2024-01-18,2025-11-10,40717.15,37.2,Repeat,52,4,2,5,425,New Customers,Active
11719,3,4.0,38080.1,14007.970000000001,2024-05-31,2025-05-12,12693.37,36.79,Repeat,234,2,2,3,223,Lost Customers,Inactive
11720,5,13.0,89269.21,41884.119999999995,2024-01-28,2025-09-17,17853.84,46.92,Repeat,106,4,4,4,444,Champions,At Risk
11721,1,3.0,1240.86,297.06,2025-08-17,2025-08-17,1240.86,23.94,One-time,137,3,1,1,311,Potential Loyalists,At Risk
11722,5,11.0,9982.46,3922.04,2024-03-12,2025-09-10,1996.49,39.29,Repeat,113,3,4,1,341,Potential Loyalists,At Risk
11724,2,5.0,12118.0,4455.52,2025-01-21,2025-11-04,6059.0,36.77,Repeat,58,4,1,1,411,New Customers,Active
11725,5,19.0,68151.61,31039.950000000004,2024-02-24,2025-11-24,13630.32,45.55,Repeat,38,5,4,4,544,Champions,Active
11726,3,6.0,11896.59,5984.29,2024-03-26,2025-12-07,3965.53,50.3,Repeat,25,5,2,1,521,New Customers,Active
11728,4,14.0,63220.64,27607.420000000002,2024-06-18,2025-10-18,15805.16,43.67,Repeat,75,4,3,4,434,Loyal Customers,Active
11729,5,18.0,48352.1,27330.16,2024-02-02,2025-11-17,9670.42,56.52,Repeat,45,5,4,3,543,Loyal Customers,Active
11730,5,17.0,71894.56,31035.97,2024-04-28,2025-12-23,14378.91,43.17,Repeat,9,5,4,4,544,Champions,Active
11731,3,6.0,28027.800000000003,12905.56,2025-02-04,2025-11-19,9342.6,46.05,Repeat,43,5,2,2,522,New Customers,Active
11732,3,3.0,23448.1,11777.29,2024-01-07,2024-11-29,7816.03,50.23,Repeat,398,1,2,2,122,Lost Customers,Inactive
11733,3,6.0,65167.11,20918.76,2024-03-06,2025-07-06,21722.37,32.1,Repeat,179,3,2,4,324,Potential Loyalists,At Risk
11734,4,8.0,26871.69,15532.63,2024-01-16,2025-06-28,6717.92,57.8,Repeat,187,2,3,2,232,At Risk,Inactive
11735,3,14.0,113331.48000000001,44669.54,2024-01-06,2025-07-23,37777.16,39.41,Repeat,162,3,2,5,325,Potential Loyalists,At Risk
11736,3,4.0,43404.43,13313.44,2024-09-21,2025-09-14,14468.14,30.67,Repeat,109,4,2,3,423,New Customers,At Risk
11737,3,4.0,10670.44,4228.71,2024-01-21,2025-09-17,3556.81,39.63,Repeat,106,4,2,1,421,New Customers,At Risk
11738,5,12.0,27780.85,11165.07,2024-03-21,2025-03-14,5556.17,40.19,Repeat,293,2,4,2,242,At Risk,Inactive
11739,1,4.0,18189.62,9558.27,2025-01-26,2025-01-26,18189.62,52.55,One-time,340,1,1,2,112,Lost Customers,Inactive
11740,3,17.0,240408.80000000002,117565.8,2024-02-08,2024-12-20,80136.27,48.9,Repeat,377,1,2,5,125,Lost Customers,Inactive
11741,5,9.0,40346.19,17906.5,2024-01-05,2025-05-21,8069.24,44.38,Repeat,225,2,4,3,243,At Risk,Inactive
11742,4,10.0,124631.04000000001,53402.07,2024-08-05,2025-10-21,31157.76,42.85,Repeat,72,4,3,5,435,Loyal Customers,Active
11743,5,15.0,118523.16,52801.67,2024-07-11,2025-08-26,23704.63,44.55,Repeat,128,3,4,5,345,Potential Loyalists,At Risk
11744,6,18.0,131350.38,64563.67,2024-08-24,2025-12-20,21891.73,49.15,Repeat,12,5,5,5,555,Champions,Active
11745,7,24.0,138739.18,55460.46,2024-11-06,2025-12-27,19819.88,39.97,Repeat,5,5,5,5,555,Champions,Active
11746,5,15.0,51207.06,22500.74,2024-03-29,2025-09-22,10241.41,43.94,Repeat,101,4,4,3,443,Loyal Customers,At Risk
11747,2,6.0,76449.04999999999,37465.189999999995,2024-10-14,2025-04-13,38224.52,49.01,Repeat,263,2,1,4,214,Lost Customers,Inactive
11748,4,18.0,42197.64,17202.17,2024-05-05,2025-07-07,10549.41,40.77,Repeat,178,3,3,3,333,Potential Loyalists,At Risk
11749,6,14.0,79109.72,27937.5,2024-01-19,2025-12-26,13184.95,35.31,Repeat,6,5,5,4,554,Champions,Active
11750,4,8.0,17570.48,7945.9,2024-03-22,2025-12-23,4392.62,45.22,Repeat,9,5,3,2,532,Loyal Customers,Active
11751,7,23.0,68576.71,30394.05,2024-02-19,2025-07-13,9796.67,44.32,Repeat,172,3,5,4,354,Potential Loyalists,At Risk
11752,2,6.0,47450.25,18505.25,2024-02-23,2025-06-16,23725.12,39.0,Repeat,199,2,1,3,213,Lost Customers,Inactive
11753,5,6.0,76622.85,32408.4,2024-02-29,2025-08-10,15324.57,42.3,Repeat,144,3,4,4,344,Potential Loyalists,At Risk
11754,3,8.0,244562.71,83109.47,2024-01-07,2025-04-16,81520.9,33.98,Repeat,260,2,2,5,225,Lost Customers,Inactive
11755,4,13.0,74918.19,38612.97,2024-09-01,2025-07-06,18729.55,51.54,Repeat,179,3,3,4,334,Potential Loyalists,At Risk
11756,8,16.0,46216.2,20501.23,2024-04-04,2025-12-08,5777.02,44.36,Repeat,24,5,5,3,553,Loyal Customers,Active
11757,4,6.0,52624.11,20941.129999999997,2025-01-24,2025-11-25,13156.03,39.79,Repeat,37,5,3,3,533,Loyal Customers,Active
11758,3,5.0,10932.66,5014.25,2024-04-02,2025-08-19,3644.22,45.86,Repeat,135,3,2,1,321,Potential Loyalists,At Risk
11759,6,14.0,67934.66,31139.28,2024-12-14,2025-10-20,11322.44,45.84,Repeat,73,4,5,4,454,Champions,Active
11760,10,23.0,203849.28999999998,91794.37,2024-08-30,2025-10-08,20384.93,45.03,Repeat,85,4,5,5,455,Champions,Active
11761,1,6.0,114456.59,50301.950000000004,2025-12-07,2025-12-07,114456.59,43.95,One-time,25,5,1,5,515,New Customers,Active
11762,1,2.0,1960.44,926.94,2024-07-14,2024-07-14,1960.44,47.28,One-time,536,1,1,1,111,Lost Customers,Inactive
11763,4,12.0,56561.270000000004,20944.239999999998,2024-03-11,2025-01-07,14140.32,37.03,Repeat,359,1,3,3,133,At Risk,Inactive
11764,5,7.0,10503.04,4242.37,2025-05-03,2025-09-19,2100.61,40.39,Repeat,104,4,4,1,441,Loyal Customers,At Risk
11765,3,10.0,28284.769999999997,13147.75,2024-11-13,2025-05-03,9428.26,46.48,Repeat,243,2,2,2,222,Lost Customers,Inactive
11766,3,10.0,17705.52,7401.53,2024-02-09,2025-01-13,5901.84,41.8,Repeat,353,1,2,2,122,Lost Customers,Inactive
11767,6,14.0,53387.590000000004,24058.49,2024-04-16,2025-04-09,8897.93,45.06,Repeat,267,2,5,3,253,At Risk,Inactive
11768,2,5.0,18015.010000000002,6756.77,2024-07-11,2025-04-14,9007.51,37.51,Repeat,262,2,1,2,212,Lost Customers,Inactive
11769,4,8.0,26582.45,12458.09,2024-02-17,2025-08-05,6645.61,46.87,Repeat,149,3,3,2,332,Potential Loyalists,At Risk
11770,8,18.0,265313.86,120417.13,2024-03-24,2025-10-11,33164.23,45.39,Repeat,82,4,5,5,455,Champions,Active
11771,3,16.0,43718.31,17027.87,2024-02-08,2024-09-17,14572.77,38.95,Repeat,471,1,2,3,123,Lost Customers,Inactive
11772,7,19.0,74115.40000000001,35175.1,2024-03-27,2025-08-29,10587.91,47.46,Repeat,125,3,5,4,354,Potential Loyalists,At Risk
11773,1,1.0,439.51,84.02,2024-12-17,2024-12-17,439.51,19.12,One-time,380,1,1,1,111,Lost Customers,Inactive
11774,5,14.0,29451.08,13523.759999999998,2024-01-24,2025-06-29,5890.22,45.92,Repeat,186,2,4,2,242,At Risk,Inactive
11776,2,8.0,29915.97,10735.88,2024-06-11,2025-02-24,14957.98,35.89,Repeat,311,2,1,2,212,Lost Customers,Inactive
11777,6,23.0,138251.97,60341.68,2024-03-20,2025-12-10,23042.0,43.65,Repeat,22,5,5,5,555,Champions,Active
11778,6,12.0,19703.21,8626.09,2024-02-02,2025-11-11,3283.87,43.78,Repeat,51,4,5,2,452,Loyal Customers,Active
11779,2,5.0,6123.41,2647.29,2025-04-28,2025-10-28,3061.7,43.23,Repeat,65,4,1,1,411,New Customers,Active
11780,6,14.0,57888.159999999996,22952.03,2024-05-01,2025-09-09,9648.03,39.65,Repeat,114,3,5,4,354,Potential Loyalists,At Risk
11781,5,11.0,94947.43000000001,42728.340000000004,2024-06-04,2025-11-06,18989.49,45.0,Repeat,56,4,4,4,444,Champions,Active
11782,6,14.0,95744.83,30094.53,2024-06-26,2025-06-21,15957.47,31.43,Repeat,194,2,5,4,254,At Risk,Inactive
11783,1,6.0,7863.070000000001,3205.84,2024-04-01,2024-04-01,7863.07,40.77,One-time,640,1,1,1,111,Lost Customers,Inactive
11784,3,20.0,82548.54000000001,26470.97,2024-02-15,2025-11-21,27516.18,32.07,Repeat,41,5,2,4,524,New Customers,Active
11785,1,1.0,850.25,159.16,2025-07-02,2025-07-02,850.25,18.72,One-time,183,3,1,1,311,Potential Loyalists,Inactive
11786,2,3.0,29016.32,16374.36,2024-03-19,2024-04-29,14508.16,56.43,Repeat,612,1,1,2,112,Lost Customers,Inactive
11787,3,10.0,64988.1,28894.05,2025-03-12,2025-05-01,21662.7,44.46,Repeat,245,2,2,4,224,Lost Customers,Inactive
11788,6,15.0,90512.47,36322.17,2024-07-23,2025-08-24,15085.41,40.13,Repeat,130,3,5,4,354,Potential Loyalists,At Risk
11789,1,3.0,10211.67,2975.76,2024-02-22,2024-02-22,10211.67,29.14,One-time,679,1,1,1,111,Lost Customers,Inactive
11790,3,8.0,88270.43000000001,35441.130000000005,2024-06-27,2025-01-20,29423.48,40.15,Repeat,346,1,2,4,124,Lost Customers,Inactive
11791,2,4.0,12025.33,4487.9800000000005,2024-12-29,2025-03-30,6012.66,37.32,Repeat,277,2,1,1,211,Lost Customers,Inactive
11792,3,7.0,50507.43,19226.1,2024-12-20,2025-10-09,16835.81,38.07,Repeat,84,4,2,3,423,New Customers,Active
11793,1,1.0,343.86,124.43,2024-05-26,2024-05-26,343.86,36.19,One-time,585,1,1,1,111,Lost Customers,Inactive
11794,4,11.0,25647.210000000003,10006.93,2024-01-26,2025-09-25,6411.8,39.02,Repeat,98,4,3,2,432,Loyal Customers,At Risk
11795,5,10.0,114081.05,44955.409999999996,2024-02-09,2025-10-09,22816.21,39.41,Repeat,84,4,4,5,445,Champions,Active
11796,1,1.0,1183.96,572.29,2024-04-02,2024-04-02,1183.96,48.34,One-time,639,1,1,1,111,Lost Customers,Inactive
11797,4,10.0,54036.57,26572.15,2024-01-17,2025-09-11,13509.14,49.17,Repeat,112,3,3,3,333,Potential Loyalists,At Risk
11798,2,6.0,36379.259999999995,17601.260000000002,2025-01-26,2025-02-07,18189.63,48.38,Repeat,328,1,1,3,113,Lost Customers,Inactive
11799,2,5.0,45364.26,22867.3,2024-08-29,2025-06-20,22682.13,50.41,Repeat,195,2,1,3,213,Lost Customers,Inactive
11800,2,2.0,4890.02,1548.22,2025-05-04,2025-05-07,2445.01,31.66,Repeat,239,2,1,1,211,Lost Customers,Inactive
11801,3,11.0,16184.259999999998,7618.97,2024-02-14,2025-05-06,5394.75,47.08,Repeat,240,2,2,2,222,Lost Customers,Inactive
11802,6,15.0,77238.68000000001,30008.719999999998,2024-05-19,2025-09-28,12873.11,38.85,Repeat,95,4,5,4,454,Champions,At Risk
11803,6,16.0,150955.72,75222.42,2024-07-26,2025-09-30,25159.29,49.83,Repeat,93,4,5,5,455,Champions,At Risk
11804,4,15.0,96825.77,41206.41,2024-03-12,2025-02-08,24206.44,42.56,Repeat,327,1,3,4,134,At Risk,Inactive
11805,2,7.0,51677.51,23011.850000000002,2024-01-25,2025-08-03,25838.76,44.53,Repeat,151,3,1,3,313,Potential Loyalists,At Risk
11806,1,2.0,10451.32,4279.56,2024-02-11,2024-02-11,10451.32,40.95,One-time,690,1,1,1,111,Lost Customers,Inactive
11807,3,5.0,30747.52,12482.11,2024-09-26,2025-07-11,10249.17,40.6,Repeat,174,3,2,2,322,Potential Loyalists,At Risk
11808,2,5.0,29263.280000000002,12113.02,2024-07-04,2024-07-29,14631.64,41.39,Repeat,521,1,1,2,112,Lost Customers,Inactive
11809,2,6.0,26525.59,12732.77,2024-04-25,2024-04-30,13262.8,48.0,Repeat,611,1,1,2,112,Lost Customers,Inactive
11810,5,10.0,30641.08,13099.37,2024-01-07,2025-12-19,6128.22,42.75,Repeat,13,5,4,2,542,Loyal Customers,Active
11811,5,12.0,21520.08,9393.970000000001,2024-01-14,2025-10-14,4304.02,43.65,Repeat,79,4,4,2,442,Loyal Customers,Active
11812,2,3.0,8937.84,3496.54,2024-05-28,2025-02-21,4468.92,39.12,Repeat,314,2,1,1,211,Lost Customers,Inactive
11813,2,5.0,59449.75,27951.95,2025-04-10,2025-09-08,29724.88,47.02,Repeat,115,3,1,4,314,Potential Loyalists,At Risk
11814,3,7.0,76845.7,39551.38,2024-05-09,2025-02-20,25615.23,51.47,Repeat,315,2,2,4,224,Lost Customers,Inactive
11815,3,11.0,49063.26,15237.56,2024-09-07,2025-12-07,16354.42,31.06,Repeat,25,5,2,3,523,New Customers,Active
11816,3,9.0,36054.37,18623.78,2024-04-01,2024-11-05,12018.12,51.65,Repeat,422,1,2,3,123,Lost Customers,Inactive
11817,2,9.0,16589.69,6446.0599999999995,2024-01-14,2025-01-16,8294.84,38.86,Repeat,350,1,1,2,112,Lost Customers,Inactive
11819,2,10.0,118697.9,44207.82,2024-04-27,2024-09-09,59348.95,37.24,Repeat,479,1,1,5,115,Lost Customers,Inactive
11820,1,3.0,3047.69,1240.66,2024-07-21,2024-07-21,3047.69,40.71,One-time,529,1,1,1,111,Lost Customers,Inactive
11821,2,2.0,11008.19,4871.8,2024-06-03,2024-08-22,5504.1,44.26,Repeat,497,1,1,1,111,Lost Customers,Inactive
11822,2,3.0,42145.770000000004,18967.28,2024-02-08,2025-08-03,21072.88,45.0,Repeat,151,3,1,3,313,Potential Loyalists,At Risk
11823,1,2.0,9126.74,4113.85,2024-02-14,2024-02-14,9126.74,45.07,One-time,687,1,1,1,111,Lost Customers,Inactive
11824,4,12.0,25257.269999999997,10780.23,2024-03-26,2025-08-09,6314.32,42.68,Repeat,145,3,3,2,332,Potential Loyalists,At Risk
11825,4,12.0,148018.22999999998,84926.43000000001,2024-06-08,2025-12-08,37004.56,57.38,Repeat,24,5,3,5,535,Loyal Customers,Active
11826,3,8.0,71147.39,31448.03,2024-05-02,2024-12-24,23715.8,44.2,Repeat,373,1,2,4,124,Lost Customers,Inactive
11827,5,10.0,207349.1,69440.95999999999,2024-02-25,2025-12-17,41469.82,33.49,Repeat,15,5,4,5,545,Champions,Active
11828,2,4.0,5638.91,2483.5699999999997,2024-02-17,2025-08-21,2819.46,44.04,Repeat,133,3,1,1,311,Potential Loyalists,At Risk
11829,3,7.0,24404.88,11528.76,2024-04-25,2025-05-02,8134.96,47.24,Repeat,244,2,2,2,222,Lost Customers,Inactive
11830,1,3.0,5249.86,2526.6800000000003,2025-02-22,2025-02-22,5249.86,48.13,One-time,313,2,1,1,211,Lost Customers,Inactive
11831,3,14.0,93009.20999999999,42944.71,2025-01-19,2025-11-16,31003.07,46.17,Repeat,46,5,2,4,524,New Customers,Active
11832,6,15.0,48166.89,19701.37,2024-05-08,2025-10-15,8027.82,40.9,Repeat,78,4,5,3,453,Loyal Customers,Active
11833,5,21.0,77609.68,36854.61,2024-02-05,2025-10-21,15521.94,47.49,Repeat,72,4,4,4,444,Champions,Active
11834,5,16.0,23797.45,9393.75,2024-05-04,2025-11-06,4759.49,39.47,Repeat,56,4,4,2,442,Loyal Customers,Active
11835,3,7.0,36685.66,13548.66,2024-05-10,2025-11-18,12228.55,36.93,Repeat,44,5,2,3,523,New Customers,Active
11836,3,6.0,4234.55,1952.1799999999998,2024-05-10,2025-02-06,1411.52,46.1,Repeat,329,1,2,1,121,Lost Customers,Inactive
11837,5,13.0,138304.2,56588.14,2024-01-01,2025-12-22,27660.84,40.92,Repeat,10,5,4,5,545,Champions,Active
11838,2,7.0,7213.7,2971.98,2024-07-11,2025-06-24,3606.85,41.2,Repeat,191,2,1,1,211,Lost Customers,Inactive
11839,5,13.0,54247.24,18757.63,2025-03-17,2025-11-01,10849.45,34.58,Repeat,61,4,4,3,443,Loyal Customers,Active
11840,5,12.0,104066.48,46544.56999999999,2024-01-15,2025-04-08,20813.3,44.73,Repeat,268,2,4,5,245,At Risk,Inactive
11841,3,4.0,15085.77,6570.25,2024-04-02,2025-12-21,5028.59,43.55,Repeat,11,5,2,2,522,New Customers,Active
11842,4,7.0,52842.19,22765.39,2024-07-31,2025-12-13,13210.55,43.08,Repeat,19,5,3,3,533,Loyal Customers,Active
11843,3,11.0,60479.93,31799.82,2024-03-30,2025-11-25,20159.98,52.58,Repeat,37,5,2,4,524,New Customers,Active
11844,2,3.0,16258.46,8506.2,2025-05-19,2025-06-28,8129.23,52.32,Repeat,187,2,1,2,212,Lost Customers,Inactive
11845,3,5.0,9502.61,4148.16,2025-03-10,2025-08-10,3167.54,43.65,Repeat,144,3,2,1,321,Potential Loyalists,At Risk
11846,2,8.0,28441.02,11410.41,2024-04-20,2025-05-20,14220.51,40.12,Repeat,226,2,1,2,212,Lost Customers,Inactive
11847,4,13.0,28945.260000000002,14069.69,2024-09-03,2025-12-29,7236.32,48.61,Repeat,3,5,3,2,532,Loyal Customers,Active
11848,1,4.0,12447.4,5664.88,2024-03-09,2024-03-09,12447.4,45.51,One-time,663,1,1,1,111,Lost Customers,Inactive
11849,3,11.0,73011.86,36739.03,2024-08-02,2025-10-22,24337.29,50.32,Repeat,71,4,2,4,424,New Customers,Active
11850,2,7.0,36156.880000000005,14697.47,2024-04-01,2024-12-28,18078.44,40.65,Repeat,369,1,1,3,113,Lost Customers,Inactive
11851,6,13.0,39255.909999999996,16649.53,2024-01-31,2025-12-31,6542.65,42.41,Repeat,1,5,5,3,553,Loyal Customers,Active
11852,4,16.0,78598.59,44220.69,2024-02-10,2025-07-27,19649.65,56.26,Repeat,158,3,4,4,344,Potential Loyalists,At Risk
11853,3,9.0,65756.24,29601.16,2024-08-26,2025-03-28,21918.75,45.02,Repeat,279,2,2,4,224,Lost Customers,Inactive
11854,4,15.0,33200.44,12668.970000000001,2024-04-09,2025-08-07,8300.11,38.16,Repeat,147,3,4,3,343,Potential Loyalists,At Risk
11855,1,3.0,58053.59,29253.969999999998,2024-12-17,2024-12-17,58053.59,50.39,One-time,380,1,1,4,114,Lost Customers,Inactive
11856,5,7.0,16660.29,6290.6,2024-05-27,2025-10-26,3332.06,37.76,Repeat,67,4,4,2,442,Loyal Customers,Active
11857,7,19.0,199260.59999999998,70815.85,2024-04-26,2025-12-22,28465.8,35.54,Repeat,10,5,5,5,555,Champions,Active
11858,3,8.0,12020.61,5592.4,2024-02-27,2025-01-25,4006.87,46.52,Repeat,341,1,2,1,121,Lost Customers,Inactive
11859,4,6.0,72088.62999999999,40634.52,2024-03-06,2025-08-21,18022.16,56.37,Repeat,133,3,4,4,344,Potential Loyalists,At Risk
11860,4,13.0,52012.93,19472.42,2024-07-22,2025-09-12,13003.23,37.44,Repeat,111,3,4,3,343,Potential Loyalists,At Risk
11861,4,7.0,21699.86,9929.779999999999,2024-09-02,2025-07-02,5424.96,45.76,Repeat,183,3,4,2,342,Potential Loyalists,Inactive
11862,2,5.0,2966.56,1073.01,2024-12-08,2025-02-08,1483.28,36.17,Repeat,327,1,1,1,111,Lost Customers,Inactive
11863,4,8.0,88413.75,43154.96,2024-02-08,2025-09-18,22103.44,48.81,Repeat,105,4,4,4,444,Champions,At Risk
11864,4,10.0,114572.47,45546.55,2024-10-25,2025-06-28,28643.12,39.75,Repeat,187,2,4,5,245,At Risk,Inactive
11865,3,8.0,45781.23,22701.97,2024-06-02,2025-12-11,15260.41,49.59,Repeat,21,5,2,3,523,New Customers,Active
11866,5,24.0,120838.21,45919.23,2024-01-27,2024-10-18,24167.64,38.0,Repeat,440,1,4,5,145,At Risk,Inactive
11867,5,8.0,28988.52,14224.25,2024-02-04,2025-10-28,5797.7,49.07,Repeat,65,4,4,2,442,Loyal Customers,Active
11868,8,29.0,259094.6,128897.84,2024-03-27,2025-11-30,32386.82,49.75,Repeat,32,5,5,5,555,Champions,Active
11869,4,13.0,63817.15,29628.96,2024-10-30,2025-12-31,15954.29,46.43,Repeat,1,5,4,4,544,Champions,Active
11870,4,10.0,67496.85,35483.97,2024-11-13,2025-08-15,16874.21,52.57,Repeat,139,3,4,4,344,Potential Loyalists,At Risk
11871,4,11.0,50563.0,23472.2,2024-06-21,2025-12-24,12640.75,46.42,Repeat,8,5,4,3,543,Loyal Customers,Active
11872,3,10.0,130503.47,62514.34,2024-04-20,2024-10-28,43501.16,47.9,Repeat,430,1,2,5,125,Lost Customers,Inactive
11873,6,9.0,88050.61,41724.259999999995,2024-05-04,2025-10-13,14675.1,47.39,Repeat,80,4,5,4,454,Champions,Active
11874,3,5.0,5756.179999999999,1800.43,2024-08-06,2025-07-04,1918.73,31.28,Repeat,181,3,2,1,321,Potential Loyalists,Inactive
11875,2,3.0,4160.51,2130.86,2025-05-23,2025-09-29,2080.26,51.22,Repeat,94,4,1,1,411,New Customers,At Risk
11876,4,13.0,56677.08,25960.92,2024-03-16,2024-10-26,14169.27,45.8,Repeat,432,1,4,4,144,At Risk,Inactive
11877,2,3.0,21777.43,10001.8,2025-02-13,2025-06-08,10888.72,45.93,Repeat,207,2,1,2,212,Lost Customers,Inactive
11878,4,20.0,47869.28,24197.83,2024-10-14,2025-07-29,11967.32,50.55,Repeat,156,3,4,3,343,Potential Loyalists,At Risk
11879,2,8.0,20274.73,11231.74,2024-02-23,2025-07-18,10137.36,55.4,Repeat,167,3,1,2,312,Potential Loyalists,At Risk
11880,4,9.0,89583.57,34188.33,2025-01-22,2025-06-06,22395.89,38.16,Repeat,209,2,4,4,244,At Risk,Inactive
11881,1,1.0,447.54,193.31,2025-12-29,2025-12-29,447.54,43.19,One-time,3,5,1,1,511,New Customers,Active
11882,3,8.0,80913.96,39737.07,2024-02-12,2024-10-18,26971.32,49.11,Repeat,440,1,2,4,124,Lost Customers,Inactive
11883,8,33.0,212029.29,89811.66,2024-06-13,2025-05-30,26503.66,42.36,Repeat,216,2,5,5,255,At Risk,Inactive
11884,1,2.0,9705.26,5624.46,2025-06-10,2025-06-10,9705.26,57.95,One-time,205,2,1,1,211,Lost Customers,Inactive
11885,8,27.0,266023.67,127634.63,2024-01-22,2025-10-25,33252.96,47.98,Repeat,68,4,5,5,455,Champions,Active
11886,2,8.0,23085.61,10541.94,2024-11-23,2024-12-02,11542.8,45.66,Repeat,395,1,1,2,112,Lost Customers,Inactive
11887,5,18.0,147948.23,65699.86,2024-01-18,2025-11-06,29589.65,44.41,Repeat,56,4,4,5,445,Champions,Active
11888,3,7.0,13858.21,6349.71,2024-11-11,2025-07-15,4619.4,45.82,Repeat,170,3,2,1,321,Potential Loyalists,At Risk
11889,4,12.0,174545.71,67972.29000000001,2024-01-15,2024-12-21,43636.43,38.94,Repeat,376,1,4,5,145,At Risk,Inactive
11890,2,8.0,26392.93,12528.22,2024-11-15,2025-12-16,13196.46,47.47,Repeat,16,5,1,2,512,New Customers,Active
11891,2,7.0,72360.67,31945.25,2025-09-01,2025-11-24,36180.34,44.15,Repeat,38,5,1,4,514,New Customers,Active
11892,1,1.0,5223.8,3038.69,2025-10-10,2025-10-10,5223.8,58.17,One-time,83,4,1,1,411,New Customers,Active
11893,2,8.0,42926.48,18270.48,2024-02-29,2024-08-28,21463.24,42.56,Repeat,491,1,1,3,113,Lost Customers,Inactive
11894,4,18.0,156964.81999999998,67847.43000000001,2024-11-24,2025-10-21,39241.2,43.22,Repeat,72,4,4,5,445,Champions,Active
11895,3,7.0,20158.41,8848.2,2024-04-04,2025-11-28,6719.47,43.89,Repeat,34,5,2,2,522,New Customers,Active
11896,7,21.0,84402.73999999999,37544.46,2024-02-21,2025-06-29,12057.53,44.48,Repeat,186,2,5,4,254,At Risk,Inactive
11897,3,8.0,21801.98,10293.9,2024-01-26,2025-12-16,7267.33,47.22,Repeat,16,5,2,2,522,New Customers,Active
11898,3,9.0,31280.589999999997,12744.68,2024-08-17,2025-08-14,10426.86,40.74,Repeat,140,3,2,2,322,Potential Loyalists,At Risk
11899,3,5.0,17902.34,7964.4,2025-01-24,2025-12-04,5967.45,44.49,Repeat,28,5,2,2,522,New Customers,Active
11900,2,8.0,77990.37,32309.350000000002,2024-01-08,2025-01-29,38995.18,41.43,Repeat,337,1,1,4,114,Lost Customers,Inactive
11901,2,3.0,5491.51,2906.96,2024-01-01,2025-10-12,2745.76,52.94,Repeat,81,4,1,1,411,New Customers,Active
11902,7,15.0,49692.55,23221.73,2024-04-13,2025-09-04,7098.94,46.73,Repeat,119,3,5,3,353,Potential Loyalists,At Risk
11905,1,5.0,5646.879999999999,2282.42,2024-12-24,2024-12-24,5646.88,40.42,One-time,373,1,1,1,111,Lost Customers,Inactive
11906,3,9.0,64892.36,29685.1,2024-04-22,2025-11-01,21630.79,45.75,Repeat,61,4,2,4,424,New Customers,Active
11907,3,6.0,59244.21000000001,23920.680000000004,2024-08-17,2025-07-29,19748.07,40.38,Repeat,156,3,2,4,324,Potential Loyalists,At Risk
11908,5,23.0,169255.62,84863.7,2025-02-05,2025-09-12,33851.12,50.14,Repeat,111,3,4,5,345,Potential Loyalists,At Risk
11909,8,20.0,66191.53,31843.6,2024-01-18,2025-10-01,8273.94,48.11,Repeat,92,4,5,4,454,Champions,At Risk
11910,3,7.0,139074.56,72197.47,2024-05-16,2025-09-22,46358.19,51.91,Repeat,101,4,2,5,425,New Customers,At Risk
11911,6,16.0,29154.27,13390.06,2024-02-18,2025-03-31,4859.04,45.93,Repeat,276,2,5,2,252,At Risk,Inactive
11912,1,2.0,19700.86,8498.76,2024-01-12,2024-01-12,19700.86,43.14,One-time,720,1,1,2,112,Lost Customers,Inactive
11915,6,20.0,285577.57,123956.59,2024-07-14,2025-11-24,47596.26,43.41,Repeat,38,5,5,5,555,Champions,Active
11916,3,7.0,44358.81,16931.55,2024-04-14,2025-11-26,14786.27,38.17,Repeat,36,5,2,3,523,New Customers,Active
11917,1,2.0,39250.33,14611.43,2024-02-12,2024-02-12,39250.33,37.23,One-time,689,1,1,3,113,Lost Customers,Inactive
11918,4,5.0,47282.03999999999,23811.77,2024-01-24,2025-04-28,11820.51,50.36,Repeat,248,2,4,3,243,At Risk,Inactive
11919,1,1.0,1001.94,558.31,2024-01-08,2024-01-08,1001.94,55.72,One-time,724,1,1,1,111,Lost Customers,Inactive
11920,4,9.0,87587.44,37719.16,2024-01-19,2025-02-27,21896.86,43.06,Repeat,308,2,4,4,244,At Risk,Inactive
11921,3,6.0,15472.19,8538.1,2024-12-14,2025-12-23,5157.4,55.18,Repeat,9,5,2,2,522,New Customers,Active
11922,3,12.0,30368.390000000003,15340.52,2024-07-10,2025-09-28,10122.8,50.51,Repeat,95,4,2,2,422,New Customers,At Risk
11923,4,8.0,56515.99,23560.84,2024-08-23,2025-08-03,14129.0,41.69,Repeat,151,3,4,3,343,Potential Loyalists,At Risk
11924,5,16.0,72446.4,29452.04,2024-03-03,2025-09-26,14489.28,40.65,Repeat,97,4,4,4,444,Champions,At Risk
11925,4,14.0,51252.840000000004,21966.2,2025-03-15,2025-06-23,12813.21,42.86,Repeat,192,2,4,3,243,At Risk,Inactive
11926,3,6.0,14998.529999999999,5069.44,2024-10-31,2025-08-04,4999.51,33.8,Repeat,150,3,2,2,322,Potential Loyalists,At Risk
11927,3,13.0,93610.6,32114.62,2024-04-14,2025-08-19,31203.53,34.31,Repeat,135,3,2,4,324,Potential Loyalists,At Risk
11928,3,5.0,10930.97,5200.45,2024-01-15,2024-02-24,3643.66,47.58,Repeat,677,1,2,1,121,Lost Customers,Inactive
11929,7,11.0,68444.57,33134.91,2024-07-13,2025-12-29,9777.8,48.41,Repeat,3,5,5,4,554,Champions,Active
11930,5,14.0,50599.67,23524.3,2024-06-24,2025-12-29,10119.93,46.49,Repeat,3,5,4,3,543,Loyal Customers,Active
11931,2,5.0,75540.94,39012.700000000004,2024-01-31,2025-08-24,37770.47,51.64,Repeat,130,3,1,4,314,Potential Loyalists,At Risk
11932,4,7.0,78749.98,31410.18,2024-05-18,2025-03-13,19687.5,39.89,Repeat,294,2,4,4,244,At Risk,Inactive
11933,2,4.0,74205.1,31179.34,2024-08-08,2024-10-01,37102.55,42.02,Repeat,457,1,1,4,114,Lost Customers,Inactive
11934,2,7.0,11878.61,3649.84,2024-03-23,2025-01-10,5939.3,30.73,Repeat,356,1,1,1,111,Lost Customers,Inactive
11935,3,7.0,55221.509999999995,19210.45,2025-03-10,2025-10-24,18407.17,34.79,Repeat,69,4,2,3,423,New Customers,Active
11936,4,10.0,100203.09000000001,47911.97,2024-07-26,2025-11-13,25050.77,47.81,Repeat,49,4,4,5,445,Champions,Active
11937,4,9.0,53925.03,25646.09,2024-03-25,2025-12-24,13481.26,47.56,Repeat,8,5,4,3,543,Loyal Customers,Active
11938,2,2.0,3057.37,1405.31,2024-12-02,2025-06-25,1528.68,45.96,Repeat,190,2,1,1,211,Lost Customers,Inactive
11939,3,6.0,46656.85,19965.75,2025-05-14,2025-12-21,15552.28,42.79,Repeat,11,5,2,3,523,New Customers,Active
11940,7,23.0,387548.22000000003,193541.19,2024-06-12,2025-07-29,55364.03,49.94,Repeat,156,3,5,5,355,Potential Loyalists,At Risk
11941,7,21.0,51186.14,22082.36,2024-03-03,2025-10-12,7312.31,43.14,Repeat,81,4,5,3,453,Loyal Customers,Active
11942,2,5.0,35794.38,12607.43,2024-09-13,2025-10-11,17897.19,35.22,Repeat,82,4,1,3,413,New Customers,Active
11943,1,3.0,1799.8,862.57,2024-12-15,2024-12-15,1799.8,47.93,One-time,382,1,1,1,111,Lost Customers,Inactive
11944,5,12.0,118062.76999999999,43759.1,2024-03-12,2025-04-30,23612.55,37.06,Repeat,246,2,4,5,245,At Risk,Inactive
11945,4,7.0,9286.79,3563.69,2024-02-26,2025-01-22,2321.7,38.37,Repeat,344,1,4,1,141,At Risk,Inactive
11946,2,8.0,25109.18,8983.26,2025-03-24,2025-05-06,12554.59,35.78,Repeat,240,2,1,2,212,Lost Customers,Inactive
11947,2,7.0,43944.630000000005,14749.49,2024-01-22,2025-02-22,21972.32,33.56,Repeat,313,2,1,3,213,Lost Customers,Inactive
11948,2,4.0,100459.54000000001,47044.6,2024-06-15,2024-07-15,50229.77,46.83,Repeat,535,1,1,5,115,Lost Customers,Inactive
11949,5,12.0,29234.469999999998,12100.07,2024-03-17,2025-11-14,5846.89,41.39,Repeat,48,5,4,2,542,Loyal Customers,Active
11950,3,4.0,34727.55,11129.77,2025-01-10,2025-06-07,11575.85,32.05,Repeat,208,2,2,3,223,Lost Customers,Inactive
11951,3,8.0,18284.06,6802.56,2024-10-24,2025-09-21,6094.69,37.2,Repeat,102,4,2,2,422,New Customers,At Risk
11952,5,7.0,22909.02,5965.74,2024-03-19,2025-05-10,4581.8,26.04,Repeat,236,2,4,2,242,At Risk,Inactive
11953,3,12.0,28149.96,11232.97,2025-09-04,2025-12-07,9383.32,39.9,Repeat,25,5,2,2,522,New Customers,Active
11954,6,18.0,390169.1,179538.86,2025-01-03,2025-11-21,65028.18,46.02,Repeat,41,5,5,5,555,Champions,Active
11955,7,34.0,163625.57,70529.48,2024-01-02,2025-11-08,23375.08,43.1,Repeat,54,4,5,5,455,Champions,Active
11956,5,14.0,36205.020000000004,12445.92,2024-09-21,2025-11-30,7241.0,34.38,Repeat,32,5,4,3,543,Loyal Customers,Active
11957,5,8.0,31064.91,11283.34,2024-02-21,2025-07-07,6212.98,36.32,Repeat,178,3,4,2,342,Potential Loyalists,At Risk
11958,5,13.0,148050.91999999998,65366.76,2024-03-27,2025-06-23,29610.18,44.15,Repeat,192,2,4,5,245,At Risk,Inactive
11959,3,9.0,44710.46,15281.08,2024-02-16,2024-05-31,14903.49,34.18,Repeat,580,1,2,3,123,Lost Customers,Inactive
11960,5,12.0,87748.35,44460.25,2025-02-03,2025-12-14,17549.67,50.67,Repeat,18,5,4,4,544,Champions,Active
11961,2,7.0,35341.34,15973.990000000002,2025-03-30,2025-06-04,17670.67,45.2,Repeat,211,2,1,3,213,Lost Customers,Inactive
11962,4,11.0,62432.9,25984.11,2024-06-30,2025-12-12,15608.22,41.62,Repeat,20,5,4,4,544,Champions,Active
11963,4,7.0,16151.83,8416.6,2024-06-08,2025-09-23,4037.96,52.11,Repeat,100,4,4,2,442,Loyal Customers,At Risk
11964,7,20.0,161425.32,77094.47,2024-01-17,2025-09-24,23060.76,47.76,Repeat,99,4,5,5,455,Champions,At Risk
11965,3,12.0,62449.34,32487.8,2024-04-10,2025-12-14,20816.45,52.02,Repeat,18,5,2,4,524,New Customers,Active
11966,4,13.0,31410.89,11659.16,2024-07-04,2025-07-22,7852.72,37.12,Repeat,163,3,4,2,342,Potential Loyalists,At Risk
11967,2,6.0,17155.18,6902.450000000001,2024-05-07,2024-06-20,8577.59,40.24,Repeat,560,1,1,2,112,Lost Customers,Inactive
11968,5,22.0,93255.63,40763.67,2024-05-09,2025-01-27,18651.13,43.71,Repeat,339,1,4,4,144,At Risk,Inactive
11969,3,9.0,263010.3,139666.27,2024-12-13,2025-11-10,87670.1,53.1,Repeat,52,4,2,5,425,New Customers,Active
11970,5,13.0,43769.48,22324.64,2024-01-17,2025-11-24,8753.9,51.01,Repeat,38,5,4,3,543,Loyal Customers,Active
11971,4,8.0,61675.060000000005,35343.950000000004,2024-01-24,2025-12-21,15418.77,57.31,Repeat,11,5,4,4,544,Champions,Active
11972,6,24.0,130551.75,50453.060000000005,2024-01-04,2025-06-21,21758.62,38.65,Repeat,194,2,5,5,255,At Risk,Inactive
11973,4,15.0,72070.57,33976.79,2024-01-02,2025-09-06,18017.64,47.14,Repeat,117,3,4,4,344,Potential Loyalists,At Risk
11974,5,16.0,39057.86,18204.61,2024-04-30,2025-09-19,7811.57,46.61,Repeat,104,4,4,3,443,Loyal Customers,At Risk
11975,4,13.0,40674.53,18255.22,2024-04-28,2025-04-28,10168.63,44.88,Repeat,248,2,4,3,243,At Risk,Inactive
11976,5,7.0,45550.98,21900.58,2024-07-08,2025-10-20,9110.2,48.08,Repeat,73,4,4,3,443,Loyal Customers,Active
11977,3,10.0,25361.88,12094.11,2024-01-26,2024-07-29,8453.96,47.69,Repeat,521,1,2,2,122,Lost Customers,Inactive
11978,2,3.0,1348.87,560.37,2025-02-07,2025-03-07,674.44,41.54,Repeat,300,2,1,1,211,Lost Customers,Inactive
11980,1,3.0,6013.92,1970.97,2024-08-03,2024-08-03,6013.92,32.77,One-time,516,1,1,1,111,Lost Customers,Inactive
11981,3,10.0,91908.23000000001,40719.16,2024-10-27,2025-11-05,30636.08,44.3,Repeat,57,4,2,4,424,New Customers,Active
11982,5,10.0,50602.96,19458.6,2024-04-16,2025-07-27,10120.59,38.45,Repeat,158,3,4,3,343,Potential Loyalists,At Risk
11983,3,10.0,71691.93,35766.55,2025-01-13,2025-07-19,23897.31,49.89,Repeat,166,3,2,4,324,Potential Loyalists,At Risk
11984,4,8.0,52785.76,19952.07,2024-06-01,2025-12-16,13196.44,37.8,Repeat,16,5,4,3,543,Loyal Customers,Active
11985,4,6.0,9142.560000000001,2850.1899999999996,2025-01-24,2025-10-31,2285.64,31.17,Repeat,62,4,4,1,441,Loyal Customers,Active
11986,4,5.0,42561.7,15360.72,2024-02-21,2025-10-03,10640.42,36.09,Repeat,90,4,4,3,443,Loyal Customers,Active
11988,5,10.0,21796.8,10111.25,2024-02-24,2025-07-19,4359.36,46.39,Repeat,166,3,4,2,342,Potential Loyalists,At Risk
11989,6,16.0,68972.12,32834.47,2024-01-18,2025-12-22,11495.35,47.61,Repeat,10,5,5,4,554,Champions,Active
11990,3,7.0,36618.93,16055.33,2024-02-07,2024-09-24,12206.31,43.84,Repeat,464,1,2,3,123,Lost Customers,Inactive
11991,1,5.0,35784.509999999995,14498.93,2025-06-16,2025-06-16,35784.51,40.52,One-time,199,2,1,3,213,Lost Customers,Inactive
11992,3,6.0,9984.34,4403.13,2024-01-03,2025-03-20,3328.11,44.1,Repeat,287,2,2,1,221,Lost Customers,Inactive
11993,6,20.0,166374.01,74347.01,2024-03-28,2025-09-25,27729.0,44.69,Repeat,98,4,5,5,455,Champions,At Risk
11994,5,23.0,153674.83000000002,55296.68,2024-04-04,2025-01-29,30734.97,35.98,Repeat,337,1,4,5,145,At Risk,Inactive
11995,6,13.0,149325.07,68757.85,2024-08-13,2025-06-16,24887.51,46.05,Repeat,199,2,5,5,255,At Risk,Inactive
11996,2,4.0,110775.28,32336.809999999998,2025-01-11,2025-09-05,55387.64,29.19,Repeat,118,3,1,5,315,Potential Loyalists,At Risk
11997,3,9.0,48515.57,19057.899999999998,2024-09-01,2025-07-24,16171.86,39.28,Repeat,161,3,2,3,323,Potential Loyalists,At Risk
11998,2,7.0,30864.84,17036.2,2025-06-23,2025-12-14,15432.42,55.2,Repeat,18,5,1,2,512,New Customers,Active
11999,2,3.0,15403.72,8502.75,2024-01-18,2025-05-12,7701.86,55.2,Repeat,234,2,1,2,212,Lost Customers,Inactive
12000,4,11.0,16902.98,6935.83,2024-10-23,2025-09-29,4225.74,41.03,Repeat,94,4,4,2,442,Loyal Customers,At Risk
12001,4,6.0,12366.64,5396.4400000000005,2024-01-06,2025-01-02,3091.66,43.64,Repeat,364,1,4,1,141,At Risk,Inactive
12002,7,31.0,138135.19,56467.63,2024-01-11,2025-06-26,19733.6,40.88,Repeat,189,2,5,5,255,At Risk,Inactive
12003,3,6.0,4736.55,1999.86,2024-05-12,2025-10-23,1578.85,42.22,Repeat,70,4,2,1,421,New Customers,Active
12004,4,11.0,25605.79,11305.789999999999,2024-01-24,2025-12-29,6401.45,44.15,Repeat,3,5,4,2,542,Loyal Customers,Active
12005,2,10.0,42631.52,21894.38,2025-10-24,2025-12-10,21315.76,51.36,Repeat,22,5,1,3,513,New Customers,Active
12006,3,13.0,116906.61,60039.42999999999,2024-02-11,2025-05-05,38968.87,51.36,Repeat,241,2,2,5,225,Lost Customers,Inactive
12007,1,1.0,1805.5,603.46,2024-07-24,2024-07-24,1805.5,33.42,One-time,526,1,1,1,111,Lost Customers,Inactive
12008,1,3.0,7057.63,3482.5,2025-08-14,2025-08-14,7057.63,49.34,One-time,140,3,1,1,311,Potential Loyalists,At Risk
12009,4,13.0,64936.18,28710.100000000002,2024-05-19,2025-09-06,16234.04,44.21,Repeat,117,3,4,4,344,Potential Loyalists,At Risk
12010,9,15.0,192352.99,96332.69,2024-01-08,2025-12-04,21372.55,50.08,Repeat,28,5,5,5,555,Champions,Active
12011,4,14.0,84488.9,34572.06,2024-07-24,2025-06-20,21122.22,40.92,Repeat,195,2,4,4,244,At Risk,Inactive
12012,5,13.0,65705.51,28735.7,2024-02-21,2025-12-18,13141.1,43.73,Repeat,14,5,4,4,544,Champions,Active
12013,5,9.0,89097.56,48544.04,2025-01-14,2025-12-24,17819.51,54.48,Repeat,8,5,4,4,544,Champions,Active
12014,3,5.0,10886.14,3188.93,2024-04-28,2025-01-25,3628.71,29.29,Repeat,341,1,2,1,121,Lost Customers,Inactive
12015,2,3.0,20029.08,8714.769999999999,2025-04-15,2025-09-01,10014.54,43.51,Repeat,122,3,1,2,312,Potential Loyalists,At Risk
12016,2,8.0,219965.21,100499.67,2024-01-14,2024-03-30,109982.6,45.69,Repeat,642,1,1,5,115,Lost Customers,Inactive
12017,5,15.0,129234.95999999999,54682.59,2025-02-18,2025-09-15,25846.99,42.31,Repeat,108,4,4,5,445,Champions,At Risk
12018,7,19.0,37604.9,15484.49,2024-01-30,2025-11-25,5372.13,41.18,Repeat,37,5,5,3,553,Loyal Customers,Active
12019,3,5.0,11926.93,4098.98,2024-04-14,2025-10-13,3975.64,34.37,Repeat,80,4,2,1,421,New Customers,Active
12020,5,19.0,106410.33,48623.5,2024-06-29,2025-09-04,21282.07,45.69,Repeat,119,3,4,5,345,Potential Loyalists,At Risk
12021,4,10.0,36750.06,16343.48,2024-01-28,2025-06-24,9187.52,44.47,Repeat,191,2,4,3,243,At Risk,Inactive
12022,3,7.0,10277.05,5185.83,2024-01-09,2024-12-04,3425.68,50.46,Repeat,393,1,2,1,121,Lost Customers,Inactive
12023,3,6.0,10074.869999999999,4230.64,2024-01-31,2025-09-25,3358.29,41.99,Repeat,98,4,2,1,421,New Customers,At Risk
12024,5,15.0,53198.78,23082.81,2024-11-02,2025-05-17,10639.76,43.39,Repeat,229,2,4,3,243,At Risk,Inactive
12025,3,14.0,30007.870000000003,12699.67,2024-08-17,2025-10-01,10002.62,42.32,Repeat,92,4,2,2,422,New Customers,At Risk
12026,5,8.0,18546.89,6993.75,2024-01-26,2025-10-08,3709.38,37.71,Repeat,85,4,4,2,442,Loyal Customers,Active
12027,1,1.0,1166.68,449.81,2024-02-26,2024-02-26,1166.68,38.55,One-time,675,1,1,1,111,Lost Customers,Inactive
12028,2,4.0,24339.289999999997,10961.95,2024-03-25,2025-06-30,12169.64,45.04,Repeat,185,3,1,2,312,Potential Loyalists,Inactive
12029,2,3.0,11114.02,3374.01,2025-01-13,2025-07-24,5557.01,30.36,Repeat,161,3,1,1,311,Potential Loyalists,At Risk
12030,3,7.0,19886.47,8589.28,2024-05-18,2025-12-22,6628.82,43.19,Repeat,10,5,2,2,522,New Customers,Active
12031,3,6.0,69629.82,27875.31,2024-05-23,2025-08-28,23209.94,40.03,Repeat,126,3,2,4,324,Potential Loyalists,At Risk
12032,3,13.0,169019.3,54164.74,2024-04-18,2025-08-05,56339.77,32.05,Repeat,149,3,2,5,325,Potential Loyalists,At Risk
12033,4,14.0,160837.66999999998,83148.92,2024-02-19,2025-04-05,40209.42,51.7,Repeat,271,2,4,5,245,At Risk,Inactive
12034,2,10.0,101298.42,47719.87,2024-11-29,2025-04-20,50649.21,47.11,Repeat,256,2,1,5,215,Lost Customers,Inactive
12035,4,12.0,109363.60999999999,48559.56,2025-03-17,2025-11-15,27340.9,44.4,Repeat,47,5,4,5,545,Champions,Active
12036,4,6.0,23130.269999999997,9567.630000000001,2024-01-18,2025-07-16,5782.57,41.36,Repeat,169,3,4,2,342,Potential Loyalists,At Risk
12037,2,3.0,15530.58,7317.0,2024-02-20,2025-11-27,7765.29,47.11,Repeat,35,5,1,2,512,New Customers,Active
12038,4,6.0,17861.65,9006.19,2024-05-31,2025-06-27,4465.41,50.42,Repeat,188,2,4,2,242,At Risk,Inactive
12039,7,14.0,42984.28,17542.85,2024-02-05,2025-10-04,6140.61,40.81,Repeat,89,4,5,3,453,Loyal Customers,Active
12040,5,9.0,50863.399999999994,18666.39,2024-02-28,2025-11-04,10172.68,36.7,Repeat,58,4,4,3,443,Loyal Customers,Active
12041,2,4.0,18655.760000000002,8347.1,2025-03-31,2025-12-30,9327.88,44.74,Repeat,2,5,1,2,512,New Customers,Active
12042,4,6.0,113198.40000000001,43379.93,2024-02-13,2025-07-01,28299.6,38.32,Repeat,184,3,4,5,345,Potential Loyalists,Inactive
12043,3,6.0,53334.35,21230.760000000002,2024-02-13,2025-11-10,17778.12,39.81,Repeat,52,4,2,3,423,New Customers,Active
12044,1,4.0,25027.84,7908.17,2024-11-23,2024-11-23,25027.84,31.6,One-time,404,1,1,2,112,Lost Customers,Inactive
12045,4,8.0,63774.68000000001,23561.35,2024-01-10,2025-04-10,15943.67,36.94,Repeat,266,2,4,4,244,At Risk,Inactive
12046,5,17.0,83753.07,39451.29,2024-04-13,2025-10-29,16750.61,47.1,Repeat,64,4,4,4,444,Champions,Active
12047,3,9.0,50858.380000000005,28105.13,2024-09-07,2025-12-04,16952.79,55.26,Repeat,28,5,2,3,523,New Customers,Active
12048,1,2.0,7394.08,3640.1,2024-06-03,2024-06-03,7394.08,49.23,One-time,577,1,1,1,111,Lost Customers,Inactive
12049,6,17.0,52577.28,21989.27,2024-05-12,2025-03-26,8762.88,41.82,Repeat,281,2,5,3,253,At Risk,Inactive
12050,6,13.0,57712.229999999996,23237.41,2024-09-14,2025-11-19,9618.7,40.26,Repeat,43,5,5,4,554,Champions,Active
12051,1,1.0,661.43,395.25,2025-11-06,2025-11-06,661.43,59.76,One-time,56,4,1,1,411,New Customers,Active
12052,3,8.0,68998.63,20376.83,2025-07-15,2025-11-04,22999.54,29.53,Repeat,58,4,2,4,424,New Customers,Active
12053,5,17.0,76966.13,31324.850000000002,2024-09-17,2025-12-31,15393.23,40.7,Repeat,1,5,4,4,544,Champions,Active
12054,2,8.0,13679.67,5590.74,2024-06-27,2024-09-29,6839.84,40.87,Repeat,459,1,1,1,111,Lost Customers,Inactive
12055,4,9.0,31539.97,14575.48,2024-03-20,2024-10-14,7884.99,46.21,Repeat,444,1,4,2,142,At Risk,Inactive
12057,4,4.0,55542.01,25228.43,2025-01-28,2025-09-02,13885.5,45.42,Repeat,121,3,4,3,343,Potential Loyalists,At Risk
12058,3,9.0,15955.12,7313.01,2024-07-11,2025-12-03,5318.37,45.83,Repeat,29,5,2,2,522,New Customers,Active
12059,4,10.0,20061.26,8017.51,2025-04-04,2025-11-18,5015.31,39.97,Repeat,44,5,4,2,542,Loyal Customers,Active
12060,6,24.0,119587.55,44915.840000000004,2024-04-29,2025-12-27,19931.26,37.56,Repeat,5,5,5,5,555,Champions,Active
12061,6,16.0,301487.38,118640.94,2024-02-19,2025-10-12,50247.9,39.35,Repeat,81,4,5,5,455,Champions,Active
12062,7,9.0,62380.39,32363.22,2024-01-09,2025-11-18,8911.48,51.88,Repeat,44,5,5,4,554,Champions,Active
12063,1,8.0,45897.58,22121.52,2024-03-20,2024-03-20,45897.58,48.2,One-time,652,1,1,3,113,Lost Customers,Inactive
12064,2,5.0,50447.39,24119.95,2025-04-06,2025-05-08,25223.7,47.81,Repeat,238,2,1,3,213,Lost Customers,Inactive
12065,5,14.0,105726.45999999999,38331.1,2024-01-01,2025-06-22,21145.29,36.25,Repeat,193,2,4,5,245,At Risk,Inactive
12066,2,8.0,24008.489999999998,11585.25,2024-08-14,2024-10-19,12004.24,48.25,Repeat,439,1,1,2,112,Lost Customers,Inactive
12067,8,26.0,82351.90000000001,28966.38,2024-02-05,2025-12-22,10293.99,35.17,Repeat,10,5,5,4,554,Champions,Active
12068,5,14.0,71327.62,27663.879999999997,2024-01-29,2025-09-06,14265.52,38.78,Repeat,117,3,4,4,344,Potential Loyalists,At Risk
12069,6,14.0,185289.33000000002,83261.45000000001,2024-01-13,2025-11-30,30881.56,44.94,Repeat,32,5,5,5,555,Champions,Active
12070,5,11.0,94368.54,43275.119999999995,2024-10-23,2025-09-19,18873.71,45.86,Repeat,104,4,4,4,444,Champions,At Risk
12071,2,6.0,43397.69,19745.21,2024-08-30,2025-11-10,21698.84,45.5,Repeat,52,4,1,3,413,New Customers,Active
12072,5,13.0,38906.68,15474.81,2024-03-08,2025-07-25,7781.34,39.77,Repeat,160,3,4,3,343,Potential Loyalists,At Risk
12073,1,5.0,31542.61,14531.68,2024-07-24,2024-07-24,31542.61,46.07,One-time,526,1,1,2,112,Lost Customers,Inactive
12074,4,13.0,71791.56999999999,33786.78,2024-09-20,2025-09-01,17947.89,47.06,Repeat,122,3,4,4,344,Potential Loyalists,At Risk
12075,6,17.0,155137.87,60576.61,2024-06-13,2025-12-22,25856.31,39.05,Repeat,10,5,5,5,555,Champions,Active
12076,5,8.0,20881.989999999998,9179.09,2024-03-23,2025-05-26,4176.4,43.96,Repeat,220,2,4,2,242,At Risk,Inactive
12077,1,2.0,611.88,339.04,2025-03-19,2025-03-19,611.88,55.41,One-time,288,2,1,1,211,Lost Customers,Inactive
12078,3,11.0,44936.37,21196.52,2024-09-13,2025-06-14,14978.79,47.17,Repeat,201,2,2,3,223,Lost Customers,Inactive
12079,5,13.0,30691.34,13937.73,2024-03-17,2025-12-26,6138.27,45.41,Repeat,6,5,4,2,542,Loyal Customers,Active
12080,3,7.0,81136.68000000001,37214.25,2024-02-15,2025-11-28,27045.56,45.87,Repeat,34,5,2,4,524,New Customers,Active
12081,2,4.0,27561.11,10181.88,2024-11-29,2025-09-18,13780.56,36.94,Repeat,105,4,1,2,412,New Customers,At Risk
12082,5,21.0,97563.15,39168.0,2024-05-01,2025-11-28,19512.63,40.15,Repeat,34,5,4,5,545,Champions,Active
12083,1,5.0,9813.11,4624.2300000000005,2024-08-02,2024-08-02,9813.11,47.12,One-time,517,1,1,1,111,Lost Customers,Inactive
12084,3,6.0,66785.76000000001,22158.46,2024-08-13,2025-04-16,22261.92,33.18,Repeat,260,2,2,4,224,Lost Customers,Inactive
12085,2,7.0,12102.78,5670.91,2024-10-10,2025-07-11,6051.39,46.86,Repeat,174,3,1,1,311,Potential Loyalists,At Risk
12086,2,3.0,34299.78,15917.64,2024-04-05,2024-07-15,17149.89,46.41,Repeat,535,1,1,3,113,Lost Customers,Inactive
12087,1,2.0,16918.33,5667.68,2025-01-06,2025-01-06,16918.33,33.5,One-time,360,1,1,2,112,Lost Customers,Inactive
12088,10,24.0,102403.36,40274.63,2024-02-18,2025-12-23,10240.34,39.33,Repeat,9,5,5,5,555,Champions,Active
12089,4,11.0,150599.34,74701.31,2024-12-17,2025-11-03,37649.84,49.6,Repeat,59,4,4,5,445,Champions,Active
12090,4,17.0,170554.93000000002,81784.65000000001,2024-10-06,2025-11-28,42638.73,47.95,Repeat,34,5,4,5,545,Champions,Active
12091,3,10.0,178871.22,69837.93000000001,2024-12-10,2025-09-12,59623.74,39.04,Repeat,111,3,2,5,325,Potential Loyalists,At Risk
12092,5,21.0,147102.23,67937.55,2024-10-24,2025-07-29,29420.45,46.18,Repeat,156,3,4,5,345,Potential Loyalists,At Risk
12093,3,7.0,10157.810000000001,3821.87,2024-02-11,2025-06-02,3385.94,37.62,Repeat,213,2,2,1,221,Lost Customers,Inactive
12094,5,17.0,99792.79,43139.22,2024-04-24,2025-04-11,19958.56,43.23,Repeat,265,2,4,5,245,At Risk,Inactive
12095,5,15.0,91774.70999999999,40785.71,2024-08-17,2025-11-29,18354.94,44.44,Repeat,33,5,4,4,544,Champions,Active
12096,2,2.0,10899.0,4547.35,2025-03-23,2025-09-13,5449.5,41.72,Repeat,110,3,1,1,311,Potential Loyalists,At Risk
12097,4,12.0,107273.09999999999,42843.28,2024-04-27,2025-09-13,26818.28,39.94,Repeat,110,3,4,5,345,Potential Loyalists,At Risk
12098,7,14.0,70554.84,26455.86,2024-04-05,2025-08-24,10079.26,37.5,Repeat,130,3,5,4,354,Potential Loyalists,At Risk
12099,3,6.0,19560.7,9405.8,2024-07-19,2024-11-09,6520.23,48.09,Repeat,418,1,2,2,122,Lost Customers,Inactive
12100,5,15.0,121627.31,64285.58,2024-02-10,2025-11-04,24325.46,52.85,Repeat,58,4,4,5,445,Champions,Active
12101,3,16.0,72779.95999999999,31383.66,2024-01-04,2025-06-17,24259.99,43.12,Repeat,198,2,2,4,224,Lost Customers,Inactive
12102,2,7.0,64707.06,34571.149999999994,2024-09-09,2025-04-11,32353.53,53.43,Repeat,265,2,1,4,214,Lost Customers,Inactive
12103,8,26.0,250909.77,103911.64,2024-05-20,2025-10-22,31363.72,41.41,Repeat,71,4,5,5,455,Champions,Active
12104,4,9.0,52940.53,26380.870000000003,2024-01-11,2024-07-21,13235.13,49.83,Repeat,529,1,4,3,143,At Risk,Inactive
12105,5,19.0,75387.18000000001,33374.69,2024-05-31,2025-11-14,15077.44,44.27,Repeat,48,5,4,4,544,Champions,Active
12106,2,2.0,3931.68,1324.17,2025-06-19,2025-10-02,1965.84,33.68,Repeat,91,4,1,1,411,New Customers,At Risk
12107,6,12.0,71166.9,29951.13,2024-05-22,2025-07-05,11861.15,42.09,Repeat,180,3,5,4,354,Potential Loyalists,At Risk
12108,6,14.0,39063.64,16489.41,2024-05-06,2025-11-14,6510.61,42.21,Repeat,48,5,5,3,553,Loyal Customers,Active
12109,1,1.0,619.36,193.99,2025-06-05,2025-06-05,619.36,31.32,One-time,210,2,1,1,211,Lost Customers,Inactive
12110,3,10.0,72395.29000000001,27538.71,2024-06-19,2024-08-17,24131.76,38.04,Repeat,502,1,2,4,124,Lost Customers,Inactive
12111,5,15.0,51792.59,23691.41,2024-03-01,2024-12-25,10358.52,45.74,Repeat,372,1,4,3,143,At Risk,Inactive
12112,2,6.0,126248.4,49843.81,2024-07-14,2024-12-02,63124.2,39.48,Repeat,395,1,1,5,115,Lost Customers,Inactive
12113,2,4.0,47673.630000000005,18967.02,2024-06-24,2025-01-15,23836.82,39.79,Repeat,351,1,1,3,113,Lost Customers,Inactive
12114,2,7.0,35644.59,18169.08,2024-04-02,2024-04-20,17822.29,50.97,Repeat,621,1,1,3,113,Lost Customers,Inactive
12115,6,17.0,94065.53,32239.76,2024-01-24,2025-09-14,15677.59,34.27,Repeat,109,4,5,4,454,Champions,At Risk
12116,2,5.0,14435.710000000001,5367.87,2024-04-28,2024-12-13,7217.86,37.18,Repeat,384,1,1,1,111,Lost Customers,Inactive
12118,7,23.0,77616.94,35885.36,2024-02-20,2025-09-30,11088.13,46.23,Repeat,93,4,5,4,454,Champions,At Risk
12119,1,1.0,1047.8,302.94,2024-09-29,2024-09-29,1047.8,28.91,One-time,459,1,1,1,111,Lost Customers,Inactive
12120,1,6.0,34783.94,15571.18,2025-09-04,2025-09-04,34783.94,44.77,One-time,119,3,1,3,313,Potential Loyalists,At Risk
12121,3,6.0,12248.5,5895.69,2024-09-17,2025-05-06,4082.83,48.13,Repeat,240,2,2,1,221,Lost Customers,Inactive
12122,1,3.0,63967.880000000005,22210.9,2025-09-07,2025-09-07,63967.88,34.72,One-time,116,3,1,4,314,Potential Loyalists,At Risk
12123,3,9.0,29041.93,12502.32,2024-03-12,2025-10-10,9680.64,43.05,Repeat,83,4,2,2,422,New Customers,Active
12124,6,21.0,167510.75,71499.0,2025-01-02,2025-10-26,27918.46,42.68,Repeat,67,4,5,5,455,Champions,Active
12125,3,8.0,12915.77,6108.02,2024-05-07,2025-06-12,4305.26,47.29,Repeat,203,2,2,1,221,Lost Customers,Inactive
12126,1,1.0,1778.84,689.22,2024-11-11,2024-11-11,1778.84,38.75,One-time,416,1,1,1,111,Lost Customers,Inactive
12127,7,17.0,43440.89,19084.93,2024-04-22,2025-11-04,6205.84,43.93,Repeat,58,4,5,3,453,Loyal Customers,Active
12128,7,15.0,70579.05,22884.06,2024-03-19,2025-08-16,10082.72,32.42,Repeat,138,3,5,4,354,Potential Loyalists,At Risk
12129,7,17.0,279879.19,129348.76999999999,2024-02-24,2025-12-16,39982.74,46.22,Repeat,16,5,5,5,555,Champions,Active
12130,4,4.0,55488.24,13435.33,2024-01-02,2025-08-20,13872.06,24.21,Repeat,134,3,4,3,343,Potential Loyalists,At Risk
12131,3,5.0,51122.740000000005,26253.61,2024-08-22,2025-07-08,17040.91,51.35,Repeat,177,3,2,3,323,Potential Loyalists,At Risk
12132,3,6.0,116539.64,53831.380000000005,2024-05-14,2025-06-08,38846.55,46.19,Repeat,207,2,2,5,225,Lost Customers,Inactive
12133,4,13.0,128116.43000000001,48894.770000000004,2024-05-25,2025-08-19,32029.11,38.16,Repeat,135,3,4,5,345,Potential Loyalists,At Risk
12134,3,9.0,28577.33,12621.769999999999,2024-02-27,2025-01-26,9525.78,44.17,Repeat,340,1,2,2,122,Lost Customers,Inactive
12135,5,10.0,76623.09,35098.61,2024-10-05,2025-09-04,15324.62,45.81,Repeat,119,3,4,4,344,Potential Loyalists,At Risk
12136,7,28.0,55590.16,22024.64,2024-02-04,2025-10-11,7941.45,39.62,Repeat,82,4,5,3,453,Loyal Customers,Active
12137,8,26.0,152573.35,72497.11,2024-03-19,2025-09-28,19071.67,47.52,Repeat,95,4,5,5,455,Champions,At Risk
12138,3,7.0,33941.36,13896.55,2024-06-10,2025-05-10,11313.79,40.94,Repeat,236,2,2,3,223,Lost Customers,Inactive
12139,5,16.0,87551.0,40849.07,2024-09-28,2025-04-21,17510.2,46.66,Repeat,255,2,4,4,244,At Risk,Inactive
12140,2,11.0,367428.73000000004,192177.16,2024-01-30,2025-04-23,183714.37,52.3,Repeat,253,2,1,5,215,Lost Customers,Inactive
12141,3,11.0,20069.21,9842.58,2025-03-16,2025-11-17,6689.74,49.04,Repeat,45,5,2,2,522,New Customers,Active
12142,3,11.0,36653.5,17428.47,2025-06-14,2025-10-31,12217.83,47.55,Repeat,62,4,2,3,423,New Customers,Active
12143,5,12.0,37664.009999999995,15029.45,2024-09-18,2025-09-03,7532.8,39.9,Repeat,120,3,4,3,343,Potential Loyalists,At Risk
12144,6,20.0,99707.36,38905.25,2024-02-04,2025-12-25,16617.89,39.02,Repeat,7,5,5,5,555,Champions,Active
12145,4,16.0,92100.37,42562.130000000005,2024-05-18,2025-08-08,23025.09,46.21,Repeat,146,3,4,4,344,Potential Loyalists,At Risk
12146,5,13.0,23145.29,9843.55,2024-05-07,2025-06-06,4629.06,42.53,Repeat,209,2,4,2,242,At Risk,Inactive
12147,5,8.0,94969.70000000001,39586.799999999996,2024-05-12,2025-11-18,18993.94,41.68,Repeat,44,5,4,4,544,Champions,Active
12148,4,6.0,26045.370000000003,14235.4,2024-03-01,2025-09-22,6511.34,54.66,Repeat,101,4,4,2,442,Loyal Customers,At Risk
12149,3,12.0,243250.44,117442.08,2024-01-13,2025-08-01,81083.48,48.28,Repeat,153,3,2,5,325,Potential Loyalists,At Risk
12150,3,5.0,47430.52,23605.81,2025-04-21,2025-11-17,15810.17,49.77,Repeat,45,5,2,3,523,New Customers,Active
12151,3,10.0,15013.61,6689.88,2024-05-16,2025-11-19,5004.54,44.56,Repeat,43,5,2,2,522,New Customers,Active
12152,1,3.0,865.78,265.24,2025-01-10,2025-01-10,865.78,30.64,One-time,356,1,1,1,111,Lost Customers,Inactive
12153,5,12.0,103329.01,52126.86,2024-07-18,2025-05-01,20665.8,50.45,Repeat,245,2,4,5,245,At Risk,Inactive
12154,3,6.0,137667.04,71237.88,2024-09-26,2025-11-11,45889.01,51.75,Repeat,51,4,2,5,425,New Customers,Active
12155,2,9.0,19341.11,7466.92,2024-07-03,2025-06-25,9670.56,38.61,Repeat,190,2,1,2,212,Lost Customers,Inactive
12156,5,9.0,33360.32,15158.59,2024-02-07,2025-05-31,6672.06,45.44,Repeat,215,2,4,3,243,At Risk,Inactive
12157,2,2.0,66391.15,29764.86,2025-08-05,2025-09-25,33195.57,44.83,Repeat,98,4,1,4,414,New Customers,At Risk
12158,2,7.0,23305.75,10831.559999999998,2024-04-01,2025-02-11,11652.88,46.48,Repeat,324,1,1,2,112,Lost Customers,Inactive
12159,2,4.0,70032.09,38469.57,2024-02-17,2025-04-27,35016.04,54.93,Repeat,249,2,1,4,214,Lost Customers,Inactive
12160,3,11.0,96878.97,47876.61,2024-07-24,2024-11-07,32292.99,49.42,Repeat,420,1,2,4,124,Lost Customers,Inactive
12161,4,8.0,83389.10999999999,28534.0,2024-05-18,2025-11-28,20847.28,34.22,Repeat,34,5,4,4,544,Champions,Active
12162,3,4.0,63369.33,30859.700000000004,2024-11-17,2025-05-03,21123.11,48.7,Repeat,243,2,3,4,234,At Risk,Inactive
12163,3,11.0,28823.53,11682.3,2024-01-01,2024-06-02,9607.84,40.53,Repeat,578,1,3,2,132,At Risk,Inactive
12164,4,9.0,105385.34,43646.2,2024-03-29,2025-10-04,26346.34,41.42,Repeat,89,4,4,5,445,Champions,Active
12165,1,8.0,39139.990000000005,17123.81,2025-02-26,2025-02-26,39139.99,43.75,One-time,309,2,1,3,213,Lost Customers,Inactive
12166,1,5.0,11202.14,5400.48,2024-06-24,2024-06-24,11202.14,48.21,One-time,556,1,1,1,111,Lost Customers,Inactive
12167,4,9.0,36249.27,17065.86,2024-04-19,2025-05-25,9062.32,47.08,Repeat,221,2,4,3,243,At Risk,Inactive
12168,4,5.0,51193.71,24472.840000000004,2024-04-05,2025-09-10,12798.43,47.8,Repeat,113,3,4,3,343,Potential Loyalists,At Risk
12169,5,16.0,116875.38,48006.02,2024-08-07,2025-05-22,23375.08,41.07,Repeat,224,2,4,5,245,At Risk,Inactive
12170,2,3.0,36314.46,18071.29,2024-02-29,2024-06-25,18157.23,49.76,Repeat,555,1,1,3,113,Lost Customers,Inactive
12171,4,7.0,62007.01,31675.85,2024-07-26,2025-10-30,15501.75,51.08,Repeat,63,4,4,4,444,Champions,Active
12172,4,9.0,71771.63,34800.25,2024-05-03,2025-11-15,17942.91,48.49,Repeat,47,5,4,4,544,Champions,Active
12173,3,9.0,12634.279999999999,5889.5,2024-01-01,2025-10-22,4211.43,46.62,Repeat,71,4,3,1,431,Loyal Customers,Active
12174,1,4.0,8357.69,3849.43,2024-11-03,2024-11-03,8357.69,46.06,One-time,424,1,1,1,111,Lost Customers,Inactive
12175,2,4.0,21495.78,9978.1,2025-07-03,2025-12-21,10747.89,46.42,Repeat,11,5,1,2,512,New Customers,Active
12176,3,11.0,54865.590000000004,17487.83,2024-06-10,2024-12-06,18288.53,31.87,Repeat,391,1,3,3,133,At Risk,Inactive
12177,4,12.0,36634.2,16677.89,2024-04-19,2025-04-10,9158.55,45.53,Repeat,266,2,4,3,243,At Risk,Inactive
12178,3,4.0,11515.380000000001,6137.01,2024-06-12,2025-05-16,3838.46,53.29,Repeat,230,2,3,1,231,At Risk,Inactive
12179,3,10.0,88988.53,50698.939999999995,2025-01-17,2025-12-16,29662.84,56.97,Repeat,16,5,3,4,534,Loyal Customers,Active
12180,3,12.0,92948.58,38982.0,2024-07-26,2025-03-03,30982.86,41.94,Repeat,304,2,3,4,234,At Risk,Inactive
12181,1,2.0,4168.360000000001,1445.19,2025-03-05,2025-03-05,4168.36,34.67,One-time,302,2,1,1,211,Lost Customers,Inactive
12182,7,14.0,66765.85,25936.68,2024-01-28,2025-09-21,9537.98,38.85,Repeat,102,4,5,4,454,Champions,At Risk
12183,4,13.0,28159.54,15732.080000000002,2024-06-03,2025-11-17,7039.88,55.87,Repeat,45,5,4,2,542,Loyal Customers,Active
12184,5,8.0,22675.32,10759.51,2024-03-02,2025-09-26,4535.06,47.45,Repeat,97,4,4,2,442,Loyal Customers,At Risk
12185,3,5.0,61642.270000000004,20633.41,2024-02-28,2025-06-26,20547.42,33.47,Repeat,189,2,3,4,234,At Risk,Inactive
12186,4,9.0,119429.87000000001,54712.89,2024-01-18,2025-07-24,29857.47,45.81,Repeat,161,3,4,5,345,Potential Loyalists,At Risk
12187,3,4.0,82141.84,38528.76,2024-12-12,2025-11-29,27380.61,46.91,Repeat,33,5,3,4,534,Loyal Customers,Active
12188,5,10.0,35737.93,14908.23,2024-03-29,2025-10-24,7147.59,41.72,Repeat,69,4,4,3,443,Loyal Customers,Active
12189,2,7.0,49834.07,20025.44,2024-01-16,2025-11-29,24917.04,40.18,Repeat,33,5,1,3,513,New Customers,Active
12190,6,18.0,71081.8,33933.29,2024-02-04,2025-06-23,11846.97,47.74,Repeat,192,2,5,4,254,At Risk,Inactive
12191,2,5.0,45613.979999999996,13655.17,2024-03-13,2025-04-07,22806.99,29.94,Repeat,269,2,1,3,213,Lost Customers,Inactive
12192,1,4.0,8472.08,3483.58,2024-02-11,2024-02-11,8472.08,41.12,One-time,690,1,1,1,111,Lost Customers,Inactive
12193,4,15.0,46439.99,17410.06,2024-01-10,2025-09-11,11610.0,37.49,Repeat,112,3,4,3,343,Potential Loyalists,At Risk
12194,2,7.0,45823.97000000001,14650.359999999999,2024-05-28,2025-12-16,22911.99,31.97,Repeat,16,5,1,3,513,New Customers,Active
12196,3,12.0,73041.14,41787.29,2024-03-26,2025-04-29,24347.05,57.21,Repeat,247,2,3,4,234,At Risk,Inactive
12198,3,6.0,26891.57,10340.68,2024-11-13,2025-01-10,8963.86,38.45,Repeat,356,1,3,2,132,At Risk,Inactive
12199,3,10.0,51194.950000000004,16576.47,2024-05-12,2025-11-06,17064.98,32.38,Repeat,56,4,3,3,433,Loyal Customers,Active
12200,3,6.0,77335.99,39466.409999999996,2025-03-08,2025-05-06,25778.66,51.03,Repeat,240,2,3,4,234,At Risk,Inactive
12201,4,15.0,95204.48999999999,37222.25,2024-03-03,2024-10-02,23801.12,39.1,Repeat,456,1,4,4,144,At Risk,Inactive
12202,2,11.0,33760.65,14401.869999999999,2024-04-10,2025-09-26,16880.32,42.66,Repeat,97,4,1,3,413,New Customers,At Risk
12203,4,11.0,49805.49,21135.76,2024-05-23,2025-05-09,12451.37,42.44,Repeat,237,2,4,3,243,At Risk,Inactive
12204,4,13.0,49674.73,23605.17,2024-08-15,2025-12-10,12418.68,47.52,Repeat,22,5,4,3,543,Loyal Customers,Active
12205,2,4.0,16420.47,7389.38,2025-01-22,2025-06-12,8210.24,45.0,Repeat,203,2,1,2,212,Lost Customers,Inactive
12206,5,12.0,80600.91,43056.090000000004,2024-07-08,2025-04-24,16120.18,53.42,Repeat,252,2,4,4,244,At Risk,Inactive
12207,4,7.0,58737.66,28403.870000000003,2024-02-25,2025-10-18,14684.42,48.36,Repeat,75,4,4,4,444,Champions,Active
12208,6,13.0,35712.18,13356.89,2024-02-29,2025-11-12,5952.03,37.4,Repeat,50,4,5,3,453,Loyal Customers,Active
12209,1,4.0,77082.81,29572.85,2024-08-25,2024-08-25,77082.81,38.37,One-time,494,1,1,4,114,Lost Customers,Inactive
12210,5,16.0,216593.11,109913.45999999999,2024-01-18,2024-12-20,43318.62,50.75,Repeat,377,1,4,5,145,At Risk,Inactive
12211,13,30.0,105455.26,44630.58,2024-02-01,2025-10-21,8111.94,42.32,Repeat,72,4,5,5,455,Champions,Active
12212,5,15.0,118590.58,61744.56,2024-07-14,2025-08-16,23718.12,52.07,Repeat,138,3,4,5,345,Potential Loyalists,At Risk
12213,4,9.0,23648.66,11600.41,2024-07-05,2025-07-21,5912.16,49.05,Repeat,164,3,4,2,342,Potential Loyalists,At Risk
12214,3,10.0,27406.89,12138.53,2024-04-27,2025-02-19,9135.63,44.29,Repeat,316,2,3,2,232,At Risk,Inactive
12215,3,12.0,123803.24999999999,48448.159999999996,2024-01-29,2024-11-10,41267.75,39.13,Repeat,417,1,3,5,135,At Risk,Inactive
12216,2,2.0,28746.48,14215.230000000001,2025-03-12,2025-07-21,14373.24,49.45,Repeat,164,3,1,2,312,Potential Loyalists,At Risk
12217,4,5.0,15424.310000000001,8445.57,2024-04-17,2024-06-25,3856.08,54.75,Repeat,555,1,4,2,142,At Risk,Inactive
12218,3,8.0,109660.0,37714.380000000005,2024-01-24,2024-05-23,36553.33,34.39,Repeat,588,1,3,5,135,At Risk,Inactive
12219,1,1.0,1462.39,693.07,2025-10-19,2025-10-19,1462.39,47.39,One-time,74,4,1,1,411,New Customers,Active
12220,6,18.0,103648.89,38607.229999999996,2024-01-05,2025-09-02,17274.81,37.25,Repeat,121,3,5,5,355,Potential Loyalists,At Risk
12221,6,14.0,37199.6,14013.07,2024-08-04,2025-06-03,6199.93,37.67,Repeat,212,2,5,3,253,At Risk,Inactive
12222,4,11.0,32561.57,16014.71,2024-01-23,2025-10-31,8140.39,49.18,Repeat,62,4,4,2,442,Loyal Customers,Active
12223,2,8.0,107490.92,53451.469999999994,2024-09-08,2025-06-29,53745.46,49.73,Repeat,186,2,1,5,215,Lost Customers,Inactive
12224,1,7.0,49871.41999999999,17636.6,2024-07-07,2024-07-07,49871.42,35.36,One-time,543,1,1,3,113,Lost Customers,Inactive
12225,5,10.0,24531.539999999997,11270.71,2024-09-02,2025-12-13,4906.31,45.94,Repeat,19,5,4,2,542,Loyal Customers,Active
12227,3,10.0,135448.17,66326.55,2024-03-27,2024-09-06,45149.39,48.97,Repeat,482,1,3,5,135,At Risk,Inactive
12228,4,9.0,73674.41,30340.53,2024-04-26,2025-04-04,18418.6,41.18,Repeat,272,2,4,4,244,At Risk,Inactive
12229,1,3.0,1885.08,1086.54,2025-06-12,2025-06-12,1885.08,57.64,One-time,203,2,1,1,211,Lost Customers,Inactive
12230,2,12.0,37065.95,13603.460000000001,2025-08-27,2025-10-06,18532.97,36.7,Repeat,87,4,1,3,413,New Customers,Active
12231,4,9.0,12818.35,6185.67,2024-03-24,2025-08-20,3204.59,48.26,Repeat,134,3,4,1,341,Potential Loyalists,At Risk
12232,3,14.0,78253.22,33330.479999999996,2024-11-07,2025-07-09,26084.41,42.59,Repeat,176,3,3,4,334,Potential Loyalists,At Risk
12233,5,9.0,41920.38,18311.44,2024-01-25,2025-12-27,8384.08,43.68,Repeat,5,5,4,3,543,Loyal Customers,Active
12234,2,9.0,199162.41,71185.26000000001,2025-01-11,2025-05-10,99581.2,35.74,Repeat,236,2,1,5,215,Lost Customers,Inactive
12235,3,12.0,147425.87,71822.91,2024-01-03,2025-06-22,49141.96,48.72,Repeat,193,2,3,5,235,At Risk,Inactive
12236,5,10.0,40098.6,18422.5,2024-03-03,2025-09-10,8019.72,45.94,Repeat,113,3,4,3,343,Potential Loyalists,At Risk
12237,1,6.0,45203.2,18505.21,2024-11-08,2024-11-08,45203.2,40.94,One-time,419,1,1,3,113,Lost Customers,Inactive
12238,2,4.0,9415.87,5306.97,2024-09-17,2025-03-26,4707.94,56.36,Repeat,281,2,1,1,211,Lost Customers,Inactive
12239,6,24.0,156337.22,72629.91,2024-04-01,2025-08-11,26056.2,46.46,Repeat,143,3,5,5,355,Potential Loyalists,At Risk
12240,3,13.0,77001.29000000001,40290.34,2024-03-06,2025-01-16,25667.1,52.32,Repeat,350,1,3,4,134,At Risk,Inactive
12241,1,1.0,914.34,503.57,2024-02-18,2024-02-18,914.34,55.07,One-time,683,1,1,1,111,Lost Customers,Inactive
12242,1,5.0,20380.86,8194.51,2025-06-30,2025-06-30,20380.86,40.21,One-time,185,3,1,2,312,Potential Loyalists,Inactive
12243,6,16.0,185030.1,84630.34,2024-03-30,2025-10-06,30838.35,45.74,Repeat,87,4,5,5,455,Champions,Active
12244,1,2.0,64451.420000000006,22918.48,2024-04-19,2024-04-19,64451.42,35.56,One-time,622,1,1,4,114,Lost Customers,Inactive
12245,2,3.0,120042.81999999999,38453.7,2024-03-25,2025-01-02,60021.41,32.03,Repeat,364,1,1,5,115,Lost Customers,Inactive
12246,1,3.0,25443.67,11672.86,2024-10-15,2024-10-15,25443.67,45.88,One-time,443,1,1,2,112,Lost Customers,Inactive
12247,1,3.0,5755.37,1953.8400000000001,2024-06-18,2024-06-18,5755.37,33.95,One-time,562,1,1,1,111,Lost Customers,Inactive
12248,5,9.0,29807.73,13860.99,2024-04-14,2025-10-07,5961.55,46.5,Repeat,86,4,4,2,442,Loyal Customers,Active
12249,3,4.0,13418.97,6342.41,2024-11-14,2025-12-30,4472.99,47.26,Repeat,2,5,3,1,531,Loyal Customers,Active
12250,3,7.0,50985.67,24768.09,2024-11-15,2025-07-22,16995.22,48.58,Repeat,163,3,3,3,333,Potential Loyalists,At Risk
12251,5,14.0,34374.65,15867.48,2024-02-28,2025-09-08,6874.93,46.16,Repeat,115,3,4,3,343,Potential Loyalists,At Risk
12252,4,13.0,117199.6,45136.58,2024-05-07,2025-08-30,29299.9,38.51,Repeat,124,3,4,5,345,Potential Loyalists,At Risk
12253,1,3.0,21962.75,8061.51,2024-03-31,2024-03-31,21962.75,36.71,One-time,641,1,1,2,112,Lost Customers,Inactive
12254,4,11.0,42655.95,18654.29,2024-08-13,2025-10-31,10663.99,43.73,Repeat,62,4,4,3,443,Loyal Customers,Active
12255,3,6.0,15811.17,5923.69,2024-05-16,2025-06-09,5270.39,37.47,Repeat,206,2,3,2,232,At Risk,Inactive
12256,7,12.0,211924.15,114231.68,2024-05-29,2025-10-20,30274.88,53.9,Repeat,73,4,5,5,455,Champions,Active
12257,6,21.0,63843.5,23353.39,2024-02-26,2025-12-15,10640.58,36.58,Repeat,17,5,5,4,554,Champions,Active
12258,8,30.0,295024.45,139648.12,2024-06-24,2025-10-21,36878.06,47.33,Repeat,72,4,5,5,455,Champions,Active
12259,4,12.0,61608.97,21514.51,2024-07-05,2025-12-01,15402.24,34.92,Repeat,31,5,4,4,544,Champions,Active
12260,7,22.0,132345.74000000002,47484.37,2024-02-24,2025-10-17,18906.53,35.88,Repeat,76,4,5,5,455,Champions,Active
12262,5,13.0,42801.35,20407.670000000002,2024-01-26,2025-03-14,8560.27,47.68,Repeat,293,2,4,3,243,At Risk,Inactive
12263,3,6.0,24171.98,9656.919999999998,2024-01-10,2024-11-14,8057.33,39.95,Repeat,413,1,3,2,132,At Risk,Inactive
12264,2,3.0,41452.85,15856.82,2024-02-14,2024-06-27,20726.42,38.25,Repeat,553,1,1,3,113,Lost Customers,Inactive
12266,3,11.0,28748.9,13015.89,2024-09-21,2025-05-22,9582.97,45.27,Repeat,224,2,3,2,232,At Risk,Inactive
12267,4,16.0,46948.39,20332.34,2024-01-22,2025-04-12,11737.1,43.31,Repeat,264,2,4,3,243,At Risk,Inactive
12268,10,26.0,308974.72,142681.31,2024-01-28,2025-12-20,30897.47,46.18,Repeat,12,5,5,5,555,Champions,Active
12269,2,8.0,88590.63,45584.69,2024-02-29,2024-08-23,44295.32,51.46,Repeat,496,1,1,4,114,Lost Customers,Inactive
12270,3,10.0,101943.59,50523.18,2024-03-11,2025-06-14,33981.2,49.56,Repeat,201,2,3,5,235,At Risk,Inactive
12271,4,10.0,14539.99,6630.01,2024-07-14,2025-12-08,3635.0,45.6,Repeat,24,5,4,1,541,Loyal Customers,Active
12272,6,23.0,105931.54000000001,49764.01,2024-04-18,2025-09-04,17655.26,46.98,Repeat,119,3,5,5,355,Potential Loyalists,At Risk
12273,3,4.0,37956.03,19799.22,2024-10-17,2025-11-07,12652.01,52.16,Repeat,55,4,3,3,433,Loyal Customers,Active
12274,6,18.0,160809.68,60180.82,2024-03-11,2025-11-15,26801.61,37.42,Repeat,47,5,5,5,555,Champions,Active
12275,3,9.0,213618.27999999997,106029.18,2024-04-15,2024-11-16,71206.09,49.63,Repeat,411,1,3,5,135,At Risk,Inactive
12276,4,8.0,38825.56,15403.18,2024-03-14,2025-12-31,9706.39,39.67,Repeat,1,5,4,3,543,Loyal Customers,Active
12277,1,2.0,3631.13,1625.0700000000002,2025-08-31,2025-08-31,3631.13,44.75,One-time,123,3,1,1,311,Potential Loyalists,At Risk
12278,3,10.0,29192.2,11872.16,2024-09-25,2025-11-30,9730.73,40.67,Repeat,32,5,3,2,532,Loyal Customers,Active
12279,3,3.0,10342.47,5474.46,2024-08-17,2025-01-08,3447.49,52.93,Repeat,358,1,3,1,131,At Risk,Inactive
12281,5,15.0,85015.16,33486.15,2024-08-06,2025-11-12,17003.03,39.39,Repeat,50,4,4,4,444,Champions,Active
12282,5,14.0,288383.94,144633.8,2024-06-23,2025-02-08,57676.79,50.15,Repeat,327,1,4,5,145,At Risk,Inactive
12283,5,12.0,114156.1,58012.369999999995,2024-03-12,2025-09-07,22831.22,50.82,Repeat,116,3,4,5,345,Potential Loyalists,At Risk
12284,2,6.0,88894.73,48951.93,2024-05-15,2025-05-08,44447.36,55.07,Repeat,238,2,1,4,214,Lost Customers,Inactive
12285,3,4.0,61313.14,19658.16,2024-01-14,2025-09-05,20437.71,32.06,Repeat,118,3,3,4,334,Potential Loyalists,At Risk
12286,4,13.0,120283.87000000001,47281.03,2024-03-23,2025-11-29,30070.97,39.31,Repeat,33,5,4,5,545,Champions,Active
12287,5,16.0,114572.20999999999,50360.83,2024-09-22,2025-07-03,22914.44,43.96,Repeat,182,3,4,5,345,Potential Loyalists,Inactive
12288,2,4.0,54494.81,25422.67,2024-03-03,2024-06-23,27247.4,46.65,Repeat,557,1,1,3,113,Lost Customers,Inactive
12289,2,7.0,11253.32,6149.94,2024-05-23,2025-11-12,5626.66,54.65,Repeat,50,4,1,1,411,New Customers,Active
12290,6,19.0,75469.41,30061.48,2024-03-31,2025-12-10,12578.24,39.83,Repeat,22,5,5,4,554,Champions,Active
12291,2,6.0,17571.13,7315.3099999999995,2024-07-27,2025-12-02,8785.56,41.63,Repeat,30,5,1,2,512,New Customers,Active
12292,4,13.0,71059.11,31018.879999999997,2025-02-01,2025-11-04,17764.78,43.65,Repeat,58,4,4,4,444,Champions,Active
12293,6,13.0,39171.29,18907.89,2024-01-08,2025-10-27,6528.55,48.27,Repeat,66,4,5,3,453,Loyal Customers,Active
12294,3,8.0,9377.32,3577.0,2024-06-24,2025-12-28,3125.77,38.15,Repeat,4,5,3,1,531,Loyal Customers,Active
12295,3,4.0,52589.61,28319.15,2024-01-31,2024-09-21,17529.87,53.85,Repeat,467,1,3,3,133,At Risk,Inactive
12296,5,14.0,31105.5,14690.78,2024-02-01,2025-07-03,6221.1,47.23,Repeat,182,3,4,2,342,Potential Loyalists,Inactive
12297,2,5.0,20088.64,8084.92,2024-03-07,2025-10-03,10044.32,40.25,Repeat,90,4,1,2,412,New Customers,Active
12298,3,15.0,71834.79000000001,35557.89,2024-01-17,2025-05-03,23944.93,49.5,Repeat,243,2,3,4,234,At Risk,Inactive
12299,8,19.0,68401.38,33779.47,2024-01-31,2025-12-18,8550.17,49.38,Repeat,14,5,5,4,554,Champions,Active
12300,2,2.0,10274.01,3863.21,2024-07-22,2024-08-09,5137.0,37.6,Repeat,510,1,1,1,111,Lost Customers,Inactive
12301,6,14.0,50659.55,17253.68,2024-05-07,2025-11-07,8443.26,34.06,Repeat,55,4,5,3,453,Loyal Customers,Active
12302,3,6.0,20384.59,8941.54,2024-10-18,2025-04-07,6794.86,43.86,Repeat,269,2,3,2,232,At Risk,Inactive
12303,6,21.0,147478.58000000002,52477.57,2024-06-06,2025-12-19,24579.76,35.58,Repeat,13,5,5,5,555,Champions,Active
12306,3,3.0,5218.05,1883.42,2024-12-17,2025-05-21,1739.35,36.09,Repeat,225,2,3,1,231,At Risk,Inactive
12307,4,10.0,49394.42,18799.379999999997,2024-03-22,2024-08-15,12348.6,38.06,Repeat,504,1,4,3,143,At Risk,Inactive
12308,4,8.0,79215.34,38955.56,2024-06-25,2025-11-27,19803.84,49.18,Repeat,35,5,4,4,544,Champions,Active
12309,7,16.0,142633.40000000002,72471.1,2024-01-07,2025-09-17,20376.2,50.81,Repeat,106,4,5,5,455,Champions,At Risk
12310,4,9.0,55755.62,19356.67,2024-06-29,2025-03-18,13938.9,34.72,Repeat,289,2,4,3,243,At Risk,Inactive
12311,4,17.0,195967.05,92407.89,2024-04-25,2025-01-20,48991.76,47.15,Repeat,346,1,4,5,145,At Risk,Inactive
12312,3,11.0,130441.48,57399.96,2024-10-23,2025-05-14,43480.49,44.0,Repeat,232,2,3,5,235,At Risk,Inactive
12313,4,10.0,147884.56,52324.97,2024-04-15,2025-12-11,36971.14,35.38,Repeat,21,5,4,5,545,Champions,Active
12314,4,15.0,112949.53,61063.96,2024-04-18,2025-06-04,28237.38,54.06,Repeat,211,2,4,5,245,At Risk,Inactive
12315,5,10.0,230641.28999999998,131773.67,2024-09-01,2025-06-10,46128.26,57.13,Repeat,205,2,4,5,245,At Risk,Inactive
12316,1,1.0,7920.12,3924.08,2024-02-04,2024-02-04,7920.12,49.55,One-time,697,1,1,1,111,Lost Customers,Inactive
12317,7,16.0,64714.39,22917.57,2024-05-21,2025-08-27,9244.91,35.41,Repeat,127,3,5,4,354,Potential Loyalists,At Risk
12318,6,11.0,97621.32,37695.0,2024-06-07,2025-08-18,16270.22,38.61,Repeat,136,3,5,5,355,Potential Loyalists,At Risk
12319,5,10.0,58198.659999999996,24831.2,2024-05-27,2025-10-08,11639.73,42.67,Repeat,85,4,4,4,444,Champions,Active
12320,3,4.0,20441.67,7330.12,2024-08-10,2025-12-17,6813.89,35.86,Repeat,15,5,3,2,532,Loyal Customers,Active
12321,1,2.0,19010.93,6314.509999999999,2025-05-17,2025-05-17,19010.93,33.22,One-time,229,2,1,2,212,Lost Customers,Inactive
12322,1,1.0,4326.42,1823.79,2024-01-23,2024-01-23,4326.42,42.15,One-time,709,1,1,1,111,Lost Customers,Inactive
12323,4,6.0,39041.86,19021.08,2024-03-16,2025-05-16,9760.46,48.72,Repeat,230,2,4,3,243,At Risk,Inactive
12324,3,14.0,39978.99,18092.47,2024-08-09,2024-12-31,13326.33,45.25,Repeat,366,1,3,3,133,At Risk,Inactive
12325,1,7.0,38573.56,10805.85,2024-08-22,2024-08-22,38573.56,28.01,One-time,497,1,1,3,113,Lost Customers,Inactive
12327,3,10.0,19827.62,9845.84,2024-12-03,2025-07-12,6609.21,49.66,Repeat,173,3,3,2,332,Potential Loyalists,At Risk
12328,5,12.0,22366.03,9350.53,2024-09-18,2025-11-03,4473.21,41.81,Repeat,59,4,4,2,442,Loyal Customers,Active
12329,3,8.0,15373.87,7551.400000000001,2024-03-06,2024-08-12,5124.62,49.12,Repeat,507,1,3,2,132,At Risk,Inactive
12330,2,2.0,4511.49,2478.69,2024-06-16,2025-08-27,2255.74,54.94,Repeat,127,3,1,1,311,Potential Loyalists,At Risk
12331,4,4.0,17510.29,8680.45,2024-12-08,2025-12-13,4377.57,49.57,Repeat,19,5,4,2,542,Loyal Customers,Active
12332,3,8.0,25533.600000000002,9526.56,2024-01-12,2025-11-02,8511.2,37.31,Repeat,60,4,3,2,432,Loyal Customers,Active
12333,6,17.0,167308.62,77829.45999999999,2024-04-02,2025-12-28,27884.77,46.52,Repeat,4,5,5,5,555,Champions,Active
12334,3,7.0,15977.71,5704.3099999999995,2024-04-08,2025-02-24,5325.9,35.7,Repeat,311,2,3,2,232,At Risk,Inactive
12335,2,3.0,51870.98,23419.09,2024-07-30,2025-10-20,25935.49,45.15,Repeat,73,4,1,3,413,New Customers,Active
12336,2,7.0,85149.93,39455.65,2025-07-02,2025-08-04,42574.96,46.34,Repeat,150,3,1,4,314,Potential Loyalists,At Risk
12337,4,13.0,41519.5,17523.27,2024-10-16,2025-09-17,10379.88,42.2,Repeat,106,4,4,3,443,Loyal Customers,At Risk
12338,4,10.0,87378.34,38945.14,2024-01-20,2025-11-09,21844.58,44.57,Repeat,53,4,4,4,444,Champions,Active
12339,1,1.0,486.41,260.86,2025-09-01,2025-09-01,486.41,53.63,One-time,122,3,1,1,311,Potential Loyalists,At Risk
12340,5,16.0,141610.91,59150.53,2024-01-24,2025-11-09,28322.18,41.77,Repeat,53,4,4,5,445,Champions,Active
12341,1,1.0,4168.79,1789.45,2024-10-25,2024-10-25,4168.79,42.92,One-time,433,1,1,1,111,Lost Customers,Inactive
12342,5,22.0,159893.11,56923.18,2024-01-25,2024-09-17,31978.62,35.6,Repeat,471,1,4,5,145,At Risk,Inactive
12343,2,8.0,21603.95,9144.98,2024-08-22,2025-03-07,10801.98,42.33,Repeat,300,2,1,2,212,Lost Customers,Inactive
12344,3,3.0,40119.35,21434.46,2025-03-10,2025-11-27,13373.12,53.43,Repeat,35,5,3,3,533,Loyal Customers,Active
12345,2,4.0,18294.26,8857.42,2024-09-12,2025-02-16,9147.13,48.42,Repeat,319,1,1,2,112,Lost Customers,Inactive
12346,1,1.0,536.78,224.37,2024-01-26,2024-01-26,536.78,41.8,One-time,706,1,1,1,111,Lost Customers,Inactive
12347,2,3.0,14828.759999999998,7608.13,2024-02-07,2024-07-12,7414.38,51.31,Repeat,538,1,1,2,112,Lost Customers,Inactive
12348,4,6.0,12547.720000000001,6005.17,2024-08-20,2025-06-29,3136.93,47.86,Repeat,186,2,4,1,241,At Risk,Inactive
12349,6,24.0,104252.7,50085.41,2024-02-12,2025-11-29,17375.45,48.04,Repeat,33,5,5,5,555,Champions,Active
12350,5,11.0,17337.48,5181.45,2024-06-10,2025-06-17,3467.5,29.89,Repeat,198,2,4,2,242,At Risk,Inactive
12351,3,11.0,79531.61,37931.12,2024-05-01,2025-09-02,26510.54,47.69,Repeat,121,3,3,4,334,Potential Loyalists,At Risk
12352,8,22.0,369601.48,146920.87,2024-01-22,2025-11-12,46200.18,39.75,Repeat,50,4,5,5,455,Champions,Active
12353,6,16.0,70379.65,31177.22,2024-03-20,2025-07-18,11729.94,44.3,Repeat,167,3,5,4,354,Potential Loyalists,At Risk
12354,1,1.0,411.13,240.28,2024-07-01,2024-07-01,411.13,58.44,One-time,549,1,1,1,111,Lost Customers,Inactive
12355,2,5.0,31839.54,14255.18,2025-10-07,2025-10-25,15919.77,44.77,Repeat,68,4,1,2,412,New Customers,Active
12356,2,9.0,39876.51,11910.48,2024-04-16,2024-10-05,19938.26,29.87,Repeat,453,1,1,3,113,Lost Customers,Inactive
12357,3,6.0,145042.26,49156.61,2024-06-24,2024-12-25,48347.42,33.89,Repeat,372,1,3,5,135,At Risk,Inactive
12358,1,1.0,59725.71,19151.66,2025-09-02,2025-09-02,59725.71,32.07,One-time,121,3,1,4,314,Potential Loyalists,At Risk
12359,4,14.0,107865.31,49991.04,2024-03-01,2025-08-09,26966.33,46.35,Repeat,145,3,4,5,345,Potential Loyalists,At Risk
12360,3,10.0,42216.72,18627.95,2024-11-18,2025-10-30,14072.24,44.12,Repeat,63,4,3,3,433,Loyal Customers,Active
12361,2,3.0,7649.61,2592.48,2024-11-06,2025-12-30,3824.8,33.89,Repeat,2,5,1,1,511,New Customers,Active
12362,6,15.0,177563.99,71177.18,2024-01-09,2025-07-23,29594.0,40.09,Repeat,162,3,5,5,355,Potential Loyalists,At Risk
12363,4,8.0,16798.2,7649.08,2025-02-23,2025-12-23,4199.55,45.54,Repeat,9,5,4,2,542,Loyal Customers,Active
12364,4,6.0,6104.389999999999,2912.5299999999997,2024-09-18,2025-09-18,1526.1,47.71,Repeat,105,4,4,1,441,Loyal Customers,At Risk
12365,2,7.0,21103.72,8450.42,2024-11-28,2025-10-06,10551.86,40.04,Repeat,87,4,1,2,412,New Customers,Active
12366,2,2.0,2842.79,889.6300000000001,2024-07-24,2025-07-02,1421.4,31.29,Repeat,183,3,1,1,311,Potential Loyalists,Inactive
12367,1,2.0,3190.79,1225.6,2025-10-31,2025-10-31,3190.79,38.41,One-time,62,4,1,1,411,New Customers,Active
12368,3,12.0,169798.45,86633.03,2024-03-25,2025-02-27,56599.48,51.02,Repeat,308,2,3,5,235,At Risk,Inactive
12369,2,8.0,72371.84,35475.4,2025-11-01,2025-11-01,36185.92,49.02,Repeat,61,4,1,4,414,New Customers,Active
12370,2,4.0,12354.380000000001,5510.37,2024-07-23,2024-12-28,6177.19,44.6,Repeat,369,1,1,1,111,Lost Customers,Inactive
12371,2,4.0,9567.939999999999,4299.03,2025-03-28,2025-10-05,4783.97,44.93,Repeat,88,4,1,1,411,New Customers,Active
12372,2,7.0,99935.06000000001,49613.75,2024-07-01,2025-04-29,49967.53,49.65,Repeat,247,2,1,5,215,Lost Customers,Inactive
12373,2,2.0,29566.059999999998,11327.07,2025-02-17,2025-11-20,14783.03,38.31,Repeat,42,5,2,2,522,New Customers,Active
12374,5,12.0,23201.32,9163.74,2024-06-08,2025-11-08,4640.26,39.5,Repeat,54,4,4,2,442,Loyal Customers,Active
12375,1,7.0,15497.2,7073.76,2024-06-14,2024-06-14,15497.2,45.65,One-time,566,1,1,2,112,Lost Customers,Inactive
12376,3,9.0,10586.1,5560.22,2024-03-23,2025-10-04,3528.7,52.52,Repeat,89,4,3,1,431,Loyal Customers,Active
12377,5,12.0,65553.14,29408.25,2024-08-06,2025-03-14,13110.63,44.86,Repeat,293,2,4,4,244,At Risk,Inactive
12378,3,7.0,30569.21,14873.3,2024-04-20,2025-09-06,10189.74,48.65,Repeat,117,3,3,2,332,Potential Loyalists,At Risk
12380,3,9.0,17449.75,8859.17,2024-03-02,2025-11-02,5816.58,50.77,Repeat,60,4,3,2,432,Loyal Customers,Active
12381,4,9.0,39058.0,19662.59,2024-07-21,2025-09-05,9764.5,50.34,Repeat,118,3,4,3,343,Potential Loyalists,At Risk
12382,6,17.0,176888.03,87597.79,2024-04-02,2025-12-22,29481.34,49.52,Repeat,10,5,5,5,555,Champions,Active
12383,2,4.0,27965.79,12748.18,2025-04-12,2025-05-29,13982.9,45.58,Repeat,217,2,2,2,222,Lost Customers,Inactive
12384,3,5.0,23810.12,10068.630000000001,2024-03-16,2024-09-11,7936.71,42.29,Repeat,477,1,3,2,132,At Risk,Inactive
12385,4,17.0,218633.55,96996.60999999999,2024-05-08,2025-02-16,54658.39,44.36,Repeat,319,1,4,5,145,At Risk,Inactive
12386,3,10.0,42834.58,20111.01,2025-01-14,2025-08-24,14278.19,46.95,Repeat,130,3,3,3,333,Potential Loyalists,At Risk
12387,2,3.0,6282.48,2627.48,2024-01-08,2025-11-08,3141.24,41.82,Repeat,54,4,2,1,421,New Customers,Active
12388,5,16.0,40053.17,16247.96,2024-01-02,2025-12-29,8010.63,40.57,Repeat,3,5,4,3,543,Loyal Customers,Active
12389,5,19.0,39680.7,17667.95,2024-04-19,2025-12-31,7936.14,44.53,Repeat,1,5,4,3,543,Loyal Customers,Active
12391,5,14.0,22369.36,9323.42,2024-01-20,2025-03-10,4473.87,41.68,Repeat,297,2,4,2,242,At Risk,Inactive
12392,5,10.0,53596.97,17179.309999999998,2024-07-01,2025-10-22,10719.39,32.05,Repeat,71,4,4,3,443,Loyal Customers,Active
12393,7,18.0,107444.14000000001,50810.57000000001,2024-05-08,2025-12-19,15349.16,47.29,Repeat,13,5,5,5,555,Champions,Active
12394,4,25.0,184372.28,58826.39,2024-02-28,2024-09-30,46093.07,31.91,Repeat,458,1,4,5,145,At Risk,Inactive
12395,2,6.0,17365.26,5848.49,2025-03-10,2025-04-06,8682.63,33.68,Repeat,270,2,2,2,222,Lost Customers,Inactive
12396,3,7.0,122809.84,41310.9,2024-09-14,2025-10-05,40936.61,33.64,Repeat,88,4,3,5,435,Loyal Customers,Active
12397,5,19.0,170694.22,82283.34,2024-03-27,2025-07-12,34138.84,48.21,Repeat,173,3,4,5,345,Potential Loyalists,At Risk
12398,5,16.0,40067.3,19108.190000000002,2024-03-02,2025-10-22,8013.46,47.69,Repeat,71,4,4,3,443,Loyal Customers,Active
12399,3,6.0,18370.170000000002,9518.64,2024-08-02,2025-07-14,6123.39,51.82,Repeat,171,3,3,2,332,Potential Loyalists,At Risk
12400,2,6.0,7405.52,2984.92,2024-10-01,2025-06-28,3702.76,40.31,Repeat,187,2,2,1,221,Lost Customers,Inactive
12401,5,16.0,178211.64,89327.20999999999,2024-10-27,2025-11-15,35642.33,50.12,Repeat,47,5,4,5,545,Champions,Active
12402,4,9.0,42587.53,16096.75,2024-02-26,2025-11-04,10646.88,37.8,Repeat,58,4,4,3,443,Loyal Customers,Active
12403,4,4.0,7868.55,3368.91,2024-01-16,2025-07-05,1967.14,42.81,Repeat,180,3,4,1,341,Potential Loyalists,At Risk
12404,3,6.0,22842.96,9340.94,2025-02-20,2025-06-28,7614.32,40.89,Repeat,187,2,3,2,232,At Risk,Inactive
12405,10,31.0,458407.89999999997,225948.82,2024-01-26,2025-10-12,45840.79,49.29,Repeat,81,4,5,5,455,Champions,Active
12406,2,3.0,8961.95,4691.95,2025-08-02,2025-09-12,4480.98,52.35,Repeat,111,3,2,1,321,Potential Loyalists,At Risk
12407,2,5.0,79886.94,31341.28,2025-03-03,2025-11-04,39943.47,39.23,Repeat,58,4,2,4,424,New Customers,Active
12408,2,12.0,142513.21,64052.28,2024-01-09,2024-06-19,71256.6,44.94,Repeat,561,1,2,5,125,Lost Customers,Inactive
12409,2,5.0,18041.36,7367.79,2024-02-12,2024-07-18,9020.68,40.84,Repeat,532,1,2,2,122,Lost Customers,Inactive
12410,3,8.0,7485.639999999999,3395.71,2024-10-28,2025-04-25,2495.21,45.36,Repeat,251,2,3,1,231,At Risk,Inactive
12411,5,14.0,55276.95,26494.82,2024-01-05,2025-10-08,11055.39,47.93,Repeat,85,4,4,3,443,Loyal Customers,Active
12412,3,13.0,30408.02,13352.539999999999,2024-05-10,2024-09-02,10136.01,43.91,Repeat,486,1,3,2,132,At Risk,Inactive
12413,2,4.0,5287.3099999999995,1678.6,2024-12-02,2025-05-23,2643.66,31.75,Repeat,223,2,2,1,221,Lost Customers,Inactive
12414,1,5.0,158562.71,76068.58,2024-04-25,2024-04-25,158562.71,47.97,One-time,616,1,1,5,115,Lost Customers,Inactive
12415,5,12.0,88119.01999999999,49013.49,2024-01-02,2025-12-25,17623.8,55.62,Repeat,7,5,4,4,544,Champions,Active
12416,2,6.0,91824.37000000001,40383.28,2024-04-02,2025-07-28,45912.19,43.98,Repeat,157,3,2,4,324,Potential Loyalists,At Risk
12417,2,6.0,20480.25,9282.89,2025-05-16,2025-09-08,10240.12,45.33,Repeat,115,3,2,2,322,Potential Loyalists,At Risk
12418,7,17.0,102461.89,49231.439999999995,2024-01-09,2025-09-16,14637.41,48.05,Repeat,107,4,5,5,455,Champions,At Risk
12419,1,1.0,425.2,157.18,2024-03-17,2024-03-17,425.2,36.97,One-time,655,1,1,1,111,Lost Customers,Inactive
12420,2,5.0,59992.600000000006,29399.62,2024-02-03,2024-04-14,29996.3,49.01,Repeat,627,1,2,4,124,Lost Customers,Inactive
12421,4,15.0,103766.33,46631.67,2024-02-25,2024-12-31,25941.58,44.94,Repeat,366,1,4,5,145,At Risk,Inactive
12423,2,5.0,19412.21,8425.380000000001,2024-11-14,2025-06-03,9706.1,43.4,Repeat,212,2,2,2,222,Lost Customers,Inactive
12424,5,15.0,23209.63,9356.67,2024-03-10,2025-12-13,4641.93,40.31,Repeat,19,5,4,2,542,Loyal Customers,Active
12425,4,16.0,109878.2,54123.66,2024-05-10,2025-12-08,27469.55,49.26,Repeat,24,5,4,5,545,Champions,Active
12426,3,14.0,57306.63,26494.4,2025-02-23,2025-10-30,19102.21,46.23,Repeat,63,4,3,4,434,Loyal Customers,Active
12427,4,16.0,64839.58,32006.940000000002,2024-07-22,2025-09-14,16209.9,49.36,Repeat,109,4,4,4,444,Champions,At Risk
12428,4,7.0,132606.8,60133.44,2024-05-17,2025-09-20,33151.7,45.35,Repeat,103,4,4,5,445,Champions,At Risk
12429,6,12.0,36769.98,15901.15,2024-01-28,2025-09-10,6128.33,43.24,Repeat,113,3,5,3,353,Potential Loyalists,At Risk
12430,2,3.0,3412.29,1599.8899999999999,2024-08-15,2025-02-25,1706.14,46.89,Repeat,310,2,2,1,221,Lost Customers,Inactive
12431,6,11.0,50396.99,23048.69,2024-01-07,2025-02-17,8399.5,45.73,Repeat,318,2,5,3,253,At Risk,Inactive
12432,5,13.0,68956.2,36432.72,2024-05-10,2025-07-24,13791.24,52.83,Repeat,161,3,4,4,344,Potential Loyalists,At Risk
12433,6,22.0,94934.14,45898.7,2024-04-19,2025-12-27,15822.36,48.35,Repeat,5,5,5,4,554,Champions,Active
12434,4,9.0,147464.88,75958.49,2024-03-04,2025-02-26,36866.22,51.51,Repeat,309,2,4,5,245,At Risk,Inactive
12435,2,4.0,6675.29,3231.0,2024-04-26,2025-03-17,3337.64,48.4,Repeat,290,2,2,1,221,Lost Customers,Inactive
12436,4,9.0,27203.870000000003,8799.08,2024-02-11,2025-12-27,6800.97,32.34,Repeat,5,5,4,2,542,Loyal Customers,Active
12437,4,14.0,77918.97,34498.05,2024-01-05,2025-10-20,19479.74,44.27,Repeat,73,4,4,4,444,Champions,Active
12438,5,14.0,61119.61,29947.84,2024-01-07,2025-12-09,12223.92,49.0,Repeat,23,5,4,4,544,Champions,Active
12439,3,8.0,38031.729999999996,20422.44,2025-01-07,2025-12-15,12677.24,53.7,Repeat,17,5,3,3,533,Loyal Customers,Active
12440,4,7.0,46972.67,18020.969999999998,2024-01-26,2024-11-04,11743.17,38.36,Repeat,423,1,4,3,143,At Risk,Inactive
12441,2,6.0,31155.92,12500.94,2025-01-12,2025-05-28,15577.96,40.12,Repeat,218,2,2,2,222,Lost Customers,Inactive
12442,2,8.0,43792.61,25658.0,2024-11-30,2025-04-30,21896.3,58.59,Repeat,246,2,2,3,223,Lost Customers,Inactive
12443,3,7.0,34604.69,13923.9,2024-08-08,2025-07-19,11534.9,40.24,Repeat,166,3,3,3,333,Potential Loyalists,At Risk
12444,3,7.0,87206.37,37244.9,2024-01-06,2025-05-10,29068.79,42.71,Repeat,236,2,3,4,234,At Risk,Inactive
12445,1,1.0,1750.18,759.44,2025-07-31,2025-07-31,1750.18,43.39,One-time,154,3,1,1,311,Potential Loyalists,At Risk
12446,6,19.0,147204.39,68077.53,2024-04-19,2025-12-05,24534.06,46.25,Repeat,27,5,5,5,555,Champions,Active
12447,6,17.0,90360.64,39094.69,2024-01-27,2025-04-06,15060.11,43.27,Repeat,270,2,5,4,254,At Risk,Inactive
12448,4,8.0,21815.11,8931.92,2024-04-06,2025-09-13,5453.78,40.94,Repeat,110,3,4,2,342,Potential Loyalists,At Risk
12449,7,17.0,34522.520000000004,16506.2,2024-02-22,2025-04-28,4931.79,47.81,Repeat,248,2,5,3,253,At Risk,Inactive
12450,2,4.0,4795.3,1890.6,2024-11-29,2025-12-30,2397.65,39.43,Repeat,2,5,2,1,521,New Customers,Active
12451,4,6.0,28403.55,11852.8,2024-04-29,2025-11-15,7100.89,41.73,Repeat,47,5,4,2,542,Loyal Customers,Active
12452,5,11.0,13264.119999999999,6878.39,2024-04-01,2025-06-27,2652.82,51.86,Repeat,188,2,4,1,241,At Risk,Inactive
12453,4,9.0,56800.03999999999,27822.43,2024-03-21,2025-10-28,14200.01,48.98,Repeat,65,4,4,4,444,Champions,Active
12454,6,13.0,34094.56,16490.08,2024-06-18,2025-08-12,5682.43,48.37,Repeat,142,3,5,3,353,Potential Loyalists,At Risk
12455,1,2.0,13521.71,6534.33,2024-10-29,2024-10-29,13521.71,48.32,One-time,429,1,1,1,111,Lost Customers,Inactive
12456,3,11.0,33978.99,13137.32,2024-02-01,2025-09-26,11326.33,38.66,Repeat,97,4,3,3,433,Loyal Customers,At Risk
12457,3,10.0,108018.84,39255.53,2024-03-23,2025-02-06,36006.28,36.34,Repeat,329,1,3,5,135,At Risk,Inactive
12458,6,24.0,266884.39,115905.37000000001,2024-01-25,2024-12-24,44480.73,43.43,Repeat,373,1,5,5,155,At Risk,Inactive
12459,3,11.0,47176.82,24184.15,2024-11-06,2025-10-12,15725.61,51.26,Repeat,81,4,3,3,433,Loyal Customers,Active
12460,3,6.0,45224.979999999996,18327.55,2024-03-10,2025-12-11,15074.99,40.53,Repeat,21,5,3,3,533,Loyal Customers,Active
12461,3,7.0,15835.220000000001,5465.26,2024-10-08,2025-11-16,5278.41,34.51,Repeat,46,5,3,2,532,Loyal Customers,Active
12462,3,8.0,12382.85,4833.43,2024-09-22,2025-04-09,4127.62,39.03,Repeat,267,2,3,1,231,At Risk,Inactive
12463,4,11.0,48487.0,22626.09,2024-01-31,2025-08-07,12121.75,46.66,Repeat,147,3,4,3,343,Potential Loyalists,At Risk
12464,3,9.0,17640.300000000003,5638.09,2024-03-07,2025-07-23,5880.1,31.96,Repeat,162,3,3,2,332,Potential Loyalists,At Risk
12465,2,4.0,27016.760000000002,13938.08,2024-02-28,2025-02-09,13508.38,51.59,Repeat,326,1,2,2,122,Lost Customers,Inactive
12466,6,17.0,60752.76,20888.85,2024-10-21,2025-09-26,10125.46,34.38,Repeat,97,4,5,4,454,Champions,At Risk
12467,2,4.0,29872.32,14319.05,2024-04-04,2025-05-02,14936.16,47.93,Repeat,244,2,2,2,222,Lost Customers,Inactive
12468,2,5.0,21402.61,11316.42,2024-02-06,2024-07-20,10701.3,52.87,Repeat,530,1,2,2,122,Lost Customers,Inactive
12469,3,8.0,50332.92,23321.920000000002,2024-11-23,2025-03-14,16777.64,46.34,Repeat,293,2,3,3,233,At Risk,Inactive
12470,5,12.0,54319.57,25155.690000000002,2024-03-27,2025-10-12,10863.91,46.31,Repeat,81,4,4,3,443,Loyal Customers,Active
12471,4,17.0,76216.34,40490.29,2024-03-27,2025-10-10,19054.08,53.13,Repeat,83,4,4,4,444,Champions,Active
12472,1,2.0,657.42,322.48,2024-01-22,2024-01-22,657.42,49.05,One-time,710,1,1,1,111,Lost Customers,Inactive
12473,3,6.0,59231.33,26249.949999999997,2025-07-29,2025-10-22,19743.78,44.32,Repeat,71,4,3,4,434,Loyal Customers,Active
12474,3,10.0,62709.48,29801.97,2024-04-15,2025-07-16,20903.16,47.52,Repeat,169,3,3,4,334,Potential Loyalists,At Risk
12475,2,5.0,17670.11,8270.69,2024-12-03,2025-10-19,8835.06,46.81,Repeat,74,4,2,2,422,New Customers,Active
12476,1,1.0,3301.65,1300.49,2024-01-16,2024-01-16,3301.65,39.39,One-time,716,1,1,1,111,Lost Customers,Inactive
12477,4,9.0,115221.37,51684.049999999996,2024-04-27,2025-10-22,28805.34,44.86,Repeat,71,4,4,5,445,Champions,Active
12478,5,10.0,52182.06,28375.12,2024-05-21,2025-11-24,10436.41,54.38,Repeat,38,5,4,3,543,Loyal Customers,Active
12479,4,13.0,163068.56,67806.05,2024-06-22,2025-10-14,40767.14,41.58,Repeat,79,4,4,5,445,Champions,Active
12480,2,7.0,5755.87,2429.69,2025-02-03,2025-03-17,2877.94,42.21,Repeat,290,2,2,1,221,Lost Customers,Inactive
12481,7,14.0,303073.27,153224.61,2024-04-22,2025-08-18,43296.18,50.56,Repeat,136,3,5,5,355,Potential Loyalists,At Risk
12482,6,10.0,23766.08,11919.0,2024-01-02,2025-10-16,3961.01,50.15,Repeat,77,4,5,2,452,Loyal Customers,Active
12483,2,12.0,213644.95,74898.47,2024-01-05,2025-11-09,106822.48,35.06,Repeat,53,4,2,5,425,New Customers,Active
12484,6,11.0,65243.1,33306.840000000004,2024-01-21,2025-10-13,10873.85,51.05,Repeat,80,4,5,4,454,Champions,Active
12485,5,14.0,31077.76,15933.43,2024-03-01,2025-06-23,6215.55,51.27,Repeat,192,2,4,2,242,At Risk,Inactive
12486,2,5.0,19682.04,6437.51,2024-04-06,2024-10-28,9841.02,32.71,Repeat,430,1,2,2,122,Lost Customers,Inactive
12487,1,1.0,10434.97,4783.51,2025-08-31,2025-08-31,10434.97,45.84,One-time,123,3,1,1,311,Potential Loyalists,At Risk
12488,1,2.0,47506.020000000004,23057.11,2024-07-04,2024-07-04,47506.02,48.54,One-time,546,1,1,3,113,Lost Customers,Inactive
12489,4,17.0,128938.95,66734.08,2025-05-16,2025-12-27,32234.74,51.76,Repeat,5,5,4,5,545,Champions,Active
12490,3,5.0,5389.92,1685.99,2024-06-16,2025-11-14,1796.64,31.28,Repeat,48,5,3,1,531,Loyal Customers,Active
12491,2,4.0,16760.95,7831.68,2024-12-28,2025-10-17,8380.48,46.73,Repeat,76,4,2,2,422,New Customers,Active
12492,5,15.0,47053.83,19735.42,2024-05-18,2025-11-18,9410.77,41.94,Repeat,44,5,4,3,543,Loyal Customers,Active
12494,4,13.0,79081.44,30962.32,2024-04-03,2025-05-16,19770.36,39.15,Repeat,230,2,4,4,244,At Risk,Inactive
12495,1,4.0,9489.46,5081.49,2025-10-03,2025-10-03,9489.46,53.55,One-time,90,4,1,1,411,New Customers,Active
12496,3,10.0,100477.23,55108.810000000005,2025-02-07,2025-06-30,33492.41,54.85,Repeat,185,3,3,5,335,Potential Loyalists,Inactive
12497,3,6.0,16165.34,7254.07,2024-11-08,2025-05-12,5388.45,44.87,Repeat,234,2,3,2,232,At Risk,Inactive
12498,1,1.0,9014.57,2744.33,2025-12-27,2025-12-27,9014.57,30.44,One-time,5,5,1,1,511,New Customers,Active
12499,5,15.0,175368.47999999998,69400.06,2024-01-19,2025-05-30,35073.7,39.57,Repeat,216,2,4,5,245,At Risk,Inactive
12500,3,10.0,10784.87,4810.59,2024-06-02,2025-12-19,3594.96,44.6,Repeat,13,5,3,1,531,Loyal Customers,Active
12501,2,7.0,8508.65,3813.64,2025-05-04,2025-11-06,4254.32,44.82,Repeat,56,4,2,1,421,New Customers,Active
12502,6,14.0,87437.22,29982.559999999998,2024-01-20,2025-11-28,14572.87,34.29,Repeat,34,5,5,4,554,Champions,Active
12503,5,15.0,76947.63,39908.87,2024-08-22,2025-08-28,15389.53,51.86,Repeat,126,3,4,4,344,Potential Loyalists,At Risk
12504,3,9.0,125866.01000000001,58997.58,2024-08-24,2025-06-15,41955.34,46.87,Repeat,200,2,3,5,235,At Risk,Inactive
12505,2,4.0,16137.789999999999,6729.429999999999,2024-12-21,2025-11-09,8068.9,41.7,Repeat,53,4,2,2,422,New Customers,Active
12506,2,4.0,5579.45,2168.5299999999997,2024-01-13,2024-04-23,2789.72,38.87,Repeat,618,1,2,1,121,Lost Customers,Inactive
12507,4,7.0,55865.57,21564.34,2024-01-03,2025-05-28,13966.39,38.6,Repeat,218,2,4,3,243,At Risk,Inactive
12508,5,14.0,95223.34,39423.14,2024-01-19,2025-11-19,19044.67,41.4,Repeat,43,5,4,4,544,Champions,Active
12509,8,23.0,48268.630000000005,19034.86,2024-01-10,2025-10-13,6033.58,39.44,Repeat,80,4,5,3,453,Loyal Customers,Active
12510,4,7.0,29803.1,15515.74,2024-03-02,2025-10-01,7450.78,52.06,Repeat,92,4,4,2,442,Loyal Customers,At Risk
12511,5,11.0,96041.67,43313.159999999996,2024-10-18,2025-12-29,19208.33,45.1,Repeat,3,5,4,4,544,Champions,Active
12512,1,2.0,23077.43,8653.13,2024-12-04,2024-12-04,23077.43,37.5,One-time,393,1,1,2,112,Lost Customers,Inactive
12513,4,10.0,42121.69,19558.91,2024-06-09,2024-12-20,10530.42,46.43,Repeat,377,1,4,3,143,At Risk,Inactive
12514,2,2.0,13816.12,6985.75,2025-05-16,2025-07-31,6908.06,50.56,Repeat,154,3,2,1,321,Potential Loyalists,At Risk
12515,3,3.0,4366.28,1865.4,2024-01-29,2025-05-16,1455.43,42.72,Repeat,230,2,3,1,231,At Risk,Inactive
12516,2,2.0,65754.33,31203.93,2025-09-23,2025-10-22,32877.16,47.46,Repeat,71,4,2,4,424,New Customers,Active
12517,5,15.0,103719.39,41583.03,2024-02-20,2025-10-09,20743.88,40.09,Repeat,84,4,4,5,445,Champions,Active
12518,4,11.0,61620.729999999996,20086.76,2024-11-23,2025-05-19,15405.18,32.6,Repeat,227,2,4,4,244,At Risk,Inactive
12519,1,1.0,2441.65,1318.33,2025-03-20,2025-03-20,2441.65,53.99,One-time,287,2,1,1,211,Lost Customers,Inactive
12520,2,3.0,5793.610000000001,2432.83,2024-02-02,2024-02-17,2896.8,41.99,Repeat,684,1,2,1,121,Lost Customers,Inactive
12521,3,6.0,25863.96,10084.59,2025-05-21,2025-08-17,8621.32,38.99,Repeat,137,3,3,2,332,Potential Loyalists,At Risk
12522,6,13.0,94106.55,44653.43,2024-05-25,2025-11-01,15684.42,47.45,Repeat,61,4,5,4,454,Champions,Active
12523,4,16.0,86809.04,40579.65,2025-04-19,2025-08-03,21702.26,46.75,Repeat,151,3,4,4,344,Potential Loyalists,At Risk
12524,1,1.0,1685.21,595.59,2025-06-14,2025-06-14,1685.21,35.34,One-time,201,2,1,1,211,Lost Customers,Inactive
12525,3,8.0,61592.409999999996,27039.629999999997,2024-01-23,2025-09-20,20530.8,43.9,Repeat,103,4,3,4,434,Loyal Customers,At Risk
12526,5,9.0,34482.73,8425.89,2024-08-02,2025-10-25,6896.55,24.44,Repeat,68,4,4,3,443,Loyal Customers,Active
12527,6,19.0,207536.55,54485.59999999999,2024-04-19,2025-11-16,34589.42,26.25,Repeat,46,5,5,5,555,Champions,Active
12528,4,11.0,74792.76,38338.43,2024-02-11,2025-09-03,18698.19,51.26,Repeat,120,3,4,4,344,Potential Loyalists,At Risk
12529,3,12.0,56483.11,28557.04,2024-03-24,2024-12-19,18827.7,50.56,Repeat,378,1,3,3,133,At Risk,Inactive
12530,4,18.0,106631.95000000001,52943.45,2024-03-15,2025-01-23,26657.99,49.65,Repeat,343,1,4,5,145,At Risk,Inactive
12531,5,10.0,74687.20999999999,38817.54,2024-12-28,2025-11-27,14937.44,51.97,Repeat,35,5,4,4,544,Champions,Active
12532,3,12.0,34069.340000000004,12795.69,2024-02-29,2025-01-18,11356.45,37.56,Repeat,348,1,3,3,133,At Risk,Inactive
12533,4,14.0,123392.19,62364.71,2024-06-18,2025-12-02,30848.05,50.54,Repeat,30,5,4,5,545,Champions,Active
12534,4,5.0,6471.68,2648.13,2024-08-26,2025-11-24,1617.92,40.92,Repeat,38,5,4,1,541,Loyal Customers,Active
12535,1,5.0,45041.25,11997.22,2024-02-08,2024-02-08,45041.25,26.64,One-time,693,1,1,3,113,Lost Customers,Inactive
12536,3,9.0,23207.31,8330.970000000001,2024-06-26,2025-11-12,7735.77,35.9,Repeat,50,4,3,2,432,Loyal Customers,Active
12537,4,9.0,44451.34,18680.5,2024-03-05,2025-06-16,11112.84,42.02,Repeat,199,2,4,3,243,At Risk,Inactive
12538,2,6.0,23836.28,9321.18,2025-09-03,2025-10-21,11918.14,39.11,Repeat,72,4,2,2,422,New Customers,Active
12539,1,5.0,64229.07,27217.760000000002,2024-09-30,2024-09-30,64229.07,42.38,One-time,458,1,1,4,114,Lost Customers,Inactive
12540,4,16.0,131449.22,64743.1,2024-05-02,2025-01-27,32862.3,49.25,Repeat,339,1,4,5,145,At Risk,Inactive
12541,5,18.0,82013.48,36229.67,2024-06-28,2025-11-06,16402.7,44.18,Repeat,56,4,4,4,444,Champions,Active
12542,4,15.0,73513.42,34712.71,2024-01-01,2025-11-29,18378.36,47.22,Repeat,33,5,4,4,544,Champions,Active
12543,2,12.0,46098.05,22171.32,2024-05-19,2024-12-14,23049.02,48.1,Repeat,383,1,2,3,123,Lost Customers,Inactive
12544,4,16.0,88405.78,39876.94,2024-03-30,2025-09-06,22101.44,45.11,Repeat,117,3,4,4,344,Potential Loyalists,At Risk
12545,3,5.0,23562.29,9343.39,2024-01-21,2025-09-17,7854.1,39.65,Repeat,106,4,3,2,432,Loyal Customers,At Risk
12546,3,9.0,44006.759999999995,23436.12,2024-02-15,2025-11-20,14668.92,53.26,Repeat,42,5,3,3,533,Loyal Customers,Active
12547,4,8.0,86558.57,49281.89,2024-08-03,2025-01-17,21639.64,56.93,Repeat,349,1,4,4,144,At Risk,Inactive
12548,5,12.0,47853.94,21430.68,2024-02-28,2025-09-26,9570.79,44.78,Repeat,97,4,4,3,443,Loyal Customers,At Risk
12549,1,2.0,1490.08,812.28,2025-12-11,2025-12-11,1490.08,54.51,One-time,21,5,1,1,511,New Customers,Active
12550,6,13.0,31038.68,15479.320000000002,2024-01-11,2025-12-27,5173.11,49.87,Repeat,5,5,5,2,552,Loyal Customers,Active
12551,4,5.0,5469.87,1433.2600000000002,2024-08-25,2025-06-09,1367.47,26.2,Repeat,206,2,4,1,241,At Risk,Inactive
12552,3,3.0,54696.200000000004,25429.22,2024-04-22,2025-08-15,18232.07,46.49,Repeat,139,3,3,3,333,Potential Loyalists,At Risk
12553,6,18.0,146089.36,54611.36,2024-03-21,2025-12-22,24348.23,37.38,Repeat,10,5,5,5,555,Champions,Active
12554,5,16.0,76341.17,35397.58,2024-11-25,2025-09-17,15268.23,46.37,Repeat,106,4,4,4,444,Champions,At Risk
12556,5,11.0,38610.590000000004,17389.16,2025-01-23,2025-10-22,7722.12,45.04,Repeat,71,4,4,3,443,Loyal Customers,Active
12557,3,9.0,118118.42,52745.39,2024-04-23,2025-11-02,39372.81,44.65,Repeat,60,4,3,5,435,Loyal Customers,Active
12558,2,5.0,29348.82,13048.810000000001,2024-03-05,2025-02-14,14674.41,44.46,Repeat,321,1,2,2,122,Lost Customers,Inactive
12559,6,14.0,21241.39,10388.49,2024-05-06,2025-08-10,3540.23,48.91,Repeat,144,3,5,2,352,Potential Loyalists,At Risk
12560,4,13.0,43005.56,19323.12,2024-09-11,2025-11-22,10751.39,44.93,Repeat,40,5,4,3,543,Loyal Customers,Active
12561,3,9.0,30318.29,12972.39,2024-07-17,2024-10-09,10106.1,42.79,Repeat,449,1,3,2,132,At Risk,Inactive
12562,3,7.0,23362.14,11557.62,2024-08-25,2025-12-29,7787.38,49.47,Repeat,3,5,3,2,532,Loyal Customers,Active
12563,5,14.0,45253.82,20080.989999999998,2024-02-20,2025-10-28,9050.76,44.37,Repeat,65,4,4,3,443,Loyal Customers,Active
12564,4,15.0,38857.4,18945.62,2024-09-22,2025-06-28,9714.35,48.76,Repeat,187,2,4,3,243,At Risk,Inactive
12565,7,19.0,108758.39,44797.65,2024-01-24,2025-09-06,15536.91,41.19,Repeat,117,3,5,5,355,Potential Loyalists,At Risk
12566,4,15.0,41836.05,18802.05,2024-03-29,2025-09-07,10459.01,44.94,Repeat,116,3,4,3,343,Potential Loyalists,At Risk
12567,6,15.0,68826.74,34480.04,2024-01-30,2025-12-29,11471.12,50.1,Repeat,3,5,5,4,554,Champions,Active
12568,6,20.0,90303.55,41719.18,2025-02-26,2025-12-23,15050.59,46.2,Repeat,9,5,5,4,554,Champions,Active
12569,6,13.0,130043.53,48748.75,2024-02-17,2025-08-25,21673.92,37.49,Repeat,129,3,5,5,355,Potential Loyalists,At Risk
12570,1,2.0,1898.1,846.72,2025-07-21,2025-07-21,1898.1,44.61,One-time,164,3,1,1,311,Potential Loyalists,At Risk
12571,2,10.0,37229.13,16408.84,2024-08-19,2024-10-20,18614.56,44.08,Repeat,438,1,2,3,123,Lost Customers,Inactive
12572,1,2.0,10993.179999999998,4006.0699999999997,2025-09-17,2025-09-17,10993.18,36.44,One-time,106,4,1,1,411,New Customers,At Risk
12573,2,4.0,7784.28,3624.93,2025-04-14,2025-11-11,3892.14,46.57,Repeat,51,4,2,1,421,New Customers,Active
12574,7,24.0,36740.090000000004,17140.89,2024-07-14,2025-12-07,5248.58,46.65,Repeat,25,5,5,3,553,Loyal Customers,Active
12575,1,1.0,2915.17,1524.41,2025-08-04,2025-08-04,2915.17,52.29,One-time,150,3,1,1,311,Potential Loyalists,At Risk
12576,3,6.0,18937.170000000002,5855.42,2024-08-21,2025-02-25,6312.39,30.92,Repeat,310,2,3,2,232,At Risk,Inactive
12577,3,9.0,25997.980000000003,11538.119999999999,2024-04-01,2025-11-30,8665.99,44.38,Repeat,32,5,3,2,532,Loyal Customers,Active
12578,4,19.0,77742.23000000001,29804.23,2024-04-11,2025-08-15,19435.56,38.34,Repeat,139,3,4,4,344,Potential Loyalists,At Risk
12579,3,18.0,164003.52,86540.6,2024-10-01,2025-05-15,54667.84,52.77,Repeat,231,2,3,5,235,At Risk,Inactive
12580,2,5.0,17299.149999999998,3857.14,2025-04-13,2025-08-13,8649.57,22.3,Repeat,141,3,2,2,322,Potential Loyalists,At Risk
12581,3,10.0,35779.36,9811.68,2024-03-10,2025-11-14,11926.45,27.42,Repeat,48,5,3,3,533,Loyal Customers,Active
12582,2,2.0,11328.6,5148.38,2024-02-20,2025-03-17,5664.3,45.45,Repeat,290,2,2,1,221,Lost Customers,Inactive
12584,4,7.0,37974.75,17766.4,2024-03-20,2025-07-29,9493.69,46.78,Repeat,156,3,4,3,343,Potential Loyalists,At Risk
12585,2,5.0,18143.399999999998,8162.049999999999,2024-07-31,2025-06-27,9071.7,44.99,Repeat,188,2,2,2,222,Lost Customers,Inactive
12586,3,8.0,21039.15,8360.869999999999,2024-09-07,2025-07-29,7013.05,39.74,Repeat,156,3,3,2,332,Potential Loyalists,At Risk
12588,4,9.0,63681.770000000004,30329.96,2024-03-09,2025-08-04,15920.44,47.63,Repeat,150,3,4,4,344,Potential Loyalists,At Risk
12589,3,5.0,15285.95,7214.719999999999,2024-01-20,2025-12-10,5095.32,47.2,Repeat,22,5,3,2,532,Loyal Customers,Active
12590,2,5.0,125356.93,63397.54000000001,2024-05-04,2025-11-13,62678.46,50.57,Repeat,49,4,2,5,425,New Customers,Active
12591,8,23.0,317347.39,163476.38,2024-01-11,2025-11-27,39668.42,51.51,Repeat,35,5,5,5,555,Champions,Active
12592,5,21.0,61732.740000000005,30437.829999999998,2024-06-11,2025-06-09,12346.55,49.31,Repeat,206,2,4,4,244,At Risk,Inactive
12593,5,13.0,228310.38,76179.74,2024-06-15,2025-07-08,45662.08,33.37,Repeat,177,3,4,5,345,Potential Loyalists,At Risk
12594,1,2.0,56001.33,16621.98,2024-06-15,2024-06-15,56001.33,29.68,One-time,565,1,1,3,113,Lost Customers,Inactive
12595,5,10.0,80528.98,25451.16,2024-01-11,2025-06-01,16105.8,31.6,Repeat,214,2,4,4,244,At Risk,Inactive
12596,3,6.0,78155.52,37176.840000000004,2024-04-30,2025-09-21,26051.84,47.57,Repeat,102,4,3,4,434,Loyal Customers,At Risk
12597,7,16.0,116217.47,54300.020000000004,2024-08-07,2025-11-24,16602.5,46.72,Repeat,38,5,5,5,555,Champions,Active
12598,5,20.0,144317.36000000002,71687.65,2024-04-29,2025-11-23,28863.47,49.67,Repeat,39,5,4,5,545,Champions,Active
12599,1,2.0,2328.91,807.5899999999999,2025-02-13,2025-02-13,2328.91,34.68,One-time,322,1,1,1,111,Lost Customers,Inactive
12600,5,12.0,115828.57999999999,46328.21,2024-04-01,2025-11-14,23165.72,40.0,Repeat,48,5,4,5,545,Champions,Active
12601,4,8.0,40294.07,18837.489999999998,2024-11-09,2025-06-09,10073.52,46.75,Repeat,206,2,4,3,243,At Risk,Inactive
12602,4,19.0,64838.72,24702.61,2024-06-17,2025-03-20,16209.68,38.1,Repeat,287,2,4,4,244,At Risk,Inactive
12603,1,5.0,12295.779999999999,4169.72,2025-06-12,2025-06-12,12295.78,33.91,One-time,203,2,1,1,211,Lost Customers,Inactive
12604,2,7.0,10479.67,4115.99,2024-08-01,2025-09-07,5239.84,39.28,Repeat,116,3,2,1,321,Potential Loyalists,At Risk
12605,8,18.0,80542.42,33621.93,2024-05-01,2025-11-21,10067.8,41.74,Repeat,41,5,5,4,554,Champions,Active
12606,4,8.0,24380.05,11792.949999999999,2024-02-25,2025-12-01,6095.01,48.37,Repeat,31,5,4,2,542,Loyal Customers,Active
12607,4,11.0,21611.14,9412.04,2024-07-14,2025-12-03,5402.78,43.55,Repeat,29,5,4,2,542,Loyal Customers,Active
12608,4,13.0,55178.16,27929.02,2025-01-31,2025-10-26,13794.54,50.62,Repeat,67,4,4,3,443,Loyal Customers,Active
12609,4,12.0,37232.020000000004,17978.76,2024-07-06,2025-09-26,9308.01,48.29,Repeat,97,4,4,3,443,Loyal Customers,At Risk
12610,3,7.0,50193.95,21726.95,2024-03-07,2025-12-31,16731.32,43.29,Repeat,1,5,3,3,533,Loyal Customers,Active
12611,5,16.0,59274.02,20818.800000000003,2024-03-20,2025-12-07,11854.8,35.12,Repeat,25,5,4,4,544,Champions,Active
12612,4,15.0,192003.12,95288.2,2024-02-12,2025-05-21,48000.78,49.63,Repeat,225,2,4,5,245,At Risk,Inactive
12613,5,19.0,167361.71,77473.76,2024-05-07,2025-02-18,33472.34,46.29,Repeat,317,2,4,5,245,At Risk,Inactive
12614,4,7.0,24757.17,11995.57,2024-12-28,2025-12-28,6189.29,48.45,Repeat,4,5,4,2,542,Loyal Customers,Active
12615,2,3.0,4384.48,1426.91,2024-01-12,2024-02-07,2192.24,32.54,Repeat,694,1,2,1,121,Lost Customers,Inactive
12616,3,5.0,44591.6,15171.32,2024-04-21,2025-12-03,14863.87,34.02,Repeat,29,5,3,3,533,Loyal Customers,Active
12617,4,7.0,97644.86,58387.12,2024-07-07,2025-05-08,24411.22,59.8,Repeat,238,2,4,5,245,At Risk,Inactive
12618,3,8.0,26853.19,11930.38,2025-03-24,2025-09-23,8951.06,44.43,Repeat,100,4,3,2,432,Loyal Customers,At Risk
12619,5,17.0,229157.04,85885.21,2024-10-25,2025-10-10,45831.41,37.48,Repeat,83,4,4,5,445,Champions,Active
12620,5,17.0,130516.75,56201.67,2024-07-11,2025-12-22,26103.35,43.06,Repeat,10,5,4,5,545,Champions,Active
12621,4,14.0,21756.51,8623.880000000001,2024-05-08,2025-12-26,5439.13,39.64,Repeat,6,5,4,2,542,Loyal Customers,Active
12622,2,5.0,9862.65,3671.8599999999997,2024-05-29,2025-06-24,4931.32,37.23,Repeat,191,2,2,1,221,Lost Customers,Inactive
12623,2,3.0,11559.54,4835.96,2024-03-10,2025-10-21,5779.77,41.84,Repeat,72,4,2,1,421,New Customers,Active
12624,5,14.0,41893.54,14273.5,2024-01-04,2025-04-05,8378.71,34.07,Repeat,271,2,4,3,243,At Risk,Inactive
12625,3,10.0,39535.83,20295.19,2024-02-10,2024-09-12,13178.61,51.33,Repeat,476,1,3,3,133,At Risk,Inactive
12626,3,7.0,50573.509999999995,24964.78,2024-01-03,2025-06-30,16857.84,49.36,Repeat,185,3,3,3,333,Potential Loyalists,Inactive
12627,6,8.0,215569.24,95804.44,2024-07-14,2025-06-27,35928.21,44.44,Repeat,188,2,5,5,255,At Risk,Inactive
12629,4,10.0,89758.61,45853.259999999995,2024-11-25,2025-12-31,22439.65,51.09,Repeat,1,5,4,4,544,Champions,Active
12630,5,13.0,209692.6,87999.93000000001,2024-07-12,2025-08-14,41938.52,41.97,Repeat,140,3,4,5,345,Potential Loyalists,At Risk
12631,3,11.0,72517.75,34173.19,2024-05-03,2025-03-20,24172.58,47.12,Repeat,287,2,3,4,234,At Risk,Inactive
12632,2,4.0,20818.199999999997,7857.65,2024-12-26,2025-08-01,10409.1,37.74,Repeat,153,3,2,2,322,Potential Loyalists,At Risk
12633,1,3.0,4972.0,2135.52,2024-09-24,2024-09-24,4972.0,42.95,One-time,464,1,1,1,111,Lost Customers,Inactive
12634,5,12.0,44350.29,16715.08,2024-06-21,2025-11-14,8870.06,37.69,Repeat,48,5,4,3,543,Loyal Customers,Active
12635,3,9.0,77051.57,32154.920000000002,2024-12-11,2025-09-24,25683.86,41.73,Repeat,99,4,3,4,434,Loyal Customers,At Risk
12636,2,3.0,12353.92,5792.05,2024-04-05,2025-06-15,6176.96,46.88,Repeat,200,2,2,1,221,Lost Customers,Inactive
12637,5,8.0,93364.63,37067.99,2024-10-12,2025-04-05,18672.93,39.7,Repeat,271,2,4,4,244,At Risk,Inactive
12638,5,22.0,85442.5,45663.1,2024-01-06,2025-12-20,17088.5,53.44,Repeat,12,5,4,4,544,Champions,Active
12639,5,8.0,36063.35,19469.55,2024-05-06,2025-05-09,7212.67,53.99,Repeat,237,2,4,3,243,At Risk,Inactive
12640,4,9.0,48966.67,19512.649999999998,2024-06-15,2025-10-30,12241.67,39.85,Repeat,63,4,4,3,443,Loyal Customers,Active
12641,1,1.0,901.75,458.12,2024-12-08,2024-12-08,901.75,50.8,One-time,389,1,1,1,111,Lost Customers,Inactive
12642,7,22.0,111459.93000000001,43627.33,2024-04-29,2025-10-13,15922.85,39.14,Repeat,80,4,5,5,455,Champions,Active
12643,2,12.0,80789.77,39269.649999999994,2024-04-20,2024-07-28,40394.88,48.61,Repeat,522,1,2,4,124,Lost Customers,Inactive
12644,7,14.0,65690.85,31237.89,2024-02-24,2025-10-29,9384.41,47.55,Repeat,64,4,5,4,454,Champions,Active
12645,1,1.0,13600.08,7245.23,2024-05-10,2024-05-10,13600.08,53.27,One-time,601,1,1,1,111,Lost Customers,Inactive
12646,1,2.0,22151.49,11981.49,2025-09-26,2025-09-26,22151.49,54.09,One-time,97,4,1,2,412,New Customers,At Risk
12647,7,23.0,41351.44,19235.1,2024-01-28,2025-12-26,5907.35,46.52,Repeat,6,5,5,3,553,Loyal Customers,Active
12648,4,13.0,82424.7,31002.7,2024-04-21,2025-12-02,20606.18,37.61,Repeat,30,5,4,4,544,Champions,Active
12649,5,18.0,179188.53,66149.81,2024-04-29,2025-10-10,35837.71,36.92,Repeat,83,4,4,5,445,Champions,Active
12650,2,4.0,5698.49,2576.1800000000003,2024-07-25,2025-01-11,2849.24,45.21,Repeat,355,1,2,1,121,Lost Customers,Inactive
12652,2,2.0,6812.610000000001,2567.8,2024-04-24,2024-06-05,3406.3,37.69,Repeat,575,1,2,1,121,Lost Customers,Inactive
12653,4,8.0,25886.65,10394.72,2024-03-06,2025-02-13,6471.66,40.15,Repeat,322,1,4,2,142,At Risk,Inactive
12654,1,3.0,60820.49,19570.62,2025-10-28,2025-10-28,60820.49,32.18,One-time,65,4,1,4,414,New Customers,Active
12655,3,6.0,58927.19,22221.62,2024-01-06,2025-04-18,19642.4,37.71,Repeat,258,2,3,4,234,At Risk,Inactive
12656,2,3.0,11391.39,6610.85,2025-01-20,2025-11-22,5695.7,58.03,Repeat,40,5,2,1,521,New Customers,Active
12657,3,8.0,72145.06,29689.84,2024-05-22,2025-11-16,24048.35,41.15,Repeat,46,5,3,4,534,Loyal Customers,Active
12658,2,6.0,37387.65,17462.170000000002,2024-12-11,2025-08-17,18693.82,46.71,Repeat,137,3,2,3,323,Potential Loyalists,At Risk
12659,3,15.0,33541.92,14806.13,2024-04-25,2025-04-11,11180.64,44.14,Repeat,265,2,3,3,233,At Risk,Inactive
12660,3,10.0,51351.11,20059.15,2024-08-08,2025-10-15,17117.04,39.06,Repeat,78,4,3,3,433,Loyal Customers,Active
12661,5,17.0,151872.8,69223.81999999999,2025-03-01,2025-11-26,30374.56,45.58,Repeat,36,5,4,5,545,Champions,Active
12662,6,18.0,119818.29,57826.46,2024-03-19,2025-12-06,19969.72,48.26,Repeat,26,5,5,5,555,Champions,Active
12663,6,18.0,51198.6,25219.15,2024-01-22,2025-12-21,8533.1,49.26,Repeat,11,5,5,3,553,Loyal Customers,Active
12664,6,11.0,109749.69,49537.130000000005,2024-08-09,2025-03-21,18291.62,45.14,Repeat,286,2,5,5,255,At Risk,Inactive
12665,4,12.0,24666.75,11271.68,2024-05-26,2025-11-03,6166.69,45.7,Repeat,59,4,4,2,442,Loyal Customers,Active
12666,3,7.0,61144.350000000006,31981.809999999998,2025-10-16,2025-11-22,20381.45,52.31,Repeat,40,5,3,4,534,Loyal Customers,Active
12667,2,5.0,41574.55999999999,18846.58,2024-04-27,2025-09-28,20787.28,45.33,Repeat,95,4,2,3,423,New Customers,At Risk
12668,8,19.0,101016.02,47284.35,2024-01-27,2025-12-30,12627.0,46.81,Repeat,2,5,5,5,555,Champions,Active
12669,4,11.0,67486.03,31618.05,2024-03-10,2025-07-21,16871.51,46.85,Repeat,164,3,4,4,344,Potential Loyalists,At Risk
12670,1,2.0,1197.6499999999999,528.4300000000001,2024-12-29,2024-12-29,1197.65,44.12,One-time,368,1,1,1,111,Lost Customers,Inactive
12671,8,27.0,132873.65,62282.75,2024-01-10,2025-10-20,16609.21,46.87,Repeat,73,4,5,5,455,Champions,Active
12672,1,2.0,11801.81,4883.2300000000005,2025-09-22,2025-09-22,11801.81,41.38,One-time,101,4,1,1,411,New Customers,At Risk
12673,9,25.0,165033.03,81158.94,2024-02-29,2025-12-03,18337.0,49.18,Repeat,29,5,5,5,555,Champions,Active
12674,4,14.0,81250.70999999999,37287.85,2024-11-23,2025-07-28,20312.68,45.89,Repeat,157,3,4,4,344,Potential Loyalists,At Risk
12675,3,10.0,34473.11,16159.86,2024-08-19,2025-03-08,11491.04,46.88,Repeat,299,2,3,3,233,At Risk,Inactive
12676,3,5.0,8233.79,3328.08,2024-07-16,2025-02-01,2744.6,40.42,Repeat,334,1,3,1,131,At Risk,Inactive
12677,2,5.0,21186.989999999998,7974.45,2024-05-21,2024-08-03,10593.5,37.64,Repeat,516,1,2,2,122,Lost Customers,Inactive
12678,5,11.0,29017.300000000003,12546.16,2024-06-06,2025-11-20,5803.46,43.24,Repeat,42,5,4,2,542,Loyal Customers,Active
12679,4,6.0,33733.14,17569.94,2024-02-02,2024-11-11,8433.28,52.09,Repeat,416,1,4,3,143,At Risk,Inactive
12680,2,3.0,18377.05,9219.21,2025-04-10,2025-05-24,9188.52,50.17,Repeat,222,2,2,2,222,Lost Customers,Inactive
12681,1,2.0,2048.66,874.49,2024-12-04,2024-12-04,2048.66,42.69,One-time,393,1,1,1,111,Lost Customers,Inactive
12682,8,17.0,116513.81,47606.02,2024-02-05,2025-10-05,14564.23,40.86,Repeat,88,4,5,5,455,Champions,Active
12683,5,10.0,230710.46,103375.78,2024-07-21,2025-12-24,46142.09,44.81,Repeat,8,5,4,5,545,Champions,Active
12684,4,6.0,36914.4,18912.53,2024-02-19,2025-05-03,9228.6,51.23,Repeat,243,2,4,3,243,At Risk,Inactive
12685,6,18.0,68605.29000000001,33106.06,2024-08-31,2025-11-29,11434.22,48.26,Repeat,33,5,5,4,554,Champions,Active
12686,6,16.0,105656.51,45476.75,2024-01-21,2025-12-28,17609.42,43.04,Repeat,4,5,5,5,555,Champions,Active
12687,4,10.0,93244.09999999999,33773.71,2024-12-13,2025-08-20,23311.02,36.22,Repeat,134,3,4,4,344,Potential Loyalists,At Risk
12688,4,7.0,53042.29,19212.83,2024-01-02,2025-08-23,13260.57,36.22,Repeat,131,3,4,3,343,Potential Loyalists,At Risk
12689,6,15.0,44386.82,19427.379999999997,2024-02-01,2025-07-23,7397.8,43.77,Repeat,162,3,5,3,353,Potential Loyalists,At Risk
12690,2,9.0,37588.2,16357.03,2025-01-23,2025-08-16,18794.1,43.52,Repeat,138,3,2,3,323,Potential Loyalists,At Risk
12691,5,25.0,199178.02000000002,90457.47,2024-03-21,2025-12-31,39835.6,45.42,Repeat,1,5,4,5,545,Champions,Active
12692,2,6.0,120313.36,54416.24,2024-04-23,2024-08-11,60156.68,45.23,Repeat,508,1,2,5,125,Lost Customers,Inactive
12693,4,12.0,61036.99,28361.49,2024-01-10,2025-12-23,15259.25,46.47,Repeat,9,5,4,4,544,Champions,Active
12694,2,6.0,35310.759999999995,14131.55,2025-05-02,2025-07-17,17655.38,40.02,Repeat,168,3,2,3,323,Potential Loyalists,At Risk
12695,5,16.0,114738.73,55717.2,2024-07-10,2025-04-04,22947.75,48.56,Repeat,272,2,4,5,245,At Risk,Inactive
12696,4,7.0,21282.54,9420.99,2024-07-12,2025-09-09,5320.64,44.27,Repeat,114,3,4,2,342,Potential Loyalists,At Risk
12697,5,6.0,77666.26999999999,34836.520000000004,2024-02-29,2025-10-14,15533.25,44.85,Repeat,79,4,4,4,444,Champions,Active
12698,2,3.0,14274.529999999999,6920.4,2024-06-11,2025-04-29,7137.26,48.48,Repeat,247,2,2,1,221,Lost Customers,Inactive
12699,2,4.0,7759.75,3148.94,2024-11-07,2025-04-14,3879.88,40.58,Repeat,262,2,2,1,221,Lost Customers,Inactive
12700,6,13.0,106648.34,52468.52,2024-11-18,2025-08-01,17774.72,49.2,Repeat,153,3,5,5,355,Potential Loyalists,At Risk
12701,2,5.0,24188.81,10979.24,2024-03-15,2024-05-06,12094.4,45.39,Repeat,605,1,2,2,122,Lost Customers,Inactive
12702,6,23.0,76415.18,28663.11,2024-03-01,2025-10-14,12735.86,37.51,Repeat,79,4,5,4,454,Champions,Active
12703,6,19.0,164477.11,79516.01999999999,2024-01-17,2025-06-26,27412.85,48.34,Repeat,189,2,5,5,255,At Risk,Inactive
12704,4,9.0,25055.66,9658.51,2024-03-03,2025-11-26,6263.92,38.55,Repeat,36,5,4,2,542,Loyal Customers,Active
12705,5,9.0,19507.239999999998,8635.97,2024-01-28,2025-06-30,3901.45,44.27,Repeat,185,3,4,2,342,Potential Loyalists,Inactive
12706,4,10.0,22440.22,10107.300000000001,2024-10-16,2025-08-01,5610.06,45.04,Repeat,153,3,4,2,342,Potential Loyalists,At Risk
12707,4,10.0,30523.68,13784.13,2024-07-21,2025-12-06,7630.92,45.16,Repeat,26,5,4,2,542,Loyal Customers,Active
12708,5,11.0,15523.68,5786.96,2024-03-14,2025-10-20,3104.74,37.28,Repeat,73,4,4,2,442,Loyal Customers,Active
12709,1,1.0,3723.56,1267.0,2025-10-22,2025-10-22,3723.56,34.03,One-time,71,4,1,1,411,New Customers,Active
12710,4,9.0,43460.06999999999,19538.65,2024-04-06,2025-09-17,10865.02,44.96,Repeat,106,4,4,3,443,Loyal Customers,At Risk
12712,3,7.0,32214.71,16005.6,2024-10-23,2025-06-12,10738.24,49.68,Repeat,203,2,3,2,232,At Risk,Inactive
12713,3,6.0,31205.73,14694.1,2024-01-08,2025-09-05,10401.91,47.09,Repeat,118,3,3,2,332,Potential Loyalists,At Risk
12714,4,6.0,45704.0,20272.76,2024-04-14,2025-11-26,11426.0,44.36,Repeat,36,5,4,3,543,Loyal Customers,Active
12715,3,4.0,29166.03,15309.26,2024-04-15,2025-07-18,9722.01,52.49,Repeat,167,3,3,2,332,Potential Loyalists,At Risk
12716,5,13.0,171676.71,58314.950000000004,2024-05-18,2025-09-10,34335.34,33.97,Repeat,113,3,4,5,345,Potential Loyalists,At Risk
12717,4,14.0,117569.19,51120.71000000001,2024-06-11,2025-10-05,29392.3,43.48,Repeat,88,4,4,5,445,Champions,Active
12718,2,8.0,78739.68,23325.64,2025-09-11,2025-11-16,39369.84,29.62,Repeat,46,5,2,4,524,New Customers,Active
12719,2,2.0,7043.35,3651.98,2024-01-18,2025-01-08,3521.68,51.85,Repeat,358,1,2,1,121,Lost Customers,Inactive
12720,5,17.0,39335.02,19190.53,2024-02-07,2025-11-04,7867.0,48.79,Repeat,58,4,4,3,443,Loyal Customers,Active
12721,1,3.0,13499.67,5006.29,2024-05-06,2024-05-06,13499.67,37.08,One-time,605,1,1,1,111,Lost Customers,Inactive
12722,4,8.0,40885.380000000005,11272.06,2024-02-10,2025-08-21,10221.35,27.57,Repeat,133,3,4,3,343,Potential Loyalists,At Risk
12723,8,25.0,176108.0,74005.83,2024-03-30,2025-08-29,22013.5,42.02,Repeat,125,3,5,5,355,Potential Loyalists,At Risk
12724,3,8.0,27930.55,10834.12,2024-01-25,2025-09-05,9310.18,38.79,Repeat,118,3,3,2,332,Potential Loyalists,At Risk
12725,9,27.0,81013.83,35845.29,2024-03-05,2025-10-20,9001.54,44.25,Repeat,73,4,5,4,454,Champions,Active
12726,4,10.0,21181.27,9370.08,2024-09-22,2025-03-30,5295.32,44.24,Repeat,277,2,4,2,242,At Risk,Inactive
12727,5,10.0,33370.25,14378.72,2024-01-23,2025-12-08,6674.05,43.09,Repeat,24,5,4,3,543,Loyal Customers,Active
12728,4,11.0,28072.96,13990.64,2024-01-01,2025-10-11,7018.24,49.84,Repeat,82,4,4,2,442,Loyal Customers,Active
12729,2,7.0,102293.58,38811.520000000004,2024-03-01,2025-08-19,51146.79,37.94,Repeat,135,3,2,5,325,Potential Loyalists,At Risk
12730,3,6.0,6011.36,2084.95,2024-05-25,2024-12-23,2003.79,34.68,Repeat,374,1,3,1,131,At Risk,Inactive
12731,3,6.0,62009.52,24091.88,2024-08-07,2025-01-28,20669.84,38.85,Repeat,338,1,3,4,134,At Risk,Inactive
12732,3,9.0,30618.74,14342.07,2024-02-03,2025-07-23,10206.25,46.84,Repeat,162,3,3,2,332,Potential Loyalists,At Risk
12733,2,18.0,84763.86,37864.26,2025-07-27,2025-12-31,42381.93,44.67,Repeat,1,5,2,4,524,New Customers,Active
12734,4,10.0,38248.14,15937.85,2024-02-18,2025-11-02,9562.04,41.67,Repeat,60,4,4,3,443,Loyal Customers,Active
12735,3,6.0,139294.30000000002,53663.98,2024-12-15,2025-08-05,46431.43,38.53,Repeat,149,3,3,5,335,Potential Loyalists,At Risk
12736,4,6.0,73789.92,28259.0,2024-03-19,2025-12-26,18447.48,38.3,Repeat,6,5,4,4,544,Champions,Active
12737,5,22.0,183909.18000000002,76278.41,2024-04-04,2025-02-24,36781.84,41.48,Repeat,311,2,4,5,245,At Risk,Inactive
12738,3,11.0,33313.5,11820.16,2024-05-13,2025-12-29,11104.5,35.48,Repeat,3,5,3,3,533,Loyal Customers,Active
12739,2,3.0,842.5999999999999,417.95000000000005,2024-02-22,2024-12-06,421.3,49.6,Repeat,391,1,2,1,121,Lost Customers,Inactive
12740,3,6.0,13769.399999999998,6852.69,2024-11-05,2025-10-27,4589.8,49.77,Repeat,66,4,3,1,431,Loyal Customers,Active
12741,1,8.0,13480.71,5201.95,2025-07-30,2025-07-30,13480.71,38.59,One-time,155,3,1,1,311,Potential Loyalists,At Risk
12742,1,4.0,32765.800000000003,9648.230000000001,2025-03-17,2025-03-17,32765.8,29.45,One-time,290,2,1,2,212,Lost Customers,Inactive
12743,5,12.0,90160.18000000001,42836.95,2024-06-11,2025-10-18,18032.04,47.51,Repeat,75,4,4,4,444,Champions,Active
12744,1,2.0,25623.859999999997,11770.519999999999,2024-01-20,2024-01-20,25623.86,45.94,One-time,712,1,1,2,112,Lost Customers,Inactive
12745,1,2.0,710.8499999999999,315.9,2024-03-20,2024-03-20,710.85,44.44,One-time,652,1,1,1,111,Lost Customers,Inactive
12746,4,6.0,45505.659999999996,20670.81,2024-02-08,2024-12-04,11376.42,45.42,Repeat,393,1,4,3,143,At Risk,Inactive
12747,2,3.0,14844.45,6765.93,2024-12-06,2025-12-11,7422.22,45.58,Repeat,21,5,2,2,522,New Customers,Active
12748,1,4.0,10993.43,5874.68,2025-12-12,2025-12-12,10993.43,53.44,One-time,20,5,1,1,511,New Customers,Active
12750,1,2.0,26558.06,9479.6,2025-07-05,2025-07-05,26558.06,35.69,One-time,180,3,1,2,312,Potential Loyalists,At Risk
12751,4,8.0,20992.870000000003,8407.220000000001,2024-11-13,2025-10-06,5248.22,40.05,Repeat,87,4,4,2,442,Loyal Customers,Active
12752,2,4.0,26716.1,12100.11,2024-02-29,2024-12-30,13358.05,45.29,Repeat,367,1,2,2,122,Lost Customers,Inactive
12753,4,9.0,100422.98999999999,46970.2,2024-02-14,2025-11-07,25105.75,46.77,Repeat,55,4,4,5,445,Champions,Active
12754,4,8.0,43094.95,22626.1,2024-02-21,2025-01-27,10773.74,52.5,Repeat,339,1,4,3,143,At Risk,Inactive
12755,5,12.0,82329.51,32572.14,2024-02-06,2025-08-09,16465.9,39.56,Repeat,145,3,4,4,344,Potential Loyalists,At Risk
12756,11,24.0,122991.39,45963.88,2024-01-30,2025-11-28,11181.04,37.37,Repeat,34,5,5,5,555,Champions,Active
12757,3,10.0,18320.85,8385.07,2024-10-01,2025-03-03,6106.95,45.77,Repeat,304,2,3,2,232,At Risk,Inactive
12758,1,1.0,3178.09,1544.76,2024-10-03,2024-10-03,3178.09,48.61,One-time,455,1,1,1,111,Lost Customers,Inactive
12759,4,9.0,20325.739999999998,6641.45,2024-01-07,2024-11-10,5081.43,32.68,Repeat,417,1,4,2,142,At Risk,Inactive
12760,3,14.0,67151.05,29924.84,2024-03-18,2025-11-20,22383.68,44.56,Repeat,42,5,3,4,534,Loyal Customers,Active
12761,2,7.0,115847.64,47478.509999999995,2024-01-31,2024-06-03,57923.82,40.98,Repeat,577,1,2,5,125,Lost Customers,Inactive
12762,8,26.0,135180.81,62026.62,2024-01-31,2025-11-23,16897.6,45.88,Repeat,39,5,5,5,555,Champions,Active
12763,2,8.0,42733.45,18771.37,2024-01-03,2024-05-16,21366.72,43.93,Repeat,595,1,2,3,123,Lost Customers,Inactive
12764,4,11.0,37049.06,18129.03,2024-04-10,2025-05-03,9262.26,48.93,Repeat,243,2,4,3,243,At Risk,Inactive
12765,5,11.0,17719.77,8050.13,2024-01-01,2025-03-03,3543.95,45.43,Repeat,304,2,4,2,242,At Risk,Inactive
12766,3,8.0,14412.869999999999,7564.26,2024-03-19,2025-02-02,4804.29,52.48,Repeat,333,1,3,1,131,At Risk,Inactive
12767,1,4.0,1911.9699999999998,571.86,2025-02-20,2025-02-20,1911.97,29.91,One-time,315,2,1,1,211,Lost Customers,Inactive
12769,9,32.0,125110.91,55852.27,2024-04-03,2025-11-17,13901.21,44.64,Repeat,45,5,5,5,555,Champions,Active
12770,3,6.0,33259.32,15029.470000000001,2024-02-01,2024-12-20,11086.44,45.19,Repeat,377,1,3,3,133,At Risk,Inactive
12771,4,11.0,33464.56,16497.25,2024-03-30,2025-07-28,8366.14,49.3,Repeat,157,3,4,3,343,Potential Loyalists,At Risk
12772,3,10.0,23176.75,9149.18,2024-01-17,2025-10-27,7725.58,39.48,Repeat,66,4,3,2,432,Loyal Customers,Active
12773,1,1.0,4380.66,1924.1,2024-06-16,2024-06-16,4380.66,43.92,One-time,564,1,1,1,111,Lost Customers,Inactive
12774,3,11.0,40897.3,16043.869999999999,2024-09-05,2025-05-09,13632.43,39.23,Repeat,237,2,3,3,233,At Risk,Inactive
12775,1,3.0,49296.7,23951.93,2025-02-12,2025-02-12,49296.7,48.59,One-time,323,1,1,3,113,Lost Customers,Inactive
12776,3,11.0,57522.47,28117.51,2024-01-22,2025-06-14,19174.16,48.88,Repeat,201,2,3,4,234,At Risk,Inactive
12777,4,12.0,27188.39,12004.56,2024-03-01,2025-12-27,6797.1,44.15,Repeat,5,5,4,2,542,Loyal Customers,Active
12778,3,11.0,11965.82,4869.240000000001,2024-03-29,2025-04-08,3988.61,40.69,Repeat,268,2,3,1,231,At Risk,Inactive
12779,4,10.0,93464.04000000001,43423.9,2024-02-05,2024-12-10,23366.01,46.46,Repeat,387,1,4,4,144,At Risk,Inactive
12780,4,11.0,19449.629999999997,7235.16,2024-10-25,2025-11-30,4862.41,37.2,Repeat,32,5,4,2,542,Loyal Customers,Active
12781,2,5.0,12229.18,6601.61,2024-01-27,2024-10-14,6114.59,53.98,Repeat,444,1,2,1,121,Lost Customers,Inactive
12782,3,8.0,50032.0,28425.86,2024-03-31,2025-09-16,16677.33,56.82,Repeat,107,4,3,3,433,Loyal Customers,At Risk
12783,4,7.0,37192.99,19411.64,2024-06-12,2025-11-01,9298.25,52.19,Repeat,61,4,4,3,443,Loyal Customers,Active
12784,2,4.0,138015.69,48342.380000000005,2025-01-08,2025-03-12,69007.84,35.03,Repeat,295,2,2,5,225,Lost Customers,Inactive
12785,4,20.0,214716.06,88417.73999999999,2024-01-25,2025-01-29,53679.02,41.18,Repeat,337,1,4,5,145,At Risk,Inactive
12786,4,11.0,32023.7,12821.97,2024-02-22,2025-10-08,8005.92,40.04,Repeat,85,4,4,2,442,Loyal Customers,Active
12787,4,10.0,42435.28,21264.55,2024-05-18,2025-05-17,10608.82,50.11,Repeat,229,2,4,3,243,At Risk,Inactive
12788,10,33.0,372391.36000000004,148649.7,2024-05-01,2025-10-25,37239.14,39.92,Repeat,68,4,5,5,455,Champions,Active
12789,8,28.0,194847.39,92004.33,2024-01-20,2025-10-30,24355.92,47.22,Repeat,63,4,5,5,455,Champions,Active
12790,3,7.0,13114.53,4552.79,2025-02-14,2025-11-11,4371.51,34.72,Repeat,51,4,3,1,431,Loyal Customers,Active
12791,4,16.0,142571.73,75347.89,2024-04-18,2025-07-27,35642.93,52.85,Repeat,158,3,4,5,345,Potential Loyalists,At Risk
12792,2,3.0,57857.33,24796.05,2024-06-07,2025-10-04,28928.66,42.86,Repeat,89,4,2,4,424,New Customers,Active
12793,7,19.0,119360.32999999999,58837.22,2024-03-10,2025-01-17,17051.48,49.29,Repeat,349,1,5,5,155,At Risk,Inactive
12794,7,27.0,214141.44,79239.26999999999,2024-03-23,2025-10-09,30591.63,37.0,Repeat,84,4,5,5,455,Champions,Active
12795,1,6.0,10100.83,4506.32,2025-09-05,2025-09-05,10100.83,44.61,One-time,118,3,1,1,311,Potential Loyalists,At Risk
12796,4,10.0,136389.33,75741.0,2024-02-14,2025-11-25,34097.33,55.53,Repeat,37,5,4,5,545,Champions,Active
12797,7,23.0,69003.63,30949.46,2024-04-29,2025-10-25,9857.66,44.85,Repeat,68,4,5,4,454,Champions,Active
12798,2,14.0,51151.88,22150.26,2024-03-26,2024-11-16,25575.94,43.3,Repeat,411,1,2,3,123,Lost Customers,Inactive
12799,2,6.0,13795.39,7449.53,2024-06-19,2025-12-03,6897.7,54.0,Repeat,29,5,2,1,521,New Customers,Active
12800,3,8.0,31462.379999999997,16182.07,2024-10-05,2025-03-08,10487.46,51.43,Repeat,299,2,3,2,232,At Risk,Inactive
12801,2,3.0,60061.74,33312.62,2024-03-24,2024-09-03,30030.87,55.46,Repeat,485,1,2,4,124,Lost Customers,Inactive
12802,3,5.0,6147.01,2772.48,2024-03-10,2025-11-18,2049.0,45.1,Repeat,44,5,3,1,531,Loyal Customers,Active
12803,3,6.0,46270.32,22223.34,2024-01-13,2025-09-01,15423.44,48.03,Repeat,122,3,3,3,333,Potential Loyalists,At Risk
12804,1,2.0,3912.1,1412.58,2024-11-01,2024-11-01,3912.1,36.11,One-time,426,1,1,1,111,Lost Customers,Inactive
12805,4,16.0,110812.1,50328.96,2024-01-05,2025-05-05,27703.02,45.42,Repeat,241,2,4,5,245,At Risk,Inactive
12806,2,2.0,7558.55,3982.6800000000003,2024-06-21,2025-12-02,3779.28,52.69,Repeat,30,5,2,1,521,New Customers,Active
12807,6,13.0,75121.14,36758.75,2024-04-20,2025-12-18,12520.19,48.93,Repeat,14,5,5,4,554,Champions,Active
12809,2,6.0,26670.57,11215.529999999999,2024-09-18,2024-10-14,13335.28,42.05,Repeat,444,1,2,2,122,Lost Customers,Inactive
12810,3,6.0,82373.91,38544.75,2024-10-22,2025-08-23,27457.97,46.79,Repeat,131,3,3,4,334,Potential Loyalists,At Risk
12811,4,8.0,68757.39,40157.97,2024-03-03,2025-08-16,17189.35,58.41,Repeat,138,3,4,4,344,Potential Loyalists,At Risk
12812,4,17.0,187415.55,89692.09,2025-01-16,2025-12-16,46853.89,47.86,Repeat,16,5,4,5,545,Champions,Active
12813,2,5.0,9300.16,3297.61,2024-11-15,2025-10-21,4650.08,35.46,Repeat,72,4,2,1,421,New Customers,Active
12814,2,4.0,34379.25,15126.75,2024-03-01,2025-12-06,17189.62,44.0,Repeat,26,5,2,3,523,New Customers,Active
12815,6,18.0,106370.85,48184.979999999996,2024-12-02,2025-10-22,17728.48,45.3,Repeat,71,4,5,5,455,Champions,Active
12816,1,2.0,8761.32,3848.2,2025-06-11,2025-06-11,8761.32,43.92,One-time,204,2,1,1,211,Lost Customers,Inactive
12817,4,6.0,13278.220000000001,5490.68,2024-03-21,2025-05-25,3319.56,41.35,Repeat,221,2,4,1,241,At Risk,Inactive
12818,1,2.0,47553.82,16434.9,2025-02-11,2025-02-11,47553.82,34.56,One-time,324,1,1,3,113,Lost Customers,Inactive
12819,2,9.0,24062.84,10795.210000000001,2024-02-15,2024-07-25,12031.42,44.86,Repeat,525,1,2,2,122,Lost Customers,Inactive
12820,4,6.0,16630.31,8410.3,2024-06-11,2025-01-24,4157.58,50.57,Repeat,342,1,4,2,142,At Risk,Inactive
12821,2,3.0,34430.72,15881.46,2025-02-21,2025-05-22,17215.36,46.13,Repeat,224,2,2,3,223,Lost Customers,Inactive
12822,3,6.0,119347.95000000001,60714.54,2024-02-14,2025-01-14,39782.65,50.87,Repeat,352,1,3,5,135,At Risk,Inactive
12824,3,6.0,42798.159999999996,12915.670000000002,2024-04-06,2025-06-12,14266.05,30.18,Repeat,203,2,3,3,233,At Risk,Inactive
12825,3,11.0,56836.96,25121.1,2024-03-29,2025-09-14,18945.65,44.2,Repeat,109,4,3,4,434,Loyal Customers,At Risk
12826,1,4.0,8530.3,2857.1800000000003,2024-12-05,2024-12-05,8530.3,33.49,One-time,392,1,1,1,111,Lost Customers,Inactive
12827,3,11.0,91669.95,42942.73,2024-02-15,2025-07-01,30556.65,46.84,Repeat,184,3,3,4,334,Potential Loyalists,Inactive
12828,2,5.0,14814.71,5519.74,2025-06-13,2025-10-25,7407.36,37.26,Repeat,68,4,2,2,422,New Customers,Active
12829,2,4.0,6330.15,2419.44,2024-07-11,2025-06-26,3165.08,38.22,Repeat,189,2,2,1,221,Lost Customers,Inactive
12830,1,1.0,11081.74,5480.69,2024-07-18,2024-07-18,11081.74,49.46,One-time,532,1,1,1,111,Lost Customers,Inactive
12831,3,11.0,29659.85,13739.27,2024-07-05,2025-05-22,9886.62,46.32,Repeat,224,2,3,2,232,At Risk,Inactive
12832,10,24.0,168052.02,81965.95000000001,2024-01-29,2025-12-24,16805.2,48.77,Repeat,8,5,5,5,555,Champions,Active
12833,2,7.0,46200.89,16410.91,2025-02-28,2025-05-12,23100.44,35.52,Repeat,234,2,2,3,223,Lost Customers,Inactive
12834,6,20.0,61063.18,27622.82,2024-02-12,2025-12-15,10177.2,45.24,Repeat,17,5,5,4,554,Champions,Active
12835,4,16.0,70365.85,33103.63,2024-07-03,2025-06-14,17591.46,47.05,Repeat,201,2,4,4,244,At Risk,Inactive
12836,6,16.0,99888.73,36598.54,2024-02-02,2025-12-05,16648.12,36.64,Repeat,27,5,5,5,555,Champions,Active
12837,3,8.0,39156.61,20509.25,2024-10-27,2025-05-20,13052.2,52.38,Repeat,226,2,3,3,233,At Risk,Inactive
12838,1,2.0,7710.8099999999995,3834.52,2024-10-20,2024-10-20,7710.81,49.73,One-time,438,1,1,1,111,Lost Customers,Inactive
12839,1,1.0,1277.1,744.88,2025-06-26,2025-06-26,1277.1,58.33,One-time,189,2,1,1,211,Lost Customers,Inactive
12840,5,8.0,18527.22,6583.09,2024-03-13,2025-06-30,3705.44,35.53,Repeat,185,3,4,2,342,Potential Loyalists,Inactive
12841,2,12.0,34635.729999999996,17271.510000000002,2024-06-09,2025-12-10,17317.86,49.87,Repeat,22,5,2,3,523,New Customers,Active
12842,6,23.0,159340.61000000002,56939.009999999995,2025-03-21,2025-12-25,26556.77,35.73,Repeat,7,5,5,5,555,Champions,Active
12843,6,14.0,47854.46,24283.9,2024-02-22,2025-10-06,7975.74,50.75,Repeat,87,4,5,3,453,Loyal Customers,Active
12844,2,8.0,85616.51,29928.42,2024-09-14,2024-10-21,42808.26,34.96,Repeat,437,1,2,4,124,Lost Customers,Inactive
12845,2,3.0,43579.81,24168.79,2024-04-06,2025-11-25,21789.9,55.46,Repeat,37,5,2,3,523,New Customers,Active
12846,5,17.0,291189.24,114249.20999999999,2024-02-02,2024-05-13,58237.85,39.24,Repeat,598,1,4,5,145,At Risk,Inactive
12847,4,10.0,23388.98,7965.179999999999,2024-08-06,2025-09-15,5847.24,34.06,Repeat,108,4,4,2,442,Loyal Customers,At Risk
12848,5,19.0,135483.56,55495.01,2024-01-20,2025-08-28,27096.71,40.96,Repeat,126,3,4,5,345,Potential Loyalists,At Risk
12849,6,10.0,33302.78,14045.550000000001,2024-05-21,2025-11-28,5550.46,42.18,Repeat,34,5,5,3,553,Loyal Customers,Active
12850,1,2.0,21375.98,7484.42,2025-11-03,2025-11-03,21375.98,35.01,One-time,59,4,1,2,412,New Customers,Active
12851,5,9.0,77004.2,31501.620000000003,2024-07-14,2025-08-21,15400.84,40.91,Repeat,133,3,4,4,344,Potential Loyalists,At Risk
12852,2,4.0,36544.26,17836.6,2024-07-21,2025-10-02,18272.13,48.81,Repeat,91,4,2,3,423,New Customers,At Risk
12853,4,10.0,49369.92,17519.43,2024-02-04,2025-12-03,12342.48,35.49,Repeat,29,5,4,3,543,Loyal Customers,Active
12854,2,9.0,20927.73,8543.91,2024-03-13,2025-01-04,10463.86,40.83,Repeat,362,1,2,2,122,Lost Customers,Inactive
12855,8,29.0,169093.17,65636.2,2024-01-07,2025-11-03,21136.65,38.82,Repeat,59,4,5,5,455,Champions,Active
12856,5,17.0,107659.11,44100.54,2024-01-02,2025-10-24,21531.82,40.96,Repeat,69,4,4,5,445,Champions,Active
12857,5,8.0,19977.59,6860.75,2024-03-19,2025-12-12,3995.52,34.34,Repeat,20,5,4,2,542,Loyal Customers,Active
12858,1,4.0,24953.010000000002,11387.75,2025-06-03,2025-06-03,24953.01,45.64,One-time,212,2,1,2,212,Lost Customers,Inactive
12859,3,12.0,92853.32,43709.69,2024-10-01,2025-09-06,30951.11,47.07,Repeat,117,3,3,4,334,Potential Loyalists,At Risk
12860,2,3.0,8578.26,3268.08,2024-08-31,2025-10-31,4289.13,38.1,Repeat,62,4,2,1,421,New Customers,Active
12861,2,5.0,135499.55,64215.3,2024-08-31,2025-09-25,67749.77,47.39,Repeat,98,4,2,5,425,New Customers,At Risk
12862,6,16.0,106555.77,50804.14,2024-06-05,2025-12-17,17759.3,47.68,Repeat,15,5,5,5,555,Champions,Active
12863,6,17.0,34860.58,13988.210000000001,2024-01-05,2025-11-12,5810.1,40.13,Repeat,50,4,5,3,453,Loyal Customers,Active
12864,5,22.0,173447.66999999998,74649.41,2024-07-19,2025-08-04,34689.53,43.04,Repeat,150,3,4,5,345,Potential Loyalists,At Risk
12866,2,4.0,4285.76,1720.73,2025-03-18,2025-09-26,2142.88,40.15,Repeat,97,4,2,1,421,New Customers,At Risk
12867,4,10.0,34303.71,15297.06,2024-03-06,2025-11-12,8575.93,44.59,Repeat,50,4,4,3,443,Loyal Customers,Active
12868,3,9.0,53662.02,29726.489999999998,2024-02-03,2024-10-30,17887.34,55.4,Repeat,428,1,3,3,133,At Risk,Inactive
12869,5,8.0,12015.41,5258.42,2024-12-31,2025-12-05,2403.08,43.76,Repeat,27,5,4,1,541,Loyal Customers,Active
12870,3,6.0,22839.690000000002,8250.130000000001,2024-02-04,2025-08-24,7613.23,36.12,Repeat,130,3,3,2,332,Potential Loyalists,At Risk
12871,3,9.0,257175.81,144773.07,2024-10-15,2025-08-10,85725.27,56.29,Repeat,144,3,3,5,335,Potential Loyalists,At Risk
12872,1,3.0,73479.99,43241.700000000004,2025-07-15,2025-07-15,73479.99,58.85,One-time,170,3,1,4,314,Potential Loyalists,At Risk
12873,4,10.0,72626.35,33362.51,2024-08-20,2025-09-06,18156.59,45.94,Repeat,117,3,4,4,344,Potential Loyalists,At Risk
12874,3,3.0,10735.68,4379.24,2024-05-02,2025-01-23,3578.56,40.79,Repeat,343,1,3,1,131,At Risk,Inactive
12875,5,16.0,70775.73999999999,31449.41,2024-01-20,2025-12-28,14155.15,44.44,Repeat,4,5,4,4,544,Champions,Active
12876,2,3.0,6349.9400000000005,2841.51,2024-04-04,2025-03-03,3174.97,44.75,Repeat,304,2,2,1,221,Lost Customers,Inactive
12877,5,16.0,27694.42,12434.539999999999,2024-08-30,2025-09-30,5538.88,44.9,Repeat,93,4,5,2,452,Loyal Customers,At Risk
12878,1,6.0,175959.45,80974.59,2025-04-23,2025-04-23,175959.45,46.02,One-time,253,2,1,5,215,Lost Customers,Inactive
12879,3,9.0,46046.090000000004,22534.84,2024-03-08,2024-09-15,15348.7,48.94,Repeat,473,1,3,3,133,At Risk,Inactive
12880,1,3.0,2203.47,976.52,2024-07-09,2024-07-09,2203.47,44.32,One-time,541,1,1,1,111,Lost Customers,Inactive
12881,4,8.0,22092.84,9066.39,2024-08-07,2025-11-22,5523.21,41.04,Repeat,40,5,4,2,542,Loyal Customers,Active
12882,1,1.0,3301.65,1300.49,2024-06-14,2024-06-14,3301.65,39.39,One-time,566,1,1,1,111,Lost Customers,Inactive
12883,4,8.0,36909.66,14555.36,2025-01-21,2025-10-22,9227.42,39.44,Repeat,71,4,4,3,443,Loyal Customers,Active
12884,6,16.0,98707.2,47702.21,2024-04-21,2025-11-27,16451.2,48.33,Repeat,35,5,5,5,555,Champions,Active
12885,4,12.0,239294.5,113425.31999999999,2024-04-23,2025-08-10,59823.62,47.4,Repeat,144,3,4,5,345,Potential Loyalists,At Risk
12886,2,2.0,7850.0,4005.16,2024-01-16,2025-12-22,3925.0,51.02,Repeat,10,5,2,1,521,New Customers,Active
12887,5,21.0,98509.89,45197.009999999995,2024-09-08,2025-07-30,19701.98,45.88,Repeat,155,3,5,5,355,Potential Loyalists,At Risk
12888,3,7.0,31392.08,15578.82,2024-01-29,2025-08-11,10464.03,49.63,Repeat,143,3,3,2,332,Potential Loyalists,At Risk
12889,3,18.0,146579.82,68052.92,2025-04-10,2025-08-02,48859.94,46.43,Repeat,152,3,3,5,335,Potential Loyalists,At Risk
12890,3,12.0,56623.88,24790.05,2024-01-04,2025-05-30,18874.63,43.78,Repeat,216,2,3,4,234,At Risk,Inactive
12891,8,19.0,41609.72,18097.23,2024-01-13,2025-08-31,5201.22,43.49,Repeat,123,3,5,3,353,Potential Loyalists,At Risk
12892,1,1.0,1164.92,524.96,2024-10-14,2024-10-14,1164.92,45.06,One-time,444,1,1,1,111,Lost Customers,Inactive
12893,3,5.0,30574.31,16447.8,2024-09-12,2025-06-18,10191.44,53.8,Repeat,197,2,3,2,232,At Risk,Inactive
12894,4,9.0,16105.76,6160.76,2024-07-02,2024-12-18,4026.44,38.25,Repeat,379,1,4,2,142,At Risk,Inactive
12895,7,25.0,171018.31,78271.82,2024-01-12,2025-12-15,24431.19,45.77,Repeat,17,5,5,5,555,Champions,Active
12897,2,11.0,76246.8,28061.35,2024-03-01,2025-11-21,38123.4,36.8,Repeat,41,5,2,4,524,New Customers,Active
12898,5,15.0,66926.51,30168.49,2024-04-16,2025-06-08,13385.3,45.08,Repeat,207,2,5,4,254,At Risk,Inactive
12899,1,1.0,1674.23,541.75,2025-08-14,2025-08-14,1674.23,32.36,One-time,140,3,1,1,311,Potential Loyalists,At Risk
12900,2,2.0,2246.25,911.46,2024-07-29,2025-06-09,1123.12,40.58,Repeat,206,2,2,1,221,Lost Customers,Inactive
12901,5,9.0,23932.48,10049.119999999999,2024-01-04,2025-12-13,4786.5,41.99,Repeat,19,5,5,2,552,Loyal Customers,Active
12902,3,5.0,78314.32,38956.39,2024-01-02,2025-01-09,26104.77,49.74,Repeat,357,1,3,4,134,At Risk,Inactive
12903,3,12.0,43116.45,20844.81,2024-10-02,2025-05-29,14372.15,48.35,Repeat,217,2,3,3,233,At Risk,Inactive
12904,5,9.0,11615.029999999999,4254.22,2024-12-11,2025-08-18,2323.01,36.63,Repeat,136,3,5,1,351,Potential Loyalists,At Risk
12905,5,18.0,64445.45,34594.72,2024-04-21,2025-07-24,12889.09,53.68,Repeat,161,3,5,4,354,Potential Loyalists,At Risk
12906,8,17.0,120284.13,43424.94,2024-04-16,2025-11-13,15035.52,36.1,Repeat,49,4,5,5,455,Champions,Active
12907,2,9.0,23598.019999999997,10752.060000000001,2024-09-12,2024-11-02,11799.01,45.56,Repeat,425,1,2,2,122,Lost Customers,Inactive
12908,4,6.0,19167.829999999998,8735.16,2024-04-26,2025-10-11,4791.96,45.57,Repeat,82,4,4,2,442,Loyal Customers,Active
12909,4,13.0,119383.14,26909.32,2024-04-15,2025-10-01,29845.78,22.54,Repeat,92,4,4,5,445,Champions,At Risk
12910,3,9.0,14459.73,7375.2,2025-05-17,2025-10-24,4819.91,51.01,Repeat,69,4,3,1,431,Loyal Customers,Active
12911,4,7.0,115714.72,49780.880000000005,2024-05-05,2025-06-29,28928.68,43.02,Repeat,186,2,4,5,245,At Risk,Inactive
12912,4,9.0,57907.27,31250.09,2025-06-08,2025-09-29,14476.82,53.97,Repeat,94,4,4,4,444,Champions,At Risk
12913,5,7.0,98427.33,38726.03,2024-01-30,2025-09-30,19685.47,39.34,Repeat,93,4,5,5,455,Champions,At Risk
12914,4,11.0,59655.61,29059.32,2024-08-19,2025-01-09,14913.9,48.71,Repeat,357,1,4,4,144,At Risk,Inactive
12915,5,17.0,32346.17,13926.73,2024-08-11,2025-09-15,6469.23,43.06,Repeat,108,4,5,2,452,Loyal Customers,At Risk
12916,3,6.0,14523.14,6025.32,2024-08-08,2025-10-14,4841.05,41.49,Repeat,79,4,3,1,431,Loyal Customers,Active
12917,4,11.0,142560.93,58168.78,2024-08-09,2025-12-17,35640.23,40.8,Repeat,15,5,4,5,545,Champions,Active
12918,2,3.0,16955.82,6853.35,2024-06-26,2024-09-11,8477.91,40.42,Repeat,477,1,2,2,122,Lost Customers,Inactive
12919,5,8.0,73757.67,35413.58,2024-08-20,2025-04-13,14751.53,48.01,Repeat,263,2,5,4,254,At Risk,Inactive
12920,2,4.0,7043.09,2676.41,2024-10-05,2025-11-14,3521.54,38.0,Repeat,48,5,2,1,521,New Customers,Active
12921,1,1.0,1420.83,741.54,2024-05-05,2024-05-05,1420.83,52.19,One-time,606,1,1,1,111,Lost Customers,Inactive
12922,4,10.0,149191.33000000002,63707.86,2025-01-11,2025-12-29,37297.83,42.7,Repeat,3,5,4,5,545,Champions,Active
12923,2,8.0,70636.18,26195.84,2024-06-11,2024-08-26,35318.09,37.09,Repeat,493,1,2,4,124,Lost Customers,Inactive
12924,2,10.0,111018.86000000002,23378.62,2024-01-31,2025-07-03,55509.43,21.06,Repeat,182,3,2,5,325,Potential Loyalists,Inactive
12925,5,15.0,106881.9,51202.94,2024-07-21,2025-11-15,21376.38,47.91,Repeat,47,5,5,5,555,Champions,Active
12926,3,7.0,27652.95,14368.97,2024-03-27,2024-05-10,9217.65,51.96,Repeat,601,1,3,2,132,At Risk,Inactive
12927,3,10.0,96244.31,38744.619999999995,2024-11-09,2025-10-20,32081.44,40.26,Repeat,73,4,3,4,434,Loyal Customers,Active
12928,3,12.0,45129.59,20525.06,2025-01-25,2025-10-26,15043.2,45.48,Repeat,67,4,3,3,433,Loyal Customers,Active
12929,1,1.0,7867.29,3813.29,2025-01-19,2025-01-19,7867.29,48.47,One-time,347,1,1,1,111,Lost Customers,Inactive
12930,6,12.0,159135.59,75982.23,2024-02-15,2025-10-11,26522.6,47.75,Repeat,82,4,5,5,455,Champions,Active
12931,5,20.0,66252.79,27406.39,2024-02-06,2025-11-11,13250.56,41.37,Repeat,51,4,5,4,454,Champions,Active
12932,4,7.0,36498.58,16691.739999999998,2024-03-09,2025-12-05,9124.64,45.73,Repeat,27,5,4,3,543,Loyal Customers,Active
12933,4,7.0,44000.61,22217.89,2024-10-25,2025-08-21,11000.15,50.49,Repeat,133,3,4,3,343,Potential Loyalists,At Risk
12934,5,9.0,52535.66,25327.72,2024-11-29,2025-06-19,10507.13,48.21,Repeat,196,2,5,3,253,At Risk,Inactive
12935,2,4.0,13361.220000000001,5887.72,2025-01-02,2025-11-10,6680.61,44.07,Repeat,52,4,2,1,421,New Customers,Active
12936,4,12.0,54865.75,28493.6,2024-04-14,2025-05-09,13716.44,51.93,Repeat,237,2,4,3,243,At Risk,Inactive
12937,3,14.0,93788.63,45490.55,2024-03-04,2025-03-13,31262.88,48.5,Repeat,294,2,3,4,234,At Risk,Inactive
12938,5,16.0,187365.30000000002,87848.99,2024-08-28,2025-12-29,37473.06,46.89,Repeat,3,5,5,5,555,Champions,Active
12939,2,2.0,8081.53,4287.95,2024-02-11,2024-03-13,4040.76,53.06,Repeat,659,1,2,1,121,Lost Customers,Inactive
12940,2,10.0,49040.950000000004,22296.78,2024-04-26,2025-10-15,24520.48,45.47,Repeat,78,4,2,3,423,New Customers,Active
12941,3,10.0,31732.6,13514.689999999999,2024-10-14,2025-03-14,10577.53,42.59,Repeat,293,2,3,2,232,At Risk,Inactive
12942,4,10.0,18617.05,8772.86,2024-01-04,2025-11-25,4654.26,47.12,Repeat,37,5,4,2,542,Loyal Customers,Active
12943,4,9.0,78846.06,37035.020000000004,2024-07-19,2025-05-27,19711.52,46.97,Repeat,219,2,4,4,244,At Risk,Inactive
12944,3,6.0,12624.9,6161.299999999999,2024-02-24,2024-07-27,4208.3,48.8,Repeat,523,1,3,1,131,At Risk,Inactive
12945,3,11.0,45591.46,19501.28,2025-01-29,2025-05-18,15197.15,42.77,Repeat,228,2,3,3,233,At Risk,Inactive
12946,3,10.0,48918.52,23155.98,2024-02-21,2024-12-28,16306.17,47.34,Repeat,369,1,3,3,133,At Risk,Inactive
12947,3,6.0,130017.01,62670.7,2024-04-04,2025-06-08,43339.0,48.2,Repeat,207,2,3,5,235,At Risk,Inactive
12948,4,10.0,92225.96,42736.32,2024-08-27,2025-11-14,23056.49,46.34,Repeat,48,5,4,4,544,Champions,Active
12949,1,2.0,5830.34,3048.82,2024-10-14,2024-10-14,5830.34,52.29,One-time,444,1,1,1,111,Lost Customers,Inactive
12950,2,6.0,39147.26,18831.149999999998,2024-05-26,2025-04-04,19573.63,48.1,Repeat,272,2,2,3,223,Lost Customers,Inactive
12951,3,14.0,68979.75,23821.96,2024-06-18,2025-07-17,22993.25,34.53,Repeat,168,3,3,4,334,Potential Loyalists,At Risk
12952,2,9.0,66876.67,37771.64,2025-04-01,2025-04-07,33438.34,56.48,Repeat,269,2,2,4,224,Lost Customers,Inactive
12953,8,23.0,125079.29,57660.83,2024-05-30,2025-12-23,15634.91,46.1,Repeat,9,5,5,5,555,Champions,Active
12954,4,12.0,40252.549999999996,16258.130000000001,2024-05-03,2025-03-08,10063.14,40.39,Repeat,299,2,4,3,243,At Risk,Inactive
12955,3,12.0,85317.07,46495.89,2024-01-07,2024-05-22,28439.02,54.5,Repeat,589,1,3,4,134,At Risk,Inactive
12956,4,9.0,27203.87,11249.13,2024-08-22,2025-08-07,6800.97,41.35,Repeat,147,3,4,2,342,Potential Loyalists,At Risk
12957,4,17.0,136028.16,49545.54,2024-06-18,2025-06-02,34007.04,36.42,Repeat,213,2,4,5,245,At Risk,Inactive
12958,2,3.0,5146.45,1954.22,2025-01-24,2025-05-01,2573.22,37.97,Repeat,245,2,2,1,221,Lost Customers,Inactive
12959,3,10.0,113601.69,54820.49999999999,2025-03-28,2025-10-29,37867.23,48.26,Repeat,64,4,3,5,435,Loyal Customers,Active
12960,8,26.0,90525.12,45232.36,2024-01-19,2025-11-12,11315.64,49.97,Repeat,50,4,5,4,454,Champions,Active
12961,4,8.0,20442.73,8862.66,2024-03-12,2025-07-06,5110.68,43.35,Repeat,179,3,4,2,342,Potential Loyalists,At Risk
12962,7,24.0,245130.93,111588.15999999999,2024-01-16,2025-09-19,35018.7,45.52,Repeat,104,4,5,5,455,Champions,At Risk
12963,2,4.0,13729.65,3593.52,2024-03-21,2025-01-13,6864.82,26.17,Repeat,353,1,2,1,121,Lost Customers,Inactive
12964,2,10.0,87745.53,30894.68,2024-01-28,2025-07-19,43872.76,35.21,Repeat,166,3,2,4,324,Potential Loyalists,At Risk
12965,4,11.0,25754.59,11912.43,2024-10-06,2025-02-12,6438.65,46.25,Repeat,323,1,4,2,142,At Risk,Inactive
12966,2,10.0,29386.82,12165.57,2025-02-02,2025-11-16,14693.41,41.4,Repeat,46,5,2,2,522,New Customers,Active
12967,3,8.0,36802.82,13729.83,2024-05-09,2024-10-19,12267.61,37.31,Repeat,439,1,3,3,133,At Risk,Inactive
12968,5,15.0,61620.29,28653.949999999997,2024-01-29,2025-05-01,12324.06,46.5,Repeat,245,2,5,4,254,At Risk,Inactive
12970,2,3.0,16022.01,8104.21,2025-03-17,2025-12-26,8011.0,50.58,Repeat,6,5,2,2,522,New Customers,Active
12971,3,13.0,50458.52,17625.88,2024-08-31,2024-12-10,16819.51,34.93,Repeat,387,1,3,3,133,At Risk,Inactive
12972,3,11.0,104620.64,40951.6,2024-05-03,2025-03-11,34873.55,39.14,Repeat,296,2,3,5,235,At Risk,Inactive
12973,6,9.0,41134.82,17341.5,2024-01-07,2025-12-01,6855.8,42.16,Repeat,31,5,5,3,553,Loyal Customers,Active
12974,4,6.0,46084.12,19647.13,2025-02-14,2025-11-18,11521.03,42.63,Repeat,44,5,4,3,543,Loyal Customers,Active
12976,2,8.0,16267.140000000001,4772.71,2024-07-05,2025-01-04,8133.57,29.34,Repeat,362,1,2,2,122,Lost Customers,Inactive
12977,5,9.0,51749.689999999995,28518.170000000002,2024-03-29,2025-11-09,10349.94,55.11,Repeat,53,4,5,3,453,Loyal Customers,Active
12979,3,9.0,61406.99,30564.97,2024-01-30,2025-10-31,20469.0,49.77,Repeat,62,4,3,4,434,Loyal Customers,Active
12981,4,10.0,46770.68,21476.35,2024-05-24,2025-09-03,11692.67,45.92,Repeat,120,3,4,3,343,Potential Loyalists,At Risk
12982,4,11.0,31736.07,14519.95,2024-06-10,2024-11-23,7934.02,45.75,Repeat,404,1,4,2,142,At Risk,Inactive
12983,2,2.0,38023.729999999996,12245.27,2024-05-08,2025-03-12,19011.86,32.2,Repeat,295,2,2,3,223,Lost Customers,Inactive
12984,3,5.0,18141.57,7664.81,2024-09-03,2025-08-21,6047.19,42.25,Repeat,133,3,3,2,332,Potential Loyalists,At Risk
12985,2,8.0,57997.94,21441.660000000003,2024-10-31,2025-01-26,28998.97,36.97,Repeat,340,1,2,4,124,Lost Customers,Inactive
12986,2,7.0,17530.510000000002,7840.2,2025-03-30,2025-12-17,8765.26,44.72,Repeat,15,5,2,2,522,New Customers,Active
12987,1,2.0,1002.96,593.72,2024-06-04,2024-06-04,1002.96,59.2,One-time,576,1,1,1,111,Lost Customers,Inactive
12988,6,17.0,70126.79,31749.12,2024-02-06,2025-12-07,11687.8,45.27,Repeat,25,5,5,4,554,Champions,Active
12989,1,1.0,66361.9,25787.85,2025-02-10,2025-02-10,66361.9,38.86,One-time,325,1,1,4,114,Lost Customers,Inactive
12990,5,13.0,267601.02,103134.28,2024-04-30,2025-02-11,53520.2,38.54,Repeat,324,1,5,5,155,At Risk,Inactive
12991,3,6.0,24338.670000000002,8888.41,2024-09-06,2025-02-07,8112.89,36.52,Repeat,328,1,3,2,132,At Risk,Inactive
12992,2,9.0,41216.100000000006,19806.629999999997,2024-04-03,2024-06-16,20608.05,48.06,Repeat,564,1,2,3,123,Lost Customers,Inactive
12993,4,17.0,45754.04,21185.059999999998,2024-01-20,2025-10-27,11438.51,46.3,Repeat,66,4,4,3,443,Loyal Customers,Active
12994,6,14.0,218264.79,71039.3,2024-06-14,2025-08-10,36377.47,32.55,Repeat,144,3,5,5,355,Potential Loyalists,At Risk
12995,3,6.0,23931.75,10814.02,2025-06-25,2025-08-20,7977.25,45.19,Repeat,134,3,3,2,332,Potential Loyalists,At Risk
12996,1,1.0,435.85,123.21,2024-02-01,2024-02-01,435.85,28.27,One-time,700,1,1,1,111,Lost Customers,Inactive
12997,2,2.0,7997.72,4799.54,2025-12-17,2025-12-27,3998.86,60.01,Repeat,5,5,2,1,521,New Customers,Active
12998,6,13.0,24990.129999999997,11462.49,2024-02-28,2025-08-28,4165.02,45.87,Repeat,126,3,5,2,352,Potential Loyalists,At Risk
12999,2,2.0,9441.009999999998,3335.4700000000003,2025-09-02,2025-11-12,4720.5,35.33,Repeat,50,4,2,1,421,New Customers,Active
13000,5,21.0,136020.97999999998,65989.86,2024-03-17,2025-12-01,27204.2,48.51,Repeat,31,5,5,5,555,Champions,Active
13001,1,1.0,3838.74,1460.74,2025-03-04,2025-03-04,3838.74,38.05,One-time,303,2,1,1,211,Lost Customers,Inactive
13002,3,7.0,274775.83999999997,131352.49,2024-04-06,2024-08-25,91591.95,47.8,Repeat,494,1,3,5,135,At Risk,Inactive
13003,4,8.0,61921.5,17760.74,2024-03-25,2025-11-26,15480.38,28.68,Repeat,36,5,4,4,544,Champions,Active
13004,5,9.0,52917.42,23223.58,2024-03-02,2025-07-24,10583.48,43.89,Repeat,161,3,5,3,353,Potential Loyalists,At Risk
13005,7,22.0,205518.18,85283.26,2024-01-04,2025-05-01,29359.74,41.5,Repeat,245,2,5,5,255,At Risk,Inactive
13006,4,8.0,63702.049999999996,24674.920000000002,2024-10-13,2025-12-31,15925.51,38.73,Repeat,1,5,4,4,544,Champions,Active
13007,6,12.0,51808.82,22235.55,2024-02-19,2025-11-09,8634.8,42.92,Repeat,53,4,5,3,453,Loyal Customers,Active
13008,3,17.0,162507.11000000002,90949.15999999999,2024-02-23,2025-12-03,54169.04,55.97,Repeat,29,5,3,5,535,Loyal Customers,Active
13009,3,7.0,193246.17,87272.68000000001,2024-04-30,2025-05-06,64415.39,45.16,Repeat,240,2,3,5,235,At Risk,Inactive
13010,4,8.0,15024.3,6790.56,2025-01-16,2025-06-14,3756.08,45.2,Repeat,201,2,4,2,242,At Risk,Inactive
13011,2,5.0,13042.49,5756.62,2025-02-23,2025-03-27,6521.24,44.14,Repeat,280,2,2,1,221,Lost Customers,Inactive
13012,2,9.0,53036.71,25020.510000000002,2024-02-08,2025-02-14,26518.36,47.18,Repeat,321,1,2,3,123,Lost Customers,Inactive
13013,2,11.0,21464.690000000002,10350.04,2024-06-25,2024-07-25,10732.34,48.22,Repeat,525,1,2,2,122,Lost Customers,Inactive
13014,1,7.0,52510.33,20321.42,2025-04-08,2025-04-08,52510.33,38.7,One-time,268,2,1,3,213,Lost Customers,Inactive
13015,4,10.0,33657.65,14483.52,2025-02-13,2025-08-01,8414.41,43.03,Repeat,153,3,4,3,343,Potential Loyalists,At Risk
13016,4,12.0,81767.26999999999,32871.71,2024-07-26,2025-10-04,20441.82,40.2,Repeat,89,4,4,4,444,Champions,Active
13017,3,14.0,64579.41,31579.39,2024-05-22,2025-12-26,21526.47,48.9,Repeat,6,5,3,4,534,Loyal Customers,Active
13018,2,4.0,81623.21,36163.89,2024-05-15,2024-06-26,40811.61,44.31,Repeat,554,1,2,4,124,Lost Customers,Inactive
13019,8,23.0,109994.16,47938.03,2024-01-11,2025-09-02,13749.27,43.58,Repeat,121,3,5,5,355,Potential Loyalists,At Risk
13020,4,9.0,53106.0,19524.25,2024-01-22,2025-11-19,13276.5,36.76,Repeat,43,5,4,3,543,Loyal Customers,Active
13021,2,4.0,57175.350000000006,16290.71,2024-10-21,2025-11-15,28587.68,28.49,Repeat,47,5,2,4,524,New Customers,Active
13022,4,15.0,157298.28,83075.64,2024-05-10,2025-10-20,39324.57,52.81,Repeat,73,4,4,5,445,Champions,Active
13023,3,12.0,30458.839999999997,13535.169999999998,2024-04-26,2025-05-30,10152.95,44.44,Repeat,216,2,3,2,232,At Risk,Inactive
13024,2,5.0,38418.22,20228.09,2024-01-24,2025-12-24,19209.11,52.65,Repeat,8,5,2,3,523,New Customers,Active
13025,3,4.0,29927.089999999997,17182.9,2024-10-09,2025-11-09,9975.7,57.42,Repeat,53,4,3,2,432,Loyal Customers,Active
13026,3,13.0,52566.39,25963.15,2024-04-04,2024-11-16,17522.13,49.39,Repeat,411,1,3,3,133,At Risk,Inactive
13027,5,14.0,29150.46,12449.82,2024-01-23,2024-12-12,5830.09,42.71,Repeat,385,1,5,2,152,At Risk,Inactive
13028,3,7.0,12738.84,5626.96,2024-04-08,2025-04-17,4246.28,44.17,Repeat,259,2,3,1,231,At Risk,Inactive
13029,2,3.0,11633.010000000002,3693.59,2024-07-01,2025-03-31,5816.51,31.75,Repeat,276,2,2,1,221,Lost Customers,Inactive
13030,1,4.0,5656.0,2652.13,2025-08-19,2025-08-19,5656.0,46.89,One-time,135,3,1,1,311,Potential Loyalists,At Risk
13031,6,21.0,40564.12,15208.06,2024-01-03,2025-11-04,6760.69,37.49,Repeat,58,4,5,3,453,Loyal Customers,Active
13032,3,5.0,17409.52,5298.42,2024-03-13,2025-05-11,5803.17,30.43,Repeat,235,2,3,2,232,At Risk,Inactive
13033,6,10.0,77693.68,33315.92,2024-03-25,2025-07-26,12948.95,42.88,Repeat,159,3,5,4,354,Potential Loyalists,At Risk
13034,3,5.0,25743.28,11451.510000000002,2024-02-08,2025-12-18,8581.09,44.48,Repeat,14,5,3,2,532,Loyal Customers,Active
13035,5,20.0,194333.0,88910.81,2024-04-26,2025-08-30,38866.6,45.75,Repeat,124,3,5,5,355,Potential Loyalists,At Risk
13036,8,15.0,73130.22,32100.86,2024-10-21,2025-12-27,9141.28,43.9,Repeat,5,5,5,4,554,Champions,Active
13037,4,10.0,100386.87,50593.85,2024-01-31,2025-11-04,25096.72,50.4,Repeat,58,4,4,5,445,Champions,Active
13038,2,8.0,42183.75,21782.82,2025-01-20,2025-03-30,21091.88,51.64,Repeat,277,2,2,3,223,Lost Customers,Inactive
13039,4,5.0,23736.39,11028.0,2024-08-05,2025-10-04,5934.1,46.46,Repeat,89,4,4,2,442,Loyal Customers,Active
13040,5,15.0,68215.33,24987.42,2024-12-15,2025-12-28,13643.07,36.63,Repeat,4,5,5,4,554,Champions,Active
13041,3,11.0,60408.670000000006,30934.43,2024-05-28,2025-05-27,20136.22,51.21,Repeat,219,2,3,4,234,At Risk,Inactive
13042,6,12.0,131097.02,66167.79000000001,2024-07-05,2025-10-27,21849.5,50.47,Repeat,66,4,5,5,455,Champions,Active
13043,5,9.0,16486.93,7285.93,2024-01-01,2025-10-07,3297.39,44.19,Repeat,86,4,5,2,452,Loyal Customers,Active
13044,3,8.0,33909.64,15362.53,2024-01-19,2025-06-01,11303.21,45.3,Repeat,214,2,3,3,233,At Risk,Inactive
13045,2,6.0,71373.2,23633.5,2025-02-14,2025-02-24,35686.6,33.11,Repeat,311,2,2,4,224,Lost Customers,Inactive
13046,3,5.0,53456.92999999999,21000.39,2025-04-14,2025-12-19,17818.98,39.28,Repeat,13,5,3,3,533,Loyal Customers,Active
13047,3,12.0,252539.36000000002,88128.88,2024-03-23,2025-01-30,84179.79,34.9,Repeat,336,1,3,5,135,At Risk,Inactive
13049,3,9.0,145819.94,68327.34,2024-07-14,2025-10-10,48606.65,46.86,Repeat,83,4,3,5,435,Loyal Customers,Active
13050,3,4.0,52632.17999999999,27149.250000000004,2024-07-31,2025-12-15,17544.06,51.58,Repeat,17,5,3,3,533,Loyal Customers,Active
13051,4,10.0,33439.72,18076.260000000002,2024-05-24,2025-11-17,8359.93,54.06,Repeat,45,5,4,3,543,Loyal Customers,Active
13052,7,18.0,120427.7,59405.25,2024-11-09,2025-09-11,17203.96,49.33,Repeat,112,3,5,5,355,Potential Loyalists,At Risk
13053,3,8.0,81577.18000000001,39838.64,2024-07-22,2025-04-16,27192.39,48.84,Repeat,260,2,3,4,234,At Risk,Inactive
13054,4,16.0,124184.17,52372.38,2024-07-17,2025-11-28,31046.04,42.17,Repeat,34,5,4,5,545,Champions,Active
13055,1,3.0,2692.42,1461.72,2025-12-12,2025-12-12,2692.42,54.29,One-time,20,5,1,1,511,New Customers,Active
13056,2,2.0,69987.34999999999,34649.950000000004,2025-02-18,2025-07-17,34993.67,49.51,Repeat,168,3,2,4,324,Potential Loyalists,At Risk
13057,2,8.0,24847.08,10204.130000000001,2024-10-30,2025-04-14,12423.54,41.07,Repeat,262,2,2,2,222,Lost Customers,Inactive
13058,4,9.0,32154.4,14055.81,2024-12-12,2025-11-13,8038.6,43.71,Repeat,49,4,4,2,442,Loyal Customers,Active
13059,6,16.0,256919.68,93971.35,2025-03-23,2025-12-24,42819.95,36.58,Repeat,8,5,5,5,555,Champions,Active
13060,5,12.0,120392.31999999999,55635.95,2024-01-31,2025-09-21,24078.46,46.21,Repeat,102,4,5,5,455,Champions,At Risk
13061,6,17.0,182909.28,78616.95,2024-01-22,2025-09-02,30484.88,42.98,Repeat,121,3,5,5,355,Potential Loyalists,At Risk
13062,1,1.0,974.12,252.22,2025-06-19,2025-06-19,974.12,25.89,One-time,196,2,1,1,211,Lost Customers,Inactive
13063,5,14.0,81344.08,29006.2,2024-03-10,2024-11-24,16268.82,35.66,Repeat,403,1,5,4,154,At Risk,Inactive
13064,1,2.0,13846.32,6593.04,2024-08-14,2024-08-14,13846.32,47.62,One-time,505,1,1,1,111,Lost Customers,Inactive
13065,6,19.0,193413.3,102247.43000000001,2024-05-18,2025-12-09,32235.55,52.86,Repeat,23,5,5,5,555,Champions,Active
13066,2,6.0,49002.43,22722.500000000004,2025-08-22,2025-09-20,24501.22,46.37,Repeat,103,4,2,3,423,New Customers,At Risk
13067,2,5.0,6282.1900000000005,2656.13,2024-12-22,2025-04-16,3141.1,42.28,Repeat,260,2,2,1,221,Lost Customers,Inactive
13068,3,11.0,40183.25,18134.41,2024-04-06,2025-01-18,13394.42,45.13,Repeat,348,1,3,3,133,At Risk,Inactive
13069,5,11.0,64564.8,29410.29,2024-02-12,2025-08-07,12912.96,45.55,Repeat,147,3,5,4,354,Potential Loyalists,At Risk
13070,6,12.0,129200.01000000001,70783.09,2024-02-08,2025-05-09,21533.34,54.79,Repeat,237,2,5,5,255,At Risk,Inactive
13071,6,9.0,69874.8,29545.25,2024-07-10,2025-12-13,11645.8,42.28,Repeat,19,5,5,4,554,Champions,Active
13072,4,19.0,128066.08,60455.15,2024-02-26,2025-11-01,32016.52,47.21,Repeat,61,4,4,5,445,Champions,Active
13073,5,18.0,102165.79000000001,50264.38,2024-01-12,2025-07-14,20433.16,49.2,Repeat,171,3,5,5,355,Potential Loyalists,At Risk
13074,3,6.0,3552.77,1333.1100000000001,2024-01-28,2024-07-01,1184.26,37.52,Repeat,549,1,3,1,131,At Risk,Inactive
13075,4,12.0,29513.53,10163.3,2024-10-23,2025-12-11,7378.38,34.44,Repeat,21,5,4,2,542,Loyal Customers,Active
13076,2,3.0,38914.57,19405.58,2024-05-25,2025-08-14,19457.28,49.87,Repeat,140,3,2,3,323,Potential Loyalists,At Risk
13077,5,14.0,40623.54,16832.850000000002,2024-01-05,2025-11-03,8124.71,41.44,Repeat,59,4,5,3,453,Loyal Customers,Active
13078,6,21.0,168580.12,77907.39,2024-02-28,2025-12-09,28096.69,46.21,Repeat,23,5,5,5,555,Champions,Active
13079,6,14.0,125945.13,47552.74,2024-01-11,2025-11-22,20990.86,37.76,Repeat,40,5,5,5,555,Champions,Active
13080,2,2.0,2575.37,1341.54,2025-02-16,2025-10-04,1287.68,52.09,Repeat,89,4,2,1,421,New Customers,Active
13081,1,2.0,7998.55,3670.5,2024-09-16,2024-09-16,7998.55,45.89,One-time,472,1,1,1,111,Lost Customers,Inactive
13082,3,5.0,29324.8,9214.130000000001,2024-05-01,2025-12-01,9774.93,31.42,Repeat,31,5,3,2,532,Loyal Customers,Active
13083,4,10.0,19070.48,8551.91,2024-02-21,2025-09-28,4767.62,44.84,Repeat,95,4,4,2,442,Loyal Customers,At Risk
13084,1,1.0,989.59,244.73,2025-01-30,2025-01-30,989.59,24.73,One-time,336,1,1,1,111,Lost Customers,Inactive
13085,7,16.0,63705.14,27502.98,2024-03-26,2025-12-30,9100.73,43.17,Repeat,2,5,5,4,554,Champions,Active
13086,5,11.0,61538.31,33936.66,2024-03-26,2025-04-04,12307.66,55.15,Repeat,272,2,5,4,254,At Risk,Inactive
13087,5,8.0,14994.48,6560.42,2024-08-20,2025-12-05,2998.9,43.75,Repeat,27,5,5,2,552,Loyal Customers,Active
13088,3,8.0,9330.14,3672.7300000000005,2024-06-16,2025-12-23,3110.05,39.36,Repeat,9,5,3,1,531,Loyal Customers,Active
13089,5,14.0,64356.07000000001,33682.96,2024-12-13,2025-12-16,12871.21,52.34,Repeat,16,5,5,4,554,Champions,Active
13090,3,12.0,77752.61,34419.72,2024-08-20,2025-11-12,25917.54,44.27,Repeat,50,4,3,4,434,Loyal Customers,Active
13091,2,5.0,47948.869999999995,19858.8,2025-08-02,2025-09-12,23974.44,41.42,Repeat,111,3,2,3,323,Potential Loyalists,At Risk
13092,3,8.0,21919.79,10049.220000000001,2025-03-17,2025-07-18,7306.6,45.85,Repeat,167,3,3,2,332,Potential Loyalists,At Risk
13093,5,15.0,116952.37,58577.01,2024-05-16,2025-06-05,23390.47,50.09,Repeat,210,2,5,5,255,At Risk,Inactive
13094,5,13.0,169297.27999999997,80919.87000000001,2024-05-14,2025-09-10,33859.46,47.8,Repeat,113,3,5,5,355,Potential Loyalists,At Risk
13095,3,10.0,117505.2,42155.31,2024-10-17,2025-05-05,39168.4,35.88,Repeat,241,2,3,5,235,At Risk,Inactive
13096,2,6.0,112519.0,42443.73,2024-07-04,2025-01-12,56259.5,37.72,Repeat,354,1,2,5,125,Lost Customers,Inactive
13097,4,19.0,146100.3,50395.08,2024-10-05,2025-09-20,36525.07,34.49,Repeat,103,4,4,5,445,Champions,At Risk
13098,3,12.0,39535.56,16866.84,2024-04-08,2025-02-10,13178.52,42.66,Repeat,325,1,3,3,133,At Risk,Inactive
13099,6,20.0,56441.58,22146.93,2024-03-17,2025-12-11,9406.93,39.24,Repeat,21,5,5,3,553,Loyal Customers,Active
13100,3,3.0,63397.369999999995,34212.0,2024-02-29,2025-01-01,21132.46,53.96,Repeat,365,1,3,4,134,At Risk,Inactive
13101,2,9.0,7216.21,3160.93,2025-02-11,2025-08-10,3608.1,43.8,Repeat,144,3,2,1,321,Potential Loyalists,At Risk
13102,4,12.0,46859.94,20030.39,2024-07-02,2025-01-29,11714.98,42.75,Repeat,337,1,4,3,143,At Risk,Inactive
13103,4,14.0,50780.52,23216.95,2024-07-24,2025-09-13,12695.13,45.72,Repeat,110,3,4,3,343,Potential Loyalists,At Risk
13104,1,7.0,27671.65,12980.6,2024-10-01,2024-10-01,27671.65,46.91,One-time,457,1,1,2,112,Lost Customers,Inactive
13105,7,19.0,120173.58,57367.439999999995,2024-02-27,2025-09-13,17167.65,47.74,Repeat,110,3,5,5,355,Potential Loyalists,At Risk
13106,3,12.0,47798.53,20028.88,2024-08-18,2025-10-25,15932.84,41.9,Repeat,68,4,3,3,433,Loyal Customers,Active
13107,1,2.0,1905.01,914.01,2025-04-01,2025-04-01,1905.01,47.98,One-time,275,2,1,1,211,Lost Customers,Inactive
13108,2,6.0,12028.4,5076.97,2024-02-27,2024-11-13,6014.2,42.21,Repeat,414,1,2,1,121,Lost Customers,Inactive
13109,4,10.0,35087.07,15657.4,2024-04-16,2025-11-13,8771.77,44.62,Repeat,49,4,4,3,443,Loyal Customers,Active
13110,5,11.0,18933.66,8464.71,2024-05-07,2025-12-19,3786.73,44.71,Repeat,13,5,5,2,552,Loyal Customers,Active
13111,5,18.0,46056.1,22957.760000000002,2024-03-05,2025-02-25,9211.22,49.85,Repeat,310,2,5,3,253,At Risk,Inactive
13112,2,9.0,16418.44,7370.97,2024-04-11,2025-12-18,8209.22,44.89,Repeat,14,5,2,2,522,New Customers,Active
13114,4,8.0,81054.05,35759.29,2024-08-10,2025-09-29,20263.51,44.12,Repeat,94,4,4,4,444,Champions,At Risk
13115,1,5.0,20132.179999999997,9417.97,2025-02-27,2025-02-27,20132.18,46.78,One-time,308,2,1,2,212,Lost Customers,Inactive
13116,3,6.0,62071.96,30398.12,2024-10-02,2025-08-26,20690.65,48.97,Repeat,128,3,3,4,334,Potential Loyalists,At Risk
13117,3,9.0,37925.82,17842.94,2024-07-19,2025-10-03,12641.94,47.05,Repeat,90,4,3,3,433,Loyal Customers,Active
13118,4,12.0,67335.67,34669.1,2024-10-24,2025-10-10,16833.92,51.49,Repeat,83,4,4,4,444,Champions,Active
13119,3,16.0,26332.46,11451.92,2025-01-27,2025-08-08,8777.49,43.49,Repeat,146,3,3,2,332,Potential Loyalists,At Risk
13120,4,13.0,67005.56,35886.840000000004,2024-01-20,2025-07-19,16751.39,53.56,Repeat,166,3,4,4,344,Potential Loyalists,At Risk
13121,2,6.0,21089.05,10620.98,2025-02-12,2025-03-24,10544.52,50.36,Repeat,283,2,2,2,222,Lost Customers,Inactive
13122,2,8.0,143849.15999999997,72019.8,2024-07-12,2025-08-02,71924.58,50.07,Repeat,152,3,2,5,325,Potential Loyalists,At Risk
13123,1,2.0,71113.01,41268.98,2024-07-01,2024-07-01,71113.01,58.03,One-time,549,1,1,4,114,Lost Customers,Inactive
13124,5,15.0,39850.51,15214.1,2024-05-29,2025-12-12,7970.1,38.18,Repeat,20,5,5,3,553,Loyal Customers,Active
13125,4,12.0,106440.81,42837.88,2024-03-02,2025-04-16,26610.2,40.25,Repeat,260,2,4,5,245,At Risk,Inactive
13126,5,15.0,114805.69,48792.07,2024-05-23,2025-12-05,22961.14,42.5,Repeat,27,5,5,5,555,Champions,Active
13127,4,11.0,60907.55,23332.6,2024-01-13,2025-09-14,15226.89,38.31,Repeat,109,4,4,4,444,Champions,At Risk
13128,5,17.0,77748.04000000001,36212.32,2024-02-14,2025-04-21,15549.61,46.58,Repeat,255,2,5,4,254,At Risk,Inactive
13129,4,10.0,35352.74,13345.43,2024-02-29,2025-07-22,8838.18,37.75,Repeat,163,3,4,3,343,Potential Loyalists,At Risk
13130,6,16.0,172858.07,65465.619999999995,2024-02-28,2025-06-07,28809.68,37.87,Repeat,208,2,5,5,255,At Risk,Inactive
13131,2,5.0,3107.1,926.08,2025-08-05,2025-11-20,1553.55,29.81,Repeat,42,5,2,1,521,New Customers,Active
13132,5,16.0,102279.25,48031.47,2024-02-13,2025-10-08,20455.85,46.96,Repeat,85,4,5,5,455,Champions,Active
13134,7,22.0,119523.45,45671.03,2024-03-21,2025-11-19,17074.78,38.21,Repeat,43,5,5,5,555,Champions,Active
13135,3,13.0,99334.36,45863.64,2024-02-03,2025-09-16,33111.45,46.17,Repeat,107,4,3,5,435,Loyal Customers,At Risk
13136,3,10.0,34395.94,16119.85,2024-03-13,2024-09-04,11465.31,46.87,Repeat,484,1,3,3,133,At Risk,Inactive
13137,6,17.0,140869.46,53995.840000000004,2024-02-09,2025-09-03,23478.24,38.33,Repeat,120,3,5,5,355,Potential Loyalists,At Risk
13138,5,8.0,48195.85,25534.36,2024-05-31,2025-08-26,9639.17,52.98,Repeat,128,3,5,3,353,Potential Loyalists,At Risk
13139,3,11.0,80312.54999999999,31854.859999999997,2024-12-09,2025-11-08,26770.85,39.66,Repeat,54,4,3,4,434,Loyal Customers,Active
13141,3,5.0,5633.59,1953.9099999999999,2024-10-29,2025-12-17,1877.86,34.68,Repeat,15,5,3,1,531,Loyal Customers,Active
13142,2,4.0,15412.42,7536.76,2025-06-10,2025-07-11,7706.21,48.9,Repeat,174,3,2,2,322,Potential Loyalists,At Risk
13143,3,10.0,62709.759999999995,23638.06,2024-07-20,2025-05-29,20903.25,37.69,Repeat,217,2,3,4,234,At Risk,Inactive
13144,4,12.0,44903.159999999996,22066.57,2024-02-07,2025-04-12,11225.79,49.14,Repeat,264,2,4,3,243,At Risk,Inactive
13145,1,2.0,10383.41,5378.15,2024-05-08,2024-05-08,10383.41,51.8,One-time,603,1,1,1,111,Lost Customers,Inactive
13146,3,9.0,11361.14,6118.9800000000005,2024-04-08,2024-10-22,3787.05,53.86,Repeat,436,1,3,1,131,At Risk,Inactive
13147,3,5.0,41624.56,19678.89,2024-02-05,2025-02-09,13874.85,47.28,Repeat,326,1,3,3,133,At Risk,Inactive
13148,3,8.0,46207.62,20750.11,2024-01-30,2025-01-19,15402.54,44.91,Repeat,347,1,3,3,133,At Risk,Inactive
13149,2,3.0,17482.22,6960.849999999999,2024-07-30,2025-09-05,8741.11,39.82,Repeat,118,3,2,2,322,Potential Loyalists,At Risk
13150,3,12.0,14018.02,5971.62,2024-12-20,2025-09-11,4672.67,42.6,Repeat,112,3,3,1,331,Potential Loyalists,At Risk
13151,2,3.0,38583.95,10311.59,2024-12-16,2025-09-03,19291.97,26.73,Repeat,120,3,2,3,323,Potential Loyalists,At Risk
13152,2,2.0,38037.46,14259.7,2024-11-22,2025-09-23,19018.73,37.49,Repeat,100,4,2,3,423,New Customers,At Risk
13153,2,10.0,44645.74,22210.63,2024-01-23,2025-12-04,22322.87,49.75,Repeat,28,5,2,3,523,New Customers,Active
13154,3,8.0,27367.18,10872.16,2025-01-19,2025-07-01,9122.39,39.73,Repeat,184,3,3,2,332,Potential Loyalists,Inactive
13155,3,14.0,29160.670000000002,14371.77,2024-01-04,2025-11-16,9720.22,49.28,Repeat,46,5,3,2,532,Loyal Customers,Active
13156,3,8.0,20664.78,10180.5,2024-03-28,2025-07-29,6888.26,49.26,Repeat,156,3,3,2,332,Potential Loyalists,At Risk
13157,1,3.0,17139.91,7186.49,2024-06-16,2024-06-16,17139.91,41.93,One-time,564,1,1,2,112,Lost Customers,Inactive
13158,2,5.0,26755.510000000002,14728.08,2024-02-07,2025-10-05,13377.76,55.05,Repeat,88,4,2,2,422,New Customers,Active
13159,3,3.0,53452.61,27923.11,2025-02-27,2025-10-26,17817.54,52.24,Repeat,67,4,3,3,433,Loyal Customers,Active
13160,1,3.0,50231.03,23535.72,2024-09-18,2024-09-18,50231.03,46.85,One-time,470,1,1,3,113,Lost Customers,Inactive
13161,3,11.0,102220.59,56456.83,2024-07-06,2025-05-13,34073.53,55.23,Repeat,233,2,3,5,235,At Risk,Inactive
13162,6,13.0,117900.98,46296.54,2024-03-06,2025-09-24,19650.16,39.27,Repeat,99,4,5,5,455,Champions,At Risk
13163,4,8.0,133692.27,65306.33,2024-03-05,2025-10-11,33423.07,48.85,Repeat,82,4,4,5,445,Champions,Active
13164,4,9.0,46943.63,14506.240000000002,2024-03-12,2024-12-03,11735.91,30.9,Repeat,394,1,4,3,143,At Risk,Inactive
13165,6,19.0,99269.98000000001,40522.060000000005,2024-06-02,2025-09-19,16545.0,40.82,Repeat,104,4,5,5,455,Champions,At Risk
13166,4,17.0,98149.03,58309.229999999996,2024-07-06,2025-07-12,24537.26,59.41,Repeat,173,3,4,5,345,Potential Loyalists,At Risk
13167,5,11.0,31840.42,14091.759999999998,2024-01-20,2025-09-30,6368.08,44.26,Repeat,93,4,5,2,452,Loyal Customers,At Risk
13168,2,4.0,14743.86,4390.49,2025-06-11,2025-08-29,7371.93,29.78,Repeat,125,3,2,2,322,Potential Loyalists,At Risk
13169,4,13.0,186369.74,74139.8,2024-06-16,2025-09-21,46592.44,39.78,Repeat,102,4,4,5,445,Champions,At Risk
13170,3,4.0,20647.809999999998,10278.85,2024-07-01,2025-05-13,6882.6,49.78,Repeat,233,2,3,2,232,At Risk,Inactive
13171,4,18.0,75863.86,29848.47,2024-04-10,2025-12-18,18965.96,39.34,Repeat,14,5,4,4,544,Champions,Active
13172,6,15.0,68310.43,30802.390000000003,2024-05-14,2025-07-27,11385.07,45.09,Repeat,158,3,5,4,354,Potential Loyalists,At Risk
13173,3,6.0,50770.2,21236.29,2024-09-02,2025-03-27,16923.4,41.83,Repeat,280,2,3,3,233,At Risk,Inactive
13174,5,7.0,53295.6,24351.52,2024-05-23,2025-11-01,10659.12,45.69,Repeat,61,4,5,3,453,Loyal Customers,Active
13175,4,8.0,10674.64,4887.75,2024-02-20,2025-07-25,2668.66,45.79,Repeat,160,3,4,1,341,Potential Loyalists,At Risk
13176,4,10.0,157814.97,74326.47,2024-04-23,2025-02-03,39453.74,47.1,Repeat,332,1,4,5,145,At Risk,Inactive
13177,6,17.0,117714.01000000001,56453.12,2024-06-24,2025-11-11,19619.0,47.96,Repeat,51,4,5,5,455,Champions,Active
13178,6,13.0,277055.5,110791.87999999999,2024-01-09,2025-01-01,46175.92,39.99,Repeat,365,1,5,5,155,At Risk,Inactive
13179,6,18.0,115506.84,41631.95,2024-04-04,2025-10-21,19251.14,36.04,Repeat,72,4,5,5,455,Champions,Active
13181,3,7.0,17476.56,9201.82,2024-04-05,2025-08-05,5825.52,52.65,Repeat,149,3,3,2,332,Potential Loyalists,At Risk
13182,3,7.0,47628.75,21122.95,2024-02-04,2025-08-18,15876.25,44.35,Repeat,136,3,3,3,333,Potential Loyalists,At Risk
13183,2,14.0,56441.78,24299.39,2024-02-19,2025-01-12,28220.89,43.05,Repeat,354,1,2,3,123,Lost Customers,Inactive
13184,2,2.0,8750.13,3153.64,2025-02-28,2025-09-23,4375.06,36.04,Repeat,100,4,2,1,421,New Customers,At Risk
13185,3,17.0,148865.09999999998,76089.42,2024-02-09,2025-12-31,49621.7,51.11,Repeat,1,5,3,5,535,Loyal Customers,Active
13187,4,8.0,78338.27,34737.64,2024-06-03,2025-04-18,19584.57,44.34,Repeat,258,2,4,4,244,At Risk,Inactive
13188,8,21.0,46538.16,18365.65,2024-02-28,2025-10-28,5817.27,39.46,Repeat,65,4,5,3,453,Loyal Customers,Active
13189,4,15.0,59138.520000000004,27455.13,2025-02-12,2025-10-11,14784.63,46.43,Repeat,82,4,4,4,444,Champions,Active
13190,2,7.0,43662.11,17995.78,2024-04-13,2024-06-15,21831.06,41.22,Repeat,565,1,2,3,123,Lost Customers,Inactive
13191,3,12.0,51090.53,18078.98,2024-02-25,2025-05-15,17030.18,35.39,Repeat,231,2,3,3,233,At Risk,Inactive
13192,3,9.0,70044.33,32732.699999999997,2025-05-12,2025-08-19,23348.11,46.73,Repeat,135,3,3,4,334,Potential Loyalists,At Risk
13193,3,9.0,51726.64,21579.07,2024-04-30,2025-10-20,17242.21,41.72,Repeat,73,4,3,3,433,Loyal Customers,Active
13194,5,11.0,32491.53,16119.84,2024-11-14,2025-11-20,6498.31,49.61,Repeat,42,5,5,2,552,Loyal Customers,Active
13195,6,23.0,131796.22,57370.09,2024-02-04,2025-08-30,21966.04,43.53,Repeat,124,3,5,5,355,Potential Loyalists,At Risk
13196,5,8.0,112476.75,41182.93,2024-05-26,2025-12-19,22495.35,36.61,Repeat,13,5,5,5,555,Champions,Active
13197,3,5.0,11889.439999999999,5865.650000000001,2024-02-23,2025-04-21,3963.15,49.33,Repeat,255,2,3,1,231,At Risk,Inactive
13198,7,28.0,275601.18,114885.70999999999,2024-02-03,2025-07-21,39371.6,41.69,Repeat,164,3,5,5,355,Potential Loyalists,At Risk
13199,2,4.0,4191.6,1695.8000000000002,2024-06-21,2024-07-02,2095.8,40.46,Repeat,548,1,2,1,121,Lost Customers,Inactive
13200,5,11.0,40104.48,19253.41,2024-04-16,2025-12-24,8020.9,48.01,Repeat,8,5,5,3,553,Loyal Customers,Active
13201,4,11.0,44378.729999999996,19574.35,2024-05-15,2025-12-05,11094.68,44.11,Repeat,27,5,4,3,543,Loyal Customers,Active
13202,2,7.0,21515.89,9559.33,2024-10-13,2025-06-29,10757.94,44.43,Repeat,186,2,2,2,222,Lost Customers,Inactive
13203,2,8.0,132691.98,56743.17,2024-03-01,2025-10-30,66345.99,42.76,Repeat,63,4,2,5,425,New Customers,Active
13204,1,1.0,916.88,358.55,2024-07-12,2024-07-12,916.88,39.11,One-time,538,1,1,1,111,Lost Customers,Inactive
13205,2,3.0,8989.92,4086.35,2025-05-09,2025-05-16,4494.96,45.45,Repeat,230,2,2,1,221,Lost Customers,Inactive
13206,3,12.0,32174.79,9999.57,2024-01-28,2025-09-01,10724.93,31.08,Repeat,122,3,3,2,332,Potential Loyalists,At Risk
13207,1,6.0,59435.94,25938.11,2025-03-12,2025-03-12,59435.94,43.64,One-time,295,2,1,4,214,Lost Customers,Inactive
13208,4,8.0,66984.0,30807.7,2024-09-30,2025-10-23,16746.0,45.99,Repeat,70,4,4,4,444,Champions,Active
13209,7,13.0,65747.87,25466.57,2024-01-10,2025-12-13,9392.55,38.73,Repeat,19,5,5,4,554,Champions,Active
13210,3,8.0,54184.07,26332.75,2024-07-11,2025-05-10,18061.36,48.6,Repeat,236,2,3,3,233,At Risk,Inactive
13211,1,1.0,459.5,288.65,2025-06-22,2025-06-22,459.5,62.82,One-time,193,2,1,1,211,Lost Customers,Inactive
13212,2,3.0,12846.99,6415.52,2025-02-13,2025-06-10,6423.5,49.94,Repeat,205,2,2,1,221,Lost Customers,Inactive
13213,4,13.0,91820.73999999999,42663.69,2024-02-16,2025-09-09,22955.18,46.46,Repeat,114,3,4,4,344,Potential Loyalists,At Risk
13214,5,18.0,82856.54,33873.46,2024-02-10,2025-11-14,16571.31,40.88,Repeat,48,5,5,4,554,Champions,Active
13215,2,6.0,30299.789999999997,11949.21,2024-03-24,2024-09-10,15149.89,39.44,Repeat,478,1,2,2,122,Lost Customers,Inactive
13216,6,11.0,110167.91,49413.56,2024-04-13,2025-12-24,18361.32,44.85,Repeat,8,5,5,5,555,Champions,Active
13217,7,22.0,105828.74,42565.18,2024-11-09,2025-12-17,15118.39,40.22,Repeat,15,5,5,5,555,Champions,Active
13218,5,17.0,64006.8,22088.53,2024-01-05,2025-07-07,12801.36,34.51,Repeat,178,3,5,4,354,Potential Loyalists,At Risk
13219,3,9.0,79997.1,40717.759999999995,2024-07-21,2025-12-10,26665.7,50.9,Repeat,22,5,3,4,534,Loyal Customers,Active
13220,3,5.0,26458.2,12823.289999999999,2024-07-22,2025-10-23,8819.4,48.47,Repeat,70,4,3,2,432,Loyal Customers,Active
13221,3,8.0,42375.78,20505.18,2024-08-29,2025-04-15,14125.26,48.39,Repeat,261,2,3,3,233,At Risk,Inactive
13222,5,8.0,74471.73,37941.189999999995,2024-03-05,2025-12-11,14894.35,50.95,Repeat,21,5,5,4,554,Champions,Active
13223,3,12.0,38765.92,14924.98,2024-07-22,2025-01-08,12921.97,38.5,Repeat,358,1,3,3,133,At Risk,Inactive
13224,2,9.0,34500.36,16073.48,2024-09-02,2025-11-26,17250.18,46.59,Repeat,36,5,2,3,523,New Customers,Active
13225,1,4.0,6234.55,1780.51,2025-10-05,2025-10-05,6234.55,28.56,One-time,88,4,1,1,411,New Customers,Active
13226,2,6.0,29702.960000000003,14365.230000000001,2024-08-16,2025-05-01,14851.48,48.36,Repeat,245,2,2,2,222,Lost Customers,Inactive
13227,2,4.0,1587.27,865.53,2025-06-04,2025-06-19,793.64,54.53,Repeat,196,2,2,1,221,Lost Customers,Inactive
13228,1,8.0,36895.49,13515.65,2025-05-18,2025-05-18,36895.49,36.63,One-time,228,2,1,3,213,Lost Customers,Inactive
13229,6,21.0,90876.12,39703.630000000005,2024-01-10,2025-03-20,15146.02,43.69,Repeat,287,2,5,4,254,At Risk,Inactive
13230,4,16.0,261364.51,111098.26000000001,2024-09-04,2025-09-30,65341.13,42.51,Repeat,93,4,4,5,445,Champions,At Risk
13232,2,4.0,8687.01,4534.73,2024-04-01,2024-05-16,4343.5,52.2,Repeat,595,1,2,1,121,Lost Customers,Inactive
13234,3,9.0,135204.62,41299.0,2024-03-16,2025-06-13,45068.21,30.55,Repeat,202,2,3,5,235,At Risk,Inactive
13235,2,5.0,14830.529999999999,7380.15,2024-09-21,2024-11-23,7415.26,49.76,Repeat,404,1,2,2,122,Lost Customers,Inactive
13236,1,2.0,2810.8,719.43,2024-02-09,2024-02-09,2810.8,25.6,One-time,692,1,1,1,111,Lost Customers,Inactive
13237,3,9.0,77065.12,38471.83,2024-01-20,2025-10-13,25688.37,49.92,Repeat,80,4,3,4,434,Loyal Customers,Active
13238,5,21.0,128006.3,61451.24,2024-04-15,2025-07-22,25601.26,48.01,Repeat,163,3,5,5,355,Potential Loyalists,At Risk
13239,4,12.0,139753.47,66126.29,2024-06-08,2025-03-18,34938.37,47.32,Repeat,289,2,4,5,245,At Risk,Inactive
13241,2,6.0,10526.970000000001,5533.900000000001,2024-05-27,2025-08-14,5263.48,52.57,Repeat,140,3,2,1,321,Potential Loyalists,At Risk
13242,3,9.0,33037.95,11100.93,2024-02-10,2025-09-12,11012.65,33.6,Repeat,111,3,3,3,333,Potential Loyalists,At Risk
13243,4,6.0,16953.14,7990.22,2024-01-09,2025-12-09,4238.28,47.13,Repeat,23,5,4,2,542,Loyal Customers,Active
13244,5,6.0,23262.629999999997,11480.710000000001,2024-03-19,2025-08-29,4652.53,49.35,Repeat,125,3,5,2,352,Potential Loyalists,At Risk
13245,4,9.0,79254.67,40457.0,2024-10-17,2025-02-12,19813.67,51.05,Repeat,323,1,4,4,144,At Risk,Inactive
13246,3,6.0,156489.54,66190.32,2024-02-02,2025-11-02,52163.18,42.3,Repeat,60,4,3,5,435,Loyal Customers,Active
13247,1,1.0,2415.51,874.01,2024-04-21,2024-04-21,2415.51,36.18,One-time,620,1,1,1,111,Lost Customers,Inactive
13249,4,7.0,101221.54000000001,51644.17,2024-07-20,2025-11-18,25305.38,51.02,Repeat,44,5,4,5,545,Champions,Active
13250,5,14.0,41008.32,18114.79,2024-03-23,2025-12-21,8201.66,44.17,Repeat,11,5,5,3,553,Loyal Customers,Active
13251,8,24.0,201820.27,82688.28,2024-01-07,2025-11-27,25227.53,40.97,Repeat,35,5,5,5,555,Champions,Active
13252,6,20.0,65529.99,27399.37,2024-01-26,2025-04-03,10921.66,41.81,Repeat,273,2,5,4,254,At Risk,Inactive
13253,2,6.0,28882.399999999998,11133.43,2024-04-23,2025-08-06,14441.2,38.55,Repeat,148,3,2,2,322,Potential Loyalists,At Risk
13254,6,21.0,65930.24,28938.190000000002,2024-02-22,2025-09-28,10988.37,43.89,Repeat,95,4,5,4,454,Champions,At Risk
13255,2,3.0,7952.120000000001,3298.1800000000003,2024-01-03,2025-03-13,3976.06,41.48,Repeat,294,2,2,1,221,Lost Customers,Inactive
13256,4,9.0,54548.82,29494.01,2025-01-26,2025-04-14,13637.2,54.07,Repeat,262,2,4,3,243,At Risk,Inactive
13257,1,3.0,7853.06,4057.97,2024-07-15,2024-07-15,7853.06,51.67,One-time,535,1,1,1,111,Lost Customers,Inactive
13258,3,13.0,30513.33,11084.130000000001,2024-02-26,2024-07-17,10171.11,36.33,Repeat,533,1,3,2,132,At Risk,Inactive
13259,7,14.0,50029.1,23669.96,2024-04-30,2025-11-08,7147.01,47.31,Repeat,54,4,5,3,453,Loyal Customers,Active
13261,4,10.0,64601.14,23603.92,2024-03-16,2025-12-22,16150.28,36.54,Repeat,10,5,4,4,544,Champions,Active
13262,8,24.0,92894.14,43777.2,2024-03-05,2025-11-12,11611.77,47.13,Repeat,50,4,5,4,454,Champions,Active
13263,2,7.0,55622.53999999999,19183.899999999998,2025-06-10,2025-08-20,27811.27,34.49,Repeat,134,3,2,3,323,Potential Loyalists,At Risk
13264,1,6.0,40729.13,13481.99,2024-12-20,2024-12-20,40729.13,33.1,One-time,377,1,1,3,113,Lost Customers,Inactive
13265,3,13.0,29505.26,11400.41,2024-01-16,2024-12-30,9835.09,38.64,Repeat,367,1,3,2,132,At Risk,Inactive
13266,4,10.0,69672.84,36620.130000000005,2024-01-18,2025-02-02,17418.21,52.56,Repeat,333,1,4,4,144,At Risk,Inactive
13267,6,20.0,250958.88,88674.99,2024-01-23,2025-11-04,41826.48,35.33,Repeat,58,4,5,5,455,Champions,Active
13268,7,16.0,37034.229999999996,16147.68,2024-01-07,2025-11-06,5290.6,43.6,Repeat,56,4,5,3,453,Loyal Customers,Active
13269,6,16.0,88840.53,36870.22,2024-06-13,2025-11-05,14806.76,41.5,Repeat,57,4,5,4,454,Champions,Active
13270,5,19.0,43834.22,15890.52,2024-01-12,2025-12-17,8766.84,36.25,Repeat,15,5,5,3,553,Loyal Customers,Active
13271,2,8.0,16916.99,7441.18,2024-07-10,2025-03-22,8458.5,43.99,Repeat,285,2,2,2,222,Lost Customers,Inactive
13272,4,13.0,59670.64,22582.53,2024-01-16,2025-09-29,14917.66,37.85,Repeat,94,4,4,4,444,Champions,At Risk
13273,5,13.0,73724.59,22188.46,2024-02-23,2025-06-22,14744.92,30.1,Repeat,193,2,5,4,254,At Risk,Inactive
13274,2,8.0,9595.060000000001,4193.87,2025-03-30,2025-08-14,4797.53,43.71,Repeat,140,3,2,1,321,Potential Loyalists,At Risk
13275,2,3.0,2549.04,1154.22,2024-02-10,2025-02-14,1274.52,45.28,Repeat,321,1,2,1,121,Lost Customers,Inactive
13276,7,21.0,121796.27,57337.840000000004,2024-08-01,2025-12-29,17399.47,47.08,Repeat,3,5,5,5,555,Champions,Active
13277,6,13.0,40799.82,17934.08,2024-02-14,2025-06-17,6799.97,43.96,Repeat,198,2,5,3,253,At Risk,Inactive
13278,2,7.0,3206.3,1767.66,2025-06-18,2025-07-25,1603.15,55.13,Repeat,160,3,2,1,321,Potential Loyalists,At Risk
13279,6,13.0,39322.65,15360.38,2024-01-26,2025-09-25,6553.78,39.06,Repeat,98,4,5,3,453,Loyal Customers,At Risk
13280,4,7.0,75871.23,31801.48,2024-07-02,2025-07-23,18967.81,41.92,Repeat,162,3,4,4,344,Potential Loyalists,At Risk
13281,3,4.0,25776.17,11554.539999999999,2024-08-26,2025-12-02,8592.06,44.83,Repeat,30,5,3,2,532,Loyal Customers,Active
13282,3,10.0,59689.32000000001,31129.409999999996,2024-05-23,2024-12-04,19896.44,52.15,Repeat,393,1,3,4,134,At Risk,Inactive
13283,5,10.0,49259.07,20613.43,2024-02-22,2025-11-15,9851.81,41.85,Repeat,47,5,5,3,553,Loyal Customers,Active
13284,2,5.0,11609.24,4139.46,2024-02-15,2025-06-29,5804.62,35.66,Repeat,186,2,2,1,221,Lost Customers,Inactive
13285,4,6.0,12021.04,4429.51,2024-04-27,2025-02-21,3005.26,36.85,Repeat,314,2,4,1,241,At Risk,Inactive
13286,3,4.0,20423.83,10201.63,2024-04-07,2025-12-21,6807.94,49.95,Repeat,11,5,3,2,532,Loyal Customers,Active
13287,4,10.0,57282.99,22180.73,2024-02-20,2025-12-25,14320.75,38.72,Repeat,7,5,4,4,544,Champions,Active
13288,4,6.0,31809.11,14314.77,2024-10-18,2025-04-04,7952.28,45.0,Repeat,272,2,4,2,242,At Risk,Inactive
13289,5,12.0,118121.96,43096.75,2024-04-29,2025-11-06,23624.39,36.48,Repeat,56,4,5,5,455,Champions,Active
13290,4,10.0,35394.26,17504.87,2024-06-21,2025-07-08,8848.56,49.46,Repeat,177,3,4,3,343,Potential Loyalists,At Risk
13291,2,8.0,44059.9,17317.0,2024-02-25,2025-03-25,22029.95,39.3,Repeat,282,2,2,3,223,Lost Customers,Inactive
13292,3,11.0,101056.87,48868.81,2024-05-14,2025-12-29,33685.62,48.36,Repeat,3,5,3,5,535,Loyal Customers,Active
13293,4,12.0,121560.29000000001,59807.28999999999,2024-09-14,2025-12-20,30390.07,49.2,Repeat,12,5,4,5,545,Champions,Active
13294,5,12.0,54594.82,26605.84,2024-04-01,2025-08-29,10918.96,48.73,Repeat,125,3,5,3,353,Potential Loyalists,At Risk
13295,1,4.0,11100.98,5694.64,2024-06-05,2024-06-05,11100.98,51.3,One-time,575,1,1,1,111,Lost Customers,Inactive
13296,5,11.0,52810.159999999996,25672.06,2024-03-20,2025-01-06,10562.03,48.61,Repeat,360,1,5,3,153,At Risk,Inactive
13297,2,3.0,76435.88,42066.16,2024-01-28,2025-09-06,38217.94,55.03,Repeat,117,3,2,4,324,Potential Loyalists,At Risk
13298,4,4.0,20368.14,10220.02,2024-02-28,2025-05-31,5092.04,50.18,Repeat,215,2,4,2,242,At Risk,Inactive
13299,3,5.0,14481.69,5286.95,2024-06-05,2025-11-16,4827.23,36.51,Repeat,46,5,3,1,531,Loyal Customers,Active
13300,4,9.0,124004.99,62782.1,2024-02-01,2025-03-21,31001.25,50.63,Repeat,286,2,4,5,245,At Risk,Inactive
13301,6,11.0,53047.71,26672.09,2024-04-21,2025-12-09,8841.28,50.28,Repeat,23,5,5,3,553,Loyal Customers,Active
13302,2,5.0,6109.47,3185.96,2024-04-12,2025-01-13,3054.74,52.15,Repeat,353,1,2,1,121,Lost Customers,Inactive
13303,6,17.0,193662.03999999998,92195.59000000001,2024-06-17,2025-11-30,32277.01,47.61,Repeat,32,5,5,5,555,Champions,Active
13304,4,6.0,46903.1,23787.07,2024-04-16,2024-10-07,11725.78,50.72,Repeat,451,1,4,3,143,At Risk,Inactive
13305,3,7.0,47680.689999999995,21044.739999999998,2024-08-23,2025-11-26,15893.56,44.14,Repeat,36,5,3,3,533,Loyal Customers,Active
13306,3,8.0,64045.64,29844.079999999998,2025-03-08,2025-10-10,21348.55,46.6,Repeat,83,4,3,4,434,Loyal Customers,Active
13307,1,2.0,3158.49,1214.4099999999999,2024-01-03,2024-01-03,3158.49,38.45,One-time,729,1,1,1,111,Lost Customers,Inactive
13308,2,3.0,43106.03,22691.04,2024-09-13,2025-02-07,21553.02,52.64,Repeat,328,1,2,3,123,Lost Customers,Inactive
13309,1,2.0,2534.8599999999997,1284.7,2024-06-08,2024-06-08,2534.86,50.68,One-time,572,1,1,1,111,Lost Customers,Inactive
13310,2,2.0,15709.1,6931.48,2025-03-09,2025-11-28,7854.55,44.12,Repeat,34,5,2,2,522,New Customers,Active
13311,2,5.0,41415.17,16663.379999999997,2024-02-17,2025-08-11,20707.58,40.23,Repeat,143,3,2,3,323,Potential Loyalists,At Risk
13312,3,9.0,26639.6,10471.23,2024-07-13,2025-07-20,8879.87,39.31,Repeat,165,3,3,2,332,Potential Loyalists,At Risk
13313,2,7.0,38450.94,18011.5,2025-02-24,2025-07-23,19225.47,46.84,Repeat,162,3,2,3,323,Potential Loyalists,At Risk
13314,2,8.0,11785.05,5406.389999999999,2025-01-02,2025-03-10,5892.52,45.87,Repeat,297,2,2,1,221,Lost Customers,Inactive
13315,5,9.0,105513.41,51690.689999999995,2024-04-07,2025-12-04,21102.68,48.99,Repeat,28,5,5,5,555,Champions,Active
13316,2,6.0,19429.59,8195.68,2024-02-14,2024-07-04,9714.8,42.18,Repeat,546,1,2,2,122,Lost Customers,Inactive
13317,1,3.0,56773.75,21857.15,2024-08-13,2024-08-13,56773.75,38.5,One-time,506,1,1,4,114,Lost Customers,Inactive
13318,7,25.0,172152.47999999998,61520.700000000004,2024-10-10,2025-10-17,24593.21,35.74,Repeat,76,4,5,5,455,Champions,Active
13319,5,17.0,33752.32,14779.699999999999,2024-07-31,2025-06-27,6750.46,43.79,Repeat,188,2,5,3,253,At Risk,Inactive
13320,4,9.0,45440.090000000004,19060.690000000002,2024-12-14,2025-07-02,11360.02,41.95,Repeat,183,3,4,3,343,Potential Loyalists,Inactive
13321,3,8.0,99204.08,41221.46,2024-07-21,2025-08-01,33068.03,41.55,Repeat,153,3,3,5,335,Potential Loyalists,At Risk
13322,5,16.0,101580.48,48213.39,2024-08-16,2025-10-15,20316.1,47.46,Repeat,78,4,5,5,455,Champions,Active
13323,5,15.0,33980.740000000005,14206.09,2024-01-14,2025-05-13,6796.15,41.81,Repeat,233,2,5,3,253,At Risk,Inactive
13324,1,2.0,1620.7,868.62,2025-07-05,2025-07-05,1620.7,53.6,One-time,180,3,1,1,311,Potential Loyalists,At Risk
13325,5,8.0,31620.440000000002,12688.98,2024-01-15,2025-05-18,6324.09,40.13,Repeat,228,2,5,2,252,At Risk,Inactive
13326,2,8.0,18549.91,7148.29,2024-05-09,2025-08-17,9274.96,38.54,Repeat,137,3,2,2,322,Potential Loyalists,At Risk
13327,7,23.0,129249.54,56242.63,2024-02-02,2025-03-24,18464.22,43.51,Repeat,283,2,5,5,255,At Risk,Inactive
13328,4,7.0,76901.37,40377.740000000005,2024-10-22,2025-10-09,19225.34,52.51,Repeat,84,4,4,4,444,Champions,Active
13329,6,23.0,210384.83,94502.45,2024-01-09,2025-05-22,35064.14,44.92,Repeat,224,2,5,5,255,At Risk,Inactive
13330,7,13.0,31096.519999999997,15562.39,2024-03-23,2025-12-24,4442.36,50.05,Repeat,8,5,5,2,552,Loyal Customers,Active
13331,5,11.0,60983.15,22234.16,2024-04-05,2025-01-24,12196.63,36.46,Repeat,342,1,5,4,154,At Risk,Inactive
13332,3,7.0,15344.650000000001,7303.59,2024-08-04,2025-06-15,5114.88,47.6,Repeat,200,2,3,2,232,At Risk,Inactive
13333,4,15.0,63031.350000000006,28278.35,2024-02-23,2025-11-15,15757.84,44.86,Repeat,47,5,4,4,544,Champions,Active
13334,4,12.0,10588.61,5363.51,2024-03-12,2025-01-02,2647.15,50.65,Repeat,364,1,4,1,141,At Risk,Inactive
13335,7,18.0,139450.6,63975.03999999999,2024-02-24,2025-07-26,19921.51,45.88,Repeat,159,3,5,5,355,Potential Loyalists,At Risk
13336,5,10.0,19980.27,8897.88,2024-02-29,2025-12-05,3996.05,44.53,Repeat,27,5,5,2,552,Loyal Customers,Active
13337,3,8.0,102708.56999999999,50259.060000000005,2025-03-10,2025-12-12,34236.19,48.93,Repeat,20,5,3,5,535,Loyal Customers,Active
13338,1,6.0,174820.33,92684.54,2025-04-06,2025-04-06,174820.33,53.02,One-time,270,2,1,5,215,Lost Customers,Inactive
13339,1,5.0,14637.24,4457.139999999999,2024-09-19,2024-09-19,14637.24,30.45,One-time,469,1,1,1,111,Lost Customers,Inactive
13340,5,23.0,210577.94,82093.12,2024-11-16,2025-08-25,42115.59,38.98,Repeat,129,3,5,5,355,Potential Loyalists,At Risk
13341,4,8.0,99708.09999999999,43997.1,2024-04-11,2025-07-08,24927.02,44.13,Repeat,177,3,4,5,345,Potential Loyalists,At Risk
13342,5,12.0,112683.82,49075.92,2024-02-01,2025-12-25,22536.76,43.55,Repeat,7,5,5,5,555,Champions,Active
13344,5,11.0,57554.07,22105.73,2024-02-18,2025-12-20,11510.81,38.41,Repeat,12,5,5,4,554,Champions,Active
13345,3,10.0,32758.469999999998,15407.039999999999,2024-02-13,2025-02-23,10919.49,47.03,Repeat,312,2,3,2,232,At Risk,Inactive
13346,5,13.0,34006.43,13865.08,2024-05-05,2025-10-30,6801.29,40.77,Repeat,63,4,5,3,453,Loyal Customers,Active
13347,3,10.0,38108.62,12138.199999999999,2024-10-03,2025-06-12,12702.87,31.85,Repeat,203,2,3,3,233,At Risk,Inactive
13348,4,11.0,73359.79,30459.62,2024-02-10,2025-03-22,18339.95,41.52,Repeat,285,2,4,4,244,At Risk,Inactive
13349,4,15.0,55184.9,26803.4,2024-04-03,2025-07-26,13796.22,48.57,Repeat,159,3,4,3,343,Potential Loyalists,At Risk
13350,1,4.0,23808.61,12574.91,2024-07-14,2024-07-14,23808.61,52.82,One-time,536,1,1,2,112,Lost Customers,Inactive
13351,5,9.0,28510.9,13109.94,2024-01-25,2025-08-09,5702.18,45.98,Repeat,145,3,5,2,352,Potential Loyalists,At Risk
13352,2,4.0,58240.880000000005,16682.29,2024-08-08,2025-04-12,29120.44,28.64,Repeat,264,2,2,4,224,Lost Customers,Inactive
13353,3,5.0,12240.05,5608.91,2024-07-05,2025-07-09,4080.02,45.82,Repeat,176,3,3,1,331,Potential Loyalists,At Risk
13354,7,18.0,188456.72,82409.12000000001,2024-04-29,2025-09-20,26922.39,43.73,Repeat,103,4,5,5,455,Champions,At Risk
13355,3,10.0,28875.43,12147.029999999999,2024-09-27,2025-03-01,9625.14,42.07,Repeat,306,2,3,2,232,At Risk,Inactive
13356,2,9.0,18911.41,8159.8,2024-10-31,2024-12-05,9455.7,43.15,Repeat,392,1,2,2,122,Lost Customers,Inactive
13357,4,11.0,48906.36,22071.33,2024-04-22,2025-10-10,12226.59,45.13,Repeat,83,4,4,3,443,Loyal Customers,Active
13358,4,12.0,65686.94,20794.13,2024-04-09,2025-11-13,16421.74,31.66,Repeat,49,4,4,4,444,Champions,Active
13359,3,5.0,37808.229999999996,15379.78,2024-03-05,2025-03-02,12602.74,40.68,Repeat,305,2,3,3,233,At Risk,Inactive
13360,3,4.0,42300.96000000001,13950.779999999999,2024-03-20,2025-01-21,14100.32,32.98,Repeat,345,1,3,3,133,At Risk,Inactive
13361,2,5.0,5552.58,2498.9300000000003,2024-01-09,2024-07-02,2776.29,45.0,Repeat,548,1,2,1,121,Lost Customers,Inactive
13362,7,22.0,119306.49999999999,34473.05,2024-03-14,2025-11-07,17043.79,28.89,Repeat,55,4,5,5,455,Champions,Active
13363,5,29.0,255792.13999999998,115442.06999999999,2024-06-08,2025-12-13,51158.43,45.13,Repeat,19,5,5,5,555,Champions,Active
13364,4,10.0,39464.03,15650.49,2024-07-18,2025-06-30,9866.01,39.66,Repeat,185,3,4,3,343,Potential Loyalists,Inactive
13365,5,11.0,107012.93,32171.16,2024-02-24,2025-09-22,21402.59,30.06,Repeat,101,4,5,5,455,Champions,At Risk
13366,6,21.0,83109.48,31157.13,2024-03-08,2025-10-26,13851.58,37.49,Repeat,67,4,5,4,454,Champions,Active
13367,2,3.0,52688.53,22614.88,2024-08-21,2025-02-12,26344.26,42.92,Repeat,323,1,2,3,123,Lost Customers,Inactive
13368,3,5.0,69706.74,25368.260000000002,2024-07-22,2025-11-11,23235.58,36.39,Repeat,51,4,3,4,434,Loyal Customers,Active
13369,3,6.0,11891.04,4976.0,2025-01-18,2025-12-02,3963.68,41.85,Repeat,30,5,3,1,531,Loyal Customers,Active
13370,5,9.0,47377.79,22421.67,2024-10-29,2025-09-12,9475.56,47.33,Repeat,111,3,5,3,353,Potential Loyalists,At Risk
13371,1,3.0,7386.139999999999,3224.29,2024-04-28,2024-04-28,7386.14,43.65,One-time,613,1,1,1,111,Lost Customers,Inactive
13372,5,18.0,182019.78,76675.43000000001,2024-01-28,2025-08-12,36403.96,42.12,Repeat,142,3,5,5,355,Potential Loyalists,At Risk
13373,2,4.0,6301.5,2213.31,2025-07-16,2025-10-03,3150.75,35.12,Repeat,90,4,2,1,421,New Customers,Active
13374,2,4.0,4961.11,2294.77,2024-02-12,2024-08-17,2480.55,46.26,Repeat,502,1,2,1,121,Lost Customers,Inactive
13375,6,19.0,52050.29,22840.199999999997,2024-05-07,2025-12-29,8675.05,43.88,Repeat,3,5,5,3,553,Loyal Customers,Active
13376,7,20.0,107306.5,45637.39,2024-04-16,2025-08-23,15329.5,42.53,Repeat,131,3,5,5,355,Potential Loyalists,At Risk
13377,4,8.0,27754.039999999997,11074.95,2024-06-09,2025-05-16,6938.51,39.9,Repeat,230,2,4,2,242,At Risk,Inactive
13378,3,9.0,26415.13,12295.69,2025-04-12,2025-11-26,8805.04,46.55,Repeat,36,5,3,2,532,Loyal Customers,Active
13379,4,8.0,184191.09,92571.99,2024-02-26,2024-07-04,46047.77,50.26,Repeat,546,1,4,5,145,At Risk,Inactive
13381,5,14.0,77606.63,30330.72,2024-03-01,2025-11-15,15521.33,39.08,Repeat,47,5,5,4,554,Champions,Active
13382,6,15.0,64733.44,32913.7,2024-04-11,2025-12-22,10788.91,50.84,Repeat,10,5,5,4,554,Champions,Active
13383,6,13.0,44482.979999999996,16721.690000000002,2024-02-09,2025-10-04,7413.83,37.59,Repeat,89,4,5,3,453,Loyal Customers,Active
13384,2,3.0,730.5,308.82,2024-09-10,2025-04-24,365.25,42.28,Repeat,252,2,2,1,221,Lost Customers,Inactive
13385,3,9.0,10653.51,4818.45,2024-07-23,2025-11-23,3551.17,45.23,Repeat,39,5,3,1,531,Loyal Customers,Active
13386,1,4.0,137821.1,50138.58,2024-12-27,2024-12-27,137821.1,36.38,One-time,370,1,1,5,115,Lost Customers,Inactive
13387,2,3.0,6398.47,3550.79,2024-05-18,2025-07-24,3199.24,55.49,Repeat,161,3,2,1,321,Potential Loyalists,At Risk
13388,2,2.0,8276.06,3624.1,2024-08-01,2025-10-26,4138.03,43.79,Repeat,67,4,2,1,421,New Customers,Active
13389,4,14.0,71857.37,30863.81,2024-09-24,2025-06-11,17964.34,42.95,Repeat,204,2,4,4,244,At Risk,Inactive
13390,5,16.0,233227.47999999998,83436.9,2024-11-19,2025-12-23,46645.5,35.77,Repeat,9,5,5,5,555,Champions,Active
13391,5,21.0,99780.85,41149.18,2024-01-09,2025-12-04,19956.17,41.24,Repeat,28,5,5,5,555,Champions,Active
13392,3,12.0,37615.55,15595.880000000001,2024-02-23,2025-09-22,12538.52,41.46,Repeat,101,4,3,3,433,Loyal Customers,At Risk
13393,5,14.0,41621.18,17791.85,2024-03-31,2025-01-30,8324.24,42.75,Repeat,336,1,5,3,153,At Risk,Inactive
13394,3,4.0,22208.07,9708.38,2024-03-19,2025-08-28,7402.69,43.72,Repeat,126,3,3,2,332,Potential Loyalists,At Risk
13395,6,13.0,90782.37999999999,44896.4,2024-03-26,2025-07-22,15130.4,49.45,Repeat,163,3,5,4,354,Potential Loyalists,At Risk
13396,6,16.0,148635.69,69664.15,2024-01-10,2025-09-07,24772.62,46.87,Repeat,116,3,5,5,355,Potential Loyalists,At Risk
13397,2,2.0,2243.17,914.3900000000001,2025-04-01,2025-07-21,1121.58,40.76,Repeat,164,3,2,1,321,Potential Loyalists,At Risk
13398,4,11.0,127964.47,52068.76,2024-10-19,2025-09-14,31991.12,40.69,Repeat,109,4,4,5,445,Champions,At Risk
13399,2,4.0,36118.22,17511.239999999998,2024-06-16,2025-09-01,18059.11,48.48,Repeat,122,3,2,3,323,Potential Loyalists,At Risk
13400,6,17.0,46483.22,20637.010000000002,2024-01-22,2025-12-18,7747.2,44.4,Repeat,14,5,5,3,553,Loyal Customers,Active
13401,3,7.0,30416.16,13647.67,2024-11-24,2025-11-15,10138.72,44.87,Repeat,47,5,3,2,532,Loyal Customers,Active
13402,1,6.0,7998.360000000001,3390.74,2024-11-18,2024-11-18,7998.36,42.39,One-time,409,1,1,1,111,Lost Customers,Inactive
13403,2,3.0,16069.77,7909.879999999999,2024-02-18,2025-08-29,8034.88,49.22,Repeat,125,3,2,2,322,Potential Loyalists,At Risk
13404,1,5.0,11714.279999999999,6450.450000000001,2025-03-06,2025-03-06,11714.28,55.06,One-time,301,2,1,1,211,Lost Customers,Inactive
13405,2,9.0,29623.32,11610.52,2024-07-25,2025-07-06,14811.66,39.19,Repeat,179,3,2,2,322,Potential Loyalists,At Risk
13406,5,14.0,53917.049999999996,23666.89,2024-04-12,2025-12-31,10783.41,43.9,Repeat,1,5,5,3,553,Loyal Customers,Active
13407,1,5.0,115801.97,38630.0,2025-08-23,2025-08-23,115801.97,33.36,One-time,131,3,1,5,315,Potential Loyalists,At Risk
13408,9,28.0,208688.31,105461.63,2024-05-01,2025-12-23,23187.59,50.54,Repeat,9,5,5,5,555,Champions,Active
13409,6,14.0,77878.70999999999,38775.63999999999,2024-04-17,2025-11-20,12979.78,49.79,Repeat,42,5,5,4,554,Champions,Active
13410,3,5.0,56614.68000000001,26395.2,2024-04-25,2025-10-06,18871.56,46.62,Repeat,87,4,3,3,433,Loyal Customers,Active
13411,6,14.0,76547.64,35237.91,2024-01-01,2025-11-09,12757.94,46.03,Repeat,53,4,5,4,454,Champions,Active
13412,7,37.0,191261.45,88907.54000000001,2024-02-29,2025-01-21,27323.06,46.48,Repeat,345,1,5,5,155,At Risk,Inactive
13413,4,15.0,59206.78,28780.71,2024-12-09,2025-11-28,14801.7,48.61,Repeat,34,5,4,4,544,Champions,Active
13414,5,11.0,48744.77,21108.56,2024-01-12,2025-04-17,9748.95,43.3,Repeat,259,2,5,3,253,At Risk,Inactive
13415,5,19.0,139551.28,68216.59,2024-04-27,2025-09-23,27910.26,48.88,Repeat,100,4,5,5,455,Champions,At Risk
13416,1,2.0,1199.64,655.56,2025-12-31,2025-12-31,1199.64,54.65,One-time,1,5,1,1,511,New Customers,Active
13418,1,2.0,6617.54,3183.2200000000003,2025-11-20,2025-11-20,6617.54,48.1,One-time,42,5,1,1,511,New Customers,Active
13419,1,2.0,2718.91,1236.2800000000002,2024-03-31,2024-03-31,2718.91,45.47,One-time,641,1,1,1,111,Lost Customers,Inactive
13420,6,20.0,279748.22000000003,147350.95,2024-01-14,2025-06-17,46624.7,52.67,Repeat,198,2,5,5,255,At Risk,Inactive
13421,4,14.0,48643.46,23560.43,2024-08-31,2025-09-03,12160.86,48.43,Repeat,120,3,4,3,343,Potential Loyalists,At Risk
13422,4,6.0,35491.83,14978.880000000001,2024-12-30,2025-10-07,8872.96,42.2,Repeat,86,4,4,3,443,Loyal Customers,Active
13423,3,6.0,11245.58,3694.42,2025-01-24,2025-08-05,3748.53,32.85,Repeat,149,3,3,1,331,Potential Loyalists,At Risk
13425,4,9.0,54877.11,20716.61,2024-03-24,2025-11-19,13719.28,37.75,Repeat,43,5,4,3,543,Loyal Customers,Active
13426,5,9.0,39122.97,15406.76,2024-06-27,2025-11-08,7824.59,39.38,Repeat,54,4,5,3,453,Loyal Customers,Active
13427,2,5.0,26420.92,10885.79,2024-01-11,2024-08-23,13210.46,41.2,Repeat,496,1,2,2,122,Lost Customers,Inactive
13428,2,4.0,93606.73,38830.189999999995,2024-06-26,2025-11-03,46803.36,41.48,Repeat,59,4,2,4,424,New Customers,Active
13429,1,2.0,34822.92,17210.4,2025-06-03,2025-06-03,34822.92,49.42,One-time,212,2,1,3,213,Lost Customers,Inactive
13430,5,9.0,120562.96,42875.340000000004,2024-03-15,2025-10-18,24112.59,35.56,Repeat,75,4,5,5,455,Champions,Active
13431,5,10.0,129229.77,42186.44,2024-01-08,2025-10-29,25845.95,32.64,Repeat,64,4,5,5,455,Champions,Active
13432,3,5.0,57277.49,33377.27,2024-03-19,2025-04-29,19092.5,58.27,Repeat,247,2,3,4,234,At Risk,Inactive
13433,3,6.0,13603.71,6486.25,2024-01-19,2024-11-01,4534.57,47.68,Repeat,426,1,3,1,131,At Risk,Inactive
13434,7,14.0,49248.06,23081.14,2024-03-14,2025-07-08,7035.44,46.87,Repeat,177,3,5,3,353,Potential Loyalists,At Risk
13435,3,11.0,76454.06,33842.15,2024-09-20,2025-08-22,25484.69,44.26,Repeat,132,3,3,4,334,Potential Loyalists,At Risk
13436,1,3.0,12745.939999999999,4536.59,2024-08-02,2024-08-02,12745.94,35.59,One-time,517,1,1,1,111,Lost Customers,Inactive
13437,8,18.0,168889.55,74528.53,2024-01-17,2025-12-28,21111.19,44.13,Repeat,4,5,5,5,555,Champions,Active
13438,6,6.0,12940.8,6823.7,2024-03-09,2025-05-24,2156.8,52.73,Repeat,222,2,5,1,251,At Risk,Inactive
13439,7,14.0,39317.58,18542.69,2024-06-11,2025-12-15,5616.8,47.16,Repeat,17,5,5,3,553,Loyal Customers,Active
13440,4,12.0,52986.38,21343.98,2024-02-23,2025-07-30,13246.6,40.28,Repeat,155,3,4,3,343,Potential Loyalists,At Risk
13441,7,27.0,375170.46,190229.63999999998,2024-01-04,2025-12-09,53595.78,50.7,Repeat,23,5,5,5,555,Champions,Active
13442,3,7.0,57776.08,29721.12,2024-01-27,2025-07-22,19258.69,51.44,Repeat,163,3,3,4,334,Potential Loyalists,At Risk
13443,1,3.0,107589.95999999999,60336.3,2024-09-22,2024-09-22,107589.96,56.08,One-time,466,1,1,5,115,Lost Customers,Inactive
13445,4,10.0,81016.51,35921.11,2024-02-02,2025-09-13,20254.13,44.34,Repeat,110,3,4,4,344,Potential Loyalists,At Risk
13446,3,6.0,36166.270000000004,10824.69,2024-03-30,2025-10-21,12055.42,29.93,Repeat,72,4,3,3,433,Loyal Customers,Active
13447,2,9.0,19644.61,8058.92,2025-02-18,2025-12-23,9822.3,41.02,Repeat,9,5,2,2,522,New Customers,Active
13448,3,7.0,58509.61,19267.64,2024-05-19,2025-03-11,19503.2,32.93,Repeat,296,2,3,4,234,At Risk,Inactive
13449,1,2.0,7156.35,2764.51,2025-02-27,2025-02-27,7156.35,38.63,One-time,308,2,1,1,211,Lost Customers,Inactive
13450,5,19.0,106361.76000000001,55128.32,2024-02-10,2025-07-27,21272.35,51.83,Repeat,158,3,5,5,355,Potential Loyalists,At Risk
13451,5,17.0,280677.56,100288.1,2024-06-16,2025-08-11,56135.51,35.73,Repeat,143,3,5,5,355,Potential Loyalists,At Risk
13452,2,6.0,37681.22,13724.66,2025-06-07,2025-11-11,18840.61,36.42,Repeat,51,4,2,3,423,New Customers,Active
13453,4,9.0,134346.51,49858.79,2024-05-25,2025-12-17,33586.63,37.11,Repeat,15,5,4,5,545,Champions,Active
13454,8,21.0,331144.14,176808.39,2024-04-02,2025-05-18,41393.02,53.39,Repeat,228,2,5,5,255,At Risk,Inactive
13455,6,23.0,115372.38,48530.92,2024-01-01,2025-08-02,19228.73,42.06,Repeat,152,3,5,5,355,Potential Loyalists,At Risk
13456,4,15.0,178796.13,58189.36,2024-03-15,2025-08-15,44699.03,32.55,Repeat,139,3,4,5,345,Potential Loyalists,At Risk
13457,2,3.0,2639.82,1154.34,2024-10-20,2024-12-07,1319.91,43.73,Repeat,390,1,2,1,121,Lost Customers,Inactive
13458,3,5.0,16966.530000000002,7350.03,2024-03-31,2025-12-27,5655.51,43.32,Repeat,5,5,3,2,532,Loyal Customers,Active
13459,4,11.0,103322.92,54916.09,2024-08-07,2025-10-28,25830.73,53.15,Repeat,65,4,4,5,445,Champions,Active
13460,2,5.0,4711.71,2088.04,2024-08-15,2025-02-12,2355.86,44.32,Repeat,323,1,2,1,121,Lost Customers,Inactive
13461,9,22.0,74038.01,32148.81,2024-01-03,2025-10-29,8226.45,43.42,Repeat,64,4,5,4,454,Champions,Active
13462,5,12.0,20457.57,7677.46,2024-07-15,2025-09-25,4091.51,37.53,Repeat,98,4,5,2,452,Loyal Customers,At Risk
13463,1,2.0,11360.97,5592.86,2024-09-20,2024-09-20,11360.97,49.23,One-time,468,1,1,1,111,Lost Customers,Inactive
13464,1,2.0,2518.91,601.13,2024-05-24,2024-05-24,2518.91,23.86,One-time,587,1,1,1,111,Lost Customers,Inactive
13465,2,4.0,96930.91,41300.43,2025-04-07,2025-12-24,48465.46,42.61,Repeat,8,5,2,4,524,New Customers,Active
13466,2,7.0,12339.6,4502.37,2025-01-26,2025-05-18,6169.8,36.49,Repeat,228,2,2,1,221,Lost Customers,Inactive
13467,3,8.0,10883.7,5043.04,2024-02-20,2025-04-29,3627.9,46.34,Repeat,247,2,3,1,231,At Risk,Inactive
13468,4,12.0,63779.14,24651.54,2024-07-01,2025-08-26,15944.78,38.65,Repeat,128,3,4,4,344,Potential Loyalists,At Risk
13469,3,4.0,3711.4,1797.7,2024-05-28,2025-06-14,1237.13,48.44,Repeat,201,2,3,1,231,At Risk,Inactive
13470,3,11.0,21109.13,10845.82,2024-12-03,2025-05-20,7036.38,51.38,Repeat,226,2,3,2,232,At Risk,Inactive
13471,4,14.0,14605.54,5540.77,2024-09-23,2025-07-24,3651.38,37.94,Repeat,161,3,4,1,341,Potential Loyalists,At Risk
13472,2,4.0,2190.58,900.24,2025-03-29,2025-12-31,1095.29,41.1,Repeat,1,5,2,1,521,New Customers,Active
13473,9,26.0,64238.46,28107.690000000002,2024-02-27,2025-11-02,7137.61,43.76,Repeat,60,4,5,4,454,Champions,Active
13474,1,1.0,913.28,448.34,2024-03-08,2024-03-08,913.28,49.09,One-time,664,1,1,1,111,Lost Customers,Inactive
13475,2,7.0,61201.04,29881.420000000002,2024-07-18,2025-09-05,30600.52,48.83,Repeat,118,3,2,4,324,Potential Loyalists,At Risk
13476,1,3.0,8146.4400000000005,4199.56,2024-04-07,2024-04-07,8146.44,51.55,One-time,634,1,1,1,111,Lost Customers,Inactive
13477,2,5.0,19895.78,9519.7,2024-01-02,2024-06-10,9947.89,47.85,Repeat,570,1,2,2,122,Lost Customers,Inactive
13478,3,13.0,17307.54,8030.200000000001,2024-03-04,2024-09-14,5769.18,46.4,Repeat,474,1,3,2,132,At Risk,Inactive
13479,2,3.0,7185.7,3083.13,2024-02-16,2025-12-04,3592.85,42.91,Repeat,28,5,2,1,521,New Customers,Active
13480,6,14.0,14501.85,4804.84,2024-02-01,2025-09-06,2416.98,33.13,Repeat,117,3,5,1,351,Potential Loyalists,At Risk
13481,2,8.0,20715.2,8885.41,2025-04-22,2025-07-22,10357.6,42.89,Repeat,163,3,2,2,322,Potential Loyalists,At Risk
13482,6,15.0,164449.5,78094.37,2024-07-16,2025-11-13,27408.25,47.49,Repeat,49,4,5,5,455,Champions,Active
13483,7,19.0,147837.0,64727.3,2024-04-12,2025-10-06,21119.57,43.78,Repeat,87,4,5,5,455,Champions,Active
13484,1,4.0,10556.279999999999,4660.24,2024-06-24,2024-06-24,10556.28,44.15,One-time,556,1,1,1,111,Lost Customers,Inactive
13485,4,11.0,57236.58,23368.02,2024-08-30,2025-06-05,14309.14,40.83,Repeat,210,2,4,4,244,At Risk,Inactive
13486,4,8.0,27370.12,13335.869999999999,2024-05-31,2025-02-18,6842.53,48.72,Repeat,317,2,4,2,242,At Risk,Inactive
13487,2,6.0,20958.550000000003,10073.7,2025-02-11,2025-06-20,10479.28,48.06,Repeat,195,2,2,2,222,Lost Customers,Inactive
13488,3,10.0,37281.54,10663.03,2024-04-12,2025-08-21,12427.18,28.6,Repeat,133,3,3,3,333,Potential Loyalists,At Risk
13489,1,1.0,2936.94,1234.5,2025-09-30,2025-09-30,2936.94,42.03,One-time,93,4,1,1,411,New Customers,At Risk
13490,5,12.0,34878.909999999996,14904.390000000001,2024-04-16,2025-09-21,6975.78,42.73,Repeat,102,4,5,3,453,Loyal Customers,At Risk
13491,2,2.0,7123.1,3065.0299999999997,2024-03-20,2025-03-05,3561.55,43.03,Repeat,302,2,2,1,221,Lost Customers,Inactive
13492,6,16.0,111417.65000000001,49071.24,2024-11-30,2025-12-02,18569.61,44.04,Repeat,30,5,5,5,555,Champions,Active
13493,4,5.0,18886.559999999998,9503.949999999999,2024-04-20,2025-01-19,4721.64,50.32,Repeat,347,1,4,2,142,At Risk,Inactive
13494,1,3.0,7422.889999999999,2833.62,2024-10-13,2024-10-13,7422.89,38.17,One-time,445,1,1,1,111,Lost Customers,Inactive
13495,2,4.0,6846.63,3133.23,2024-06-20,2025-02-19,3423.32,45.76,Repeat,316,2,2,1,221,Lost Customers,Inactive
13496,3,13.0,188579.32,87173.33,2024-01-03,2024-09-09,62859.77,46.23,Repeat,479,1,3,5,135,At Risk,Inactive
13497,6,15.0,123027.53,54781.95,2024-09-08,2025-07-22,20504.59,44.53,Repeat,163,3,5,5,355,Potential Loyalists,At Risk
13498,7,19.0,100023.64,45513.52,2024-01-30,2025-10-16,14289.09,45.5,Repeat,77,4,5,5,455,Champions,Active
13499,6,18.0,304775.77999999997,162149.78999999998,2024-01-29,2025-12-07,50795.96,53.2,Repeat,25,5,5,5,555,Champions,Active
13500,5,13.0,45011.1,19804.28,2024-02-04,2024-10-16,9002.22,44.0,Repeat,442,1,5,3,153,At Risk,Inactive
13501,3,7.0,25844.55,10405.49,2024-01-01,2025-05-17,8614.85,40.26,Repeat,229,2,3,2,232,At Risk,Inactive
13502,6,9.0,19795.41,9164.4,2024-07-16,2025-12-04,3299.24,46.3,Repeat,28,5,5,2,552,Loyal Customers,Active
13503,8,28.0,159976.98,65779.37,2024-01-07,2025-11-02,19997.12,41.12,Repeat,60,4,5,5,455,Champions,Active
13504,5,17.0,62154.75,29783.06,2024-01-01,2025-04-10,12430.95,47.92,Repeat,266,2,5,4,254,At Risk,Inactive
13505,6,18.0,62477.909999999996,28112.89,2024-01-25,2025-07-06,10412.98,45.0,Repeat,179,3,5,4,354,Potential Loyalists,At Risk
13506,4,14.0,44690.65,21426.120000000003,2024-12-29,2025-12-21,11172.66,47.94,Repeat,11,5,4,3,543,Loyal Customers,Active
13507,3,5.0,9964.32,4739.52,2024-02-11,2025-03-15,3321.44,47.56,Repeat,292,2,3,1,231,At Risk,Inactive
13508,3,5.0,10126.779999999999,4867.2,2024-04-12,2024-08-20,3375.59,48.06,Repeat,499,1,3,1,131,At Risk,Inactive
13509,4,6.0,97623.36,37350.71,2024-09-05,2025-07-28,24405.84,38.26,Repeat,157,3,4,5,345,Potential Loyalists,At Risk
13510,1,2.0,20463.32,8242.5,2024-12-23,2024-12-23,20463.32,40.28,One-time,374,1,1,2,112,Lost Customers,Inactive
13511,2,5.0,88084.56,15465.63,2025-02-01,2025-09-08,44042.28,17.56,Repeat,115,3,2,4,324,Potential Loyalists,At Risk
13512,3,8.0,38376.68,16468.54,2024-11-25,2025-07-04,12792.23,42.91,Repeat,181,3,3,3,333,Potential Loyalists,Inactive
13513,2,11.0,25739.25,12756.24,2024-03-01,2025-11-06,12869.62,49.56,Repeat,56,4,2,2,422,New Customers,Active
13514,4,19.0,310961.09,144387.64,2024-01-12,2025-12-22,77740.27,46.43,Repeat,10,5,4,5,545,Champions,Active
13515,4,8.0,43377.37,21502.74,2025-05-14,2025-11-16,10844.34,49.57,Repeat,46,5,4,3,543,Loyal Customers,Active
13516,1,2.0,7934.67,3532.5,2025-09-06,2025-09-06,7934.67,44.52,One-time,117,3,1,1,311,Potential Loyalists,At Risk
13517,6,23.0,163165.72,69765.94,2024-02-23,2025-07-23,27194.29,42.76,Repeat,162,3,5,5,355,Potential Loyalists,At Risk
13518,5,10.0,62143.490000000005,24895.11,2024-06-01,2025-12-22,12428.7,40.06,Repeat,10,5,5,4,554,Champions,Active
13519,4,9.0,50641.35,17284.09,2024-05-20,2025-10-23,12660.34,34.13,Repeat,70,4,4,3,443,Loyal Customers,Active
13520,4,13.0,26513.28,10857.689999999999,2024-02-07,2025-07-20,6628.32,40.95,Repeat,165,3,4,2,342,Potential Loyalists,At Risk
13521,3,5.0,49409.34,24048.510000000002,2024-07-17,2025-08-10,16469.78,48.67,Repeat,144,3,3,3,333,Potential Loyalists,At Risk
13522,3,6.0,11254.119999999999,4541.9800000000005,2024-12-21,2025-11-20,3751.37,40.36,Repeat,42,5,3,1,531,Loyal Customers,Active
13523,2,5.0,13031.53,5174.8,2025-04-18,2025-06-17,6515.76,39.71,Repeat,198,2,2,1,221,Lost Customers,Inactive
13524,1,1.0,1643.54,746.49,2024-12-31,2024-12-31,1643.54,45.42,One-time,366,1,1,1,111,Lost Customers,Inactive
13525,8,21.0,143662.61000000002,69862.7,2024-02-27,2025-10-30,17957.83,48.63,Repeat,63,4,5,5,455,Champions,Active
13526,2,4.0,29061.07,15423.83,2024-07-10,2025-07-10,14530.54,53.07,Repeat,175,3,2,2,322,Potential Loyalists,At Risk
13527,2,7.0,58880.53,31919.29,2024-11-20,2025-09-10,29440.26,54.21,Repeat,113,3,2,4,324,Potential Loyalists,At Risk
13528,5,13.0,109601.22,51887.950000000004,2024-03-02,2025-05-08,21920.24,47.34,Repeat,238,2,5,5,255,At Risk,Inactive
13529,3,11.0,45173.83,21244.66,2024-01-31,2025-09-05,15057.94,47.03,Repeat,118,3,3,3,333,Potential Loyalists,At Risk
13530,3,7.0,105592.39,44087.36,2024-11-10,2025-06-05,35197.46,41.75,Repeat,210,2,3,5,235,At Risk,Inactive
13531,3,4.0,38454.95,13454.699999999999,2024-01-04,2025-07-27,12818.32,34.99,Repeat,158,3,3,3,333,Potential Loyalists,At Risk
13532,4,8.0,5871.46,2194.25,2024-07-25,2025-09-22,1467.86,37.37,Repeat,101,4,4,1,441,Loyal Customers,At Risk
13533,2,8.0,17596.84,7201.04,2025-08-02,2025-11-21,8798.42,40.92,Repeat,41,5,2,2,522,New Customers,Active
13535,1,2.0,3329.3,1094.98,2024-09-03,2024-09-03,3329.3,32.89,One-time,485,1,1,1,111,Lost Customers,Inactive
13536,6,14.0,51174.6,22391.84,2024-01-19,2025-09-03,8529.1,43.76,Repeat,120,3,5,3,353,Potential Loyalists,At Risk
13537,5,11.0,127791.36000000002,53242.71000000001,2024-06-17,2025-12-15,25558.27,41.66,Repeat,17,5,5,5,555,Champions,Active
13538,1,3.0,10072.89,4289.33,2024-08-09,2024-08-09,10072.89,42.58,One-time,510,1,1,1,111,Lost Customers,Inactive
13539,1,3.0,38151.75,23446.329999999998,2024-03-07,2024-03-07,38151.75,61.46,One-time,665,1,1,3,113,Lost Customers,Inactive
13540,3,16.0,125059.85,46750.909999999996,2025-03-05,2025-09-17,41686.62,37.38,Repeat,106,4,3,5,435,Loyal Customers,At Risk
13542,4,10.0,50772.61,17590.28,2024-01-13,2025-08-22,12693.15,34.65,Repeat,132,3,4,3,343,Potential Loyalists,At Risk
13543,3,8.0,74584.38,37942.659999999996,2024-07-12,2025-04-10,24861.46,50.87,Repeat,266,2,3,4,234,At Risk,Inactive
13544,3,3.0,17422.66,6400.0599999999995,2024-02-12,2025-06-04,5807.55,36.73,Repeat,211,2,3,2,232,At Risk,Inactive
13545,6,12.0,56604.47,22319.46,2024-03-02,2025-12-15,9434.08,39.43,Repeat,17,5,5,3,553,Loyal Customers,Active
13546,4,12.0,34610.41,17590.68,2024-01-13,2025-11-28,8652.6,50.82,Repeat,34,5,4,3,543,Loyal Customers,Active
13547,1,2.0,10608.050000000001,5386.01,2025-03-15,2025-03-15,10608.05,50.77,One-time,292,2,1,1,211,Lost Customers,Inactive
13548,4,17.0,61566.009999999995,30640.809999999998,2024-09-26,2025-05-24,15391.5,49.77,Repeat,222,2,4,4,244,At Risk,Inactive
13549,6,18.0,52373.509999999995,20914.760000000002,2024-03-12,2025-12-05,8728.92,39.93,Repeat,27,5,5,3,553,Loyal Customers,Active
13550,4,15.0,77727.91,33524.6,2024-02-18,2025-12-31,19431.98,43.13,Repeat,1,5,4,4,544,Champions,Active
13551,2,5.0,19804.37,9216.630000000001,2024-02-27,2024-12-26,9902.18,46.54,Repeat,371,1,2,2,122,Lost Customers,Inactive
13552,2,8.0,58433.07,26556.510000000002,2025-05-28,2025-12-29,29216.54,45.45,Repeat,3,5,2,4,524,New Customers,Active
13553,4,5.0,16755.83,6525.469999999999,2024-01-27,2025-07-26,4188.96,38.94,Repeat,159,3,4,2,342,Potential Loyalists,At Risk
13554,3,10.0,38828.9,18052.79,2024-10-24,2025-11-27,12942.97,46.49,Repeat,35,5,3,3,533,Loyal Customers,Active
13555,3,3.0,55726.8,25801.04,2024-04-22,2025-01-11,18575.6,46.3,Repeat,355,1,3,3,133,At Risk,Inactive
13556,3,11.0,19813.21,10086.72,2024-04-14,2025-12-08,6604.4,50.91,Repeat,24,5,3,2,532,Loyal Customers,Active
13557,4,11.0,46233.92,19308.53,2024-10-05,2025-12-20,11558.48,41.76,Repeat,12,5,4,3,543,Loyal Customers,Active
13558,5,17.0,51568.04,19207.3,2024-08-04,2025-10-06,10313.61,37.25,Repeat,87,4,5,3,453,Loyal Customers,Active
13559,3,8.0,73161.48999999999,28416.98,2024-03-05,2025-11-25,24387.16,38.84,Repeat,37,5,3,4,534,Loyal Customers,Active
13560,4,9.0,111343.52,58167.48,2024-01-25,2025-03-14,27835.88,52.24,Repeat,293,2,4,5,245,At Risk,Inactive
13561,2,2.0,1528.16,783.59,2024-06-17,2024-08-13,764.08,51.28,Repeat,506,1,2,1,121,Lost Customers,Inactive
13562,5,11.0,13256.89,5548.09,2024-04-27,2025-12-26,2651.38,41.85,Repeat,6,5,5,1,551,Loyal Customers,Active
13563,3,6.0,36828.97,17646.06,2024-01-12,2025-08-24,12276.32,47.91,Repeat,130,3,3,3,333,Potential Loyalists,At Risk
13564,3,7.0,38550.11,18252.04,2024-03-15,2025-07-17,12850.04,47.35,Repeat,168,3,3,3,333,Potential Loyalists,At Risk
13565,11,23.0,149780.16,67444.57,2024-08-11,2025-12-19,13616.38,45.03,Repeat,13,5,5,5,555,Champions,Active
13566,5,11.0,61949.28,24272.29,2024-04-10,2025-12-20,12389.86,39.18,Repeat,12,5,5,4,554,Champions,Active
13567,2,2.0,13997.02,5752.76,2025-03-17,2025-11-28,6998.51,41.1,Repeat,34,5,2,1,521,New Customers,Active
13568,6,12.0,100847.98,51470.32,2024-01-23,2025-12-11,16808.0,51.04,Repeat,21,5,5,5,555,Champions,Active
13570,5,13.0,87737.64,40311.13,2024-02-09,2025-08-07,17547.53,45.95,Repeat,147,3,5,4,354,Potential Loyalists,At Risk
13571,2,4.0,90048.51000000001,34710.25,2024-06-28,2025-04-01,45024.26,38.55,Repeat,275,2,2,4,224,Lost Customers,Inactive
13572,5,15.0,83586.2,37668.57,2024-01-05,2025-08-23,16717.24,45.07,Repeat,131,3,5,4,354,Potential Loyalists,At Risk
13573,4,12.0,168241.46,98674.98000000001,2024-02-12,2024-12-15,42060.36,58.65,Repeat,382,1,4,5,145,At Risk,Inactive
13574,6,17.0,35379.61,14068.720000000001,2024-07-06,2025-11-17,5896.6,39.77,Repeat,45,5,5,3,553,Loyal Customers,Active
13575,1,1.0,500.56,166.25,2024-04-23,2024-04-23,500.56,33.21,One-time,618,1,1,1,111,Lost Customers,Inactive
13576,4,8.0,27849.300000000003,12575.67,2024-03-31,2025-12-24,6962.33,45.16,Repeat,8,5,4,2,542,Loyal Customers,Active
13578,3,7.0,17553.41,7187.64,2025-09-19,2025-12-17,5851.14,40.95,Repeat,15,5,3,2,532,Loyal Customers,Active
13579,2,11.0,189187.71,71616.19,2024-02-16,2025-11-07,94593.86,37.85,Repeat,55,4,2,5,425,New Customers,Active
13580,4,12.0,25385.82,9913.65,2024-01-01,2025-11-13,6346.46,39.05,Repeat,49,4,4,2,442,Loyal Customers,Active
13581,3,11.0,49212.12,19039.75,2024-09-01,2025-02-09,16404.04,38.69,Repeat,326,1,3,3,133,At Risk,Inactive
13582,4,11.0,65361.88,30775.95,2024-01-05,2025-03-14,16340.47,47.09,Repeat,293,2,4,4,244,At Risk,Inactive
13583,8,16.0,107306.14,44203.009999999995,2024-05-28,2025-11-18,13413.27,41.19,Repeat,44,5,5,5,555,Champions,Active
13584,4,15.0,141266.77,50180.15,2024-10-26,2025-12-18,35316.69,35.52,Repeat,14,5,4,5,545,Champions,Active
13585,4,11.0,59957.12,26357.229999999996,2024-01-27,2025-08-17,14989.28,43.96,Repeat,137,3,4,4,344,Potential Loyalists,At Risk
13586,4,12.0,91699.82,43768.43,2024-06-29,2025-12-30,22924.96,47.73,Repeat,2,5,4,4,544,Champions,Active
13587,4,17.0,160675.15,55721.08,2024-01-22,2025-05-13,40168.79,34.68,Repeat,233,2,4,5,245,At Risk,Inactive
13588,3,10.0,50051.96000000001,23187.9,2024-03-08,2024-11-16,16683.99,46.33,Repeat,411,1,3,3,133,At Risk,Inactive
13589,5,17.0,206820.78,86292.52,2024-03-18,2025-06-25,41364.16,41.72,Repeat,190,2,5,5,255,At Risk,Inactive
13590,2,4.0,16640.31,9235.36,2024-04-08,2025-01-05,8320.16,55.5,Repeat,361,1,2,2,122,Lost Customers,Inactive
13591,4,8.0,21413.5,5801.52,2024-03-19,2025-12-22,5353.38,27.09,Repeat,10,5,4,2,542,Loyal Customers,Active
13592,3,5.0,31640.43,12267.33,2024-01-20,2025-09-01,10546.81,38.77,Repeat,122,3,3,2,332,Potential Loyalists,At Risk
13593,2,4.0,28596.690000000002,11044.04,2024-10-08,2025-12-03,14298.34,38.62,Repeat,29,5,2,2,522,New Customers,Active
13594,1,2.0,1250.53,361.21000000000004,2024-01-28,2024-01-28,1250.53,28.88,One-time,704,1,1,1,111,Lost Customers,Inactive
13595,4,12.0,70628.03,38072.66,2024-01-07,2025-11-22,17657.01,53.91,Repeat,40,5,4,4,544,Champions,Active
13596,3,6.0,13319.25,5895.5599999999995,2024-02-19,2024-08-09,4439.75,44.26,Repeat,510,1,3,1,131,At Risk,Inactive
13597,1,3.0,12815.21,4593.6900000000005,2025-02-17,2025-02-17,12815.21,35.85,One-time,318,2,1,1,211,Lost Customers,Inactive
13598,1,6.0,72980.06999999999,34552.39,2025-12-20,2025-12-20,72980.07,47.34,One-time,12,5,1,4,514,New Customers,Active
13599,1,1.0,10460.54,4709.9,2024-06-15,2024-06-15,10460.54,45.03,One-time,565,1,1,1,111,Lost Customers,Inactive
13600,3,11.0,73734.64,28192.41,2024-10-02,2025-12-14,24578.21,38.23,Repeat,18,5,3,4,534,Loyal Customers,Active
13601,7,21.0,66461.26,24334.81,2024-01-26,2025-04-28,9494.47,36.62,Repeat,248,2,5,4,254,At Risk,Inactive
13602,6,12.0,105525.8,51338.92,2024-03-22,2025-11-27,17587.63,48.65,Repeat,35,5,5,5,555,Champions,Active
13603,6,14.0,138484.79,57291.71,2024-04-11,2025-06-22,23080.8,41.37,Repeat,193,2,5,5,255,At Risk,Inactive
13604,2,9.0,30863.68,15087.51,2024-07-18,2025-01-28,15431.84,48.88,Repeat,338,1,2,2,122,Lost Customers,Inactive
13605,6,14.0,126565.55,62907.59,2024-07-31,2025-12-29,21094.26,49.7,Repeat,3,5,5,5,555,Champions,Active
13606,1,1.0,1333.54,374.65,2025-06-25,2025-06-25,1333.54,28.09,One-time,190,2,1,1,211,Lost Customers,Inactive
13607,7,18.0,50582.11,21751.45,2024-09-23,2025-09-25,7226.02,43.0,Repeat,98,4,5,3,453,Loyal Customers,At Risk
13608,2,9.0,87409.61,19760.24,2024-06-24,2024-07-13,43704.8,22.61,Repeat,537,1,2,4,124,Lost Customers,Inactive
13609,2,7.0,14221.419999999998,7278.25,2024-03-04,2025-05-19,7110.71,51.18,Repeat,227,2,2,1,221,Lost Customers,Inactive
13610,4,9.0,31085.09,15409.66,2024-02-18,2025-11-04,7771.27,49.57,Repeat,58,4,4,2,442,Loyal Customers,Active
13611,4,6.0,18877.15,6239.08,2024-10-31,2025-11-23,4719.29,33.05,Repeat,39,5,4,2,542,Loyal Customers,Active
13612,1,3.0,17621.46,7886.509999999999,2025-04-20,2025-04-20,17621.46,44.76,One-time,256,2,1,2,212,Lost Customers,Inactive
13614,3,10.0,25970.59,10496.05,2024-11-30,2025-09-06,8656.86,40.42,Repeat,117,3,3,2,332,Potential Loyalists,At Risk
13615,7,11.0,56735.41,23745.56,2024-01-13,2025-05-25,8105.06,41.85,Repeat,221,2,5,4,254,At Risk,Inactive
13617,3,4.0,7390.28,3491.09,2024-10-06,2025-10-31,2463.43,47.24,Repeat,62,4,3,1,431,Loyal Customers,Active
13618,2,5.0,77484.31000000001,41189.67,2024-11-08,2025-11-07,38742.16,53.16,Repeat,55,4,2,4,424,New Customers,Active
13619,4,6.0,120599.36,35301.48,2024-01-03,2025-08-13,30149.84,29.27,Repeat,141,3,4,5,345,Potential Loyalists,At Risk
13620,5,10.0,101526.94,52356.43,2024-03-27,2025-10-04,20305.39,51.57,Repeat,89,4,5,5,455,Champions,Active
13621,5,15.0,63558.92,30329.02,2024-07-10,2025-11-02,12711.78,47.72,Repeat,60,4,5,4,454,Champions,Active
13622,1,1.0,524.03,302.53,2024-02-26,2024-02-26,524.03,57.73,One-time,675,1,1,1,111,Lost Customers,Inactive
13623,1,2.0,1638.27,637.82,2024-04-12,2024-04-12,1638.27,38.93,One-time,629,1,1,1,111,Lost Customers,Inactive
13624,2,8.0,61214.11,22497.43,2024-04-08,2025-06-14,30607.06,36.75,Repeat,201,2,2,4,224,Lost Customers,Inactive
13625,7,18.0,47657.72,20615.06,2024-01-07,2025-12-09,6808.25,43.26,Repeat,23,5,5,3,553,Loyal Customers,Active
13626,6,10.0,50449.04,23376.350000000002,2024-06-21,2025-12-19,8408.17,46.34,Repeat,13,5,5,3,553,Loyal Customers,Active
13627,3,8.0,67977.96,26018.809999999998,2024-04-25,2024-09-03,22659.32,38.28,Repeat,485,1,3,4,134,At Risk,Inactive
13628,2,4.0,4767.4,1893.18,2024-09-19,2025-10-05,2383.7,39.71,Repeat,88,4,2,1,421,New Customers,Active
13629,5,14.0,62330.37,30285.46,2024-05-09,2025-11-16,12466.07,48.59,Repeat,46,5,5,4,554,Champions,Active
13630,1,3.0,1066.15,563.53,2024-07-14,2024-07-14,1066.15,52.86,One-time,536,1,1,1,111,Lost Customers,Inactive
13631,3,6.0,30780.01,9678.66,2024-11-28,2025-12-20,10260.0,31.44,Repeat,12,5,3,2,532,Loyal Customers,Active
13632,6,22.0,92309.28,36776.880000000005,2024-03-23,2025-08-07,15384.88,39.84,Repeat,147,3,5,4,354,Potential Loyalists,At Risk
13633,2,6.0,16044.6,7567.62,2024-01-11,2024-08-11,8022.3,47.17,Repeat,508,1,2,2,122,Lost Customers,Inactive
13634,3,11.0,81760.41,33928.55,2024-01-04,2024-12-11,27253.47,41.5,Repeat,386,1,3,4,134,At Risk,Inactive
13635,3,13.0,136230.03,67871.12,2025-06-07,2025-10-08,45410.01,49.82,Repeat,85,4,3,5,435,Loyal Customers,Active
13636,5,15.0,40659.94,15911.28,2024-06-06,2025-09-14,8131.99,39.13,Repeat,109,4,5,3,453,Loyal Customers,At Risk
13637,8,20.0,141592.34,60321.97,2024-01-23,2025-10-23,17699.04,42.6,Repeat,70,4,5,5,455,Champions,Active
13638,2,4.0,9989.49,4097.0,2024-10-19,2025-10-04,4994.74,41.01,Repeat,89,4,2,1,421,New Customers,Active
13639,7,24.0,218530.4,106472.21,2024-01-24,2025-10-19,31218.63,48.72,Repeat,74,4,5,5,455,Champions,Active
13640,2,5.0,22105.52,9218.869999999999,2025-02-10,2025-03-29,11052.76,41.7,Repeat,278,2,2,2,222,Lost Customers,Inactive
13641,4,11.0,122662.5,55761.42999999999,2024-03-20,2025-12-21,30665.62,45.46,Repeat,11,5,4,5,545,Champions,Active
13642,5,20.0,107422.88,55559.74,2024-06-17,2025-10-30,21484.58,51.72,Repeat,63,4,5,5,455,Champions,Active
13643,2,2.0,3674.8700000000003,1191.48,2025-02-04,2025-10-02,1837.44,32.42,Repeat,91,4,2,1,421,New Customers,At Risk
13644,4,9.0,203807.77000000002,79559.64,2024-03-07,2025-12-18,50951.94,39.04,Repeat,14,5,4,5,545,Champions,Active
13645,2,2.0,12050.09,4467.09,2024-02-21,2025-08-20,6025.04,37.07,Repeat,134,3,2,1,321,Potential Loyalists,At Risk
13646,5,14.0,28664.66,12291.4,2024-03-26,2025-09-14,5732.93,42.88,Repeat,109,4,5,2,452,Loyal Customers,At Risk
13647,3,5.0,8374.73,3192.48,2024-02-17,2024-05-23,2791.58,38.12,Repeat,588,1,3,1,131,At Risk,Inactive
13648,7,14.0,79028.92,36417.99,2024-04-01,2025-12-26,11289.85,46.08,Repeat,6,5,5,4,554,Champions,Active
13649,4,18.0,50806.79000000001,16667.18,2024-06-10,2024-08-06,12701.7,32.81,Repeat,513,1,4,3,143,At Risk,Inactive
13650,4,11.0,123525.86,47328.06,2025-03-01,2025-08-20,30881.46,38.31,Repeat,134,3,4,5,345,Potential Loyalists,At Risk
13651,2,11.0,57515.54,20719.37,2024-04-24,2024-07-23,28757.77,36.02,Repeat,527,1,2,4,124,Lost Customers,Inactive
13652,3,7.0,16908.69,5951.32,2024-07-16,2025-07-31,5636.23,35.2,Repeat,154,3,3,2,332,Potential Loyalists,At Risk
13653,5,14.0,144546.97999999998,59828.74,2024-01-06,2025-12-04,28909.4,41.39,Repeat,28,5,5,5,555,Champions,Active
13654,11,30.0,193385.63,87485.11,2024-01-30,2025-09-21,17580.51,45.24,Repeat,102,4,5,5,455,Champions,At Risk
13655,5,20.0,49617.270000000004,19717.0,2024-02-11,2025-08-02,9923.45,39.74,Repeat,152,3,5,3,353,Potential Loyalists,At Risk
13657,5,19.0,92531.96,40053.69,2024-05-02,2025-12-01,18506.39,43.29,Repeat,31,5,5,4,554,Champions,Active
13658,5,13.0,111609.79000000001,43547.450000000004,2024-05-06,2025-03-14,22321.96,39.02,Repeat,293,2,5,5,255,At Risk,Inactive
13659,5,12.0,47186.39,22064.29,2024-05-13,2025-10-19,9437.28,46.76,Repeat,74,4,5,3,453,Loyal Customers,Active
13660,3,6.0,37847.29,21447.16,2024-08-03,2025-12-08,12615.76,56.67,Repeat,24,5,3,3,533,Loyal Customers,Active
13661,4,9.0,43596.91,19846.47,2024-03-12,2024-11-07,10899.23,45.52,Repeat,420,1,4,3,143,At Risk,Inactive
13662,3,7.0,7257.74,2283.15,2024-02-21,2025-02-24,2419.25,31.46,Repeat,311,2,3,1,231,At Risk,Inactive
13663,3,5.0,53251.93,24478.24,2024-08-27,2025-11-23,17750.64,45.97,Repeat,39,5,3,3,533,Loyal Customers,Active
13664,2,8.0,65482.74,28169.68,2024-02-28,2024-09-24,32741.37,43.02,Repeat,464,1,2,4,124,Lost Customers,Inactive
13665,6,15.0,25139.31,12001.08,2024-01-22,2025-11-20,4189.88,47.74,Repeat,42,5,5,2,552,Loyal Customers,Active
13666,3,4.0,5321.98,2233.85,2024-06-16,2025-07-02,1773.99,41.97,Repeat,183,3,3,1,331,Potential Loyalists,Inactive
13667,2,2.0,3961.3199999999997,1968.29,2024-02-17,2024-09-22,1980.66,49.69,Repeat,466,1,2,1,121,Lost Customers,Inactive
13668,6,16.0,121189.62,45807.399999999994,2024-03-24,2025-09-29,20198.27,37.8,Repeat,94,4,5,5,455,Champions,At Risk
13669,1,1.0,3887.09,1716.21,2024-01-16,2024-01-16,3887.09,44.15,One-time,716,1,1,1,111,Lost Customers,Inactive
13670,3,10.0,9969.1,4254.4,2024-01-14,2024-04-09,3323.03,42.68,Repeat,632,1,3,1,131,At Risk,Inactive
13671,2,3.0,43686.82,13436.84,2024-06-23,2025-11-02,21843.41,30.76,Repeat,60,4,2,3,423,New Customers,Active
13672,3,12.0,89614.63,35016.090000000004,2024-03-12,2025-07-19,29871.54,39.07,Repeat,166,3,3,4,334,Potential Loyalists,At Risk
13673,3,7.0,24597.93,10122.730000000001,2024-05-02,2025-08-09,8199.31,41.15,Repeat,145,3,3,2,332,Potential Loyalists,At Risk
13674,4,7.0,29656.47,11489.960000000001,2025-01-30,2025-09-22,7414.12,38.74,Repeat,101,4,4,2,442,Loyal Customers,At Risk
13675,3,9.0,53774.78,22169.19,2024-10-14,2025-11-09,17924.93,41.23,Repeat,53,4,3,3,433,Loyal Customers,Active
13676,2,3.0,1958.8700000000001,722.8900000000001,2024-02-21,2024-08-12,979.44,36.9,Repeat,507,1,2,1,121,Lost Customers,Inactive
13677,5,12.0,198178.72,82581.76,2024-02-07,2025-07-09,39635.74,41.67,Repeat,176,3,5,5,355,Potential Loyalists,At Risk
13678,3,6.0,13236.16,6634.6900000000005,2024-08-04,2025-01-27,4412.05,50.13,Repeat,339,1,3,1,131,At Risk,Inactive
13679,5,9.0,104739.29,41564.63,2024-01-14,2025-02-18,20947.86,39.68,Repeat,317,2,5,5,255,At Risk,Inactive
13680,1,3.0,2090.02,830.02,2025-07-10,2025-07-10,2090.02,39.71,One-time,175,3,1,1,311,Potential Loyalists,At Risk
13681,5,14.0,71602.74,37868.99,2024-06-25,2025-09-03,14320.55,52.89,Repeat,120,3,5,4,354,Potential Loyalists,At Risk
13682,4,9.0,60328.060000000005,23095.16,2024-06-22,2025-11-23,15082.02,38.28,Repeat,39,5,4,4,544,Champions,Active
13683,5,18.0,155708.23,63843.11,2024-04-23,2025-10-18,31141.65,41.0,Repeat,75,4,5,5,455,Champions,Active
13684,2,2.0,15978.16,7989.9800000000005,2024-07-02,2025-06-11,7989.08,50.01,Repeat,204,2,2,2,222,Lost Customers,Inactive
13685,3,3.0,19553.16,10238.74,2024-08-06,2025-11-26,6517.72,52.36,Repeat,36,5,3,2,532,Loyal Customers,Active
13686,1,3.0,1324.0500000000002,635.03,2024-04-09,2024-04-09,1324.05,47.96,One-time,632,1,1,1,111,Lost Customers,Inactive
13687,3,5.0,10894.1,4392.610000000001,2024-01-25,2025-08-07,3631.37,40.32,Repeat,147,3,3,1,331,Potential Loyalists,At Risk
13688,6,17.0,84235.13,35323.700000000004,2024-04-10,2025-03-25,14039.19,41.93,Repeat,282,2,5,4,254,At Risk,Inactive
13689,1,1.0,3406.63,1878.54,2025-02-07,2025-02-07,3406.63,55.14,One-time,328,1,1,1,111,Lost Customers,Inactive
13690,3,10.0,38507.61,15234.99,2024-07-31,2024-10-01,12835.87,39.56,Repeat,457,1,3,3,133,At Risk,Inactive
13691,5,10.0,59567.85,24261.99,2024-06-12,2025-02-03,11913.57,40.73,Repeat,332,1,5,4,154,At Risk,Inactive
13692,6,19.0,124453.04999999999,49064.36,2024-07-12,2025-06-24,20742.18,39.42,Repeat,191,2,5,5,255,At Risk,Inactive
13693,2,7.0,61512.87,28675.350000000002,2024-09-21,2025-05-14,30756.44,46.62,Repeat,232,2,2,4,224,Lost Customers,Inactive
13694,3,4.0,52705.96,20154.760000000002,2024-06-25,2025-07-29,17568.65,38.24,Repeat,156,3,3,3,333,Potential Loyalists,At Risk
13695,2,4.0,5039.05,2659.7400000000002,2024-01-13,2024-05-04,2519.52,52.78,Repeat,607,1,2,1,121,Lost Customers,Inactive
13696,1,3.0,38723.1,17051.12,2025-07-24,2025-07-24,38723.1,44.03,One-time,161,3,1,3,313,Potential Loyalists,At Risk
13697,3,4.0,13756.61,7529.140000000001,2025-02-25,2025-11-30,4585.54,54.73,Repeat,32,5,3,1,531,Loyal Customers,Active
13698,5,10.0,54829.84,24317.09,2024-09-24,2025-12-03,10965.97,44.35,Repeat,29,5,5,3,553,Loyal Customers,Active
13699,3,7.0,6666.55,3389.64,2024-04-06,2025-01-29,2222.18,50.85,Repeat,337,1,3,1,131,At Risk,Inactive
13700,2,4.0,24139.83,11184.04,2024-04-25,2025-01-26,12069.92,46.33,Repeat,340,1,2,2,122,Lost Customers,Inactive
13701,6,17.0,136654.09,64216.19,2024-12-12,2025-12-04,22775.68,46.99,Repeat,28,5,5,5,555,Champions,Active
13702,3,15.0,42487.41,19477.05,2024-10-05,2025-09-18,14162.47,45.84,Repeat,105,4,3,3,433,Loyal Customers,At Risk
13703,3,9.0,44099.3,16163.939999999999,2025-03-17,2025-08-13,14699.77,36.65,Repeat,141,3,3,3,333,Potential Loyalists,At Risk
13704,5,10.0,58940.2,32885.3,2024-01-07,2025-05-12,11788.04,55.79,Repeat,234,2,5,4,254,At Risk,Inactive
13705,1,3.0,3191.3,1642.79,2025-07-27,2025-07-27,3191.3,51.48,One-time,158,3,1,1,311,Potential Loyalists,At Risk
13706,4,13.0,94467.58,34182.57,2024-10-20,2025-04-09,23616.9,36.18,Repeat,267,2,4,4,244,At Risk,Inactive
13707,5,11.0,33107.270000000004,14574.720000000001,2024-04-30,2025-11-29,6621.45,44.02,Repeat,33,5,5,3,553,Loyal Customers,Active
13708,2,5.0,10008.44,5561.4400000000005,2024-01-20,2025-10-04,5004.22,55.57,Repeat,89,4,2,1,421,New Customers,Active
13709,3,7.0,76773.17,47022.95,2024-03-05,2024-12-30,25591.06,61.25,Repeat,367,1,3,4,134,At Risk,Inactive
13710,5,21.0,166379.44,67544.28,2024-07-27,2025-12-20,33275.89,40.6,Repeat,12,5,5,5,555,Champions,Active
13711,2,2.0,1202.61,506.79999999999995,2024-08-10,2024-12-09,601.3,42.14,Repeat,388,1,2,1,121,Lost Customers,Inactive
13712,1,2.0,5732.2300000000005,3241.23,2025-03-02,2025-03-02,5732.23,56.54,One-time,305,2,1,1,211,Lost Customers,Inactive
13713,4,10.0,154529.33000000002,71678.45,2024-05-30,2025-11-07,38632.33,46.39,Repeat,55,4,4,5,445,Champions,Active
13714,6,21.0,134167.78,54121.19,2024-01-08,2025-09-11,22361.3,40.34,Repeat,112,3,5,5,355,Potential Loyalists,At Risk
13715,4,9.0,22150.45,7713.5,2024-04-09,2025-07-02,5537.61,34.82,Repeat,183,3,4,2,342,Potential Loyalists,Inactive
13716,1,3.0,5668.41,2379.03,2025-06-27,2025-06-27,5668.41,41.97,One-time,188,2,1,1,211,Lost Customers,Inactive
13717,4,10.0,140307.02,64874.35,2024-05-24,2025-10-25,35076.75,46.24,Repeat,68,4,4,5,445,Champions,Active
13718,3,5.0,18724.88,9654.31,2024-01-27,2025-04-02,6241.63,51.56,Repeat,274,2,3,2,232,At Risk,Inactive
13719,3,6.0,69436.02,33479.61,2024-02-06,2025-05-31,23145.34,48.22,Repeat,215,2,3,4,234,At Risk,Inactive
13720,4,9.0,68119.08,30126.39,2024-02-16,2025-10-10,17029.77,44.23,Repeat,83,4,4,4,444,Champions,Active
13721,1,1.0,2967.86,1718.92,2024-03-06,2024-03-06,2967.86,57.92,One-time,666,1,1,1,111,Lost Customers,Inactive
13722,3,8.0,51680.36,18583.86,2024-07-18,2025-07-16,17226.79,35.96,Repeat,169,3,3,3,333,Potential Loyalists,At Risk
13723,6,15.0,124047.37000000001,50783.04,2024-02-12,2025-07-11,20674.56,40.94,Repeat,174,3,5,5,355,Potential Loyalists,At Risk
13724,2,14.0,39198.8,14647.550000000001,2024-03-29,2024-05-27,19599.4,37.37,Repeat,584,1,2,3,123,Lost Customers,Inactive
13725,6,22.0,117378.56,55207.79,2024-06-11,2025-09-17,19563.09,47.03,Repeat,106,4,5,5,455,Champions,At Risk
13726,3,11.0,82706.5,33394.8,2024-11-30,2025-11-10,27568.83,40.38,Repeat,52,4,3,4,434,Loyal Customers,Active
13727,3,5.0,14427.529999999999,5103.93,2024-02-29,2025-04-27,4809.18,35.38,Repeat,249,2,3,1,231,At Risk,Inactive
13728,1,2.0,14246.28,7914.5,2024-06-18,2024-06-18,14246.28,55.55,One-time,562,1,1,1,111,Lost Customers,Inactive
13729,3,11.0,12858.779999999999,5823.88,2024-10-04,2025-04-14,4286.26,45.29,Repeat,262,2,3,1,231,At Risk,Inactive
13730,3,5.0,72917.34,40708.17,2024-10-11,2025-09-25,24305.78,55.83,Repeat,98,4,3,4,434,Loyal Customers,At Risk
13731,3,12.0,37028.49,18391.33,2025-03-30,2025-06-14,12342.83,49.67,Repeat,201,2,3,3,233,At Risk,Inactive
13732,1,5.0,20790.21,7247.56,2025-05-02,2025-05-02,20790.21,34.86,One-time,244,2,1,2,212,Lost Customers,Inactive
13733,4,14.0,137426.66,80336.20999999999,2024-06-02,2025-09-19,34356.66,58.46,Repeat,104,4,4,5,445,Champions,At Risk
13734,3,8.0,58975.170000000006,20218.02,2024-05-03,2025-06-18,19658.39,34.28,Repeat,197,2,3,4,234,At Risk,Inactive
13735,3,6.0,16924.149999999998,4192.33,2024-10-04,2025-07-01,5641.38,24.77,Repeat,184,3,3,2,332,Potential Loyalists,Inactive
13736,4,8.0,61240.25,18148.16,2024-04-02,2025-09-30,15310.06,29.63,Repeat,93,4,4,4,444,Champions,At Risk
13737,5,12.0,39245.700000000004,19489.260000000002,2024-01-13,2025-02-11,7849.14,49.66,Repeat,324,1,5,3,153,At Risk,Inactive
13738,3,8.0,190092.56,73814.38,2024-02-26,2025-07-17,63364.19,38.83,Repeat,168,3,3,5,335,Potential Loyalists,At Risk
13739,2,7.0,61680.549999999996,28614.16,2024-03-30,2025-03-13,30840.28,46.39,Repeat,294,2,2,4,224,Lost Customers,Inactive
13740,4,11.0,19649.14,9125.94,2024-01-28,2025-11-26,4912.28,46.44,Repeat,36,5,4,2,542,Loyal Customers,Active
13741,4,12.0,66637.84,32742.94,2024-06-23,2025-12-18,16659.46,49.14,Repeat,14,5,4,4,544,Champions,Active
13742,3,10.0,42262.06,17334.6,2024-06-10,2024-12-03,14087.35,41.02,Repeat,394,1,3,3,133,At Risk,Inactive
13743,1,1.0,3190.56,1008.31,2025-05-08,2025-05-08,3190.56,31.6,One-time,238,2,1,1,211,Lost Customers,Inactive
13744,4,7.0,6987.3099999999995,2630.82,2024-01-23,2025-03-14,1746.83,37.65,Repeat,293,2,4,1,241,At Risk,Inactive
13745,3,9.0,51762.4,28655.84,2024-03-12,2025-04-12,17254.13,55.36,Repeat,264,2,3,3,233,At Risk,Inactive
13746,4,13.0,42941.89,17329.55,2024-03-06,2025-11-19,10735.47,40.36,Repeat,43,5,4,3,543,Loyal Customers,Active
13747,5,12.0,63326.77,31618.219999999998,2024-01-07,2025-09-02,12665.35,49.93,Repeat,121,3,5,4,354,Potential Loyalists,At Risk
13748,4,9.0,54471.189999999995,25025.35,2024-04-24,2025-10-20,13617.8,45.94,Repeat,73,4,4,3,443,Loyal Customers,Active
13749,7,12.0,154703.48,54975.409999999996,2024-09-24,2025-09-13,22100.5,35.54,Repeat,110,3,5,5,355,Potential Loyalists,At Risk
13750,5,12.0,49709.189999999995,22423.760000000002,2024-08-21,2025-12-27,9941.84,45.11,Repeat,5,5,5,3,553,Loyal Customers,Active
13751,6,12.0,17751.7,6146.49,2024-03-29,2025-09-11,2958.62,34.62,Repeat,112,3,5,2,352,Potential Loyalists,At Risk
13752,5,12.0,92978.93,40275.31,2024-04-26,2025-08-31,18595.79,43.32,Repeat,123,3,5,4,354,Potential Loyalists,At Risk
13753,2,6.0,82528.59,33504.729999999996,2024-03-22,2024-09-14,41264.3,40.6,Repeat,474,1,2,4,124,Lost Customers,Inactive
13754,1,1.0,11014.69,5363.23,2025-08-21,2025-08-21,11014.69,48.69,One-time,133,3,1,1,311,Potential Loyalists,At Risk
13755,3,13.0,134747.34999999998,62250.19,2024-03-13,2025-12-25,44915.78,46.2,Repeat,7,5,3,5,535,Loyal Customers,Active
13756,5,16.0,139868.88,60503.07,2024-02-24,2025-10-26,27973.78,43.26,Repeat,67,4,5,5,455,Champions,Active
13757,3,5.0,43860.689999999995,23226.34,2024-06-07,2025-02-19,14620.23,52.95,Repeat,316,2,3,3,233,At Risk,Inactive
13758,7,21.0,179468.01,76638.71,2024-01-30,2025-10-06,25638.29,42.7,Repeat,87,4,5,5,455,Champions,Active
13759,5,15.0,79057.70999999999,35528.67,2024-07-03,2025-11-01,15811.54,44.94,Repeat,61,4,5,4,454,Champions,Active
13760,4,6.0,29604.42,14934.06,2024-05-06,2025-11-18,7401.1,50.45,Repeat,44,5,4,2,542,Loyal Customers,Active
13761,1,2.0,4037.4500000000003,2274.17,2024-05-01,2024-05-01,4037.45,56.33,One-time,610,1,1,1,111,Lost Customers,Inactive
13762,3,12.0,228513.47999999998,109491.13,2025-06-02,2025-10-22,76171.16,47.91,Repeat,71,4,3,5,435,Loyal Customers,Active
13763,7,15.0,217030.18,117746.15000000001,2024-03-20,2025-09-02,31004.31,54.25,Repeat,121,3,5,5,355,Potential Loyalists,At Risk
13764,1,2.0,20640.8,10490.119999999999,2025-05-09,2025-05-09,20640.8,50.82,One-time,237,2,1,2,212,Lost Customers,Inactive
13765,8,30.0,577266.5599999999,220501.35,2024-06-19,2025-12-07,72158.32,38.2,Repeat,25,5,5,5,555,Champions,Active
13766,3,6.0,24424.64,7696.950000000001,2024-05-19,2025-02-26,8141.55,31.51,Repeat,309,2,3,2,232,At Risk,Inactive
13767,6,18.0,81195.1,36004.4,2024-05-24,2025-07-24,13532.52,44.34,Repeat,161,3,5,4,354,Potential Loyalists,At Risk
13768,1,3.0,18496.54,7753.7,2025-01-23,2025-01-23,18496.54,41.92,One-time,343,1,1,2,112,Lost Customers,Inactive
13769,6,18.0,126473.4,51800.24,2024-02-17,2025-08-07,21078.9,40.96,Repeat,147,3,5,5,355,Potential Loyalists,At Risk
13770,5,14.0,96899.5,31588.989999999998,2024-01-07,2025-10-08,19379.9,32.6,Repeat,85,4,5,4,454,Champions,Active
13771,3,5.0,7855.48,3610.04,2025-05-24,2025-08-23,2618.49,45.96,Repeat,131,3,3,1,331,Potential Loyalists,At Risk
13772,4,16.0,108266.42,57687.71000000001,2024-06-18,2025-08-26,27066.6,53.28,Repeat,128,3,4,5,345,Potential Loyalists,At Risk
13773,4,15.0,119083.73,58267.85,2024-04-10,2025-11-25,29770.93,48.93,Repeat,37,5,4,5,545,Champions,Active
13774,3,7.0,17971.53,7461.17,2024-06-23,2025-09-11,5990.51,41.52,Repeat,112,3,3,2,332,Potential Loyalists,At Risk
13775,7,16.0,65277.68,29311.23,2024-02-28,2025-07-19,9325.38,44.9,Repeat,166,3,5,4,354,Potential Loyalists,At Risk
13776,4,11.0,51701.98,24545.22,2024-08-25,2025-10-28,12925.5,47.47,Repeat,65,4,4,3,443,Loyal Customers,Active
13777,2,5.0,10261.54,4368.55,2024-01-09,2024-09-01,5130.77,42.57,Repeat,487,1,2,1,121,Lost Customers,Inactive
13778,2,3.0,5168.860000000001,2402.58,2024-09-21,2025-05-20,2584.43,46.48,Repeat,226,2,2,1,221,Lost Customers,Inactive
13779,4,11.0,110259.9,54459.13,2024-02-26,2025-12-28,27564.98,49.39,Repeat,4,5,4,5,545,Champions,Active
13780,4,7.0,57017.03,31671.2,2024-05-24,2025-10-18,14254.26,55.55,Repeat,75,4,4,4,444,Champions,Active
13781,5,9.0,18565.579999999998,8421.66,2024-05-08,2025-06-20,3713.12,45.36,Repeat,195,2,5,2,252,At Risk,Inactive
13782,3,4.0,29269.780000000002,13744.710000000001,2024-01-23,2024-07-21,9756.59,46.96,Repeat,529,1,3,2,132,At Risk,Inactive
13783,3,11.0,36955.55,14802.73,2024-08-15,2025-06-04,12318.52,40.06,Repeat,211,2,3,3,233,At Risk,Inactive
13784,3,8.0,17350.05,8171.08,2024-01-28,2025-01-17,5783.35,47.1,Repeat,349,1,3,2,132,At Risk,Inactive
13785,2,9.0,37091.19,15544.25,2025-03-14,2025-05-16,18545.6,41.91,Repeat,230,2,2,3,223,Lost Customers,Inactive
13786,5,10.0,49798.15,23534.46,2024-05-02,2025-09-30,9959.63,47.26,Repeat,93,4,5,3,453,Loyal Customers,At Risk
13787,1,5.0,129623.18,63895.740000000005,2024-02-23,2024-02-23,129623.18,49.29,One-time,678,1,1,5,115,Lost Customers,Inactive
13788,5,8.0,44085.92,18569.4,2024-07-15,2025-12-06,8817.18,42.12,Repeat,26,5,5,3,553,Loyal Customers,Active
13789,4,12.0,146540.93,51059.92,2024-04-23,2025-05-13,36635.23,34.84,Repeat,233,2,4,5,245,At Risk,Inactive
13790,3,10.0,52107.509999999995,25358.66,2024-04-26,2025-05-22,17369.17,48.67,Repeat,224,2,3,3,233,At Risk,Inactive
13791,3,6.0,41330.2,15529.76,2024-05-22,2025-08-29,13776.73,37.57,Repeat,125,3,3,3,333,Potential Loyalists,At Risk
13792,3,12.0,44820.229999999996,17935.62,2024-04-16,2025-06-24,14940.08,40.02,Repeat,191,2,3,3,233,At Risk,Inactive
13793,3,5.0,6055.2,3040.71,2024-02-08,2025-03-18,2018.4,50.22,Repeat,289,2,3,1,231,At Risk,Inactive
13794,2,6.0,36705.42,15928.509999999998,2024-07-11,2024-07-22,18352.71,43.4,Repeat,528,1,2,3,123,Lost Customers,Inactive
13795,2,3.0,14552.15,7794.7,2024-01-14,2025-06-14,7276.08,53.56,Repeat,201,2,2,1,221,Lost Customers,Inactive
13796,4,6.0,29454.54,14267.28,2024-07-31,2025-06-30,7363.64,48.44,Repeat,185,3,4,2,342,Potential Loyalists,Inactive
13797,4,8.0,118440.54000000001,68353.5,2024-01-28,2025-08-27,29610.14,57.71,Repeat,127,3,4,5,345,Potential Loyalists,At Risk
13798,3,7.0,116467.49,39333.87,2024-09-23,2025-12-05,38822.5,33.77,Repeat,27,5,3,5,535,Loyal Customers,Active
13799,2,8.0,11061.71,4936.99,2024-01-16,2025-10-08,5530.86,44.63,Repeat,85,4,2,1,421,New Customers,Active
13800,1,3.0,27357.99,11282.31,2025-03-22,2025-03-22,27357.99,41.24,One-time,285,2,1,2,212,Lost Customers,Inactive
13801,4,9.0,9310.89,4569.89,2024-06-11,2025-09-09,2327.72,49.08,Repeat,114,3,4,1,341,Potential Loyalists,At Risk
13802,3,7.0,42603.92,18639.52,2025-04-04,2025-11-07,14201.31,43.75,Repeat,55,4,3,3,433,Loyal Customers,Active
13803,2,2.0,2237.21,1015.71,2024-01-17,2024-10-01,1118.6,45.4,Repeat,457,1,2,1,121,Lost Customers,Inactive
13804,2,6.0,6158.25,2968.07,2024-10-21,2025-11-03,3079.12,48.2,Repeat,59,4,2,1,421,New Customers,Active
13805,2,7.0,232161.87,105777.7,2024-01-25,2024-11-12,116080.94,45.56,Repeat,415,1,2,5,125,Lost Customers,Inactive
13806,1,3.0,8205.24,4160.97,2024-01-18,2024-01-18,8205.24,50.71,One-time,714,1,1,1,111,Lost Customers,Inactive
13807,3,7.0,8244.51,2992.7200000000003,2025-01-25,2025-10-30,2748.17,36.3,Repeat,63,4,3,1,431,Loyal Customers,Active
13808,2,7.0,78631.68,30338.17,2024-04-10,2025-04-10,39315.84,38.58,Repeat,266,2,2,4,224,Lost Customers,Inactive
13809,5,7.0,26955.29,11431.39,2024-10-30,2025-10-03,5391.06,42.41,Repeat,90,4,5,2,452,Loyal Customers,Active
13810,1,5.0,39561.81,23112.26,2025-03-05,2025-03-05,39561.81,58.42,One-time,302,2,1,3,213,Lost Customers,Inactive
13811,3,6.0,52723.5,29537.11,2025-06-09,2025-10-04,17574.5,56.02,Repeat,89,4,3,3,433,Loyal Customers,Active
13812,4,10.0,158696.59,83006.71,2024-12-27,2025-12-23,39674.15,52.31,Repeat,9,5,4,5,545,Champions,Active
13814,5,12.0,99678.85,46611.74,2024-03-23,2025-12-06,19935.77,46.76,Repeat,26,5,5,5,555,Champions,Active
13815,4,12.0,26918.52,10502.529999999999,2024-09-15,2025-08-20,6729.63,39.02,Repeat,134,3,4,2,342,Potential Loyalists,At Risk
13816,5,16.0,95629.49,39479.29,2024-03-25,2025-10-04,19125.9,41.28,Repeat,89,4,5,4,454,Champions,Active
13817,5,16.0,51586.23,22136.43,2024-02-20,2025-08-13,10317.25,42.91,Repeat,141,3,5,3,353,Potential Loyalists,At Risk
13818,6,12.0,52569.48,22096.16,2024-03-21,2025-05-18,8761.58,42.03,Repeat,228,2,5,3,253,At Risk,Inactive
13819,5,9.0,46624.93,23392.59,2024-01-08,2025-11-03,9324.99,50.17,Repeat,59,4,5,3,453,Loyal Customers,Active
13820,2,2.0,3557.08,1240.16,2024-04-08,2024-08-21,1778.54,34.86,Repeat,498,1,2,1,121,Lost Customers,Inactive
13821,5,12.0,26872.74,10591.01,2024-02-20,2025-09-02,5374.55,39.41,Repeat,121,3,5,2,352,Potential Loyalists,At Risk
13822,2,3.0,12148.25,5725.26,2024-02-10,2024-07-12,6074.12,47.13,Repeat,538,1,2,1,121,Lost Customers,Inactive
13823,2,3.0,8529.22,4452.23,2025-04-17,2025-09-01,4264.61,52.2,Repeat,122,3,2,1,321,Potential Loyalists,At Risk
13824,2,4.0,4830.33,2284.16,2024-01-26,2024-08-09,2415.16,47.29,Repeat,510,1,2,1,121,Lost Customers,Inactive
13825,8,16.0,98535.57,45010.79,2024-04-27,2025-10-27,12316.95,45.68,Repeat,66,4,5,5,455,Champions,Active
13826,2,5.0,50809.87,24982.13,2025-02-06,2025-11-30,25404.94,49.17,Repeat,32,5,2,3,523,New Customers,Active
13827,3,6.0,15144.6,6098.53,2024-09-24,2025-09-23,5048.2,40.27,Repeat,100,4,3,2,432,Loyal Customers,At Risk
13828,4,14.0,31542.51,12369.74,2024-01-22,2025-03-14,7885.63,39.22,Repeat,293,2,4,2,242,At Risk,Inactive
13829,3,9.0,106817.5,57354.850000000006,2024-03-04,2025-05-23,35605.83,53.69,Repeat,223,2,3,5,235,At Risk,Inactive
13830,3,7.0,81134.72,41004.450000000004,2024-06-18,2024-10-16,27044.91,50.54,Repeat,442,1,3,4,134,At Risk,Inactive
13832,3,16.0,66743.40999999999,26486.269999999997,2024-01-22,2025-10-05,22247.8,39.68,Repeat,88,4,3,4,434,Loyal Customers,Active
13833,4,7.0,76798.92,38877.07000000001,2024-04-06,2025-11-24,19199.73,50.62,Repeat,38,5,4,4,544,Champions,Active
13834,2,4.0,7084.11,2892.27,2024-03-19,2024-12-09,3542.06,40.83,Repeat,388,1,2,1,121,Lost Customers,Inactive
13835,2,4.0,16142.11,8239.43,2024-02-11,2024-11-08,8071.06,51.04,Repeat,419,1,2,2,122,Lost Customers,Inactive
13836,3,8.0,68100.86,26957.52,2024-05-12,2025-08-14,22700.29,39.58,Repeat,140,3,3,4,334,Potential Loyalists,At Risk
13837,3,6.0,21348.64,10645.33,2024-02-18,2025-05-28,7116.21,49.86,Repeat,218,2,3,2,232,At Risk,Inactive
13838,4,7.0,111215.03,52501.32,2024-08-12,2025-08-29,27803.76,47.21,Repeat,125,3,4,5,345,Potential Loyalists,At Risk
13839,4,10.0,52400.49,22108.02,2024-03-24,2025-12-26,13100.12,42.19,Repeat,6,5,4,3,543,Loyal Customers,Active
13840,7,13.0,123073.19,48403.310000000005,2024-06-22,2025-12-22,17581.88,39.33,Repeat,10,5,5,5,555,Champions,Active
13841,6,17.0,79324.73999999999,35827.850000000006,2024-09-05,2025-11-23,13220.79,45.17,Repeat,39,5,5,4,554,Champions,Active
13842,1,3.0,23276.1,10652.54,2024-06-03,2024-06-03,23276.1,45.77,One-time,577,1,1,2,112,Lost Customers,Inactive
13843,6,13.0,130616.45,68684.43000000001,2024-03-23,2025-01-13,21769.41,52.58,Repeat,353,1,5,5,155,At Risk,Inactive
13844,3,5.0,28688.239999999998,14019.6,2024-03-06,2024-10-13,9562.75,48.87,Repeat,445,1,3,2,132,At Risk,Inactive
13845,6,14.0,44175.57,20866.9,2025-02-14,2025-09-16,7362.6,47.24,Repeat,107,4,5,3,453,Loyal Customers,At Risk
13846,4,9.0,74004.31,23208.85,2024-09-25,2025-11-22,18501.08,31.36,Repeat,40,5,4,4,544,Champions,Active
13847,3,14.0,93210.88,42331.63,2024-01-31,2024-11-20,31070.29,45.41,Repeat,407,1,3,4,134,At Risk,Inactive
13848,7,14.0,223000.38,78515.45,2024-09-29,2025-11-12,31857.2,35.21,Repeat,50,4,5,5,455,Champions,Active
13849,7,18.0,55378.76,25693.739999999998,2024-06-24,2025-11-07,7911.25,46.4,Repeat,55,4,5,3,453,Loyal Customers,Active
13850,2,4.0,23156.620000000003,12405.830000000002,2024-10-23,2025-01-23,11578.31,53.57,Repeat,343,1,2,2,122,Lost Customers,Inactive
13851,5,20.0,23437.829999999998,8711.67,2024-06-27,2025-09-06,4687.57,37.17,Repeat,117,3,5,2,352,Potential Loyalists,At Risk
13852,3,12.0,21222.0,10582.05,2024-04-26,2025-03-27,7074.0,49.86,Repeat,280,2,3,2,232,At Risk,Inactive
13853,3,6.0,17940.39,10287.23,2024-02-03,2025-02-27,5980.13,57.34,Repeat,308,2,3,2,232,At Risk,Inactive
13854,2,7.0,41101.4,18421.66,2024-08-18,2025-11-10,20550.7,44.82,Repeat,52,4,2,3,423,New Customers,Active
13855,2,6.0,93619.29999999999,35765.82,2024-03-06,2025-06-30,46809.65,38.2,Repeat,185,3,2,4,324,Potential Loyalists,Inactive
13856,1,2.0,12017.92,6100.88,2025-07-21,2025-07-21,12017.92,50.76,One-time,164,3,1,1,311,Potential Loyalists,At Risk
13857,2,4.0,29630.980000000003,13753.75,2024-05-26,2025-11-16,14815.49,46.42,Repeat,46,5,2,2,522,New Customers,Active
13858,2,6.0,63240.97,33563.66,2024-06-06,2024-10-03,31620.48,53.07,Repeat,455,1,2,4,124,Lost Customers,Inactive
13859,1,5.0,7445.79,3084.3599999999997,2024-11-07,2024-11-07,7445.79,41.42,One-time,420,1,1,1,111,Lost Customers,Inactive
13860,3,8.0,17955.2,7973.88,2024-01-11,2024-08-23,5985.07,44.41,Repeat,496,1,3,2,132,At Risk,Inactive
13861,4,15.0,109292.65,45816.350000000006,2024-05-08,2025-08-27,27323.16,41.92,Repeat,127,3,4,5,345,Potential Loyalists,At Risk
13862,2,11.0,11395.33,6146.22,2025-04-14,2025-04-17,5697.66,53.94,Repeat,259,2,2,1,221,Lost Customers,Inactive
13863,5,14.0,128685.19,56259.09,2024-01-22,2025-12-17,25737.04,43.72,Repeat,15,5,5,5,555,Champions,Active
13864,3,9.0,21755.0,8846.39,2025-01-21,2025-05-11,7251.67,40.66,Repeat,235,2,3,2,232,At Risk,Inactive
13865,1,4.0,9823.79,3254.86,2025-05-18,2025-05-18,9823.79,33.13,One-time,228,2,1,1,211,Lost Customers,Inactive
13866,1,7.0,19875.73,9954.79,2025-08-22,2025-08-22,19875.73,50.09,One-time,132,3,1,2,312,Potential Loyalists,At Risk
13867,4,14.0,117366.61,56142.399999999994,2024-08-25,2025-07-02,29341.65,47.84,Repeat,183,3,4,5,345,Potential Loyalists,Inactive
13868,2,2.0,12914.67,6450.08,2024-01-02,2025-07-05,6457.34,49.94,Repeat,180,3,2,1,321,Potential Loyalists,At Risk
13869,3,4.0,89190.23,34421.5,2025-06-18,2025-11-11,29730.08,38.59,Repeat,51,4,3,4,434,Loyal Customers,Active
13870,5,24.0,206940.47,88503.0,2024-01-29,2025-11-12,41388.09,42.77,Repeat,50,4,5,5,455,Champions,Active
13871,3,10.0,57434.590000000004,27392.280000000002,2025-01-16,2025-04-16,19144.86,47.69,Repeat,260,2,3,4,234,At Risk,Inactive
13872,6,16.0,79621.62,33130.16,2024-03-04,2025-08-27,13270.27,41.61,Repeat,127,3,5,4,354,Potential Loyalists,At Risk
13873,2,4.0,12567.61,5335.42,2025-05-21,2025-09-06,6283.8,42.45,Repeat,117,3,2,1,321,Potential Loyalists,At Risk
13874,1,4.0,21417.7,9922.539999999999,2025-09-28,2025-09-28,21417.7,46.33,One-time,95,4,1,2,412,New Customers,At Risk
13875,2,5.0,24076.66,11664.21,2024-11-18,2025-07-28,12038.33,48.45,Repeat,157,3,2,2,322,Potential Loyalists,At Risk
13876,1,2.0,1714.29,596.11,2025-07-30,2025-07-30,1714.29,34.77,One-time,155,3,1,1,311,Potential Loyalists,At Risk
13877,2,4.0,13538.38,5421.9400000000005,2024-12-14,2025-12-10,6769.19,40.05,Repeat,22,5,2,1,521,New Customers,Active
13878,5,10.0,33785.24,13973.24,2024-04-04,2025-06-26,6757.05,41.36,Repeat,189,2,5,3,253,At Risk,Inactive
13879,6,15.0,48536.85,18405.3,2024-06-18,2025-10-30,8089.48,37.92,Repeat,63,4,5,3,453,Loyal Customers,Active
13880,2,6.0,89673.90000000001,44191.14,2024-06-01,2025-03-01,44836.95,49.28,Repeat,306,2,2,4,224,Lost Customers,Inactive
13881,5,11.0,129626.17,50244.479999999996,2024-02-15,2025-12-10,25925.23,38.76,Repeat,22,5,5,5,555,Champions,Active
13882,2,8.0,37512.100000000006,20830.05,2024-10-27,2025-07-08,18756.05,55.53,Repeat,177,3,2,3,323,Potential Loyalists,At Risk
13883,2,4.0,23825.14,8186.35,2024-08-11,2025-09-07,11912.57,34.36,Repeat,116,3,2,2,322,Potential Loyalists,At Risk
13884,5,14.0,137943.59,70566.41,2025-05-29,2025-12-01,27588.72,51.16,Repeat,31,5,5,5,555,Champions,Active
13885,1,3.0,4544.85,2528.92,2025-04-05,2025-04-05,4544.85,55.64,One-time,271,2,1,1,211,Lost Customers,Inactive
13886,2,3.0,3023.25,1424.26,2024-11-06,2025-05-23,1511.62,47.11,Repeat,223,2,2,1,221,Lost Customers,Inactive
13887,3,8.0,40723.99,19474.93,2024-05-11,2025-03-24,13574.66,47.82,Repeat,283,2,3,3,233,At Risk,Inactive
13888,3,5.0,8959.800000000001,3471.2,2024-12-28,2025-06-01,2986.6,38.74,Repeat,214,2,3,1,231,At Risk,Inactive
13889,5,15.0,88605.66,35505.43,2024-01-11,2025-12-20,17721.13,40.07,Repeat,12,5,5,4,554,Champions,Active
13890,1,1.0,7142.06,3744.48,2025-02-08,2025-02-08,7142.06,52.43,One-time,327,1,1,1,111,Lost Customers,Inactive
13891,4,8.0,16677.92,7801.68,2024-03-19,2025-06-15,4169.48,46.78,Repeat,200,2,4,2,242,At Risk,Inactive
13892,3,10.0,26953.0,8628.55,2024-05-26,2025-09-01,8984.33,32.01,Repeat,122,3,3,2,332,Potential Loyalists,At Risk
13893,4,15.0,120674.23,54331.06,2025-01-10,2025-11-23,30168.56,45.02,Repeat,39,5,4,5,545,Champions,Active
13894,3,9.0,23489.73,7330.4,2025-02-06,2025-07-27,7829.91,31.21,Repeat,158,3,3,2,332,Potential Loyalists,At Risk
13895,3,7.0,121224.45999999999,54906.85,2024-05-01,2025-12-03,40408.15,45.29,Repeat,29,5,3,5,535,Loyal Customers,Active
13896,6,19.0,55001.08,22103.36,2024-05-16,2025-05-29,9166.85,40.19,Repeat,217,2,5,3,253,At Risk,Inactive
13897,4,15.0,151939.06,70662.67,2024-04-27,2025-11-15,37984.76,46.51,Repeat,47,5,4,5,545,Champions,Active
13898,6,15.0,38847.41,15879.99,2024-02-25,2025-11-30,6474.57,40.88,Repeat,32,5,5,3,553,Loyal Customers,Active
13899,2,6.0,43261.46,15072.449999999999,2025-03-28,2025-11-13,21630.73,34.84,Repeat,49,4,2,3,423,New Customers,Active
13900,5,9.0,58983.95,19474.99,2024-03-12,2025-05-06,11796.79,33.02,Repeat,240,2,5,4,254,At Risk,Inactive
13901,1,3.0,33942.71,14037.759999999998,2025-06-06,2025-06-06,33942.71,41.36,One-time,209,2,1,3,213,Lost Customers,Inactive
13902,1,4.0,20268.6,11928.8,2025-07-29,2025-07-29,20268.6,58.85,One-time,156,3,1,2,312,Potential Loyalists,At Risk
13903,3,3.0,19549.89,8994.33,2024-05-09,2025-06-29,6516.63,46.01,Repeat,186,2,3,2,232,At Risk,Inactive
13905,3,6.0,12813.029999999999,5997.58,2024-06-05,2024-11-21,4271.01,46.81,Repeat,406,1,3,1,131,At Risk,Inactive
13906,3,8.0,81911.46,31726.420000000002,2024-01-13,2025-01-30,27303.82,38.73,Repeat,336,1,3,4,134,At Risk,Inactive
13907,2,9.0,40746.89,17972.63,2024-07-22,2024-09-15,20373.44,44.11,Repeat,473,1,2,3,123,Lost Customers,Inactive
13909,5,16.0,43992.72,18053.77,2024-03-02,2025-12-06,8798.54,41.04,Repeat,26,5,5,3,553,Loyal Customers,Active
13910,2,6.0,18050.54,6498.01,2024-02-09,2024-03-09,9025.27,36.0,Repeat,663,1,2,2,122,Lost Customers,Inactive
13911,3,8.0,35705.42,13530.890000000001,2024-11-03,2025-06-19,11901.81,37.9,Repeat,196,2,3,3,233,At Risk,Inactive
13912,3,6.0,5679.18,2528.77,2025-03-28,2025-08-13,1893.06,44.53,Repeat,141,3,3,1,331,Potential Loyalists,At Risk
13913,2,3.0,28701.829999999998,16143.71,2024-10-04,2025-01-28,14350.92,56.25,Repeat,338,1,2,2,122,Lost Customers,Inactive
13914,4,11.0,48008.73,21259.37,2024-09-21,2025-12-31,12002.18,44.28,Repeat,1,5,4,3,543,Loyal Customers,Active
13915,3,8.0,31084.17,14107.21,2025-01-23,2025-08-30,10361.39,45.38,Repeat,124,3,3,2,332,Potential Loyalists,At Risk
13916,8,19.0,185637.49000000002,77228.19,2024-09-22,2025-12-10,23204.69,41.6,Repeat,22,5,5,5,555,Champions,Active
13917,2,5.0,8403.16,3538.2599999999998,2024-04-02,2025-12-16,4201.58,42.11,Repeat,16,5,2,1,521,New Customers,Active
13918,4,5.0,32416.46,15484.560000000001,2024-03-02,2025-11-21,8104.12,47.77,Repeat,41,5,4,2,542,Loyal Customers,Active
13919,3,12.0,20863.440000000002,8138.86,2024-04-23,2025-12-27,6954.48,39.01,Repeat,5,5,3,2,532,Loyal Customers,Active
13920,6,16.0,121996.45999999999,56262.07,2024-04-03,2025-09-01,20332.74,46.12,Repeat,122,3,5,5,355,Potential Loyalists,At Risk
13921,3,5.0,17728.29,7593.15,2025-01-20,2025-10-21,5909.43,42.83,Repeat,72,4,3,2,432,Loyal Customers,Active
13922,3,10.0,213221.31,110625.39,2025-02-26,2025-11-24,71073.77,51.88,Repeat,38,5,3,5,535,Loyal Customers,Active
13923,3,6.0,185106.47,96865.19,2024-11-23,2025-10-23,61702.16,52.33,Repeat,70,4,3,5,435,Loyal Customers,Active
13924,2,7.0,73060.75,20165.24,2025-08-26,2025-12-10,36530.38,27.6,Repeat,22,5,2,4,524,New Customers,Active
13925,1,1.0,3565.92,1383.67,2025-12-24,2025-12-24,3565.92,38.8,One-time,8,5,1,1,511,New Customers,Active
13926,2,7.0,29942.2,14587.88,2025-02-03,2025-12-26,14971.1,48.72,Repeat,6,5,2,2,522,New Customers,Active
13927,3,10.0,25176.75,12978.68,2024-04-04,2025-02-13,8392.25,51.55,Repeat,322,1,3,2,132,At Risk,Inactive
13928,4,6.0,19870.45,10030.55,2024-01-12,2025-04-10,4967.61,50.48,Repeat,266,2,4,2,242,At Risk,Inactive
13929,1,3.0,26607.35,10533.400000000001,2024-05-12,2024-05-12,26607.35,39.59,One-time,599,1,1,2,112,Lost Customers,Inactive
13930,3,8.0,57593.08,29675.87,2024-04-24,2025-03-23,19197.69,51.53,Repeat,284,2,3,4,234,At Risk,Inactive
13931,3,5.0,31706.26,14153.09,2024-03-24,2024-09-01,10568.75,44.64,Repeat,487,1,3,2,132,At Risk,Inactive
13932,2,6.0,82521.92000000001,43391.15,2024-03-01,2025-12-28,41260.96,52.58,Repeat,4,5,2,4,524,New Customers,Active
13933,2,4.0,6494.82,2935.0299999999997,2024-01-09,2024-05-31,3247.41,45.19,Repeat,580,1,2,1,121,Lost Customers,Inactive
13934,2,4.0,5549.73,2040.9299999999998,2024-08-30,2024-10-28,2774.86,36.78,Repeat,430,1,2,1,121,Lost Customers,Inactive
13935,3,4.0,41298.93,24312.85,2024-12-08,2025-09-10,13766.31,58.87,Repeat,113,3,3,3,333,Potential Loyalists,At Risk
13936,7,16.0,96813.57,42421.98,2024-02-20,2025-12-09,13830.51,43.82,Repeat,23,5,5,4,554,Champions,Active
13937,2,7.0,11095.779999999999,5214.4,2025-03-24,2025-06-24,5547.89,46.99,Repeat,191,2,2,1,221,Lost Customers,Inactive
13938,6,24.0,87888.58,29941.239999999998,2024-03-03,2025-12-11,14648.1,34.07,Repeat,21,5,5,4,554,Champions,Active
13939,2,7.0,60809.56,29148.24,2024-01-16,2024-04-26,30404.78,47.93,Repeat,615,1,2,4,124,Lost Customers,Inactive
13940,5,19.0,83578.84,35349.76,2024-01-14,2025-11-14,16715.77,42.3,Repeat,48,5,5,4,554,Champions,Active
13941,4,11.0,101645.73000000001,37117.74,2024-03-01,2025-11-30,25411.43,36.52,Repeat,32,5,4,5,545,Champions,Active
13942,5,13.0,318852.54999999993,129961.0,2024-03-16,2025-08-28,63770.51,40.76,Repeat,126,3,5,5,355,Potential Loyalists,At Risk
13943,2,4.0,11703.460000000001,5338.96,2024-12-19,2025-12-10,5851.73,45.62,Repeat,22,5,2,1,521,New Customers,Active
13944,2,7.0,90809.73,39097.9,2025-05-07,2025-08-01,45404.86,43.05,Repeat,153,3,2,4,324,Potential Loyalists,At Risk
13945,4,7.0,63583.700000000004,24301.71,2024-04-25,2025-04-20,15895.92,38.22,Repeat,256,2,4,4,244,At Risk,Inactive
13946,1,6.0,118161.35,59241.65,2025-06-24,2025-06-24,118161.35,50.14,One-time,191,2,1,5,215,Lost Customers,Inactive
13947,4,8.0,45174.37,20190.5,2024-02-24,2025-08-17,11293.59,44.69,Repeat,137,3,4,3,343,Potential Loyalists,At Risk
13948,4,9.0,59769.98,30640.78,2024-05-12,2025-12-09,14942.5,51.26,Repeat,23,5,4,4,544,Champions,Active
13949,3,8.0,96309.7,40709.32,2024-06-08,2025-07-31,32103.23,42.27,Repeat,154,3,3,4,334,Potential Loyalists,At Risk
13950,2,10.0,20784.28,10349.05,2025-09-28,2025-11-28,10392.14,49.79,Repeat,34,5,2,2,522,New Customers,Active
13951,2,5.0,25434.15,13820.04,2024-04-06,2025-11-13,12717.08,54.34,Repeat,49,4,2,2,422,New Customers,Active
13952,3,13.0,89431.52,43857.67,2025-05-02,2025-08-25,29810.51,49.04,Repeat,129,3,3,4,334,Potential Loyalists,At Risk
13954,4,5.0,67219.99,39979.83,2024-02-10,2025-12-17,16805.0,59.48,Repeat,15,5,4,4,544,Champions,Active
13955,6,16.0,54951.270000000004,21293.440000000002,2024-03-27,2025-09-09,9158.54,38.75,Repeat,114,3,5,3,353,Potential Loyalists,At Risk
13956,6,16.0,156113.6,59705.22,2024-04-12,2025-10-29,26018.93,38.24,Repeat,64,4,5,5,455,Champions,Active
13957,5,18.0,56828.600000000006,28235.01,2025-06-10,2025-11-26,11365.72,49.68,Repeat,36,5,5,4,554,Champions,Active
13958,5,17.0,73784.73,34956.98,2024-02-23,2025-12-29,14756.95,47.38,Repeat,3,5,5,4,554,Champions,Active
13959,4,10.0,21538.12,7518.610000000001,2024-02-10,2025-08-05,5384.53,34.91,Repeat,149,3,4,2,342,Potential Loyalists,At Risk
13960,2,5.0,11418.6,5455.26,2024-07-09,2024-10-16,5709.3,47.78,Repeat,442,1,2,1,121,Lost Customers,Inactive
13961,2,9.0,82615.35,26574.34,2024-12-13,2025-08-15,41307.68,32.17,Repeat,139,3,2,4,324,Potential Loyalists,At Risk
13962,2,3.0,2304.1800000000003,1049.06,2024-07-23,2025-04-13,1152.09,45.53,Repeat,263,2,2,1,221,Lost Customers,Inactive
13963,6,22.0,137872.56,68439.03,2024-07-16,2025-11-13,22978.76,49.64,Repeat,49,4,5,5,455,Champions,Active
13964,3,10.0,109996.08,43541.69,2024-03-22,2025-06-12,36665.36,39.58,Repeat,203,2,3,5,235,At Risk,Inactive
13965,2,5.0,5749.08,3031.3,2024-01-16,2024-10-14,2874.54,52.73,Repeat,444,1,2,1,121,Lost Customers,Inactive
13966,4,6.0,38363.88,13752.46,2024-10-13,2025-10-27,9590.97,35.85,Repeat,66,4,4,3,443,Loyal Customers,Active
13967,5,22.0,123516.34000000001,50877.21,2024-03-12,2025-03-20,24703.27,41.19,Repeat,287,2,5,5,255,At Risk,Inactive
13968,4,9.0,74390.15,35970.270000000004,2024-03-01,2025-12-01,18597.54,48.35,Repeat,31,5,4,4,544,Champions,Active
13969,4,15.0,32425.239999999998,14511.85,2024-02-29,2025-11-18,8106.31,44.75,Repeat,44,5,4,2,542,Loyal Customers,Active
13970,2,7.0,58764.4,31763.26,2024-06-28,2025-10-21,29382.2,54.05,Repeat,72,4,2,4,424,New Customers,Active
13971,3,12.0,54242.46,25890.66,2024-01-05,2025-12-06,18080.82,47.73,Repeat,26,5,3,3,533,Loyal Customers,Active
13972,4,13.0,123651.16,65450.36,2024-03-19,2025-02-15,30912.79,52.93,Repeat,320,1,4,5,145,At Risk,Inactive
13973,1,3.0,4222.87,1346.2,2024-02-17,2024-02-17,4222.87,31.88,One-time,684,1,1,1,111,Lost Customers,Inactive
13974,4,11.0,84339.51000000001,36527.07,2024-02-25,2025-06-11,21084.88,43.31,Repeat,204,2,4,4,244,At Risk,Inactive
13975,4,14.0,147833.11,76675.25,2024-01-15,2025-01-08,36958.28,51.87,Repeat,358,1,4,5,145,At Risk,Inactive
13976,6,15.0,115316.75,45406.63,2024-07-29,2025-07-25,19219.46,39.38,Repeat,160,3,5,5,355,Potential Loyalists,At Risk
13977,5,10.0,91575.06,45213.33,2024-03-02,2025-11-14,18315.01,49.37,Repeat,48,5,5,4,554,Champions,Active
13978,2,2.0,1533.74,566.28,2024-01-10,2025-05-20,766.87,36.92,Repeat,226,2,2,1,221,Lost Customers,Inactive
13979,4,8.0,14274.69,7222.28,2024-06-08,2025-08-27,3568.67,50.6,Repeat,127,3,4,1,341,Potential Loyalists,At Risk
13980,4,13.0,35608.9,16740.61,2024-04-02,2025-11-17,8902.22,47.01,Repeat,45,5,4,3,543,Loyal Customers,Active
13981,3,13.0,205846.0,87520.79000000001,2024-03-18,2025-11-26,68615.33,42.52,Repeat,36,5,3,5,535,Loyal Customers,Active
13982,3,7.0,20793.7,10969.800000000001,2024-02-25,2025-06-05,6931.23,52.76,Repeat,210,2,3,2,232,At Risk,Inactive
13983,2,3.0,5696.49,2720.4300000000003,2025-07-15,2025-12-07,2848.24,47.76,Repeat,25,5,2,1,521,New Customers,Active
13984,1,2.0,1623.62,693.74,2024-12-25,2024-12-25,1623.62,42.73,One-time,372,1,1,1,111,Lost Customers,Inactive
13985,3,9.0,75306.08,37685.94,2025-04-12,2025-05-29,25102.03,50.04,Repeat,217,2,3,4,234,At Risk,Inactive
13986,6,19.0,110759.37,40085.57,2024-02-18,2024-09-30,18459.9,36.19,Repeat,458,1,5,5,155,At Risk,Inactive
13987,5,9.0,69332.68,30385.820000000003,2024-09-02,2025-10-24,13866.54,43.83,Repeat,69,4,5,4,454,Champions,Active
13988,2,8.0,47832.31,21453.97,2024-12-02,2025-05-09,23916.16,44.85,Repeat,237,2,2,3,223,Lost Customers,Inactive
13989,3,9.0,47782.19,26737.239999999998,2024-01-08,2025-09-03,15927.4,55.96,Repeat,120,3,3,3,333,Potential Loyalists,At Risk
13990,6,21.0,169537.79,82734.92,2024-02-15,2025-08-07,28256.3,48.8,Repeat,147,3,5,5,355,Potential Loyalists,At Risk
13991,2,6.0,16925.36,7670.6900000000005,2024-06-06,2025-12-25,8462.68,45.32,Repeat,7,5,2,2,522,New Customers,Active
13992,8,14.0,30581.74,14051.18,2024-02-10,2025-06-20,3822.72,45.95,Repeat,195,2,5,2,252,At Risk,Inactive
13993,8,30.0,182065.74,80630.44,2024-03-27,2025-10-13,22758.22,44.29,Repeat,80,4,5,5,455,Champions,Active
13994,2,3.0,48052.0,21290.47,2025-06-05,2025-12-01,24026.0,44.31,Repeat,31,5,2,3,523,New Customers,Active
13995,8,20.0,173142.50999999998,87016.29999999999,2024-03-18,2025-12-02,21642.81,50.26,Repeat,30,5,5,5,555,Champions,Active
13996,4,11.0,114645.04,63770.72,2024-03-21,2025-12-29,28661.26,55.62,Repeat,3,5,4,5,545,Champions,Active
13997,3,6.0,82375.84999999999,48145.14,2025-02-08,2025-11-29,27458.62,58.45,Repeat,33,5,3,4,534,Loyal Customers,Active
13998,7,16.0,117714.34,35393.53,2024-01-22,2025-11-03,16816.33,30.07,Repeat,59,4,5,5,455,Champions,Active
13999,6,21.0,95698.63,48990.48,2024-10-22,2025-12-16,15949.77,51.19,Repeat,16,5,5,4,554,Champions,Active
14000,3,3.0,8496.82,4242.0,2024-01-15,2025-06-07,2832.27,49.92,Repeat,208,2,3,1,231,At Risk,Inactive
14001,7,19.0,29814.95,12255.75,2024-06-26,2025-12-25,4259.28,41.11,Repeat,7,5,5,2,552,Loyal Customers,Active
14002,5,13.0,171274.32,81003.68000000001,2024-03-27,2025-11-21,34254.86,47.29,Repeat,41,5,5,5,555,Champions,Active
14003,3,12.0,159850.11,76830.76999999999,2024-05-04,2025-02-16,53283.37,48.06,Repeat,319,1,3,5,135,At Risk,Inactive
14004,4,17.0,136710.1,65040.04000000001,2024-04-16,2025-07-23,34177.52,47.58,Repeat,162,3,4,5,345,Potential Loyalists,At Risk
14005,1,6.0,24937.36,11987.369999999999,2025-11-16,2025-11-16,24937.36,48.07,One-time,46,5,1,2,512,New Customers,Active
14006,1,2.0,34903.87,10826.59,2025-02-15,2025-02-15,34903.87,31.02,One-time,320,1,1,3,113,Lost Customers,Inactive
14007,4,8.0,23012.039999999997,10425.94,2024-10-13,2025-08-11,5753.01,45.31,Repeat,143,3,4,2,342,Potential Loyalists,At Risk
14008,5,10.0,69617.23,28109.48,2024-06-08,2025-10-03,13923.45,40.38,Repeat,90,4,5,4,454,Champions,Active
14009,6,13.0,32260.4,14217.810000000001,2024-01-18,2025-10-08,5376.73,44.07,Repeat,85,4,5,2,452,Loyal Customers,Active
14010,2,5.0,154173.18,87010.53,2024-08-23,2025-06-18,77086.59,56.44,Repeat,197,2,2,5,225,Lost Customers,Inactive
14011,3,6.0,81380.59000000001,27457.06,2024-11-02,2025-01-04,27126.86,33.74,Repeat,362,1,3,4,134,At Risk,Inactive
14012,3,16.0,111912.51,57634.39,2024-01-11,2025-07-14,37304.17,51.5,Repeat,171,3,3,5,335,Potential Loyalists,At Risk
14013,2,7.0,26138.71,12038.95,2025-05-24,2025-12-11,13069.36,46.06,Repeat,21,5,2,2,522,New Customers,Active
14014,4,12.0,9649.16,3113.69,2024-03-20,2025-05-31,2412.29,32.27,Repeat,215,2,4,1,241,At Risk,Inactive
14015,4,13.0,36926.16,15423.59,2024-11-15,2025-12-15,9231.54,41.77,Repeat,17,5,4,3,543,Loyal Customers,Active
14016,2,9.0,22097.1,8691.14,2024-02-24,2025-09-29,11048.55,39.33,Repeat,94,4,2,2,422,New Customers,At Risk
14017,4,8.0,17319.550000000003,8350.36,2024-03-09,2025-09-16,4329.89,48.21,Repeat,107,4,4,2,442,Loyal Customers,At Risk
14018,2,9.0,154498.21,69917.84,2024-09-10,2025-09-04,77249.1,45.25,Repeat,119,3,2,5,325,Potential Loyalists,At Risk
14019,2,3.0,5146.3,2297.13,2024-01-16,2024-02-13,2573.15,44.64,Repeat,688,1,2,1,121,Lost Customers,Inactive
14020,5,9.0,136168.48,49877.16,2024-08-24,2025-10-05,27233.7,36.63,Repeat,88,4,5,5,455,Champions,Active
14021,3,15.0,71672.05,35966.26,2024-06-24,2025-04-19,23890.68,50.18,Repeat,257,2,3,4,234,At Risk,Inactive
14022,4,15.0,44960.4,23149.22,2024-08-02,2025-11-20,11240.1,51.49,Repeat,42,5,4,3,543,Loyal Customers,Active
14023,7,21.0,88484.9,44714.13,2024-06-21,2025-10-24,12640.7,50.53,Repeat,69,4,5,4,454,Champions,Active
14024,2,5.0,19672.489999999998,9259.15,2024-04-22,2025-04-11,9836.24,47.07,Repeat,265,2,2,2,222,Lost Customers,Inactive
14025,3,7.0,45996.95,23696.870000000003,2024-06-23,2025-01-26,15332.32,51.52,Repeat,340,1,3,3,133,At Risk,Inactive
14026,4,10.0,34601.4,17461.739999999998,2024-01-24,2025-02-24,8650.35,50.47,Repeat,311,2,4,3,243,At Risk,Inactive
14027,3,13.0,59149.92,23549.23,2024-04-23,2025-09-05,19716.64,39.81,Repeat,118,3,3,4,334,Potential Loyalists,At Risk
14028,5,14.0,40555.1,21012.14,2024-10-21,2025-10-05,8111.02,51.81,Repeat,88,4,5,3,453,Loyal Customers,Active
14029,1,3.0,3196.69,1361.68,2025-05-09,2025-05-09,3196.69,42.6,One-time,237,2,1,1,211,Lost Customers,Inactive
14030,1,1.0,540.46,314.91,2024-01-19,2024-01-19,540.46,58.27,One-time,713,1,1,1,111,Lost Customers,Inactive
14031,1,2.0,7050.22,3492.64,2025-05-10,2025-05-10,7050.22,49.54,One-time,236,2,1,1,211,Lost Customers,Inactive
14032,1,3.0,3312.63,1398.43,2025-11-05,2025-11-05,3312.63,42.22,One-time,57,4,1,1,411,New Customers,Active
14033,3,13.0,109315.68999999999,57081.899999999994,2024-11-27,2025-10-26,36438.56,52.22,Repeat,67,4,3,5,435,Loyal Customers,Active
14034,3,5.0,7845.97,3852.0099999999998,2024-02-10,2025-12-08,2615.32,49.1,Repeat,24,5,3,1,531,Loyal Customers,Active
14035,3,7.0,14392.1,7631.89,2024-07-31,2025-01-28,4797.37,53.03,Repeat,338,1,3,1,131,At Risk,Inactive
14036,4,11.0,152775.25999999998,78359.07,2024-08-08,2025-11-28,38193.81,51.29,Repeat,34,5,4,5,545,Champions,Active
14037,2,6.0,102297.98,45520.03,2025-01-29,2025-05-15,51148.99,44.5,Repeat,231,2,2,5,225,Lost Customers,Inactive
14038,2,3.0,4542.66,1939.01,2024-03-13,2025-08-06,2271.33,42.68,Repeat,148,3,2,1,321,Potential Loyalists,At Risk
14039,5,16.0,70690.45,33405.58,2024-01-28,2025-12-28,14138.09,47.26,Repeat,4,5,5,4,554,Champions,Active
14040,4,6.0,6191.7,2636.7599999999998,2024-11-29,2025-12-19,1547.92,42.59,Repeat,13,5,4,1,541,Loyal Customers,Active
14041,5,13.0,262169.33999999997,101433.52,2024-06-17,2025-09-30,52433.87,38.69,Repeat,93,4,5,5,455,Champions,At Risk
14042,3,7.0,16813.3,8106.41,2024-06-13,2025-07-25,5604.43,48.21,Repeat,160,3,3,2,332,Potential Loyalists,At Risk
14043,1,1.0,473.63,161.22,2025-06-14,2025-06-14,473.63,34.04,One-time,201,2,1,1,211,Lost Customers,Inactive
14044,4,7.0,103175.87000000001,43310.13,2024-03-19,2025-12-18,25793.97,41.98,Repeat,14,5,4,5,545,Champions,Active
14045,2,9.0,114523.95,60052.03,2024-10-09,2025-10-28,57261.98,52.44,Repeat,65,4,2,5,425,New Customers,Active
14046,3,6.0,11575.84,4366.03,2024-02-27,2025-05-04,3858.61,37.72,Repeat,242,2,3,1,231,At Risk,Inactive
14047,6,14.0,82865.98,42798.48,2024-10-29,2025-11-24,13811.0,51.65,Repeat,38,5,5,4,554,Champions,Active
14049,4,7.0,13495.99,6027.72,2024-02-04,2025-11-29,3374.0,44.66,Repeat,33,5,4,1,541,Loyal Customers,Active
14050,2,7.0,131952.46,66097.08,2024-09-08,2025-01-23,65976.23,50.09,Repeat,343,1,2,5,125,Lost Customers,Inactive
14051,4,6.0,38716.88,21117.170000000002,2024-06-08,2024-11-23,9679.22,54.54,Repeat,404,1,4,3,143,At Risk,Inactive
14052,2,5.0,73211.04,25129.57,2024-06-15,2025-07-27,36605.52,34.32,Repeat,158,3,2,4,324,Potential Loyalists,At Risk
14053,6,14.0,59420.04,31799.719999999998,2024-04-13,2025-12-19,9903.34,53.52,Repeat,13,5,5,4,554,Champions,Active
14054,3,7.0,25723.46,12196.42,2024-02-15,2025-11-23,8574.49,47.41,Repeat,39,5,3,2,532,Loyal Customers,Active
14055,9,24.0,207586.26,68523.05,2024-03-26,2025-10-03,23065.14,33.01,Repeat,90,4,5,5,455,Champions,Active
14056,1,1.0,507.3,321.85,2025-07-09,2025-07-09,507.3,63.44,One-time,176,3,1,1,311,Potential Loyalists,At Risk
14057,3,10.0,37924.31,16791.2,2024-04-03,2025-10-20,12641.44,44.28,Repeat,73,4,3,3,433,Loyal Customers,Active
14058,3,4.0,84365.53,41600.479999999996,2024-07-11,2025-02-24,28121.84,49.31,Repeat,311,2,3,4,234,At Risk,Inactive
14059,5,6.0,11456.85,5253.9400000000005,2024-09-06,2025-12-25,2291.37,45.86,Repeat,7,5,5,1,551,Loyal Customers,Active
14061,3,10.0,33759.17,19007.11,2024-01-24,2025-06-15,11253.06,56.3,Repeat,200,2,3,3,233,At Risk,Inactive
14062,2,8.0,48778.869999999995,22484.7,2024-11-16,2025-01-03,24389.44,46.1,Repeat,363,1,2,3,123,Lost Customers,Inactive
14063,5,12.0,24167.19,9794.25,2024-01-20,2025-10-29,4833.44,40.53,Repeat,64,4,5,2,452,Loyal Customers,Active
14064,4,17.0,59770.92,27114.18,2024-08-23,2025-08-26,14942.73,45.36,Repeat,128,3,4,4,344,Potential Loyalists,At Risk
14065,3,9.0,58770.11,20715.84,2024-07-15,2024-09-19,19590.04,35.25,Repeat,469,1,3,4,134,At Risk,Inactive
14066,1,2.0,4897.06,1833.76,2025-09-08,2025-09-08,4897.06,37.45,One-time,115,3,1,1,311,Potential Loyalists,At Risk
14067,4,10.0,22348.19,10378.1,2024-02-15,2025-04-05,5587.05,46.44,Repeat,271,2,4,2,242,At Risk,Inactive
14068,1,6.0,8655.57,3237.81,2025-03-20,2025-03-20,8655.57,37.41,One-time,287,2,1,1,211,Lost Customers,Inactive
14069,4,10.0,86239.48000000001,36898.24,2024-05-14,2025-08-04,21559.87,42.79,Repeat,150,3,4,4,344,Potential Loyalists,At Risk
14070,3,6.0,9544.48,4619.7,2024-11-28,2025-09-19,3181.49,48.4,Repeat,104,4,3,1,431,Loyal Customers,At Risk
14071,4,12.0,73319.55,31220.14,2024-01-03,2025-10-24,18329.89,42.58,Repeat,69,4,4,4,444,Champions,Active
14072,5,11.0,159157.82,57830.87,2024-03-17,2025-06-05,31831.56,36.34,Repeat,210,2,5,5,255,At Risk,Inactive
14073,6,14.0,29488.54,10369.04,2024-01-12,2025-11-11,4914.76,35.16,Repeat,51,4,5,2,452,Loyal Customers,Active
14074,1,1.0,586.18,231.28,2024-07-24,2024-07-24,586.18,39.46,One-time,526,1,1,1,111,Lost Customers,Inactive
14075,4,13.0,52326.77,22803.42,2024-07-06,2025-08-16,13081.69,43.58,Repeat,138,3,4,3,343,Potential Loyalists,At Risk
14076,4,12.0,86567.72,41043.5,2024-01-15,2025-12-29,21641.93,47.41,Repeat,3,5,4,4,544,Champions,Active
14077,6,14.0,61691.24,30345.809999999998,2024-01-21,2025-12-28,10281.87,49.19,Repeat,4,5,5,4,554,Champions,Active
14078,3,3.0,4429.67,2197.22,2024-08-18,2024-12-29,1476.56,49.6,Repeat,368,1,3,1,131,At Risk,Inactive
14079,4,8.0,32969.76,16718.77,2024-04-13,2025-12-20,8242.44,50.71,Repeat,12,5,4,3,543,Loyal Customers,Active
14080,4,11.0,69997.33,29702.85,2024-02-29,2025-04-26,17499.33,42.43,Repeat,250,2,4,4,244,At Risk,Inactive
14081,4,7.0,103797.97,49261.6,2024-03-20,2025-07-08,25949.49,47.46,Repeat,177,3,4,5,345,Potential Loyalists,At Risk
14082,3,6.0,21752.29,8849.11,2024-04-10,2025-09-05,7250.76,40.68,Repeat,118,3,3,2,332,Potential Loyalists,At Risk
14083,7,18.0,103350.90999999999,31077.050000000003,2024-01-02,2025-11-23,14764.42,30.07,Repeat,39,5,5,5,555,Champions,Active
14084,1,1.0,843.6,317.91,2024-09-14,2024-09-14,843.6,37.68,One-time,474,1,1,1,111,Lost Customers,Inactive
14086,5,8.0,67672.18,37494.42,2024-09-15,2025-10-26,13534.44,55.41,Repeat,67,4,5,4,454,Champions,Active
14087,3,8.0,108934.22,52237.04,2024-09-28,2025-08-02,36311.41,47.95,Repeat,152,3,3,5,335,Potential Loyalists,At Risk
14088,4,9.0,26002.0,9981.1,2024-04-13,2025-09-29,6500.5,38.39,Repeat,94,4,4,2,442,Loyal Customers,At Risk
14089,2,7.0,67501.5,14956.279999999999,2024-11-29,2025-10-20,33750.75,22.16,Repeat,73,4,2,4,424,New Customers,Active
14090,4,13.0,60778.59,27937.54,2024-03-10,2025-12-26,15194.65,45.97,Repeat,6,5,4,4,544,Champions,Active
14091,2,4.0,8499.630000000001,3935.01,2024-01-23,2024-09-03,4249.82,46.3,Repeat,485,1,2,1,121,Lost Customers,Inactive
14092,2,6.0,6519.87,3334.25,2024-12-29,2025-01-05,3259.94,51.14,Repeat,361,1,2,1,121,Lost Customers,Inactive
14093,5,20.0,72897.62,36745.75,2024-01-04,2025-03-11,14579.52,50.41,Repeat,296,2,5,4,254,At Risk,Inactive
14094,5,10.0,31394.77,14219.05,2024-04-05,2025-12-14,6278.95,45.29,Repeat,18,5,5,2,552,Loyal Customers,Active
14096,2,6.0,37220.41,15969.93,2024-10-20,2025-02-17,18610.21,42.91,Repeat,318,2,2,3,223,Lost Customers,Inactive
14097,5,15.0,162184.17,56366.17,2024-04-11,2025-01-02,32436.83,34.75,Repeat,364,1,5,5,155,At Risk,Inactive
14098,3,4.0,14535.849999999999,7880.84,2024-07-21,2025-10-18,4845.28,54.22,Repeat,75,4,3,1,431,Loyal Customers,Active
14100,4,14.0,101377.53,48877.63,2024-12-24,2025-10-24,25344.38,48.21,Repeat,69,4,4,5,445,Champions,Active
14101,4,11.0,37476.06,17553.55,2024-01-29,2024-09-29,9369.02,46.84,Repeat,459,1,4,3,143,At Risk,Inactive
14102,7,19.0,105478.15,50235.69,2024-03-12,2025-12-30,15068.31,47.63,Repeat,2,5,5,5,555,Champions,Active
14103,2,6.0,20954.949999999997,6196.610000000001,2024-11-17,2025-11-25,10477.47,29.57,Repeat,37,5,2,2,522,New Customers,Active
14104,3,7.0,15847.54,7381.0,2024-05-15,2025-12-31,5282.51,46.58,Repeat,1,5,3,2,532,Loyal Customers,Active
14105,2,8.0,210103.45,105552.90000000001,2024-05-15,2025-07-24,105051.72,50.24,Repeat,161,3,2,5,325,Potential Loyalists,At Risk
14106,2,4.0,24470.590000000004,10596.880000000001,2024-10-01,2024-10-23,12235.3,43.3,Repeat,435,1,2,2,122,Lost Customers,Inactive
14107,2,5.0,14294.34,5775.74,2024-10-04,2024-11-10,7147.17,40.41,Repeat,417,1,2,1,121,Lost Customers,Inactive
14109,5,15.0,100077.49,42198.369999999995,2024-03-17,2025-02-20,20015.5,42.17,Repeat,315,2,5,5,255,At Risk,Inactive
14110,3,6.0,82771.06,44855.9,2024-09-20,2025-07-12,27590.35,54.19,Repeat,173,3,3,4,334,Potential Loyalists,At Risk
14111,4,8.0,41398.8,17195.920000000002,2024-08-30,2025-10-01,10349.7,41.54,Repeat,92,4,4,3,443,Loyal Customers,At Risk
14112,4,14.0,65140.920000000006,31616.51,2024-02-27,2025-09-14,16285.23,48.54,Repeat,109,4,4,4,444,Champions,At Risk
14113,4,14.0,57991.04,23537.49,2024-03-05,2025-12-06,14497.76,40.59,Repeat,26,5,4,4,544,Champions,Active
14114,2,9.0,55229.2,24673.15,2025-04-24,2025-06-30,27614.6,44.67,Repeat,185,3,2,3,323,Potential Loyalists,Inactive
14115,2,3.0,9160.27,3941.92,2024-01-31,2024-07-04,4580.14,43.03,Repeat,546,1,2,1,121,Lost Customers,Inactive
14116,4,11.0,67058.74,36669.06,2024-03-03,2025-01-03,16764.69,54.68,Repeat,363,1,4,4,144,At Risk,Inactive
14117,1,3.0,14683.51,6781.97,2025-10-23,2025-10-23,14683.51,46.19,One-time,70,4,1,1,411,New Customers,Active
14118,4,13.0,93714.84999999999,49408.88,2024-01-27,2025-07-24,23428.71,52.72,Repeat,161,3,4,4,344,Potential Loyalists,At Risk
14119,3,5.0,25823.35,10506.78,2024-02-06,2024-08-04,8607.78,40.69,Repeat,515,1,3,2,132,At Risk,Inactive
14121,3,7.0,16929.12,7833.79,2024-04-15,2024-11-13,5643.04,46.27,Repeat,414,1,3,2,132,At Risk,Inactive
14122,5,11.0,132343.13,66557.88,2024-01-19,2025-11-10,26468.63,50.29,Repeat,52,4,5,5,455,Champions,Active
14123,8,24.0,272486.51,130472.5,2024-06-14,2025-11-06,34060.81,47.88,Repeat,56,4,5,5,455,Champions,Active
14124,2,5.0,82627.96,41566.15,2025-06-06,2025-08-31,41313.98,50.31,Repeat,123,3,2,4,324,Potential Loyalists,At Risk
14125,1,1.0,3926.33,939.43,2025-05-03,2025-05-03,3926.33,23.93,One-time,243,2,1,1,211,Lost Customers,Inactive
14126,4,10.0,103036.07,41571.47,2024-09-08,2025-12-20,25759.02,40.35,Repeat,12,5,4,5,545,Champions,Active
14127,4,7.0,12181.59,4310.2,2024-01-10,2025-09-21,3045.4,35.38,Repeat,102,4,4,1,441,Loyal Customers,At Risk
14128,4,13.0,121489.4,36014.13,2024-05-25,2025-07-14,30372.35,29.64,Repeat,171,3,4,5,345,Potential Loyalists,At Risk
14129,1,3.0,83007.42,43253.28,2025-01-16,2025-01-16,83007.42,52.11,One-time,350,1,1,4,114,Lost Customers,Inactive
14130,2,8.0,47853.240000000005,23821.350000000002,2025-04-26,2025-07-21,23926.62,49.78,Repeat,164,3,2,3,323,Potential Loyalists,At Risk
14131,2,3.0,12847.45,5295.49,2024-01-27,2025-10-05,6423.72,41.22,Repeat,88,4,2,1,421,New Customers,Active
14132,4,12.0,76377.76,35700.46,2024-01-26,2025-11-19,19094.44,46.74,Repeat,43,5,4,4,544,Champions,Active
14133,6,16.0,38697.56,18735.8,2024-09-22,2025-10-30,6449.59,48.42,Repeat,63,4,5,3,453,Loyal Customers,Active
14134,5,17.0,56374.15,22345.35,2024-11-14,2025-10-25,11274.83,39.64,Repeat,68,4,5,3,453,Loyal Customers,Active
14136,2,4.0,19297.98,7832.31,2025-02-06,2025-09-02,9648.99,40.59,Repeat,121,3,2,2,322,Potential Loyalists,At Risk
14137,4,13.0,40869.47,19642.170000000002,2024-11-15,2025-11-23,10217.37,48.06,Repeat,39,5,4,3,543,Loyal Customers,Active
14138,5,16.0,199892.84999999998,78728.65,2024-02-24,2025-06-13,39978.57,39.39,Repeat,202,2,5,5,255,At Risk,Inactive
14139,2,10.0,23162.56,10699.75,2024-06-27,2024-07-24,11581.28,46.19,Repeat,526,1,2,2,122,Lost Customers,Inactive
14140,2,3.0,5443.62,2434.63,2025-06-11,2025-09-23,2721.81,44.72,Repeat,100,4,2,1,421,New Customers,At Risk
14141,3,8.0,13475.07,5703.74,2024-06-23,2025-05-19,4491.69,42.33,Repeat,227,2,3,1,231,At Risk,Inactive
14142,3,6.0,13634.640000000001,6750.5599999999995,2024-06-07,2025-06-11,4544.88,49.51,Repeat,204,2,3,1,231,At Risk,Inactive
14143,3,14.0,93321.41,43749.47,2024-05-05,2025-12-24,31107.14,46.88,Repeat,8,5,3,4,534,Loyal Customers,Active
14144,2,6.0,19028.3,7181.55,2024-01-13,2025-07-27,9514.15,37.74,Repeat,158,3,2,2,322,Potential Loyalists,At Risk
14145,5,13.0,99076.53,39787.159999999996,2024-01-06,2025-12-05,19815.31,40.16,Repeat,27,5,5,5,555,Champions,Active
14146,5,17.0,42452.28,19103.81,2024-03-26,2025-07-11,8490.46,45.0,Repeat,174,3,5,3,353,Potential Loyalists,At Risk
14147,5,15.0,140869.42,60022.090000000004,2024-06-09,2025-12-31,28173.88,42.61,Repeat,1,5,5,5,555,Champions,Active
14148,5,19.0,175342.28999999998,79233.72,2024-02-15,2025-10-14,35068.46,45.19,Repeat,79,4,5,5,455,Champions,Active
14149,2,8.0,44120.31,24451.589999999997,2024-06-21,2025-02-12,22060.16,55.42,Repeat,323,1,2,3,123,Lost Customers,Inactive
14150,5,9.0,19176.91,6572.85,2024-07-19,2025-02-15,3835.38,34.27,Repeat,320,1,5,2,152,At Risk,Inactive
14151,1,1.0,513.81,194.04,2025-10-11,2025-10-11,513.81,37.76,One-time,82,4,1,1,411,New Customers,Active
14152,3,5.0,54841.54,30437.76,2025-02-09,2025-09-20,18280.51,55.5,Repeat,103,4,3,3,433,Loyal Customers,At Risk
14153,7,20.0,222338.32,94991.78,2024-02-12,2025-11-07,31762.62,42.72,Repeat,55,4,5,5,455,Champions,Active
14154,2,7.0,25984.98,11081.99,2024-12-14,2025-09-11,12992.49,42.65,Repeat,112,3,2,2,322,Potential Loyalists,At Risk
14155,2,5.0,23518.7,8053.06,2025-03-20,2025-04-27,11759.35,34.24,Repeat,249,2,2,2,222,Lost Customers,Inactive
14156,4,12.0,22544.059999999998,11670.779999999999,2024-03-14,2025-03-02,5636.02,51.77,Repeat,305,2,4,2,242,At Risk,Inactive
14157,1,1.0,585.68,364.18,2025-09-29,2025-09-29,585.68,62.18,One-time,94,4,1,1,411,New Customers,At Risk
14158,1,2.0,2602.3,802.08,2025-08-28,2025-08-28,2602.3,30.82,One-time,126,3,1,1,311,Potential Loyalists,At Risk
14159,2,5.0,44855.23,10364.140000000001,2024-06-13,2024-12-04,22427.62,23.11,Repeat,393,1,2,3,123,Lost Customers,Inactive
14160,2,8.0,152104.09,54806.75,2024-11-30,2025-10-14,76052.04,36.03,Repeat,79,4,2,5,425,New Customers,Active
14161,3,13.0,15480.69,6426.11,2024-01-02,2025-08-01,5160.23,41.51,Repeat,153,3,3,2,332,Potential Loyalists,At Risk
14162,2,4.0,13971.41,4260.57,2025-02-03,2025-08-16,6985.7,30.49,Repeat,138,3,2,1,321,Potential Loyalists,At Risk
14163,4,13.0,14896.529999999999,6260.36,2024-08-12,2025-12-29,3724.13,42.03,Repeat,3,5,4,2,542,Loyal Customers,Active
14164,4,7.0,62199.61,30911.19,2024-07-15,2025-12-18,15549.9,49.7,Repeat,14,5,4,4,544,Champions,Active
14165,3,13.0,91620.7,35870.77,2024-06-11,2025-10-09,30540.23,39.15,Repeat,84,4,3,4,434,Loyal Customers,Active
14166,3,10.0,15025.82,5854.05,2024-02-17,2025-10-09,5008.61,38.96,Repeat,84,4,3,2,432,Loyal Customers,Active
14167,8,27.0,119069.33,47611.35,2024-02-05,2025-12-14,14883.67,39.99,Repeat,18,5,5,5,555,Champions,Active
14168,3,6.0,7085.79,3071.59,2024-01-04,2024-10-30,2361.93,43.35,Repeat,428,1,3,1,131,At Risk,Inactive
14169,4,14.0,161330.66,73085.87,2024-09-04,2025-06-07,40332.66,45.3,Repeat,208,2,4,5,245,At Risk,Inactive
14170,3,7.0,19974.32,8993.17,2024-07-14,2025-10-08,6658.11,45.02,Repeat,85,4,3,2,432,Loyal Customers,Active
14171,5,14.0,83259.04,34642.15,2024-04-21,2025-10-23,16651.81,41.61,Repeat,70,4,5,4,454,Champions,Active
14172,4,13.0,90302.92,44253.0,2024-11-12,2025-03-15,22575.73,49.01,Repeat,292,2,4,4,244,At Risk,Inactive
14173,3,10.0,92573.51,46575.94,2024-05-06,2025-12-23,30857.84,50.31,Repeat,9,5,3,4,534,Loyal Customers,Active
14174,4,13.0,83451.98999999999,21506.67,2024-01-12,2025-09-09,20863.0,25.77,Repeat,114,3,4,4,344,Potential Loyalists,At Risk
14175,3,4.0,106496.63,59434.21,2024-02-23,2025-05-31,35498.88,55.81,Repeat,215,2,3,5,235,At Risk,Inactive
14176,1,1.0,1440.81,688.75,2024-03-27,2024-03-27,1440.81,47.8,One-time,645,1,1,1,111,Lost Customers,Inactive
14177,5,12.0,52779.81,22918.579999999998,2024-03-07,2025-11-14,10555.96,43.42,Repeat,48,5,5,3,553,Loyal Customers,Active
14178,1,2.0,3809.54,1673.92,2024-03-22,2024-03-22,3809.54,43.94,One-time,650,1,1,1,111,Lost Customers,Inactive
14179,3,6.0,49138.38,21964.92,2024-01-13,2025-07-11,16379.46,44.7,Repeat,174,3,3,3,333,Potential Loyalists,At Risk
14180,1,3.0,4561.48,1754.1399999999999,2024-03-29,2024-03-29,4561.48,38.46,One-time,643,1,1,1,111,Lost Customers,Inactive
14181,3,5.0,2824.21,859.35,2024-03-31,2024-06-06,941.4,30.43,Repeat,574,1,3,1,131,At Risk,Inactive
14182,3,7.0,14011.26,5878.719999999999,2024-05-03,2025-03-29,4670.42,41.96,Repeat,278,2,3,1,231,At Risk,Inactive
14183,2,4.0,13920.23,6830.85,2024-05-17,2025-06-20,6960.12,49.07,Repeat,195,2,2,1,221,Lost Customers,Inactive
14184,6,20.0,128319.62,50663.52,2024-05-05,2025-11-12,21386.6,39.48,Repeat,50,4,5,5,455,Champions,Active
14185,7,14.0,38194.58,18423.89,2024-01-18,2025-12-10,5456.37,48.24,Repeat,22,5,5,3,553,Loyal Customers,Active
14186,7,12.0,37414.35,15681.509999999998,2024-01-23,2025-08-03,5344.91,41.91,Repeat,151,3,5,3,353,Potential Loyalists,At Risk
14187,1,2.0,5295.629999999999,2870.35,2024-10-15,2024-10-15,5295.63,54.2,One-time,443,1,1,1,111,Lost Customers,Inactive
14188,6,18.0,132118.48,62450.86,2024-08-17,2025-12-22,22019.75,47.27,Repeat,10,5,5,5,555,Champions,Active
14189,4,12.0,95932.67,51724.909999999996,2024-05-23,2025-05-19,23983.17,53.92,Repeat,227,2,4,4,244,At Risk,Inactive
14190,4,12.0,25834.289999999997,9709.26,2024-04-28,2025-06-11,6458.57,37.58,Repeat,204,2,4,2,242,At Risk,Inactive
14191,2,5.0,6057.0,3249.3,2024-04-14,2025-03-29,3028.5,53.65,Repeat,278,2,2,1,221,Lost Customers,Inactive
14192,5,16.0,61603.95,32749.079999999998,2024-01-27,2025-12-25,12320.79,53.16,Repeat,7,5,5,4,554,Champions,Active
14193,4,10.0,236902.04,131128.12,2024-01-20,2024-12-22,59225.51,55.35,Repeat,375,1,4,5,145,At Risk,Inactive
14194,7,22.0,75841.69,32746.26,2024-04-06,2025-11-10,10834.53,43.18,Repeat,52,4,5,4,454,Champions,Active
14195,3,8.0,25051.42,8769.34,2024-02-27,2025-03-10,8350.47,35.01,Repeat,297,2,3,2,232,At Risk,Inactive
14196,3,6.0,21953.89,9014.31,2024-07-30,2025-07-12,7317.96,41.06,Repeat,173,3,3,2,332,Potential Loyalists,At Risk
14197,5,12.0,41676.4,19718.260000000002,2024-05-05,2025-10-04,8335.28,47.31,Repeat,89,4,5,3,453,Loyal Customers,Active
14198,6,18.0,103843.67,40631.75,2024-04-28,2025-04-25,17307.28,39.13,Repeat,251,2,5,5,255,At Risk,Inactive
14199,2,6.0,25773.39,12178.67,2024-01-31,2024-04-30,12886.7,47.25,Repeat,611,1,2,2,122,Lost Customers,Inactive
14200,1,2.0,40008.05,14721.279999999999,2025-04-04,2025-04-04,40008.05,36.8,One-time,272,2,1,3,213,Lost Customers,Inactive
14201,2,6.0,42613.93,21150.7,2024-03-21,2025-11-24,21306.96,49.63,Repeat,38,5,2,3,523,New Customers,Active
14202,4,9.0,88996.26000000001,24776.01,2024-08-04,2025-05-07,22249.06,27.84,Repeat,239,2,4,4,244,At Risk,Inactive
14203,6,22.0,138947.77,63495.149999999994,2024-02-28,2025-08-07,23157.96,45.7,Repeat,147,3,5,5,355,Potential Loyalists,At Risk
14204,3,6.0,73521.64,29417.879999999997,2024-01-04,2025-07-16,24507.21,40.01,Repeat,169,3,3,4,334,Potential Loyalists,At Risk
14205,5,17.0,74254.4,35533.59,2024-01-07,2024-12-03,14850.88,47.85,Repeat,394,1,5,4,154,At Risk,Inactive
14206,4,7.0,23234.489999999998,11604.17,2024-09-02,2025-10-18,5808.62,49.94,Repeat,75,4,4,2,442,Loyal Customers,Active
14207,4,11.0,62427.700000000004,24511.39,2024-05-08,2024-08-12,15606.92,39.26,Repeat,507,1,4,4,144,At Risk,Inactive
14208,2,3.0,1935.8400000000001,775.76,2025-08-10,2025-09-09,967.92,40.07,Repeat,114,3,2,1,321,Potential Loyalists,At Risk
14209,5,16.0,75785.62,38628.59,2024-05-23,2025-08-18,15157.12,50.97,Repeat,136,3,5,4,354,Potential Loyalists,At Risk
14210,1,3.0,4215.06,2396.04,2025-12-08,2025-12-08,4215.06,56.84,One-time,24,5,1,1,511,New Customers,Active
14211,2,6.0,120020.94,55270.62,2025-05-18,2025-11-16,60010.47,46.05,Repeat,46,5,2,5,525,New Customers,Active
14212,1,1.0,513.81,194.04,2024-09-10,2024-09-10,513.81,37.76,One-time,478,1,1,1,111,Lost Customers,Inactive
14213,7,19.0,72574.81,27343.070000000003,2024-04-11,2025-09-27,10367.83,37.68,Repeat,96,4,5,4,454,Champions,At Risk
14214,5,8.0,82535.93,43201.41,2024-01-22,2025-07-19,16507.19,52.34,Repeat,166,3,5,4,354,Potential Loyalists,At Risk
14215,2,3.0,2770.66,930.5600000000001,2025-02-01,2025-12-28,1385.33,33.59,Repeat,4,5,2,1,521,New Customers,Active
14216,3,5.0,14571.41,7211.4400000000005,2024-02-07,2024-04-27,4857.14,49.49,Repeat,614,1,3,1,131,At Risk,Inactive
14217,4,17.0,125746.09999999999,52607.26,2024-08-24,2025-12-21,31436.52,41.84,Repeat,11,5,4,5,545,Champions,Active
14218,4,14.0,35978.86,16261.29,2025-04-04,2025-12-19,8994.72,45.2,Repeat,13,5,4,3,543,Loyal Customers,Active
14219,1,1.0,1063.77,547.6,2024-04-12,2024-04-12,1063.77,51.48,One-time,629,1,1,1,111,Lost Customers,Inactive
14220,5,20.0,197998.21,100768.93000000001,2024-04-24,2025-11-11,39599.64,50.89,Repeat,51,4,5,5,455,Champions,Active
14221,8,19.0,216726.02000000002,105001.32,2024-05-26,2025-09-19,27090.75,48.45,Repeat,104,4,5,5,455,Champions,At Risk
14222,5,11.0,37101.51,15983.5,2024-02-21,2025-04-26,7420.3,43.08,Repeat,250,2,5,3,253,At Risk,Inactive
14223,2,6.0,17160.01,6838.26,2024-08-04,2025-01-16,8580.0,39.85,Repeat,350,1,2,2,122,Lost Customers,Inactive
14224,5,9.0,51099.99999999999,18385.91,2024-01-29,2025-01-10,10220.0,35.98,Repeat,356,1,5,3,153,At Risk,Inactive
14225,4,19.0,188992.57,43807.75,2024-06-05,2025-12-10,47248.14,23.18,Repeat,22,5,4,5,545,Champions,Active
14226,3,11.0,149130.11,69503.3,2024-02-17,2025-09-24,49710.04,46.61,Repeat,99,4,3,5,435,Loyal Customers,At Risk
14227,3,7.0,96758.3,42130.87,2024-01-16,2024-11-02,32252.77,43.54,Repeat,425,1,3,4,134,At Risk,Inactive
14228,2,6.0,5578.6,2172.83,2024-09-15,2025-07-05,2789.3,38.95,Repeat,180,3,2,1,321,Potential Loyalists,At Risk
14230,2,7.0,85965.86,42952.41,2025-11-02,2025-11-13,42982.93,49.96,Repeat,49,4,2,4,424,New Customers,Active
14231,4,15.0,37812.95,17439.29,2024-02-27,2024-11-04,9453.24,46.12,Repeat,423,1,4,3,143,At Risk,Inactive
14232,3,9.0,68126.02,22267.23,2024-03-18,2025-07-05,22708.67,32.69,Repeat,180,3,3,4,334,Potential Loyalists,At Risk
14233,4,10.0,40716.1,18225.78,2024-01-04,2025-12-13,10179.02,44.76,Repeat,19,5,4,3,543,Loyal Customers,Active
14234,2,9.0,25016.05,11982.15,2024-06-24,2024-11-12,12508.02,47.9,Repeat,415,1,2,2,122,Lost Customers,Inactive
14235,9,25.0,109114.05,48949.45,2024-01-09,2025-12-18,12123.78,44.86,Repeat,14,5,5,5,555,Champions,Active
14236,4,17.0,228637.14,110511.14,2024-05-02,2025-12-24,57159.28,48.33,Repeat,8,5,4,5,545,Champions,Active
14237,3,5.0,5546.88,2479.79,2024-01-24,2025-08-24,1848.96,44.71,Repeat,130,3,3,1,331,Potential Loyalists,At Risk
14238,1,3.0,41463.98,19930.98,2025-04-18,2025-04-18,41463.98,48.07,One-time,258,2,1,3,213,Lost Customers,Inactive
14239,7,17.0,62372.61,27108.87,2024-04-21,2025-09-17,8910.37,43.46,Repeat,106,4,5,4,454,Champions,At Risk
14240,1,2.0,2846.92,1294.0,2024-02-25,2024-02-25,2846.92,45.45,One-time,676,1,1,1,111,Lost Customers,Inactive
14241,1,2.0,58563.53,25261.64,2024-10-31,2024-10-31,58563.53,43.14,One-time,427,1,1,4,114,Lost Customers,Inactive
14242,1,4.0,4833.71,2106.81,2024-12-25,2024-12-25,4833.71,43.59,One-time,372,1,1,1,111,Lost Customers,Inactive
14243,4,11.0,18066.68,8891.24,2024-03-28,2025-11-03,4516.67,49.21,Repeat,59,4,4,2,442,Loyal Customers,Active
14244,4,11.0,44200.26,16779.13,2024-04-16,2025-06-26,11050.06,37.96,Repeat,189,2,4,3,243,At Risk,Inactive
14245,2,7.0,6566.63,3188.76,2024-09-04,2025-03-14,3283.32,48.56,Repeat,293,2,2,1,221,Lost Customers,Inactive
14246,3,12.0,77988.9,34803.78999999999,2024-05-18,2025-03-13,25996.3,44.63,Repeat,294,2,3,4,234,At Risk,Inactive
14247,3,6.0,29473.71,12811.42,2024-01-30,2025-11-06,9824.57,43.47,Repeat,56,4,3,2,432,Loyal Customers,Active
14248,4,14.0,32083.52,14232.76,2024-05-17,2025-11-17,8020.88,44.36,Repeat,45,5,4,2,542,Loyal Customers,Active
14249,1,5.0,27351.620000000003,13441.86,2025-01-09,2025-01-09,27351.62,49.14,One-time,357,1,1,2,112,Lost Customers,Inactive
14250,2,5.0,34101.89,17342.32,2025-05-20,2025-06-05,17050.94,50.85,Repeat,210,2,2,3,223,Lost Customers,Inactive
14251,4,12.0,71242.44,31867.41,2024-08-02,2025-06-26,17810.61,44.73,Repeat,189,2,4,4,244,At Risk,Inactive
14252,6,19.0,235611.15,112472.47,2024-01-22,2025-07-23,39268.52,47.74,Repeat,162,3,5,5,355,Potential Loyalists,At Risk
14253,2,2.0,16224.89,7207.04,2025-05-15,2025-12-05,8112.44,44.42,Repeat,27,5,2,2,522,New Customers,Active
14254,6,18.0,37693.16,16302.09,2024-09-18,2025-11-26,6282.19,43.25,Repeat,36,5,5,3,553,Loyal Customers,Active
14255,2,2.0,23494.629999999997,11922.99,2024-04-13,2024-08-15,11747.31,50.75,Repeat,504,1,2,2,122,Lost Customers,Inactive
14256,3,12.0,153369.81,66099.42,2024-06-30,2025-08-27,51123.27,43.1,Repeat,127,3,3,5,335,Potential Loyalists,At Risk
14257,4,8.0,33570.66,15101.08,2024-04-28,2025-08-26,8392.67,44.98,Repeat,128,3,4,3,343,Potential Loyalists,At Risk
14258,7,23.0,50386.810000000005,17479.96,2024-01-22,2025-11-04,7198.12,34.69,Repeat,58,4,5,3,453,Loyal Customers,Active
14259,3,10.0,44231.4,21164.760000000002,2024-01-11,2025-05-08,14743.8,47.85,Repeat,238,2,3,3,233,At Risk,Inactive
14260,2,5.0,38852.119999999995,14236.42,2024-11-25,2025-03-01,19426.06,36.64,Repeat,306,2,2,3,223,Lost Customers,Inactive
14261,4,14.0,29185.6,11939.1,2024-02-23,2025-07-04,7296.4,40.91,Repeat,181,3,4,2,342,Potential Loyalists,Inactive
14262,5,12.0,85373.02,38859.56,2024-01-29,2025-10-31,17074.6,45.52,Repeat,62,4,5,4,454,Champions,Active
14263,3,9.0,104982.05,39725.92,2024-05-09,2025-06-15,34994.02,37.84,Repeat,200,2,3,5,235,At Risk,Inactive
14264,3,6.0,14724.33,6446.13,2025-06-03,2025-12-20,4908.11,43.78,Repeat,12,5,3,1,531,Loyal Customers,Active
14265,2,4.0,50655.74,23317.34,2024-07-26,2024-11-29,25327.87,46.03,Repeat,398,1,2,3,123,Lost Customers,Inactive
14266,6,17.0,72463.37,28538.32,2024-06-09,2025-11-17,12077.23,39.38,Repeat,45,5,5,4,554,Champions,Active
14267,6,20.0,108529.8,45647.0,2024-07-23,2025-08-25,18088.3,42.06,Repeat,129,3,5,5,355,Potential Loyalists,At Risk
14269,2,7.0,15138.36,7627.01,2024-03-05,2025-10-11,7569.18,50.38,Repeat,82,4,2,2,422,New Customers,Active
14270,2,4.0,37545.91,13269.37,2024-02-18,2025-10-16,18772.96,35.34,Repeat,77,4,2,3,423,New Customers,Active
14271,4,9.0,30002.73,11797.41,2024-11-20,2025-08-12,7500.68,39.32,Repeat,142,3,4,2,342,Potential Loyalists,At Risk
14272,3,9.0,75400.84,25961.64,2024-12-26,2025-12-24,25133.61,34.43,Repeat,8,5,3,4,534,Loyal Customers,Active
14273,2,4.0,8402.82,4726.45,2024-08-02,2025-03-23,4201.41,56.25,Repeat,284,2,2,1,221,Lost Customers,Inactive
14274,1,5.0,84503.07,41502.15,2024-08-16,2024-08-16,84503.07,49.11,One-time,503,1,1,4,114,Lost Customers,Inactive
14275,3,4.0,33710.12,12771.61,2024-02-09,2025-07-02,11236.71,37.89,Repeat,183,3,3,3,333,Potential Loyalists,Inactive
14276,2,6.0,174153.02000000002,85743.43,2024-09-17,2025-12-18,87076.51,49.23,Repeat,14,5,2,5,525,New Customers,Active
14277,4,10.0,38701.759999999995,17384.68,2024-06-08,2025-07-09,9675.44,44.92,Repeat,176,3,4,3,343,Potential Loyalists,At Risk
14278,3,11.0,114766.43000000001,66002.43000000001,2024-03-29,2025-03-31,38255.48,57.51,Repeat,276,2,3,5,235,At Risk,Inactive
14279,2,7.0,146050.68,60591.96,2024-01-31,2025-06-19,73025.34,41.49,Repeat,196,2,2,5,225,Lost Customers,Inactive
14280,5,13.0,83939.25,38351.43,2024-07-16,2025-05-27,16787.85,45.69,Repeat,219,2,5,4,254,At Risk,Inactive
14281,4,12.0,42996.04,15404.02,2024-02-20,2025-09-12,10749.01,35.83,Repeat,111,3,4,3,343,Potential Loyalists,At Risk
14282,1,2.0,986.42,543.42,2024-06-20,2024-06-20,986.42,55.09,One-time,560,1,1,1,111,Lost Customers,Inactive
14283,4,9.0,85258.29000000001,40437.49,2024-11-26,2025-10-27,21314.57,47.43,Repeat,66,4,4,4,444,Champions,Active
14284,3,12.0,55201.479999999996,20948.76,2024-04-02,2025-07-21,18400.49,37.95,Repeat,164,3,3,3,333,Potential Loyalists,At Risk
14285,1,8.0,116080.99,37059.64,2025-09-29,2025-09-29,116080.99,31.93,One-time,94,4,1,5,415,New Customers,At Risk
14286,5,15.0,59214.48,27881.45,2024-06-02,2025-11-19,11842.9,47.09,Repeat,43,5,5,4,554,Champions,Active
14287,2,2.0,1722.88,678.36,2024-05-08,2025-06-07,861.44,39.37,Repeat,208,2,2,1,221,Lost Customers,Inactive
14288,4,7.0,43069.42,20051.57,2024-01-03,2025-10-16,10767.36,46.56,Repeat,77,4,4,3,443,Loyal Customers,Active
14289,6,17.0,97418.31999999999,46034.97,2024-06-09,2025-07-29,16236.39,47.25,Repeat,156,3,5,5,355,Potential Loyalists,At Risk
14290,4,18.0,61520.740000000005,26150.440000000002,2024-05-19,2025-12-01,15380.19,42.51,Repeat,31,5,4,4,544,Champions,Active
14291,2,2.0,1853.83,837.72,2025-09-06,2025-11-15,926.92,45.19,Repeat,47,5,2,1,521,New Customers,Active
14292,5,12.0,97560.77,37254.3,2024-08-23,2025-09-07,19512.15,38.19,Repeat,116,3,5,5,355,Potential Loyalists,At Risk
14293,6,19.0,80451.20999999999,37928.65,2024-09-26,2025-11-02,13408.53,47.14,Repeat,60,4,5,4,454,Champions,Active
14294,2,3.0,4177.29,1500.7,2024-01-10,2025-07-14,2088.64,35.93,Repeat,171,3,2,1,321,Potential Loyalists,At Risk
14295,4,10.0,24967.98,12911.970000000001,2025-02-07,2025-05-01,6242.0,51.71,Repeat,245,2,4,2,242,At Risk,Inactive
14296,1,4.0,39181.14,22692.709999999995,2024-03-21,2024-03-21,39181.14,57.92,One-time,651,1,1,3,113,Lost Customers,Inactive
14297,7,21.0,194015.25999999998,78862.93,2024-01-29,2025-06-16,27716.47,40.65,Repeat,199,2,5,5,255,At Risk,Inactive
14298,8,25.0,58204.27,24262.010000000002,2024-02-10,2025-09-11,7275.53,41.68,Repeat,112,3,5,4,354,Potential Loyalists,At Risk
14299,5,5.0,25020.58,12111.99,2024-01-28,2025-04-28,5004.12,48.41,Repeat,248,2,5,2,252,At Risk,Inactive
14300,5,12.0,42835.2,18298.35,2024-01-24,2025-07-13,8567.04,42.72,Repeat,172,3,5,3,353,Potential Loyalists,At Risk
14301,7,19.0,65501.2,32526.76,2024-02-22,2025-12-26,9357.31,49.66,Repeat,6,5,5,4,554,Champions,Active
14302,3,3.0,51729.22,18481.809999999998,2024-10-09,2025-12-22,17243.07,35.73,Repeat,10,5,3,3,533,Loyal Customers,Active
14303,2,5.0,11594.49,5551.15,2024-05-08,2024-12-15,5797.24,47.88,Repeat,382,1,2,1,121,Lost Customers,Inactive
14304,3,9.0,8965.42,2773.5699999999997,2024-12-16,2025-04-08,2988.47,30.94,Repeat,268,2,3,1,231,At Risk,Inactive
14305,3,9.0,36260.76,16407.9,2025-01-24,2025-08-17,12086.92,45.25,Repeat,137,3,3,3,333,Potential Loyalists,At Risk
14306,7,16.0,93640.02,40026.31,2024-01-21,2025-08-09,13377.15,42.74,Repeat,145,3,5,4,354,Potential Loyalists,At Risk
14307,3,11.0,143532.56,62346.880000000005,2024-01-03,2024-10-22,47844.19,43.44,Repeat,436,1,3,5,135,At Risk,Inactive
14309,2,3.0,3953.58,1822.03,2024-03-18,2024-11-04,1976.79,46.09,Repeat,423,1,2,1,121,Lost Customers,Inactive
14310,2,3.0,17019.02,7624.67,2024-08-30,2024-09-04,8509.51,44.8,Repeat,484,1,2,2,122,Lost Customers,Inactive
14311,1,2.0,15465.64,8499.119999999999,2025-01-10,2025-01-10,15465.64,54.95,One-time,356,1,1,2,112,Lost Customers,Inactive
14312,7,25.0,110587.91,48556.87,2024-05-22,2025-09-20,15798.27,43.91,Repeat,103,4,5,5,455,Champions,At Risk
14313,3,8.0,47159.89,19753.739999999998,2025-04-06,2025-07-17,15719.96,41.89,Repeat,168,3,3,3,333,Potential Loyalists,At Risk
14314,3,8.0,10735.65,3803.56,2024-04-25,2025-09-13,3578.55,35.43,Repeat,110,3,3,1,331,Potential Loyalists,At Risk
14315,6,14.0,121642.43,63195.020000000004,2024-11-09,2025-12-25,20273.74,51.95,Repeat,7,5,5,5,555,Champions,Active
14318,3,7.0,22595.37,8404.91,2024-07-20,2025-04-29,7531.79,37.2,Repeat,247,2,3,2,232,At Risk,Inactive
14319,4,13.0,74449.06,36475.26,2025-01-07,2025-07-12,18612.26,48.99,Repeat,173,3,4,4,344,Potential Loyalists,At Risk
14320,5,12.0,222450.52,91389.65,2024-02-02,2025-12-16,44490.1,41.08,Repeat,16,5,5,5,555,Champions,Active
14321,5,13.0,151432.84,57915.85999999999,2024-02-17,2025-08-19,30286.57,38.25,Repeat,135,3,5,5,355,Potential Loyalists,At Risk
14322,7,18.0,41014.84,20057.69,2024-06-07,2025-11-30,5859.26,48.9,Repeat,32,5,5,3,553,Loyal Customers,Active
14323,3,9.0,34064.07,14410.98,2024-04-05,2025-07-21,11354.69,42.31,Repeat,164,3,3,3,333,Potential Loyalists,At Risk
14324,3,3.0,37126.43,10662.54,2024-01-06,2025-07-19,12375.48,28.72,Repeat,166,3,3,3,333,Potential Loyalists,At Risk
14325,3,4.0,17305.17,8225.98,2024-05-05,2025-05-14,5768.39,47.53,Repeat,232,2,3,2,232,At Risk,Inactive
14326,3,11.0,19258.61,8946.68,2024-11-23,2025-07-23,6419.54,46.46,Repeat,162,3,3,2,332,Potential Loyalists,At Risk
14327,2,2.0,14033.98,6648.4,2024-01-05,2024-05-05,7016.99,47.37,Repeat,606,1,2,1,121,Lost Customers,Inactive
14328,6,13.0,65283.38,30087.059999999998,2024-01-01,2024-10-27,10880.56,46.09,Repeat,431,1,5,4,154,At Risk,Inactive
14329,3,6.0,9493.6,4151.37,2025-08-12,2025-10-28,3164.53,43.73,Repeat,65,4,3,1,431,Loyal Customers,Active
14330,6,15.0,64833.81,31338.34,2024-06-19,2025-08-13,10805.64,48.34,Repeat,141,3,5,4,354,Potential Loyalists,At Risk
14331,4,10.0,86183.95999999999,32141.0,2024-09-13,2025-10-15,21545.99,37.29,Repeat,78,4,4,4,444,Champions,Active
14332,4,9.0,25448.5,10225.15,2024-06-12,2025-11-10,6362.12,40.18,Repeat,52,4,4,2,442,Loyal Customers,Active
14333,4,5.0,20092.56,8687.49,2024-09-27,2025-12-16,5023.14,43.24,Repeat,16,5,4,2,542,Loyal Customers,Active
14334,3,8.0,57128.08,32132.45,2024-05-01,2025-08-14,19042.69,56.25,Repeat,140,3,3,4,334,Potential Loyalists,At Risk
14335,6,12.0,26198.42,12022.47,2024-04-08,2025-11-12,4366.4,45.89,Repeat,50,4,5,2,452,Loyal Customers,Active
14336,3,14.0,136083.9,39699.93,2024-09-13,2024-12-21,45361.3,29.17,Repeat,376,1,3,5,135,At Risk,Inactive
14337,4,12.0,67801.73000000001,27909.98,2024-06-27,2025-09-07,16950.43,41.16,Repeat,116,3,4,4,344,Potential Loyalists,At Risk
14338,4,11.0,25971.079999999998,12447.279999999999,2024-08-03,2025-09-26,6492.77,47.93,Repeat,97,4,4,2,442,Loyal Customers,At Risk
14339,5,14.0,73551.13,33279.28,2024-06-18,2025-12-06,14710.23,45.25,Repeat,26,5,5,4,554,Champions,Active
14340,6,14.0,66051.62,29130.01,2024-12-12,2025-09-06,11008.6,44.1,Repeat,117,3,5,4,354,Potential Loyalists,At Risk
14341,5,8.0,29159.46,11246.49,2024-12-03,2025-12-27,5831.89,38.57,Repeat,5,5,5,2,552,Loyal Customers,Active
14342,2,4.0,6838.66,2739.0,2024-06-14,2025-03-25,3419.33,40.05,Repeat,282,2,2,1,221,Lost Customers,Inactive
14343,3,6.0,25958.149999999998,9179.77,2025-03-10,2025-06-28,8652.72,35.36,Repeat,187,2,3,2,232,At Risk,Inactive
14344,3,9.0,43748.2,19845.56,2025-03-17,2025-12-13,14582.73,45.36,Repeat,19,5,3,3,533,Loyal Customers,Active
14345,3,8.0,20445.920000000002,6789.95,2024-04-04,2025-06-06,6815.31,33.21,Repeat,209,2,3,2,232,At Risk,Inactive
14346,1,3.0,6154.11,2811.8500000000004,2024-01-20,2024-01-20,6154.11,45.69,One-time,712,1,1,1,111,Lost Customers,Inactive
14347,3,6.0,15294.039999999999,5328.34,2024-01-12,2024-09-19,5098.01,34.84,Repeat,469,1,3,2,132,At Risk,Inactive
14348,2,3.0,5734.27,2128.76,2025-08-30,2025-11-13,2867.14,37.12,Repeat,49,4,2,1,421,New Customers,Active
14349,3,5.0,16715.71,6040.22,2025-05-19,2025-12-01,5571.9,36.13,Repeat,31,5,3,2,532,Loyal Customers,Active
14350,3,7.0,14855.43,5809.37,2024-03-03,2025-11-16,4951.81,39.11,Repeat,46,5,3,2,532,Loyal Customers,Active
14352,3,15.0,65455.89,29539.91,2024-05-24,2025-05-14,21818.63,45.13,Repeat,232,2,3,4,234,At Risk,Inactive
14353,5,11.0,53257.7,20424.95,2024-04-30,2025-10-23,10651.54,38.35,Repeat,70,4,5,3,453,Loyal Customers,Active
14354,7,26.0,127484.24,56745.58,2024-05-16,2025-07-21,18212.03,44.51,Repeat,164,3,5,5,355,Potential Loyalists,At Risk
14355,2,4.0,23711.61,5564.35,2024-02-06,2025-01-08,11855.8,23.47,Repeat,358,1,2,2,122,Lost Customers,Inactive
14357,6,24.0,156414.37,68551.68,2024-05-06,2025-12-08,26069.06,43.83,Repeat,24,5,5,5,555,Champions,Active
14358,7,22.0,158613.04,70045.27,2024-02-02,2025-12-12,22659.01,44.16,Repeat,20,5,5,5,555,Champions,Active
14359,1,2.0,4102.22,2280.25,2024-11-05,2024-11-05,4102.22,55.59,One-time,422,1,1,1,111,Lost Customers,Inactive
14360,3,4.0,26964.61,12082.18,2024-02-18,2025-08-16,8988.2,44.81,Repeat,138,3,3,2,332,Potential Loyalists,At Risk
14361,2,4.0,21271.37,9698.68,2024-10-02,2025-07-08,10635.68,45.59,Repeat,177,3,2,2,322,Potential Loyalists,At Risk
14362,3,9.0,51662.41,22878.329999999998,2024-01-05,2024-09-17,17220.8,44.28,Repeat,471,1,3,3,133,At Risk,Inactive
14363,2,3.0,48798.6,24456.949999999997,2024-04-02,2025-08-30,24399.3,50.12,Repeat,124,3,2,3,323,Potential Loyalists,At Risk
14364,2,9.0,83847.23,43469.51,2025-04-06,2025-12-27,41923.62,51.84,Repeat,5,5,2,4,524,New Customers,Active
14365,1,3.0,15904.73,9334.27,2024-08-05,2024-08-05,15904.73,58.69,One-time,514,1,1,2,112,Lost Customers,Inactive
14366,7,21.0,210372.03,82342.71,2024-06-26,2025-12-31,30053.15,39.14,Repeat,1,5,5,5,555,Champions,Active
14367,4,9.0,17930.010000000002,7510.76,2024-09-12,2025-08-10,4482.5,41.89,Repeat,144,3,4,2,342,Potential Loyalists,At Risk
14368,1,2.0,24780.71,9896.410000000002,2025-02-10,2025-02-10,24780.71,39.94,One-time,325,1,1,2,112,Lost Customers,Inactive
14369,1,5.0,3626.2,1278.48,2025-05-03,2025-05-03,3626.2,35.26,One-time,243,2,1,1,211,Lost Customers,Inactive
14370,5,8.0,49322.68,27841.339999999997,2024-06-12,2025-11-12,9864.54,56.45,Repeat,50,4,5,3,453,Loyal Customers,Active
14371,2,9.0,27691.67,10844.73,2025-01-15,2025-09-19,13845.84,39.16,Repeat,104,4,2,2,422,New Customers,At Risk
14372,2,5.0,5501.030000000001,1973.25,2024-01-30,2024-08-04,2750.52,35.87,Repeat,515,1,2,1,121,Lost Customers,Inactive
14373,7,11.0,86261.66,29459.96,2024-04-09,2025-12-25,12323.09,34.15,Repeat,7,5,5,4,554,Champions,Active
14375,3,3.0,5860.47,2450.98,2024-02-09,2025-09-08,1953.49,41.82,Repeat,115,3,3,1,331,Potential Loyalists,At Risk
14376,3,10.0,175732.19999999998,87896.64,2024-09-19,2025-09-25,58577.4,50.02,Repeat,98,4,3,5,435,Loyal Customers,At Risk
14377,5,18.0,108669.98,51600.189999999995,2024-01-18,2025-05-14,21734.0,47.48,Repeat,232,2,5,5,255,At Risk,Inactive
14378,4,11.0,62785.72,32874.9,2024-02-07,2025-09-05,15696.43,52.36,Repeat,118,3,4,4,344,Potential Loyalists,At Risk
14379,2,10.0,68274.72,27163.49,2024-01-02,2024-02-20,34137.36,39.79,Repeat,681,1,2,4,124,Lost Customers,Inactive
14380,4,6.0,75593.5,38598.29,2024-02-19,2025-09-01,18898.38,51.06,Repeat,122,3,4,4,344,Potential Loyalists,At Risk
14381,6,15.0,44820.4,19320.14,2024-04-27,2025-12-19,7470.07,43.11,Repeat,13,5,5,3,553,Loyal Customers,Active
14382,3,11.0,94082.95,39093.55,2024-01-13,2024-12-04,31360.98,41.55,Repeat,393,1,3,4,134,At Risk,Inactive
14383,1,1.0,557.1,241.54,2025-07-17,2025-07-17,557.1,43.36,One-time,168,3,1,1,311,Potential Loyalists,At Risk
14384,7,20.0,101995.57,51379.869999999995,2024-03-20,2025-09-08,14570.8,50.37,Repeat,115,3,5,5,355,Potential Loyalists,At Risk
14385,1,2.0,2425.23,791.95,2024-02-28,2024-02-28,2425.23,32.65,One-time,673,1,1,1,111,Lost Customers,Inactive
14386,3,15.0,19810.3,10012.59,2024-01-26,2025-01-01,6603.43,50.54,Repeat,365,1,3,2,132,At Risk,Inactive
14387,2,2.0,3219.5,1101.21,2025-04-30,2025-06-06,1609.75,34.2,Repeat,209,2,2,1,221,Lost Customers,Inactive
14388,3,3.0,6791.8,3906.13,2024-07-08,2025-09-17,2263.93,57.51,Repeat,106,4,3,1,431,Loyal Customers,At Risk
14389,6,33.0,121316.19,49767.95,2024-01-15,2025-12-03,20219.37,41.02,Repeat,29,5,5,5,555,Champions,Active
14390,6,11.0,23633.94,10324.74,2024-03-03,2025-08-17,3938.99,43.69,Repeat,137,3,5,2,352,Potential Loyalists,At Risk
14391,6,14.0,77414.98999999999,31833.579999999998,2024-05-15,2025-12-04,12902.5,41.12,Repeat,28,5,5,4,554,Champions,Active
14392,3,5.0,11007.66,5753.45,2024-08-10,2024-11-29,3669.22,52.27,Repeat,398,1,3,1,131,At Risk,Inactive
14393,3,7.0,10981.880000000001,4882.22,2024-07-08,2025-10-09,3660.63,44.46,Repeat,84,4,3,1,431,Loyal Customers,Active
14394,6,16.0,319481.6,116609.64,2024-01-22,2025-12-30,53246.93,36.5,Repeat,2,5,5,5,555,Champions,Active
14395,4,5.0,5377.74,1895.39,2025-09-04,2025-11-21,1344.44,35.25,Repeat,41,5,4,1,541,Loyal Customers,Active
14396,3,7.0,25808.149999999998,11143.54,2025-05-02,2025-11-18,8602.72,43.18,Repeat,44,5,3,2,532,Loyal Customers,Active
14397,4,16.0,67636.98,33033.14,2024-04-17,2025-03-07,16909.24,48.84,Repeat,300,2,4,4,244,At Risk,Inactive
14398,2,5.0,9719.039999999999,5103.23,2024-04-14,2025-09-09,4859.52,52.51,Repeat,114,3,2,1,321,Potential Loyalists,At Risk
14399,4,9.0,21243.58,7152.5,2024-01-26,2025-12-27,5310.9,33.67,Repeat,5,5,4,2,542,Loyal Customers,Active
14400,3,8.0,87320.83,47280.19,2025-05-26,2025-12-18,29106.94,54.15,Repeat,14,5,3,4,534,Loyal Customers,Active
14401,3,7.0,27621.01,13819.56,2024-03-23,2025-05-15,9207.0,50.03,Repeat,231,2,3,2,232,At Risk,Inactive
14402,6,16.0,96565.49,41498.75,2024-03-16,2025-06-07,16094.25,42.97,Repeat,208,2,5,4,254,At Risk,Inactive
14403,6,20.0,222504.38,107574.3,2024-05-17,2025-12-18,37084.06,48.35,Repeat,14,5,5,5,555,Champions,Active
14404,5,12.0,50931.06,22696.52,2025-02-03,2025-12-30,10186.21,44.56,Repeat,2,5,5,3,553,Loyal Customers,Active
14405,4,8.0,9089.16,4724.74,2024-05-22,2025-04-29,2272.29,51.98,Repeat,247,2,4,1,241,At Risk,Inactive
14406,1,2.0,8761.32,3848.2,2025-12-03,2025-12-03,8761.32,43.92,One-time,29,5,1,1,511,New Customers,Active
14407,4,15.0,46685.47,20960.52,2024-03-01,2025-10-22,11671.37,44.9,Repeat,71,4,4,3,443,Loyal Customers,Active
14408,3,9.0,68213.99,33838.07,2024-01-25,2025-11-09,22738.0,49.61,Repeat,53,4,3,4,434,Loyal Customers,Active
14409,2,7.0,8132.210000000001,3216.64,2024-02-09,2024-02-12,4066.11,39.55,Repeat,689,1,2,1,121,Lost Customers,Inactive
14410,4,9.0,63531.119999999995,27107.8,2024-11-24,2025-12-27,15882.78,42.67,Repeat,5,5,4,4,544,Champions,Active
14411,5,15.0,26791.079999999998,12853.619999999999,2025-02-04,2025-12-01,5358.22,47.98,Repeat,31,5,5,2,552,Loyal Customers,Active
14412,6,15.0,65161.0,33738.06,2024-04-02,2025-07-29,10860.17,51.78,Repeat,156,3,5,4,354,Potential Loyalists,At Risk
14413,4,12.0,87611.2,33953.49,2024-09-21,2025-11-06,21902.8,38.75,Repeat,56,4,4,4,444,Champions,Active
14414,7,23.0,90814.95,34247.14,2024-05-12,2025-05-29,12973.56,37.71,Repeat,217,2,5,4,254,At Risk,Inactive
14415,5,16.0,102539.97,54304.369999999995,2024-04-07,2025-12-17,20507.99,52.96,Repeat,15,5,5,5,555,Champions,Active
14416,3,7.0,16509.22,5795.09,2024-12-11,2025-11-25,5503.07,35.1,Repeat,37,5,3,2,532,Loyal Customers,Active
14417,4,10.0,28655.59,11667.01,2024-03-26,2025-07-23,7163.9,40.71,Repeat,162,3,4,2,342,Potential Loyalists,At Risk
14418,2,4.0,38200.409999999996,10652.029999999999,2025-01-19,2025-08-23,19100.2,27.88,Repeat,131,3,2,3,323,Potential Loyalists,At Risk
14419,1,5.0,64668.58,39029.899999999994,2025-11-03,2025-11-03,64668.58,60.35,One-time,59,4,1,4,414,New Customers,Active
14420,2,3.0,1360.01,415.25,2024-04-05,2025-05-14,680.0,30.53,Repeat,232,2,2,1,221,Lost Customers,Inactive
14421,5,13.0,151681.86,53813.78,2024-03-08,2025-05-08,30336.37,35.48,Repeat,238,2,5,5,255,At Risk,Inactive
14422,2,4.0,12390.84,6620.610000000001,2024-02-18,2024-04-20,6195.42,53.43,Repeat,621,1,2,1,121,Lost Customers,Inactive
14423,5,14.0,200964.59,96668.5,2024-01-04,2025-07-29,40192.92,48.1,Repeat,156,3,5,5,355,Potential Loyalists,At Risk
14424,3,5.0,63220.31,20486.48,2024-06-12,2025-01-15,21073.44,32.4,Repeat,351,1,3,4,134,At Risk,Inactive
14425,4,10.0,76959.12000000001,31662.98,2024-01-30,2025-09-12,19239.78,41.14,Repeat,111,3,4,4,344,Potential Loyalists,At Risk
14426,4,12.0,29164.870000000003,11380.33,2024-01-28,2025-10-17,7291.22,39.02,Repeat,76,4,4,2,442,Loyal Customers,Active
14427,1,2.0,2533.79,1159.05,2024-05-05,2024-05-05,2533.79,45.74,One-time,606,1,1,1,111,Lost Customers,Inactive
14428,3,7.0,9788.04,2904.83,2024-01-20,2025-01-29,3262.68,29.68,Repeat,337,1,3,1,131,At Risk,Inactive
14429,3,9.0,6141.07,2530.32,2024-06-20,2025-03-15,2047.02,41.2,Repeat,292,2,3,1,231,At Risk,Inactive
14430,2,2.0,3107.14,1400.07,2024-11-02,2024-11-09,1553.57,45.06,Repeat,418,1,2,1,121,Lost Customers,Inactive
14431,2,10.0,143293.4,80193.01,2024-09-09,2024-09-26,71646.7,55.96,Repeat,462,1,2,5,125,Lost Customers,Inactive
14432,5,14.0,246197.57,106928.94,2024-08-08,2025-11-20,49239.51,43.43,Repeat,42,5,5,5,555,Champions,Active
14433,4,11.0,49456.23,17105.9,2024-11-07,2025-11-23,12364.06,34.59,Repeat,39,5,4,3,543,Loyal Customers,Active
14434,2,2.0,3699.76,1895.42,2025-09-01,2025-10-30,1849.88,51.23,Repeat,63,4,2,1,421,New Customers,Active
14435,1,3.0,12556.140000000001,5315.78,2024-08-21,2024-08-21,12556.14,42.34,One-time,498,1,1,1,111,Lost Customers,Inactive
14436,3,6.0,41942.33,11811.869999999999,2024-06-17,2025-03-28,13980.78,28.16,Repeat,279,2,3,3,233,At Risk,Inactive
14438,1,7.0,10979.41,5685.5,2025-03-24,2025-03-24,10979.41,51.78,One-time,283,2,1,1,211,Lost Customers,Inactive
14439,4,10.0,113744.25,60730.23,2024-01-17,2024-11-21,28436.06,53.39,Repeat,406,1,4,5,145,At Risk,Inactive
14440,3,10.0,43761.22,14104.93,2025-01-15,2025-08-13,14587.07,32.23,Repeat,141,3,3,3,333,Potential Loyalists,At Risk
14441,4,13.0,47658.1,13871.519999999999,2024-01-13,2025-04-30,11914.52,29.11,Repeat,246,2,4,3,243,At Risk,Inactive
14442,6,17.0,66659.72,27740.9,2024-02-09,2025-12-26,11109.95,41.62,Repeat,6,5,5,4,554,Champions,Active
14443,2,6.0,19089.66,9310.5,2024-05-02,2025-12-21,9544.83,48.77,Repeat,11,5,2,2,522,New Customers,Active
14444,8,16.0,68111.34,29562.2,2024-03-08,2025-09-28,8513.92,43.4,Repeat,95,4,5,4,454,Champions,At Risk
14445,4,7.0,17501.629999999997,8249.26,2024-05-10,2025-11-11,4375.41,47.13,Repeat,51,4,4,2,442,Loyal Customers,Active
14446,8,25.0,200167.18,86781.75,2024-05-31,2025-12-25,25020.9,43.35,Repeat,7,5,5,5,555,Champions,Active
14447,6,20.0,93266.03,48828.16,2024-07-06,2025-02-28,15544.34,52.35,Repeat,307,2,5,4,254,At Risk,Inactive
14448,5,12.0,58153.06,27232.16,2024-01-17,2025-10-05,11630.61,46.83,Repeat,88,4,5,4,454,Champions,Active
14449,2,2.0,33877.1,13780.38,2024-02-04,2024-06-17,16938.55,40.68,Repeat,563,1,2,3,123,Lost Customers,Inactive
14450,4,11.0,217379.27,101279.06,2024-11-19,2025-08-07,54344.82,46.59,Repeat,147,3,4,5,345,Potential Loyalists,At Risk
14451,4,7.0,78627.28,29663.15,2024-07-17,2025-07-03,19656.82,37.73,Repeat,182,3,4,4,344,Potential Loyalists,Inactive
14452,5,12.0,94608.18000000001,39341.97,2024-03-15,2025-12-11,18921.64,41.58,Repeat,21,5,5,4,554,Champions,Active
14453,2,9.0,31191.780000000002,15456.29,2024-03-22,2024-10-04,15595.89,49.55,Repeat,454,1,2,2,122,Lost Customers,Inactive
14454,3,3.0,9485.77,3186.3900000000003,2024-09-08,2025-11-02,3161.92,33.59,Repeat,60,4,3,1,431,Loyal Customers,Active
14455,4,14.0,116234.34,60176.75,2024-03-06,2025-08-11,29058.58,51.77,Repeat,143,3,4,5,345,Potential Loyalists,At Risk
14456,2,4.0,14603.92,6225.82,2024-02-07,2025-12-10,7301.96,42.63,Repeat,22,5,2,1,521,New Customers,Active
14457,4,14.0,46463.15,22129.88,2024-02-06,2025-09-04,11615.79,47.63,Repeat,119,3,4,3,343,Potential Loyalists,At Risk
14458,4,19.0,55271.01,21877.78,2024-04-14,2025-09-10,13817.75,39.58,Repeat,113,3,4,3,343,Potential Loyalists,At Risk
14459,3,7.0,60276.46000000001,32800.89,2024-07-15,2025-03-12,20092.15,54.42,Repeat,295,2,3,4,234,At Risk,Inactive
14460,7,23.0,82532.24,34972.44,2024-04-20,2025-12-28,11790.32,42.37,Repeat,4,5,5,4,554,Champions,Active
14461,2,5.0,26173.190000000002,11930.54,2025-02-01,2025-09-16,13086.6,45.58,Repeat,107,4,2,2,422,New Customers,At Risk
14462,5,18.0,48414.42,21976.38,2025-02-05,2025-11-28,9682.88,45.39,Repeat,34,5,5,3,553,Loyal Customers,Active
14463,4,13.0,44268.07,19889.739999999998,2024-08-02,2025-10-19,11067.02,44.93,Repeat,74,4,4,3,443,Loyal Customers,Active
14464,4,12.0,53708.21,20998.02,2024-02-21,2024-09-29,13427.05,39.1,Repeat,459,1,4,3,143,At Risk,Inactive
14465,3,8.0,11276.619999999999,4459.38,2024-04-11,2025-04-19,3758.87,39.55,Repeat,257,2,3,1,231,At Risk,Inactive
14466,5,19.0,135079.63999999998,51063.38,2024-01-18,2025-12-03,27015.93,37.8,Repeat,29,5,5,5,555,Champions,Active
14467,1,3.0,45058.3,16933.91,2024-02-20,2024-02-20,45058.3,37.58,One-time,681,1,1,3,113,Lost Customers,Inactive
14468,6,15.0,157036.32,82060.97,2024-06-22,2025-08-10,26172.72,52.26,Repeat,144,3,5,5,355,Potential Loyalists,At Risk
14469,3,3.0,10929.82,5287.13,2024-02-23,2024-08-02,3643.27,48.37,Repeat,517,1,3,1,131,At Risk,Inactive
14470,6,10.0,52497.76,25525.07,2024-01-03,2024-10-16,8749.63,48.62,Repeat,442,1,5,3,153,At Risk,Inactive
14471,8,27.0,328764.67000000004,132127.22,2024-01-02,2025-08-06,41095.58,40.19,Repeat,148,3,5,5,355,Potential Loyalists,At Risk
14472,3,12.0,52755.9,19491.02,2024-11-18,2025-03-21,17585.3,36.95,Repeat,286,2,3,3,233,At Risk,Inactive
14473,2,8.0,61751.32,28407.97,2024-10-03,2024-10-27,30875.66,46.0,Repeat,431,1,2,4,124,Lost Customers,Inactive
14474,6,10.0,90152.26,41589.9,2024-01-04,2025-01-12,15025.38,46.13,Repeat,354,1,5,4,154,At Risk,Inactive
14475,5,9.0,108412.39,53681.24,2025-01-22,2025-12-05,21682.48,49.52,Repeat,27,5,5,5,555,Champions,Active
14476,2,5.0,14704.85,7190.23,2024-11-22,2025-03-20,7352.42,48.9,Repeat,287,2,2,1,221,Lost Customers,Inactive
14477,5,18.0,212746.47,92319.67,2024-01-13,2025-10-03,42549.29,43.39,Repeat,90,4,5,5,455,Champions,Active
14478,4,9.0,17630.05,6681.01,2024-01-07,2025-12-28,4407.51,37.9,Repeat,4,5,4,2,542,Loyal Customers,Active
14479,5,19.0,84930.95,32488.45,2024-04-30,2025-07-26,16986.19,38.25,Repeat,159,3,5,4,354,Potential Loyalists,At Risk
14480,2,9.0,248559.94,132269.71000000002,2024-05-09,2025-01-09,124279.97,53.21,Repeat,357,1,2,5,125,Lost Customers,Inactive
14481,2,14.0,29966.499999999996,11417.25,2024-08-23,2024-09-17,14983.25,38.1,Repeat,471,1,2,2,122,Lost Customers,Inactive
14482,8,27.0,109018.06,51871.119999999995,2024-01-06,2025-11-07,13627.26,47.58,Repeat,55,4,5,5,455,Champions,Active
14483,2,7.0,65697.45,20901.879999999997,2024-09-10,2025-07-25,32848.72,31.82,Repeat,160,3,2,4,324,Potential Loyalists,At Risk
14484,4,9.0,31938.98,10216.130000000001,2024-10-12,2025-10-07,7984.74,31.99,Repeat,86,4,4,2,442,Loyal Customers,Active
14485,5,17.0,43135.21,18747.61,2024-01-08,2025-05-29,8627.04,43.46,Repeat,217,2,5,3,253,At Risk,Inactive
14486,1,4.0,38350.63,17846.47,2024-07-06,2024-07-06,38350.63,46.54,One-time,544,1,1,3,113,Lost Customers,Inactive
14487,6,11.0,80378.79000000001,30869.67,2024-05-28,2025-12-30,13396.47,38.41,Repeat,2,5,5,4,554,Champions,Active
14488,1,2.0,4138.45,2260.33,2025-09-27,2025-09-27,4138.45,54.62,One-time,96,4,1,1,411,New Customers,At Risk
14489,2,6.0,50140.07,18220.03,2024-05-05,2025-08-20,25070.04,36.34,Repeat,134,3,2,3,323,Potential Loyalists,At Risk
14490,3,7.0,8338.47,3406.59,2024-07-04,2025-11-20,2779.49,40.85,Repeat,42,5,3,1,531,Loyal Customers,Active
14491,4,11.0,54988.78,31641.69,2024-05-14,2025-11-03,13747.2,57.54,Repeat,59,4,4,3,443,Loyal Customers,Active
14492,3,13.0,151746.79,51346.590000000004,2024-02-09,2025-01-29,50582.26,33.84,Repeat,337,1,3,5,135,At Risk,Inactive
14493,6,10.0,65146.630000000005,29786.69,2024-01-01,2025-07-30,10857.77,45.72,Repeat,155,3,5,4,354,Potential Loyalists,At Risk
14494,3,5.0,15229.85,7083.25,2024-03-31,2025-06-15,5076.62,46.51,Repeat,200,2,3,2,232,At Risk,Inactive
14495,4,11.0,117748.34999999999,46441.1,2024-05-12,2025-10-05,29437.09,39.44,Repeat,88,4,4,5,445,Champions,Active
14496,1,1.0,18439.59,7829.41,2025-03-26,2025-03-26,18439.59,42.46,One-time,281,2,1,2,212,Lost Customers,Inactive
14497,1,1.0,4157.29,1170.39,2024-06-27,2024-06-27,4157.29,28.15,One-time,553,1,1,1,111,Lost Customers,Inactive
14498,4,13.0,46791.090000000004,21832.809999999998,2024-07-08,2025-06-19,11697.77,46.66,Repeat,196,2,4,3,243,At Risk,Inactive
14499,4,9.0,71635.92,34151.899999999994,2024-08-26,2025-10-04,17908.98,47.67,Repeat,89,4,4,4,444,Champions,Active
14500,7,24.0,146724.85,73713.32999999999,2024-01-08,2025-08-27,20960.69,50.24,Repeat,127,3,5,5,355,Potential Loyalists,At Risk
14501,4,7.0,138253.19,72561.73,2024-03-06,2025-01-09,34563.3,52.48,Repeat,357,1,4,5,145,At Risk,Inactive
14502,1,3.0,12021.04,6596.89,2025-05-28,2025-05-28,12021.04,54.88,One-time,218,2,1,1,211,Lost Customers,Inactive
14503,2,6.0,30779.719999999998,14718.38,2024-04-24,2025-10-05,15389.86,47.82,Repeat,88,4,2,2,422,New Customers,Active
14504,6,9.0,69138.09,31603.780000000002,2024-06-05,2025-07-27,11523.02,45.71,Repeat,158,3,5,4,354,Potential Loyalists,At Risk
14505,4,9.0,67737.7,30045.789999999997,2024-12-02,2025-07-31,16934.42,44.36,Repeat,154,3,4,4,344,Potential Loyalists,At Risk
14506,8,12.0,89783.84,46594.74,2024-02-23,2025-09-13,11222.98,51.9,Repeat,110,3,5,4,354,Potential Loyalists,At Risk
14507,3,9.0,49210.35,22159.440000000002,2024-09-14,2025-01-31,16403.45,45.03,Repeat,335,1,3,3,133,At Risk,Inactive
14508,7,23.0,108804.71,44508.56,2024-01-30,2025-08-30,15543.53,40.91,Repeat,124,3,5,5,355,Potential Loyalists,At Risk
14509,1,2.0,9922.07,3486.3,2025-08-17,2025-08-17,9922.07,35.14,One-time,137,3,1,1,311,Potential Loyalists,At Risk
14510,2,5.0,6600.17,2836.22,2024-03-17,2024-06-18,3300.08,42.97,Repeat,562,1,2,1,121,Lost Customers,Inactive
14511,5,19.0,39230.29,15798.09,2024-04-01,2025-06-10,7846.06,40.27,Repeat,205,2,5,3,253,At Risk,Inactive
14512,2,5.0,18024.25,7972.609999999999,2024-04-06,2024-05-19,9012.12,44.23,Repeat,592,1,2,2,122,Lost Customers,Inactive
14513,2,7.0,19847.51,10862.38,2024-01-29,2024-12-11,9923.75,54.73,Repeat,386,1,2,2,122,Lost Customers,Inactive
14514,2,5.0,10174.53,4556.85,2024-06-06,2024-06-27,5087.27,44.79,Repeat,553,1,2,1,121,Lost Customers,Inactive
14515,4,10.0,57742.369999999995,23862.699999999997,2024-02-07,2025-09-10,14435.59,41.33,Repeat,113,3,4,4,344,Potential Loyalists,At Risk
14516,5,12.0,175297.16999999998,93006.59,2024-01-02,2025-03-06,35059.43,53.06,Repeat,301,2,5,5,255,At Risk,Inactive
14517,4,10.0,74225.89,38593.88,2024-03-05,2024-11-17,18556.47,52.0,Repeat,410,1,4,4,144,At Risk,Inactive
14518,3,9.0,31651.160000000003,10211.15,2024-12-30,2025-04-27,10550.39,32.26,Repeat,249,2,3,2,232,At Risk,Inactive
14519,3,8.0,16374.82,4945.13,2024-09-27,2024-10-19,5458.27,30.2,Repeat,439,1,3,2,132,At Risk,Inactive
14520,1,2.0,1255.4099999999999,588.4100000000001,2025-02-06,2025-02-06,1255.41,46.87,One-time,329,1,1,1,111,Lost Customers,Inactive
14521,3,11.0,118019.84999999999,66526.12,2024-08-27,2025-05-30,39339.95,56.37,Repeat,216,2,3,5,235,At Risk,Inactive
14522,2,2.0,7714.25,2441.79,2024-04-13,2025-08-30,3857.12,31.65,Repeat,124,3,2,1,321,Potential Loyalists,At Risk
14523,4,8.0,50980.47,21015.04,2024-11-23,2025-12-21,12745.12,41.22,Repeat,11,5,4,3,543,Loyal Customers,Active
14524,4,6.0,17482.04,7783.49,2025-02-07,2025-12-31,4370.51,44.52,Repeat,1,5,4,2,542,Loyal Customers,Active
14525,3,6.0,91895.42,23581.93,2024-07-15,2025-06-21,30631.81,25.66,Repeat,194,2,3,4,234,At Risk,Inactive
14526,3,7.0,12993.61,6040.59,2024-04-22,2024-09-30,4331.2,46.49,Repeat,458,1,3,1,131,At Risk,Inactive
14527,2,2.0,1781.23,871.73,2025-06-07,2025-08-09,890.62,48.94,Repeat,145,3,2,1,321,Potential Loyalists,At Risk
14528,4,11.0,29495.3,14882.69,2024-02-07,2025-03-01,7373.82,50.46,Repeat,306,2,4,2,242,At Risk,Inactive
14529,3,8.0,155129.45,65379.58,2024-02-11,2025-11-30,51709.82,42.15,Repeat,32,5,3,5,535,Loyal Customers,Active
14530,5,8.0,16175.33,8166.94,2024-10-20,2025-06-18,3235.07,50.49,Repeat,197,2,5,2,252,At Risk,Inactive
14531,1,2.0,2451.5099999999998,1241.2,2024-03-23,2024-03-23,2451.51,50.63,One-time,649,1,1,1,111,Lost Customers,Inactive
14532,4,11.0,76517.84,30474.3,2024-08-17,2025-04-30,19129.46,39.83,Repeat,246,2,4,4,244,At Risk,Inactive
14533,2,5.0,6314.76,3003.3999999999996,2024-01-27,2025-05-18,3157.38,47.56,Repeat,228,2,2,1,221,Lost Customers,Inactive
14534,2,4.0,17596.15,8563.23,2024-05-10,2024-12-30,8798.08,48.67,Repeat,367,1,2,2,122,Lost Customers,Inactive
14535,2,16.0,27184.050000000003,9713.16,2024-02-01,2025-04-06,13592.03,35.73,Repeat,270,2,2,2,222,Lost Customers,Inactive
14536,3,6.0,44909.24,11306.150000000001,2024-08-13,2024-12-18,14969.75,25.18,Repeat,379,1,3,3,133,At Risk,Inactive
14537,2,3.0,17290.97,10253.23,2025-08-25,2025-09-25,8645.48,59.3,Repeat,98,4,2,2,422,New Customers,At Risk
14538,5,10.0,53457.79,28572.19,2024-10-12,2025-06-16,10691.56,53.45,Repeat,199,2,5,3,253,At Risk,Inactive
14539,7,20.0,205128.67,91303.03,2024-02-08,2025-11-04,29304.1,44.51,Repeat,58,4,5,5,455,Champions,Active
14540,2,5.0,16314.71,7673.01,2025-03-12,2025-11-09,8157.36,47.03,Repeat,53,4,2,2,422,New Customers,Active
14541,4,17.0,38036.62,17694.03,2024-01-27,2025-08-18,9509.16,46.52,Repeat,136,3,4,3,343,Potential Loyalists,At Risk
14542,7,15.0,47214.729999999996,24055.28,2024-02-26,2025-12-16,6744.96,50.95,Repeat,16,5,5,3,553,Loyal Customers,Active
14543,2,12.0,18173.56,8679.86,2024-09-06,2025-01-30,9086.78,47.76,Repeat,336,1,2,2,122,Lost Customers,Inactive
14544,3,7.0,34701.340000000004,13333.26,2024-01-01,2025-02-06,11567.11,38.42,Repeat,329,1,3,3,133,At Risk,Inactive
14545,6,23.0,167287.3,59849.47,2024-05-02,2025-09-05,27881.22,35.78,Repeat,118,3,5,5,355,Potential Loyalists,At Risk
14546,1,4.0,10789.64,3157.58,2024-05-15,2024-05-15,10789.64,29.26,One-time,596,1,1,1,111,Lost Customers,Inactive
14547,2,6.0,75980.19,39320.95,2025-04-15,2025-07-06,37990.1,51.75,Repeat,179,3,2,4,324,Potential Loyalists,At Risk
14548,7,22.0,47919.2,21605.48,2024-07-04,2025-09-27,6845.6,45.09,Repeat,96,4,5,3,453,Loyal Customers,At Risk
14549,2,5.0,5730.1900000000005,2667.75,2024-09-22,2025-05-31,2865.1,46.56,Repeat,215,2,2,1,221,Lost Customers,Inactive
14550,8,19.0,177517.03999999998,89875.38,2024-01-18,2025-11-06,22189.63,50.63,Repeat,56,4,5,5,455,Champions,Active
14551,8,19.0,80855.68000000001,38915.06,2024-07-26,2025-12-21,10106.96,48.13,Repeat,11,5,5,4,554,Champions,Active
14552,2,4.0,6303.12,2525.08,2025-04-24,2025-09-12,3151.56,40.06,Repeat,111,3,2,1,321,Potential Loyalists,At Risk
14553,1,8.0,20981.4,8292.68,2025-10-20,2025-10-20,20981.4,39.52,One-time,73,4,1,2,412,New Customers,Active
14554,1,2.0,1169.46,710.44,2024-04-26,2024-04-26,1169.46,60.75,One-time,615,1,1,1,111,Lost Customers,Inactive
14555,2,5.0,16356.15,6615.91,2025-02-03,2025-05-15,8178.08,40.45,Repeat,231,2,2,2,222,Lost Customers,Inactive
14556,3,5.0,49809.649999999994,19632.68,2024-04-02,2024-08-28,16603.22,39.42,Repeat,491,1,3,3,133,At Risk,Inactive
14557,6,17.0,57276.77,24413.3,2024-05-08,2025-07-16,9546.13,42.62,Repeat,169,3,5,4,354,Potential Loyalists,At Risk
14558,3,11.0,84551.23,43446.14,2024-09-08,2025-11-22,28183.74,51.38,Repeat,40,5,3,4,534,Loyal Customers,Active
14559,1,2.0,6097.27,3427.17,2025-07-04,2025-07-04,6097.27,56.21,One-time,181,3,1,1,311,Potential Loyalists,Inactive
14560,2,10.0,26006.23,8257.539999999999,2024-11-23,2025-03-03,13003.12,31.75,Repeat,304,2,2,2,222,Lost Customers,Inactive
14561,6,16.0,121900.91,63277.17999999999,2024-03-31,2025-12-25,20316.82,51.91,Repeat,7,5,5,5,555,Champions,Active
14562,2,4.0,11486.0,4335.0,2024-01-04,2025-08-10,5743.0,37.74,Repeat,144,3,2,1,321,Potential Loyalists,At Risk
14563,3,7.0,20452.15,9851.380000000001,2024-02-24,2025-04-10,6817.38,48.17,Repeat,266,2,3,2,232,At Risk,Inactive
14564,2,14.0,52563.96,24685.68,2024-11-02,2025-06-30,26281.98,46.96,Repeat,185,3,2,3,323,Potential Loyalists,Inactive
14565,2,7.0,26565.0,10399.02,2025-01-15,2025-03-30,13282.5,39.15,Repeat,277,2,2,2,222,Lost Customers,Inactive
14567,2,10.0,22888.87,10204.82,2025-06-10,2025-09-12,11444.44,44.58,Repeat,111,3,2,2,322,Potential Loyalists,At Risk
14568,6,14.0,84981.51,45263.869999999995,2024-11-22,2025-08-07,14163.58,53.26,Repeat,147,3,5,4,354,Potential Loyalists,At Risk
14569,3,8.0,52551.71000000001,24019.02,2024-09-11,2025-02-26,17517.24,45.71,Repeat,309,2,3,3,233,At Risk,Inactive
14570,6,20.0,86159.33,38731.07,2024-02-12,2025-11-22,14359.89,44.95,Repeat,40,5,5,4,554,Champions,Active
14571,3,7.0,19370.730000000003,8177.63,2024-03-15,2024-06-11,6456.91,42.22,Repeat,569,1,3,2,132,At Risk,Inactive
14572,2,8.0,58252.46,27291.66,2024-11-05,2025-01-19,29126.23,46.85,Repeat,347,1,2,4,124,Lost Customers,Inactive
14573,3,9.0,87786.18999999999,47400.58,2024-11-05,2025-06-23,29262.06,54.0,Repeat,192,2,3,4,234,At Risk,Inactive
14574,1,2.0,14753.33,7255.21,2025-10-11,2025-10-11,14753.33,49.18,One-time,82,4,1,2,412,New Customers,Active
14575,1,2.0,2464.33,850.54,2024-01-27,2024-01-27,2464.33,34.51,One-time,705,1,1,1,111,Lost Customers,Inactive
14576,4,7.0,28241.340000000004,12373.65,2024-10-18,2025-11-25,7060.34,43.81,Repeat,37,5,4,2,542,Loyal Customers,Active
14577,6,18.0,79016.57,29889.23,2024-05-20,2025-12-30,13169.43,37.83,Repeat,2,5,5,4,554,Champions,Active
14578,4,9.0,33737.74,16828.93,2024-03-05,2025-06-20,8434.44,49.88,Repeat,195,2,4,3,243,At Risk,Inactive
14579,3,11.0,22263.31,9596.220000000001,2024-09-21,2025-09-15,7421.1,43.1,Repeat,108,4,3,2,432,Loyal Customers,At Risk
14580,4,8.0,47710.11,19723.14,2024-03-18,2025-09-03,11927.53,41.34,Repeat,120,3,4,3,343,Potential Loyalists,At Risk
14581,2,7.0,5027.39,1518.79,2025-09-11,2025-10-11,2513.7,30.21,Repeat,82,4,2,1,421,New Customers,Active
14582,3,8.0,13955.42,5654.9800000000005,2024-04-01,2024-12-02,4651.81,40.52,Repeat,395,1,3,1,131,At Risk,Inactive
14583,3,8.0,22613.84,8878.71,2024-08-28,2025-01-12,7537.95,39.26,Repeat,354,1,3,2,132,At Risk,Inactive
14584,2,4.0,15620.92,5523.88,2025-11-23,2025-12-20,7810.46,35.36,Repeat,12,5,2,2,522,New Customers,Active
14585,1,1.0,8903.25,3214.78,2024-04-27,2024-04-27,8903.25,36.11,One-time,614,1,1,1,111,Lost Customers,Inactive
14586,6,19.0,86581.69,38063.42,2024-05-03,2025-11-28,14430.28,43.96,Repeat,34,5,5,4,554,Champions,Active
14587,3,17.0,68257.81,29254.4,2024-10-24,2025-10-31,22752.6,42.86,Repeat,62,4,3,4,434,Loyal Customers,Active
14588,3,16.0,25975.22,8068.049999999999,2024-09-12,2025-08-02,8658.41,31.06,Repeat,152,3,3,2,332,Potential Loyalists,At Risk
14589,2,3.0,42262.1,16735.62,2024-08-03,2025-10-01,21131.05,39.6,Repeat,92,4,2,3,423,New Customers,At Risk
14590,2,5.0,39532.11,19484.510000000002,2025-01-12,2025-10-03,19766.06,49.29,Repeat,90,4,2,3,423,New Customers,Active
14591,6,15.0,48402.58,21525.95,2024-02-06,2025-06-23,8067.1,44.47,Repeat,192,2,5,3,253,At Risk,Inactive
14592,2,7.0,10751.310000000001,4279.74,2024-07-03,2024-10-29,5375.66,39.81,Repeat,429,1,2,1,121,Lost Customers,Inactive
14593,2,5.0,56735.92,24461.640000000003,2024-01-11,2025-06-01,28367.96,43.11,Repeat,214,2,2,4,224,Lost Customers,Inactive
14594,4,9.0,19952.660000000003,6157.88,2024-02-02,2025-01-29,4988.17,30.86,Repeat,337,1,4,2,142,At Risk,Inactive
14595,5,11.0,89927.86,35158.61,2024-07-12,2025-08-31,17985.57,39.1,Repeat,123,3,5,4,354,Potential Loyalists,At Risk
14596,6,21.0,89413.24,36269.65,2024-04-14,2025-10-22,14902.21,40.56,Repeat,71,4,5,4,454,Champions,Active
14597,5,12.0,88397.61,32610.61,2024-02-18,2024-10-07,17679.52,36.89,Repeat,451,1,5,4,154,At Risk,Inactive
14598,6,31.0,192889.02,92989.67,2024-03-17,2025-12-19,32148.17,48.21,Repeat,13,5,5,5,555,Champions,Active
14599,5,17.0,125578.32,65819.31999999999,2024-01-30,2025-03-05,25115.66,52.41,Repeat,302,2,5,5,255,At Risk,Inactive
14600,3,6.0,20519.530000000002,6828.33,2024-05-07,2025-07-30,6839.84,33.28,Repeat,155,3,3,2,332,Potential Loyalists,At Risk
14601,7,31.0,212287.32,85091.8,2024-01-26,2025-05-08,30326.76,40.08,Repeat,238,2,5,5,255,At Risk,Inactive
14602,4,8.0,55341.32,19769.84,2024-01-02,2025-10-14,13835.33,35.72,Repeat,79,4,4,3,443,Loyal Customers,Active
14603,2,9.0,45387.53,18707.239999999998,2024-05-11,2024-08-31,22693.76,41.22,Repeat,488,1,2,3,123,Lost Customers,Inactive
14604,6,15.0,34992.85,17188.2,2024-06-10,2025-12-11,5832.14,49.12,Repeat,21,5,5,3,553,Loyal Customers,Active
14605,3,3.0,4335.11,2101.38,2024-05-09,2025-08-11,1445.04,48.47,Repeat,143,3,3,1,331,Potential Loyalists,At Risk
14606,3,8.0,20331.67,9251.93,2025-05-01,2025-11-10,6777.22,45.51,Repeat,52,4,3,2,432,Loyal Customers,Active
14607,2,5.0,48580.5,23585.920000000002,2024-01-11,2025-10-07,24290.25,48.55,Repeat,86,4,2,3,423,New Customers,Active
14608,4,15.0,81747.38,34659.67,2024-05-18,2024-12-17,20436.84,42.4,Repeat,380,1,4,4,144,At Risk,Inactive
14609,2,6.0,11108.94,4656.3099999999995,2024-05-30,2025-11-18,5554.47,41.91,Repeat,44,5,2,1,521,New Customers,Active
14610,2,3.0,16219.8,9200.77,2024-09-18,2024-10-09,8109.9,56.73,Repeat,449,1,2,2,122,Lost Customers,Inactive
14612,1,7.0,9269.29,4958.75,2024-06-26,2024-06-26,9269.29,53.5,One-time,554,1,1,1,111,Lost Customers,Inactive
14613,3,11.0,60228.96,25132.15,2024-05-01,2025-06-18,20076.32,41.73,Repeat,197,2,3,4,234,At Risk,Inactive
14614,3,7.0,8319.31,2985.93,2024-11-17,2025-06-05,2773.1,35.89,Repeat,210,2,3,1,231,At Risk,Inactive
14615,7,22.0,164134.59999999998,77961.67,2024-04-01,2025-07-05,23447.8,47.5,Repeat,180,3,5,5,355,Potential Loyalists,At Risk
14616,5,14.0,35587.81,15432.52,2024-01-30,2025-04-30,7117.56,43.36,Repeat,246,2,5,3,253,At Risk,Inactive
14617,5,20.0,170174.8,51725.33,2024-02-19,2025-12-28,34034.96,30.4,Repeat,4,5,5,5,555,Champions,Active
14618,3,7.0,46432.700000000004,17322.84,2024-09-22,2025-09-20,15477.57,37.31,Repeat,103,4,3,3,433,Loyal Customers,At Risk
14619,5,12.0,58541.2,26280.88,2024-05-15,2025-09-26,11708.24,44.89,Repeat,97,4,5,4,454,Champions,At Risk
14620,3,7.0,33921.78,11248.6,2024-09-30,2025-06-14,11307.26,33.16,Repeat,201,2,3,3,233,At Risk,Inactive
14621,3,6.0,18037.65,8706.39,2024-10-17,2025-05-19,6012.55,48.27,Repeat,227,2,3,2,232,At Risk,Inactive
14622,5,12.0,73130.11,35251.77,2024-02-20,2025-08-28,14626.02,48.2,Repeat,126,3,5,4,354,Potential Loyalists,At Risk
14623,2,14.0,293058.41,151787.35,2025-11-03,2025-12-25,146529.2,51.79,Repeat,7,5,2,5,525,New Customers,Active
14624,2,3.0,2199.42,1246.16,2024-03-06,2024-08-16,1099.71,56.66,Repeat,503,1,2,1,121,Lost Customers,Inactive
14625,4,11.0,107402.05,52450.78,2024-01-01,2025-06-18,26850.51,48.84,Repeat,197,2,4,5,245,At Risk,Inactive
14626,5,15.0,42667.68,22987.87,2024-06-10,2025-09-20,8533.54,53.88,Repeat,103,4,5,3,453,Loyal Customers,At Risk
14627,4,15.0,36006.25,18092.78,2024-04-29,2025-09-12,9001.56,50.25,Repeat,111,3,4,3,343,Potential Loyalists,At Risk
14628,5,16.0,33714.75,15778.36,2024-06-06,2025-10-13,6742.95,46.8,Repeat,80,4,5,3,453,Loyal Customers,Active
14629,5,16.0,32250.010000000002,15030.66,2024-01-22,2025-08-20,6450.0,46.61,Repeat,134,3,5,2,352,Potential Loyalists,At Risk
14630,3,7.0,43567.229999999996,18550.05,2024-02-09,2025-03-23,14522.41,42.58,Repeat,284,2,3,3,233,At Risk,Inactive
14631,5,12.0,64483.31,22166.94,2024-10-14,2025-12-06,12896.66,34.38,Repeat,26,5,5,4,554,Champions,Active
14632,2,3.0,2600.48,1027.8400000000001,2024-03-25,2025-06-27,1300.24,39.53,Repeat,188,2,2,1,221,Lost Customers,Inactive
14633,2,7.0,9137.880000000001,4228.09,2024-05-11,2024-11-24,4568.94,46.27,Repeat,403,1,2,1,121,Lost Customers,Inactive
14634,1,1.0,965.14,406.81,2024-04-16,2024-04-16,965.14,42.15,One-time,625,1,1,1,111,Lost Customers,Inactive
14635,5,14.0,41393.28,19873.97,2024-07-29,2025-09-04,8278.66,48.01,Repeat,119,3,5,3,353,Potential Loyalists,At Risk
14636,3,3.0,13205.41,5503.860000000001,2024-05-29,2025-05-22,4401.8,41.68,Repeat,224,2,3,1,231,At Risk,Inactive
14637,4,9.0,165107.93,59287.67,2024-08-30,2025-10-02,41276.98,35.91,Repeat,91,4,4,5,445,Champions,At Risk
14638,4,13.0,145641.2,81829.69,2024-08-25,2025-04-01,36410.3,56.19,Repeat,275,2,4,5,245,At Risk,Inactive
14639,1,6.0,14726.74,2978.44,2024-07-07,2024-07-07,14726.74,20.22,One-time,543,1,1,1,111,Lost Customers,Inactive
14640,4,8.0,181335.80000000002,83988.8,2024-05-16,2025-05-13,45333.95,46.32,Repeat,233,2,4,5,245,At Risk,Inactive
14641,6,18.0,40616.58,15411.72,2024-07-19,2025-08-13,6769.43,37.94,Repeat,141,3,5,3,353,Potential Loyalists,At Risk
14642,2,3.0,60857.53,27948.45,2024-07-18,2025-04-09,30428.76,45.92,Repeat,267,2,2,4,224,Lost Customers,Inactive
14643,1,2.0,2923.62,1058.05,2025-03-31,2025-03-31,2923.62,36.19,One-time,276,2,1,1,211,Lost Customers,Inactive
14644,4,11.0,186630.47,89008.31,2024-01-18,2025-09-04,46657.62,47.69,Repeat,119,3,4,5,345,Potential Loyalists,At Risk
14645,8,20.0,136095.94,53167.46,2024-04-20,2025-11-02,17011.99,39.07,Repeat,60,4,5,5,455,Champions,Active
14646,3,7.0,55078.020000000004,27399.01,2025-07-05,2025-12-11,18359.34,49.75,Repeat,21,5,3,3,533,Loyal Customers,Active
14647,7,16.0,79397.33,37497.57,2024-01-03,2025-11-23,11342.48,47.23,Repeat,39,5,5,4,554,Champions,Active
14648,4,9.0,21954.61,8508.69,2024-03-27,2025-08-17,5488.65,38.76,Repeat,137,3,4,2,342,Potential Loyalists,At Risk
14649,4,9.0,80696.68,27992.52,2024-07-09,2025-10-15,20174.17,34.69,Repeat,78,4,4,4,444,Champions,Active
14650,3,11.0,72523.86,34807.11,2025-06-18,2025-12-17,24174.62,47.99,Repeat,15,5,3,4,534,Loyal Customers,Active
14651,3,4.0,7945.09,2733.41,2024-05-07,2025-11-14,2648.36,34.4,Repeat,48,5,3,1,531,Loyal Customers,Active
14652,3,7.0,98077.2,45615.85,2025-03-11,2025-09-28,32692.4,46.51,Repeat,95,4,3,5,435,Loyal Customers,At Risk
14653,2,8.0,14016.5,6297.25,2024-09-06,2025-03-30,7008.25,44.93,Repeat,277,2,2,1,221,Lost Customers,Inactive
14654,5,13.0,203612.0,102420.45,2024-06-02,2025-10-10,40722.4,50.3,Repeat,83,4,5,5,455,Champions,Active
14655,3,12.0,27527.68,13364.58,2024-03-28,2025-07-27,9175.89,48.55,Repeat,158,3,3,2,332,Potential Loyalists,At Risk
14656,3,6.0,57478.04,21506.96,2024-06-14,2025-05-15,19159.35,37.42,Repeat,231,2,3,4,234,At Risk,Inactive
14657,1,1.0,15200.09,8845.24,2024-02-02,2024-02-02,15200.09,58.19,One-time,699,1,1,2,112,Lost Customers,Inactive
14658,1,5.0,129792.38,42164.04,2025-06-02,2025-06-02,129792.38,32.49,One-time,213,2,1,5,215,Lost Customers,Inactive
14659,2,3.0,40321.75,13419.970000000001,2024-07-06,2025-05-20,20160.88,33.28,Repeat,226,2,2,3,223,Lost Customers,Inactive
14660,8,24.0,135108.03,58851.39,2024-04-10,2025-11-26,16888.5,43.56,Repeat,36,5,5,5,555,Champions,Active
14661,3,12.0,53215.8,22271.83,2025-08-14,2025-11-27,17738.6,41.85,Repeat,35,5,3,3,533,Loyal Customers,Active
14662,2,2.0,6134.8,2881.8599999999997,2024-05-06,2024-06-12,3067.4,46.98,Repeat,568,1,2,1,121,Lost Customers,Inactive
14663,3,13.0,129327.29999999999,56854.4,2025-02-21,2025-05-16,43109.1,43.96,Repeat,230,2,3,5,235,At Risk,Inactive
14664,5,14.0,66143.03,31298.59,2024-11-01,2025-08-15,13228.61,47.32,Repeat,139,3,5,4,354,Potential Loyalists,At Risk
14665,6,15.0,236507.03,104088.84,2024-03-15,2025-06-03,39417.84,44.01,Repeat,212,2,5,5,255,At Risk,Inactive
14666,6,16.0,73794.77,32439.989999999998,2024-01-12,2025-08-20,12299.13,43.96,Repeat,134,3,5,4,354,Potential Loyalists,At Risk
14667,2,2.0,7644.63,4044.87,2024-05-25,2025-08-01,3822.32,52.91,Repeat,153,3,2,1,321,Potential Loyalists,At Risk
14668,5,19.0,83123.5,34164.229999999996,2024-03-18,2025-09-28,16624.7,41.1,Repeat,95,4,5,4,454,Champions,At Risk
14669,2,3.0,14877.34,6732.429999999999,2024-01-16,2024-07-15,7438.67,45.25,Repeat,535,1,2,2,122,Lost Customers,Inactive
14670,2,9.0,27550.309999999998,12705.06,2024-08-15,2025-09-10,13775.16,46.12,Repeat,113,3,2,2,322,Potential Loyalists,At Risk
14671,2,6.0,4293.17,2226.16,2024-01-06,2025-07-03,2146.58,51.85,Repeat,182,3,2,1,321,Potential Loyalists,Inactive
14672,2,8.0,32083.82,15804.689999999999,2024-11-27,2024-12-01,16041.91,49.26,Repeat,396,1,2,2,122,Lost Customers,Inactive
14673,2,5.0,23710.969999999998,10754.6,2024-02-26,2024-05-25,11855.48,45.36,Repeat,586,1,2,2,122,Lost Customers,Inactive
14674,5,11.0,119596.4,54943.57000000001,2024-02-16,2025-07-28,23919.28,45.94,Repeat,157,3,5,5,355,Potential Loyalists,At Risk
14675,7,21.0,121483.45000000001,53362.1,2024-02-05,2025-11-15,17354.78,43.93,Repeat,47,5,5,5,555,Champions,Active
14676,6,24.0,70458.9,31938.11,2024-04-24,2025-09-19,11743.15,45.33,Repeat,104,4,5,4,454,Champions,At Risk
14677,5,18.0,97869.91,46287.64,2024-03-15,2025-12-18,19573.98,47.3,Repeat,14,5,5,5,555,Champions,Active
14678,6,17.0,70691.07,34431.579999999994,2024-01-16,2025-11-05,11781.84,48.71,Repeat,57,4,5,4,454,Champions,Active
14679,2,4.0,59707.12,31592.43,2025-02-21,2025-05-13,29853.56,52.91,Repeat,233,2,2,4,224,Lost Customers,Inactive
14680,2,3.0,5524.87,2166.9399999999996,2025-03-26,2025-12-03,2762.44,39.22,Repeat,29,5,2,1,521,New Customers,Active
14681,2,5.0,15457.910000000002,7321.8,2024-01-28,2024-03-08,7728.96,47.37,Repeat,664,1,2,2,122,Lost Customers,Inactive
14682,3,3.0,26534.34,14189.0,2024-01-24,2025-09-27,8844.78,53.47,Repeat,96,4,3,2,432,Loyal Customers,At Risk
14683,3,12.0,127816.51000000001,64319.149999999994,2024-01-30,2024-12-09,42605.5,50.32,Repeat,388,1,3,5,135,At Risk,Inactive
14684,2,7.0,103332.43,41311.6,2025-01-09,2025-05-03,51666.22,39.98,Repeat,243,2,2,5,225,Lost Customers,Inactive
14685,3,7.0,40390.950000000004,19974.989999999998,2024-04-19,2025-03-06,13463.65,49.45,Repeat,301,2,3,3,233,At Risk,Inactive
14686,3,13.0,19970.95,9991.56,2024-06-24,2025-02-04,6656.98,50.03,Repeat,331,1,3,2,132,At Risk,Inactive
14687,6,13.0,113408.6,48806.25,2024-02-18,2025-02-12,18901.43,43.04,Repeat,323,1,5,5,155,At Risk,Inactive
14688,6,15.0,76913.19,29497.36,2024-02-13,2025-07-14,12818.86,38.35,Repeat,171,3,5,4,354,Potential Loyalists,At Risk
14689,2,12.0,94702.05,26781.76,2025-09-06,2025-12-01,47351.02,28.28,Repeat,31,5,2,4,524,New Customers,Active
14690,3,11.0,16820.55,7951.66,2024-01-27,2025-08-10,5606.85,47.27,Repeat,144,3,3,2,332,Potential Loyalists,At Risk
14691,2,6.0,12491.279999999999,5971.16,2024-05-15,2024-12-02,6245.64,47.8,Repeat,395,1,2,1,121,Lost Customers,Inactive
14692,4,11.0,30045.2,11648.43,2024-08-11,2025-07-31,7511.3,38.77,Repeat,154,3,4,2,342,Potential Loyalists,At Risk
14693,3,6.0,29870.46,13849.19,2025-01-01,2025-08-28,9956.82,46.36,Repeat,126,3,3,2,332,Potential Loyalists,At Risk
14694,4,12.0,31311.29,15800.29,2024-01-10,2025-10-05,7827.82,50.46,Repeat,88,4,4,2,442,Loyal Customers,Active
14695,1,6.0,7712.68,3346.41,2024-12-29,2024-12-29,7712.68,43.39,One-time,368,1,1,1,111,Lost Customers,Inactive
14696,5,15.0,105701.87,50953.92,2024-03-18,2025-09-20,21140.37,48.21,Repeat,103,4,5,5,455,Champions,At Risk
14697,1,3.0,1220.13,718.8,2024-02-10,2024-02-10,1220.13,58.91,One-time,691,1,1,1,111,Lost Customers,Inactive
14698,1,1.0,28061.46,5452.03,2025-04-27,2025-04-27,28061.46,19.43,One-time,249,2,1,2,212,Lost Customers,Inactive
14699,4,10.0,44577.38,19958.66,2024-02-23,2025-12-23,11144.34,44.77,Repeat,9,5,4,3,543,Loyal Customers,Active
14700,7,18.0,45454.799999999996,21976.11,2024-01-29,2025-07-15,6493.54,48.35,Repeat,170,3,5,3,353,Potential Loyalists,At Risk
14701,3,12.0,66786.87999999999,30915.67,2024-03-28,2024-11-25,22262.29,46.29,Repeat,402,1,3,4,134,At Risk,Inactive
14702,3,5.0,25727.61,11677.65,2024-02-03,2025-09-04,8575.87,45.39,Repeat,119,3,3,2,332,Potential Loyalists,At Risk
14703,5,15.0,82148.23999999999,28420.600000000002,2024-01-12,2025-07-15,16429.65,34.6,Repeat,170,3,5,4,354,Potential Loyalists,At Risk
14704,2,8.0,25000.21,10662.99,2024-03-19,2025-10-18,12500.1,42.65,Repeat,75,4,2,2,422,New Customers,Active
14705,4,7.0,47275.84,24244.16,2025-06-10,2025-12-20,11818.96,51.28,Repeat,12,5,4,3,543,Loyal Customers,Active
14706,4,7.0,13720.030000000002,3841.2400000000002,2024-04-24,2025-05-02,3430.01,28.0,Repeat,244,2,4,1,241,At Risk,Inactive
14707,4,13.0,69877.73,29303.84,2024-03-19,2024-11-16,17469.43,41.94,Repeat,411,1,4,4,144,At Risk,Inactive
14708,5,15.0,135989.41999999998,72947.24,2024-01-05,2025-07-09,27197.88,53.64,Repeat,176,3,5,5,355,Potential Loyalists,At Risk
14709,2,4.0,2231.57,880.85,2024-05-05,2024-07-23,1115.79,39.47,Repeat,527,1,2,1,121,Lost Customers,Inactive
14710,4,21.0,301953.36,145615.54,2024-07-25,2025-07-31,75488.34,48.22,Repeat,154,3,4,5,345,Potential Loyalists,At Risk
14711,7,24.0,68157.31,29311.49,2024-02-02,2025-08-28,9736.76,43.01,Repeat,126,3,5,4,354,Potential Loyalists,At Risk
14712,4,15.0,39741.479999999996,19401.12,2024-04-16,2025-02-03,9935.37,48.82,Repeat,332,1,4,3,143,At Risk,Inactive
14713,1,4.0,12793.740000000002,5536.05,2024-11-15,2024-11-15,12793.74,43.27,One-time,412,1,1,1,111,Lost Customers,Inactive
14714,3,10.0,79998.16,29943.01,2024-04-07,2025-11-01,26666.05,37.43,Repeat,61,4,3,4,434,Loyal Customers,Active
14715,2,4.0,13802.36,4916.92,2024-12-27,2025-06-16,6901.18,35.62,Repeat,199,2,2,1,221,Lost Customers,Inactive
14716,6,22.0,104648.92,47144.04,2024-03-15,2025-12-03,17441.49,45.05,Repeat,29,5,5,5,555,Champions,Active
14719,5,11.0,68257.98,23160.89,2024-08-25,2025-09-19,13651.6,33.93,Repeat,104,4,5,4,454,Champions,At Risk
14720,2,4.0,24011.47,7339.85,2024-12-29,2025-11-01,12005.74,30.57,Repeat,61,4,2,2,422,New Customers,Active
14721,6,12.0,145914.55000000002,60319.23,2024-04-02,2025-09-11,24319.09,41.34,Repeat,112,3,5,5,355,Potential Loyalists,At Risk
14722,2,3.0,41724.54,18044.97,2024-09-29,2025-06-24,20862.27,43.25,Repeat,191,2,2,3,223,Lost Customers,Inactive
14723,1,2.0,3259.32,1116.3,2024-03-23,2024-03-23,3259.32,34.25,One-time,649,1,1,1,111,Lost Customers,Inactive
14724,4,14.0,58446.95,25863.72,2024-08-07,2025-06-24,14611.74,44.25,Repeat,191,2,4,4,244,At Risk,Inactive
14725,8,20.0,60284.4,24917.769999999997,2024-02-04,2025-11-02,7535.55,41.33,Repeat,60,4,5,4,454,Champions,Active
14726,5,11.0,26047.89,11801.79,2024-10-05,2025-06-18,5209.58,45.31,Repeat,197,2,5,2,252,At Risk,Inactive
14727,5,8.0,103524.47,40704.38,2024-06-11,2025-07-29,20704.89,39.32,Repeat,156,3,5,5,355,Potential Loyalists,At Risk
14728,4,14.0,39325.46,19071.27,2024-07-07,2025-07-05,9831.36,48.5,Repeat,180,3,4,3,343,Potential Loyalists,At Risk
14729,6,16.0,92691.95999999999,44470.91,2024-01-25,2025-12-26,15448.66,47.98,Repeat,6,5,5,4,554,Champions,Active
14730,5,20.0,76014.81999999999,35801.27,2024-04-13,2025-11-12,15202.96,47.1,Repeat,50,4,5,4,454,Champions,Active
14731,5,13.0,129275.25,62362.700000000004,2024-06-07,2025-06-21,25855.05,48.24,Repeat,194,2,5,5,255,At Risk,Inactive
14732,4,12.0,60418.65,29420.55,2024-02-06,2025-08-30,15104.66,48.69,Repeat,124,3,4,4,344,Potential Loyalists,At Risk
14733,1,10.0,210577.49,80020.57,2024-07-29,2024-07-29,210577.49,38.0,One-time,521,1,1,5,115,Lost Customers,Inactive
14734,2,5.0,60677.21,34897.42,2024-02-02,2025-02-15,30338.6,57.51,Repeat,320,1,2,4,124,Lost Customers,Inactive
14735,4,19.0,68329.19,31839.920000000002,2024-07-27,2025-07-24,17082.3,46.6,Repeat,161,3,4,4,344,Potential Loyalists,At Risk
14736,2,9.0,54477.950000000004,28996.49,2025-04-08,2025-04-12,27238.98,53.23,Repeat,264,2,2,3,223,Lost Customers,Inactive
14737,3,6.0,34457.36,15861.57,2025-06-09,2025-12-13,11485.79,46.03,Repeat,19,5,3,3,533,Loyal Customers,Active
14738,4,12.0,72800.5,23600.82,2024-03-12,2024-06-14,18200.12,32.42,Repeat,566,1,4,4,144,At Risk,Inactive
14739,4,13.0,36788.2,13806.96,2024-07-31,2025-04-09,9197.05,37.53,Repeat,267,2,4,3,243,At Risk,Inactive
14740,2,6.0,45561.82,23189.02,2024-08-23,2025-10-05,22780.91,50.9,Repeat,88,4,2,3,423,New Customers,Active
14741,6,19.0,196179.95,71370.6,2024-01-03,2025-12-03,32696.66,36.38,Repeat,29,5,5,5,555,Champions,Active
14742,5,13.0,56435.990000000005,28626.07,2024-03-04,2025-10-05,11287.2,50.72,Repeat,88,4,5,3,453,Loyal Customers,Active
14743,3,9.0,55503.71,14308.3,2024-05-23,2025-06-14,18501.24,25.78,Repeat,201,2,3,3,233,At Risk,Inactive
14744,3,14.0,136897.25,62046.869999999995,2024-02-15,2025-12-19,45632.42,45.32,Repeat,13,5,3,5,535,Loyal Customers,Active
14745,3,6.0,9443.07,4292.32,2024-01-15,2025-06-12,3147.69,45.45,Repeat,203,2,3,1,231,At Risk,Inactive
14746,3,13.0,105544.38,42139.450000000004,2024-03-03,2025-11-14,35181.46,39.93,Repeat,48,5,3,5,535,Loyal Customers,Active
14747,1,1.0,567.31,233.0,2024-08-21,2024-08-21,567.31,41.07,One-time,498,1,1,1,111,Lost Customers,Inactive
14748,3,8.0,11077.84,4627.37,2024-03-04,2025-07-07,3692.61,41.77,Repeat,178,3,3,1,331,Potential Loyalists,At Risk
14749,3,8.0,50353.74,17625.89,2024-04-08,2025-10-25,16784.58,35.0,Repeat,68,4,3,3,433,Loyal Customers,Active
14750,5,16.0,95794.2,43141.11,2024-01-27,2025-11-22,19158.84,45.04,Repeat,40,5,5,4,554,Champions,Active
14751,4,21.0,146289.74,56649.469999999994,2024-12-15,2025-08-03,36572.44,38.72,Repeat,151,3,4,5,345,Potential Loyalists,At Risk
14752,6,21.0,259908.3,124456.86000000002,2024-04-06,2025-09-25,43318.05,47.88,Repeat,98,4,5,5,455,Champions,At Risk
14753,3,8.0,19912.309999999998,8375.36,2024-05-18,2025-06-04,6637.44,42.06,Repeat,211,2,3,2,232,At Risk,Inactive
14754,6,11.0,29425.31,10766.220000000001,2024-01-08,2025-11-20,4904.22,36.59,Repeat,42,5,5,2,552,Loyal Customers,Active
14755,5,15.0,55628.66,20816.42,2024-03-30,2025-06-10,11125.73,37.42,Repeat,205,2,5,3,253,At Risk,Inactive
14756,1,2.0,12171.759999999998,5100.39,2025-07-11,2025-07-11,12171.76,41.9,One-time,174,3,1,1,311,Potential Loyalists,At Risk
14757,4,10.0,48412.78,17757.57,2024-02-25,2025-01-13,12103.2,36.68,Repeat,353,1,4,3,143,At Risk,Inactive
14758,1,3.0,15676.98,6419.34,2025-12-15,2025-12-15,15676.98,40.95,One-time,17,5,1,2,512,New Customers,Active
14759,5,22.0,115457.87,38502.7,2024-02-13,2024-10-11,23091.57,33.35,Repeat,447,1,5,5,155,At Risk,Inactive
14760,2,5.0,16403.93,7898.54,2024-04-24,2025-04-06,8201.96,48.15,Repeat,270,2,2,2,222,Lost Customers,Inactive
14761,2,8.0,41641.310000000005,22133.18,2024-10-12,2024-10-31,20820.66,53.15,Repeat,427,1,2,3,123,Lost Customers,Inactive
14762,3,12.0,29089.72,14057.720000000001,2025-03-20,2025-11-07,9696.57,48.33,Repeat,55,4,3,2,432,Loyal Customers,Active
14763,5,12.0,114524.34999999999,39056.59,2024-11-13,2025-05-28,22904.87,34.1,Repeat,218,2,5,5,255,At Risk,Inactive
14764,1,3.0,22190.29,11543.09,2025-02-20,2025-02-20,22190.29,52.02,One-time,315,2,1,2,212,Lost Customers,Inactive
14765,10,34.0,193195.93,76504.51,2024-04-26,2025-12-26,19319.59,39.6,Repeat,6,5,5,5,555,Champions,Active
14766,5,9.0,22031.52,9305.35,2024-05-11,2025-05-28,4406.3,42.24,Repeat,218,2,5,2,252,At Risk,Inactive
14767,4,9.0,34282.16,13237.130000000001,2024-05-01,2025-04-25,8570.54,38.61,Repeat,251,2,4,3,243,At Risk,Inactive
14768,3,8.0,79031.05,25592.51,2024-11-20,2025-04-14,26343.68,32.38,Repeat,262,2,3,4,234,At Risk,Inactive
14769,2,4.0,4119.77,1596.43,2024-07-16,2025-05-06,2059.89,38.75,Repeat,240,2,2,1,221,Lost Customers,Inactive
14770,3,9.0,34714.600000000006,15657.77,2024-09-07,2025-02-01,11571.53,45.1,Repeat,334,1,3,3,133,At Risk,Inactive
14771,5,13.0,31403.52,15419.48,2024-10-25,2025-11-09,6280.7,49.1,Repeat,53,4,5,2,452,Loyal Customers,Active
14772,6,11.0,50154.25,25630.97,2024-11-17,2025-09-11,8359.04,51.1,Repeat,112,3,5,3,353,Potential Loyalists,At Risk
14773,4,8.0,22577.4,10537.79,2024-09-04,2025-08-11,5644.35,46.67,Repeat,143,3,4,2,342,Potential Loyalists,At Risk
14774,4,7.0,36902.93,21371.64,2024-01-04,2025-04-27,9225.73,57.91,Repeat,249,2,4,3,243,At Risk,Inactive
14775,2,9.0,12808.73,6049.120000000001,2024-01-24,2024-09-23,6404.36,47.23,Repeat,465,1,2,1,121,Lost Customers,Inactive
14776,2,4.0,17676.16,4332.9400000000005,2024-09-12,2025-08-10,8838.08,24.51,Repeat,144,3,2,2,322,Potential Loyalists,At Risk
14777,1,2.0,3295.46,1910.83,2024-10-26,2024-10-26,3295.46,57.98,One-time,432,1,1,1,111,Lost Customers,Inactive
14778,4,6.0,14986.9,7505.97,2024-10-04,2025-11-08,3746.72,50.08,Repeat,54,4,4,2,442,Loyal Customers,Active
14779,1,4.0,40287.049999999996,16091.46,2025-08-03,2025-08-03,40287.05,39.94,One-time,151,3,1,3,313,Potential Loyalists,At Risk
14780,3,7.0,14266.400000000001,6223.67,2024-04-29,2025-06-13,4755.47,43.62,Repeat,202,2,3,1,231,At Risk,Inactive
14781,1,5.0,151853.17,59969.14,2024-12-22,2024-12-22,151853.17,39.49,One-time,375,1,1,5,115,Lost Customers,Inactive
14782,3,8.0,85472.53,27260.02,2024-07-23,2025-10-03,28490.84,31.89,Repeat,90,4,3,4,434,Loyal Customers,Active
14783,5,22.0,281089.33,112439.26,2024-01-13,2025-05-26,56217.87,40.0,Repeat,220,2,5,5,255,At Risk,Inactive
14784,1,2.0,9120.87,4950.97,2024-04-13,2024-04-13,9120.87,54.28,One-time,628,1,1,1,111,Lost Customers,Inactive
14785,5,13.0,78467.78,33879.409999999996,2024-06-15,2025-11-03,15693.56,43.18,Repeat,59,4,5,4,454,Champions,Active
14786,4,7.0,48074.29000000001,15629.94,2024-02-11,2024-09-06,12018.57,32.51,Repeat,482,1,4,3,143,At Risk,Inactive
14787,6,25.0,86539.49,41258.54,2024-01-31,2025-08-28,14423.25,47.68,Repeat,126,3,5,4,354,Potential Loyalists,At Risk
14788,5,11.0,64438.95,27321.0,2024-03-21,2025-11-25,12887.79,42.4,Repeat,37,5,5,4,554,Champions,Active
14789,6,19.0,198944.4,97646.94,2024-01-23,2025-08-11,33157.4,49.08,Repeat,143,3,5,5,355,Potential Loyalists,At Risk
14790,1,3.0,31292.86,14183.99,2025-05-29,2025-05-29,31292.86,45.33,One-time,217,2,1,2,212,Lost Customers,Inactive
14791,3,9.0,63756.82,35816.94,2024-04-10,2025-12-16,21252.27,56.18,Repeat,16,5,3,4,534,Loyal Customers,Active
14792,1,2.0,13756.16,6912.97,2025-03-26,2025-03-26,13756.16,50.25,One-time,281,2,1,1,211,Lost Customers,Inactive
14793,1,2.0,7889.0,3677.57,2024-02-20,2024-02-20,7889.0,46.62,One-time,681,1,1,1,111,Lost Customers,Inactive
14794,3,6.0,2406.75,1012.6700000000001,2024-01-17,2024-11-20,802.25,42.08,Repeat,407,1,3,1,131,At Risk,Inactive
14795,1,1.0,4852.52,1352.57,2025-07-04,2025-07-04,4852.52,27.87,One-time,181,3,1,1,311,Potential Loyalists,Inactive
14796,4,8.0,70545.5,28627.22,2024-11-07,2025-11-25,17636.38,40.58,Repeat,37,5,4,4,544,Champions,Active
14797,3,11.0,37013.07,15061.8,2024-05-30,2024-12-09,12337.69,40.69,Repeat,388,1,3,3,133,At Risk,Inactive
14798,4,6.0,8018.360000000001,3395.43,2024-06-07,2025-08-13,2004.59,42.35,Repeat,141,3,4,1,341,Potential Loyalists,At Risk
14799,6,26.0,124334.06,49425.72,2024-01-04,2025-07-14,20722.34,39.75,Repeat,171,3,5,5,355,Potential Loyalists,At Risk
14800,5,17.0,40637.02,18716.93,2024-01-13,2025-09-25,8127.4,46.06,Repeat,98,4,5,3,453,Loyal Customers,At Risk
14801,1,1.0,3867.99,1380.97,2024-06-16,2024-06-16,3867.99,35.7,One-time,564,1,1,1,111,Lost Customers,Inactive
14802,8,24.0,219002.61,113437.75,2024-08-09,2025-12-08,27375.33,51.8,Repeat,24,5,5,5,555,Champions,Active
14803,8,25.0,207518.11000000002,70794.81,2024-07-04,2025-11-26,25939.76,34.12,Repeat,36,5,5,5,555,Champions,Active
14804,3,9.0,35233.57,15866.82,2024-06-04,2025-01-01,11744.52,45.03,Repeat,365,1,3,3,133,At Risk,Inactive
14805,7,28.0,94104.17,49832.46,2024-06-10,2025-10-13,13443.45,52.95,Repeat,80,4,5,4,454,Champions,Active
14806,2,7.0,47351.049999999996,23631.67,2024-07-05,2025-10-03,23675.52,49.91,Repeat,90,4,2,3,423,New Customers,Active
14807,6,16.0,63336.36,25608.08,2024-05-29,2025-12-23,10556.06,40.43,Repeat,9,5,5,4,554,Champions,Active
14808,3,11.0,71600.35,36217.79,2024-05-05,2025-10-29,23866.78,50.58,Repeat,64,4,3,4,434,Loyal Customers,Active
14809,4,10.0,66010.22,27545.480000000003,2024-02-24,2025-01-29,16502.56,41.73,Repeat,337,1,4,4,144,At Risk,Inactive
14810,4,16.0,160699.78999999998,53707.86,2024-01-18,2025-01-30,40174.95,33.42,Repeat,336,1,4,5,145,At Risk,Inactive
14811,8,23.0,96489.94,48166.75,2024-07-07,2025-09-16,12061.24,49.92,Repeat,107,4,5,4,454,Champions,At Risk
14812,5,22.0,145999.49,62826.87,2024-01-24,2025-04-27,29199.9,43.03,Repeat,249,2,5,5,255,At Risk,Inactive
14814,3,4.0,28645.350000000002,8514.390000000001,2025-04-07,2025-05-03,9548.45,29.72,Repeat,243,2,3,2,232,At Risk,Inactive
14815,2,3.0,22196.469999999998,10056.56,2024-12-17,2025-02-16,11098.23,45.31,Repeat,319,1,2,2,122,Lost Customers,Inactive
14816,2,9.0,23383.33,9777.3,2025-07-03,2025-07-08,11691.66,41.81,Repeat,177,3,2,2,322,Potential Loyalists,At Risk
14817,4,8.0,36565.53,17956.61,2024-08-28,2025-04-30,9141.38,49.11,Repeat,246,2,4,3,243,At Risk,Inactive
14818,4,9.0,186722.07,77587.23,2024-08-11,2025-07-08,46680.52,41.55,Repeat,177,3,4,5,345,Potential Loyalists,At Risk
14819,10,25.0,249865.31,102506.34,2024-01-19,2025-10-26,24986.53,41.02,Repeat,67,4,5,5,455,Champions,Active
14820,4,7.0,8491.69,2981.7,2024-04-26,2025-03-24,2122.92,35.11,Repeat,283,2,4,1,241,At Risk,Inactive
14821,2,5.0,14523.51,5419.08,2024-03-15,2024-06-17,7261.76,37.31,Repeat,563,1,2,1,121,Lost Customers,Inactive
14822,8,18.0,157527.35,74254.18,2024-06-01,2025-11-10,19690.92,47.14,Repeat,52,4,5,5,455,Champions,Active
14823,4,8.0,32974.43,16154.41,2024-04-06,2024-09-24,8243.61,48.99,Repeat,464,1,4,3,143,At Risk,Inactive
14824,4,6.0,27173.34,10160.52,2024-01-30,2025-06-21,6793.34,37.39,Repeat,194,2,4,2,242,At Risk,Inactive
14825,5,16.0,64184.310000000005,25524.25,2024-04-22,2025-08-31,12836.86,39.77,Repeat,123,3,5,4,354,Potential Loyalists,At Risk
14826,3,9.0,45206.369999999995,25190.629999999997,2024-06-06,2024-12-25,15068.79,55.72,Repeat,372,1,3,3,133,At Risk,Inactive
14827,8,26.0,85629.89,40692.52,2024-01-09,2025-10-01,10703.74,47.52,Repeat,92,4,5,4,454,Champions,At Risk
14828,3,7.0,165613.68000000002,62230.24,2024-05-04,2025-10-06,55204.56,37.58,Repeat,87,4,3,5,435,Loyal Customers,Active
14829,3,7.0,45616.369999999995,21176.21,2024-07-15,2025-07-30,15205.46,46.42,Repeat,155,3,3,3,333,Potential Loyalists,At Risk
14830,3,7.0,8035.01,4015.66,2025-02-28,2025-10-14,2678.34,49.98,Repeat,79,4,3,1,431,Loyal Customers,Active
14831,2,5.0,119896.86,60532.37,2025-04-01,2025-05-06,59948.43,50.49,Repeat,240,2,2,5,225,Lost Customers,Inactive
14832,3,11.0,247981.18,109476.45999999999,2024-11-06,2025-07-19,82660.39,44.15,Repeat,166,3,3,5,335,Potential Loyalists,At Risk
14833,1,7.0,37305.62,18461.36,2024-11-24,2024-11-24,37305.62,49.49,One-time,403,1,1,3,113,Lost Customers,Inactive
14834,3,8.0,42339.53999999999,19259.42,2024-02-17,2025-10-16,14113.18,45.49,Repeat,77,4,3,3,433,Loyal Customers,Active
14835,3,4.0,18168.98,6708.15,2024-03-01,2024-03-27,6056.33,36.92,Repeat,645,1,3,2,132,At Risk,Inactive
14836,7,17.0,111728.86,47754.68,2024-03-14,2025-08-03,15961.27,42.74,Repeat,151,3,5,5,355,Potential Loyalists,At Risk
14837,4,14.0,20496.02,6867.77,2024-02-24,2025-11-21,5124.0,33.51,Repeat,41,5,4,2,542,Loyal Customers,Active
14838,3,5.0,63267.08,22965.81,2024-01-05,2025-07-30,21089.03,36.3,Repeat,155,3,3,4,334,Potential Loyalists,At Risk
14839,2,4.0,3258.1400000000003,1497.34,2025-03-09,2025-05-18,1629.07,45.96,Repeat,228,2,2,1,221,Lost Customers,Inactive
14840,5,9.0,106449.17,40290.22,2024-05-05,2025-04-18,21289.83,37.85,Repeat,258,2,5,5,255,At Risk,Inactive
14841,3,6.0,9737.029999999999,4079.3999999999996,2024-03-28,2024-10-02,3245.68,41.9,Repeat,456,1,3,1,131,At Risk,Inactive
14842,2,4.0,11292.5,5091.7,2024-09-12,2024-12-19,5646.25,45.09,Repeat,378,1,2,1,121,Lost Customers,Inactive
14843,4,7.0,12381.2,6780.099999999999,2024-09-20,2025-08-21,3095.3,54.76,Repeat,133,3,4,1,341,Potential Loyalists,At Risk
14844,5,14.0,53483.799999999996,26372.829999999998,2024-11-16,2025-08-19,10696.76,49.31,Repeat,135,3,5,3,353,Potential Loyalists,At Risk
14846,4,10.0,124339.36999999998,59103.479999999996,2024-02-02,2025-06-25,31084.84,47.53,Repeat,190,2,4,5,245,At Risk,Inactive
14847,6,11.0,14541.55,6973.24,2024-02-26,2025-07-16,2423.59,47.95,Repeat,169,3,5,1,351,Potential Loyalists,At Risk
14848,6,12.0,27327.77,11105.67,2024-04-25,2025-10-22,4554.63,40.64,Repeat,71,4,5,2,452,Loyal Customers,Active
14849,2,4.0,3584.29,1448.97,2024-05-28,2025-09-21,1792.14,40.43,Repeat,102,4,2,1,421,New Customers,At Risk
14850,1,3.0,11046.05,5998.0599999999995,2024-01-10,2024-01-10,11046.05,54.3,One-time,722,1,1,1,111,Lost Customers,Inactive
14851,2,5.0,14468.16,6251.1,2024-02-21,2024-02-23,7234.08,43.21,Repeat,678,1,2,1,121,Lost Customers,Inactive
14852,4,16.0,117355.97,55494.47,2024-03-04,2025-05-29,29338.99,47.29,Repeat,217,2,4,5,245,At Risk,Inactive
14853,4,14.0,102457.71,51384.71000000001,2024-04-26,2025-10-21,25614.43,50.15,Repeat,72,4,4,5,445,Champions,Active
14854,3,3.0,39161.28,19678.61,2024-06-22,2025-12-05,13053.76,50.25,Repeat,27,5,3,3,533,Loyal Customers,Active
14855,4,16.0,52137.46,22758.13,2024-03-08,2025-11-19,13034.36,43.65,Repeat,43,5,4,3,543,Loyal Customers,Active
14856,3,6.0,15132.02,4745.18,2024-05-23,2024-09-27,5044.01,31.36,Repeat,461,1,3,2,132,At Risk,Inactive
14857,1,4.0,2900.9300000000003,1087.14,2025-10-25,2025-10-25,2900.93,37.48,One-time,68,4,1,1,411,New Customers,Active
14858,3,3.0,2613.5,1328.25,2024-07-24,2025-10-16,871.17,50.82,Repeat,77,4,3,1,431,Loyal Customers,Active
14859,2,6.0,23006.95,10120.92,2024-09-04,2025-06-05,11503.48,43.99,Repeat,210,2,2,2,222,Lost Customers,Inactive
14860,4,11.0,79478.08,34985.340000000004,2024-04-09,2025-05-11,19869.52,44.02,Repeat,235,2,4,4,244,At Risk,Inactive
14861,3,7.0,9638.7,4505.9800000000005,2024-11-29,2025-07-27,3212.9,46.75,Repeat,158,3,3,1,331,Potential Loyalists,At Risk
14862,6,16.0,106723.73,45835.33,2024-03-01,2025-11-02,17787.29,42.95,Repeat,60,4,5,5,455,Champions,Active
14863,2,8.0,20998.98,10326.689999999999,2024-06-08,2024-10-25,10499.49,49.18,Repeat,433,1,2,2,122,Lost Customers,Inactive
14864,1,1.0,1047.53,516.08,2025-05-29,2025-05-29,1047.53,49.27,One-time,217,2,1,1,211,Lost Customers,Inactive
14865,5,19.0,87946.05,37892.83,2024-07-16,2025-09-15,17589.21,43.09,Repeat,108,4,5,4,454,Champions,At Risk
14866,2,6.0,17198.95,5491.01,2024-02-14,2024-04-24,8599.48,31.93,Repeat,617,1,2,2,122,Lost Customers,Inactive
14867,2,4.0,32917.31,12578.5,2024-05-06,2024-11-01,16458.66,38.21,Repeat,426,1,2,2,122,Lost Customers,Inactive
14868,3,7.0,11151.779999999999,5734.49,2024-04-02,2025-12-13,3717.26,51.42,Repeat,19,5,3,1,531,Loyal Customers,Active
14869,3,8.0,127237.69,24049.399999999998,2024-04-26,2025-12-15,42412.56,18.9,Repeat,17,5,3,5,535,Loyal Customers,Active
14870,4,5.0,10139.0,5170.66,2024-03-27,2025-02-09,2534.75,51.0,Repeat,326,1,4,1,141,At Risk,Inactive
14871,3,6.0,22985.11,9606.220000000001,2024-01-06,2025-10-27,7661.7,41.79,Repeat,66,4,3,2,432,Loyal Customers,Active
14872,1,1.0,676.7,117.61,2025-10-04,2025-10-04,676.7,17.38,One-time,89,4,1,1,411,New Customers,Active
14873,2,3.0,13690.279999999999,6800.17,2024-09-16,2025-09-26,6845.14,49.67,Repeat,97,4,2,1,421,New Customers,At Risk
14874,4,6.0,37155.02,13975.29,2024-11-21,2025-04-08,9288.75,37.61,Repeat,268,2,4,3,243,At Risk,Inactive
14875,2,3.0,11001.75,4500.01,2024-12-01,2025-07-15,5500.88,40.9,Repeat,170,3,2,1,321,Potential Loyalists,At Risk
14876,6,16.0,161641.58,70731.15000000001,2024-07-03,2025-08-12,26940.26,43.76,Repeat,142,3,5,5,355,Potential Loyalists,At Risk
14877,3,10.0,35412.54,17083.670000000002,2025-04-14,2025-12-18,11804.18,48.24,Repeat,14,5,3,3,533,Loyal Customers,Active
14878,4,9.0,15031.279999999999,5836.27,2024-02-01,2025-12-27,3757.82,38.83,Repeat,5,5,4,2,542,Loyal Customers,Active
14879,2,4.0,40900.65,23373.13,2024-05-27,2025-08-03,20450.32,57.15,Repeat,151,3,2,3,323,Potential Loyalists,At Risk
14880,2,6.0,14482.63,6979.99,2024-02-10,2025-07-03,7241.32,48.2,Repeat,182,3,2,1,321,Potential Loyalists,Inactive
14881,4,13.0,33666.32,12851.62,2024-01-12,2025-03-02,8416.58,38.17,Repeat,305,2,4,3,243,At Risk,Inactive
14882,2,4.0,8798.31,2113.46,2024-03-01,2025-09-02,4399.16,24.02,Repeat,121,3,2,1,321,Potential Loyalists,At Risk
14883,2,4.0,5233.110000000001,2150.11,2024-02-18,2025-03-10,2616.56,41.09,Repeat,297,2,2,1,221,Lost Customers,Inactive
14884,3,9.0,155037.63,68878.96,2024-02-26,2025-01-15,51679.21,44.43,Repeat,351,1,3,5,135,At Risk,Inactive
14885,7,15.0,89639.93000000001,40992.770000000004,2024-02-08,2025-06-22,12805.7,45.73,Repeat,193,2,5,4,254,At Risk,Inactive
14886,2,5.0,14051.970000000001,5500.879999999999,2024-06-22,2025-10-08,7025.98,39.15,Repeat,85,4,2,1,421,New Customers,Active
14887,1,4.0,13458.03,2903.5699999999997,2024-06-13,2024-06-13,13458.03,21.58,One-time,567,1,1,1,111,Lost Customers,Inactive
14889,2,7.0,94098.19,37389.41,2024-12-26,2025-05-29,47049.1,39.73,Repeat,217,2,2,4,224,Lost Customers,Inactive
14890,2,5.0,7746.63,3833.58,2025-05-27,2025-10-06,3873.32,49.49,Repeat,87,4,2,1,421,New Customers,Active
14891,5,7.0,27527.02,13388.32,2024-02-22,2025-07-27,5505.4,48.64,Repeat,158,3,5,2,352,Potential Loyalists,At Risk
14892,3,6.0,79042.68000000001,26843.62,2024-03-21,2025-11-18,26347.56,33.96,Repeat,44,5,3,4,534,Loyal Customers,Active
14893,1,5.0,2711.9500000000003,1347.5900000000001,2025-07-04,2025-07-04,2711.95,49.69,One-time,181,3,1,1,311,Potential Loyalists,Inactive
14894,2,7.0,34515.560000000005,16740.55,2024-03-14,2025-05-08,17257.78,48.5,Repeat,238,2,2,3,223,Lost Customers,Inactive
14895,4,9.0,82382.3,25405.66,2024-01-27,2025-08-05,20595.58,30.84,Repeat,149,3,4,4,344,Potential Loyalists,At Risk
14896,4,9.0,58797.12,21736.52,2024-03-31,2025-12-22,14699.28,36.97,Repeat,10,5,4,4,544,Champions,Active
14897,5,10.0,19044.7,9866.58,2024-03-29,2025-12-25,3808.94,51.81,Repeat,7,5,5,2,552,Loyal Customers,Active
14898,3,6.0,92363.69,34489.96000000001,2025-03-04,2025-09-02,30787.9,37.34,Repeat,121,3,3,4,334,Potential Loyalists,At Risk
14899,5,8.0,35727.94,19483.54,2024-01-25,2025-07-31,7145.59,54.53,Repeat,154,3,5,3,353,Potential Loyalists,At Risk
14900,4,11.0,64071.270000000004,28622.34,2024-09-15,2025-12-25,16017.82,44.67,Repeat,7,5,4,4,544,Champions,Active
14901,1,2.0,50768.35,26226.23,2025-11-21,2025-11-21,50768.35,51.66,One-time,41,5,1,3,513,New Customers,Active
14902,4,10.0,127058.05,38717.54,2024-11-29,2025-09-29,31764.51,30.47,Repeat,94,4,4,5,445,Champions,At Risk
14903,2,9.0,25048.02,11204.53,2024-08-16,2024-09-06,12524.01,44.73,Repeat,482,1,2,2,122,Lost Customers,Inactive
14904,5,20.0,160684.89,78911.42,2024-09-28,2025-12-13,32136.98,49.11,Repeat,19,5,5,5,555,Champions,Active
14905,6,23.0,60170.13,25841.420000000002,2024-02-05,2025-11-15,10028.36,42.95,Repeat,47,5,5,4,554,Champions,Active
14906,3,13.0,78078.8,31017.0,2024-02-04,2025-10-19,26026.27,39.73,Repeat,74,4,3,4,434,Loyal Customers,Active
14907,6,23.0,295425.53,145884.58,2024-03-05,2025-10-10,49237.59,49.38,Repeat,83,4,5,5,455,Champions,Active
14908,2,8.0,91833.96,42565.39,2025-02-06,2025-07-03,45916.98,46.35,Repeat,182,3,2,4,324,Potential Loyalists,Inactive
14909,5,9.0,11626.9,4800.71,2024-02-09,2025-01-21,2325.38,41.29,Repeat,345,1,5,1,151,At Risk,Inactive
14910,1,8.0,93276.70999999999,35006.91,2024-02-09,2024-02-09,93276.71,37.53,One-time,692,1,1,4,114,Lost Customers,Inactive
14911,2,10.0,47331.39000000001,22150.43,2025-04-03,2025-10-20,23665.7,46.8,Repeat,73,4,2,3,423,New Customers,Active
14912,4,8.0,36598.15,14205.9,2024-04-19,2025-12-29,9149.54,38.82,Repeat,3,5,4,3,543,Loyal Customers,Active
14913,3,7.0,24341.27,9294.1,2024-10-10,2025-08-10,8113.76,38.18,Repeat,144,3,3,2,332,Potential Loyalists,At Risk
14914,6,18.0,100305.93000000001,44978.76,2024-01-25,2025-05-14,16717.66,44.84,Repeat,232,2,5,5,255,At Risk,Inactive
14915,4,6.0,24512.38,12949.699999999999,2024-01-01,2024-09-28,6128.1,52.83,Repeat,460,1,4,2,142,At Risk,Inactive
14916,5,13.0,38527.090000000004,17388.87,2024-06-04,2025-11-08,7705.42,45.13,Repeat,54,4,5,3,453,Loyal Customers,Active
14917,6,16.0,47245.22,19756.25,2024-02-06,2025-09-08,7874.2,41.82,Repeat,115,3,5,3,353,Potential Loyalists,At Risk
14918,4,9.0,25469.94,11999.74,2024-09-26,2025-12-16,6367.48,47.11,Repeat,16,5,4,2,542,Loyal Customers,Active
14919,4,14.0,120251.73999999999,50973.44,2024-03-18,2025-03-16,30062.94,42.39,Repeat,291,2,4,5,245,At Risk,Inactive
14920,4,17.0,135582.39,65846.62,2024-01-22,2025-06-20,33895.6,48.57,Repeat,195,2,4,5,245,At Risk,Inactive
14921,3,8.0,58996.229999999996,24681.11,2024-05-01,2024-12-24,19665.41,41.84,Repeat,373,1,3,4,134,At Risk,Inactive
14922,2,4.0,3388.62,1093.46,2025-08-07,2025-10-10,1694.31,32.27,Repeat,83,4,2,1,421,New Customers,Active
14923,1,2.0,4909.16,1468.87,2024-04-10,2024-04-10,4909.16,29.92,One-time,631,1,1,1,111,Lost Customers,Inactive
14924,3,10.0,37887.22,11531.66,2024-05-09,2025-12-29,12629.07,30.44,Repeat,3,5,3,3,533,Loyal Customers,Active
14925,3,8.0,7471.469999999999,2652.81,2024-01-16,2025-09-05,2490.49,35.51,Repeat,118,3,3,1,331,Potential Loyalists,At Risk
14926,3,8.0,105694.95,58024.51,2024-03-28,2025-07-07,35231.65,54.9,Repeat,178,3,3,5,335,Potential Loyalists,At Risk
14927,4,8.0,125651.96,55062.88,2024-09-15,2025-11-28,31412.99,43.82,Repeat,34,5,4,5,545,Champions,Active
14928,4,9.0,32163.460000000003,12030.949999999999,2024-04-05,2025-08-22,8040.87,37.41,Repeat,132,3,4,2,342,Potential Loyalists,At Risk
14929,4,13.0,48843.62,19180.4,2024-06-06,2025-12-27,12210.9,39.27,Repeat,5,5,4,3,543,Loyal Customers,Active
14930,2,7.0,46468.88,19047.74,2024-05-31,2024-11-25,23234.44,40.99,Repeat,402,1,2,3,123,Lost Customers,Inactive
14931,3,15.0,208250.98,103980.65999999999,2024-09-06,2025-11-29,69416.99,49.93,Repeat,33,5,3,5,535,Loyal Customers,Active
14932,3,4.0,12720.38,5583.99,2024-09-16,2025-03-29,4240.13,43.9,Repeat,278,2,3,1,231,At Risk,Inactive
14933,5,11.0,181280.02,93053.0,2024-07-24,2025-08-15,36256.0,51.33,Repeat,139,3,5,5,355,Potential Loyalists,At Risk
14934,3,9.0,26882.19,12388.85,2024-08-01,2025-01-06,8960.73,46.09,Repeat,360,1,3,2,132,At Risk,Inactive
14935,2,9.0,12823.7,4343.1,2024-04-05,2024-11-03,6411.85,33.87,Repeat,424,1,2,1,121,Lost Customers,Inactive
14936,3,4.0,67754.88,32022.62,2024-11-28,2025-12-23,22584.96,47.26,Repeat,9,5,3,4,534,Loyal Customers,Active
14937,4,17.0,314888.26,98898.12000000001,2024-06-09,2025-04-15,78722.06,31.41,Repeat,261,2,4,5,245,At Risk,Inactive
14938,6,10.0,56060.43,21899.9,2024-04-14,2025-11-24,9343.41,39.06,Repeat,38,5,5,3,553,Loyal Customers,Active
14939,2,9.0,49201.6,15197.420000000002,2024-12-30,2025-01-23,24600.8,30.89,Repeat,343,1,2,3,123,Lost Customers,Inactive
14940,2,2.0,4584.64,2304.97,2025-02-18,2025-08-15,2292.32,50.28,Repeat,139,3,2,1,321,Potential Loyalists,At Risk
14941,5,9.0,84096.90000000001,40996.46,2024-06-22,2025-06-16,16819.38,48.75,Repeat,199,2,5,4,254,At Risk,Inactive
14942,4,10.0,13324.98,5798.57,2024-01-23,2025-08-31,3331.24,43.52,Repeat,123,3,4,1,341,Potential Loyalists,At Risk
14943,2,3.0,3337.38,1683.8799999999999,2025-02-15,2025-10-13,1668.69,50.46,Repeat,80,4,2,1,421,New Customers,Active
14944,5,15.0,32317.8,13434.99,2024-01-20,2025-01-26,6463.56,41.57,Repeat,340,1,5,2,152,At Risk,Inactive
14945,3,6.0,4667.0,2017.62,2024-02-12,2025-01-23,1555.67,43.23,Repeat,343,1,3,1,131,At Risk,Inactive
14946,3,15.0,89029.39,40884.83,2024-02-09,2025-02-19,29676.46,45.92,Repeat,316,2,3,4,234,At Risk,Inactive
14947,3,7.0,40945.88999999999,14404.699999999999,2025-03-04,2025-09-29,13648.63,35.18,Repeat,94,4,3,3,433,Loyal Customers,At Risk
14948,7,21.0,67628.67,31851.100000000002,2024-04-02,2025-07-31,9661.24,47.1,Repeat,154,3,5,4,354,Potential Loyalists,At Risk
14949,4,10.0,83872.25,22446.84,2024-06-19,2025-11-11,20968.06,26.76,Repeat,51,4,4,4,444,Champions,Active
14950,2,7.0,19794.949999999997,8100.610000000001,2024-02-25,2025-01-29,9897.47,40.92,Repeat,337,1,2,2,122,Lost Customers,Inactive
14951,6,13.0,133940.26,57485.21,2024-03-24,2025-01-15,22323.38,42.92,Repeat,351,1,5,5,155,At Risk,Inactive
14953,3,7.0,6490.83,2544.99,2024-01-11,2025-02-19,2163.61,39.21,Repeat,316,2,3,1,231,At Risk,Inactive
14954,2,4.0,81617.55,42275.270000000004,2024-09-21,2025-07-26,40808.78,51.8,Repeat,159,3,2,4,324,Potential Loyalists,At Risk
14955,2,8.0,39050.7,19414.66,2025-09-05,2025-10-29,19525.35,49.72,Repeat,64,4,2,3,423,New Customers,Active
14956,2,4.0,8416.61,3709.01,2024-05-31,2024-11-13,4208.3,44.07,Repeat,414,1,2,1,121,Lost Customers,Inactive
14957,1,2.0,1826.57,896.69,2025-11-01,2025-11-01,1826.57,49.09,One-time,61,4,1,1,411,New Customers,Active
14958,2,3.0,11669.59,5754.17,2024-11-03,2025-08-24,5834.8,49.31,Repeat,130,3,2,1,321,Potential Loyalists,At Risk
14959,3,11.0,106646.99,40483.62,2024-09-06,2025-07-20,35549.0,37.96,Repeat,165,3,3,5,335,Potential Loyalists,At Risk
14960,5,9.0,27617.66,11902.11,2024-05-08,2025-03-14,5523.53,43.1,Repeat,293,2,5,2,252,At Risk,Inactive
14961,2,5.0,19838.77,9237.64,2024-09-08,2025-02-18,9919.38,46.56,Repeat,317,2,2,2,222,Lost Customers,Inactive
14962,4,14.0,64709.67,33952.07,2024-03-03,2025-09-20,16177.42,52.47,Repeat,103,4,4,4,444,Champions,At Risk
14963,4,13.0,41292.05,20857.7,2024-06-10,2024-11-04,10323.01,50.51,Repeat,423,1,4,3,143,At Risk,Inactive
14964,3,4.0,15351.38,5889.31,2024-05-14,2025-03-20,5117.13,38.36,Repeat,287,2,3,2,232,At Risk,Inactive
14965,2,7.0,7727.3,3113.18,2025-01-22,2025-09-02,3863.65,40.29,Repeat,121,3,2,1,321,Potential Loyalists,At Risk
14966,3,3.0,77916.28,30346.78,2024-09-28,2025-09-28,25972.09,38.95,Repeat,95,4,3,4,434,Loyal Customers,At Risk
14967,3,5.0,4706.36,2282.9900000000002,2024-05-13,2025-03-15,1568.79,48.51,Repeat,292,2,3,1,231,At Risk,Inactive
14968,5,5.0,20419.12,9132.4,2024-04-12,2025-10-15,4083.82,44.72,Repeat,78,4,5,2,452,Loyal Customers,Active
14969,6,11.0,34670.909999999996,18737.989999999998,2024-01-11,2025-09-27,5778.48,54.05,Repeat,96,4,5,3,453,Loyal Customers,At Risk
14970,4,17.0,33968.130000000005,13748.810000000001,2024-08-07,2025-12-28,8492.03,40.48,Repeat,4,5,4,3,543,Loyal Customers,Active
14971,1,2.0,1420.94,568.46,2025-11-03,2025-11-03,1420.94,40.01,One-time,59,4,1,1,411,New Customers,Active
14972,4,11.0,232824.31,104071.48999999999,2024-05-30,2025-08-07,58206.08,44.7,Repeat,147,3,4,5,345,Potential Loyalists,At Risk
14973,2,4.0,54492.240000000005,27716.929999999997,2024-04-21,2024-07-21,27246.12,50.86,Repeat,529,1,2,3,123,Lost Customers,Inactive
14974,5,12.0,35298.43,15157.67,2024-04-08,2025-09-03,7059.69,42.94,Repeat,120,3,5,3,353,Potential Loyalists,At Risk
14975,3,12.0,13824.17,6578.04,2024-02-10,2025-02-24,4608.06,47.58,Repeat,311,2,3,1,231,At Risk,Inactive
14976,5,15.0,101682.36,45116.65,2024-02-24,2025-06-22,20336.47,44.37,Repeat,193,2,5,5,255,At Risk,Inactive
14977,4,10.0,16874.85,7054.22,2024-05-04,2025-10-14,4218.71,41.8,Repeat,79,4,4,2,442,Loyal Customers,Active
14978,3,9.0,80892.66,44581.58,2024-10-02,2025-03-31,26964.22,55.11,Repeat,276,2,3,4,234,At Risk,Inactive
14979,3,6.0,11338.539999999999,5723.83,2024-02-11,2025-12-16,3779.51,50.48,Repeat,16,5,3,1,531,Loyal Customers,Active
14980,6,10.0,91262.90999999999,43224.27,2024-08-13,2025-10-18,15210.48,47.36,Repeat,75,4,5,4,454,Champions,Active
14981,3,13.0,117353.38,42092.91,2024-02-16,2025-11-28,39117.79,35.87,Repeat,34,5,3,5,535,Loyal Customers,Active
14982,1,3.0,19072.72,8942.46,2025-10-18,2025-10-18,19072.72,46.89,One-time,75,4,1,2,412,New Customers,Active
14983,5,17.0,217402.02,104513.83,2024-04-08,2025-10-08,43480.4,48.07,Repeat,85,4,5,5,455,Champions,Active
14984,4,9.0,203410.06,73836.47,2024-10-02,2025-08-06,50852.52,36.3,Repeat,148,3,4,5,345,Potential Loyalists,At Risk
14985,3,10.0,149204.26,58201.64,2024-09-17,2025-03-21,49734.75,39.01,Repeat,286,2,3,5,235,At Risk,Inactive
14986,1,3.0,5371.110000000001,1407.83,2024-01-01,2024-01-01,5371.11,26.21,One-time,731,1,1,1,111,Lost Customers,Inactive
14987,6,10.0,26725.46,10884.36,2024-05-15,2025-11-21,4454.24,40.73,Repeat,41,5,5,2,552,Loyal Customers,Active
14988,6,21.0,160280.21000000002,71599.27,2024-09-15,2025-11-19,26713.37,44.67,Repeat,43,5,5,5,555,Champions,Active
14989,2,6.0,31621.61,11823.74,2024-04-29,2024-09-13,15810.8,37.39,Repeat,475,1,2,2,122,Lost Customers,Inactive
14991,3,6.0,14885.36,6272.5,2024-12-01,2025-09-21,4961.79,42.14,Repeat,102,4,3,2,432,Loyal Customers,At Risk
14992,1,3.0,2403.75,877.5,2024-01-21,2024-01-21,2403.75,36.51,One-time,711,1,1,1,111,Lost Customers,Inactive
14993,2,5.0,7526.5599999999995,3570.87,2024-06-19,2024-07-19,3763.28,47.44,Repeat,531,1,2,1,121,Lost Customers,Inactive
14994,1,6.0,30050.31,16517.57,2025-02-14,2025-02-14,30050.31,54.97,One-time,321,1,1,2,112,Lost Customers,Inactive
14995,2,5.0,34489.23,18366.11,2024-03-03,2024-04-17,17244.62,53.25,Repeat,624,1,2,3,123,Lost Customers,Inactive
14996,3,11.0,47725.16,16509.760000000002,2024-01-28,2025-05-09,15908.39,34.59,Repeat,237,2,3,3,233,At Risk,Inactive
14997,2,5.0,16273.16,6293.1900000000005,2025-12-07,2025-12-30,8136.58,38.67,Repeat,2,5,2,2,522,New Customers,Active
14998,2,14.0,82585.78,38357.26,2024-10-27,2025-10-01,41292.89,46.45,Repeat,92,4,2,4,424,New Customers,At Risk
14999,1,2.0,46506.35,23997.23,2024-05-30,2024-05-30,46506.35,51.6,One-time,581,1,1,3,113,Lost Customers,Inactive
15000,7,14.0,64937.799999999996,30506.07,2024-01-05,2025-10-27,9276.83,46.98,Repeat,66,4,5,4,454,Champions,Active
