order_id,customer_id,order_date,sales_channel,order_status,shipping_city
500001,14258,2025-05-19,Direct,Delivered,Kolkata
500002,12695,2024-07-10,Paid Search,Delivered,Delhi
500003,13130,2025-06-04,Organic,Delivered,Chennai
500004,14069,2024-05-14,Organic,Delivered,Gurugram
500005,13637,2024-04-29,Affiliate,Delivered,Bhopal
500006,12676,2025-02-01,Organic,Delivered,Kochi
500007,12832,2025-05-18,Paid Search,Delivered,Ghaziabad
500008,14972,2024-05-30,Direct,Delivered,Kolkata
500009,13786,2025-09-30,Paid Search,Delivered,Kolkata
500010,11206,2025-09-27,Paid Search,Delivered,Patna
500011,12269,2024-02-29,Affiliate,Delivered,Kolkata
500012,13711,2024-08-10,Paid Search,Delivered,Bhopal
500013,12611,2025-02-10,Social,Delivered,Bhopal
500014,12162,2024-12-24,Organic,Delivered,Kolkata
500015,13042,2024-07-05,Social,Delivered,Jaipur
500016,11880,2025-01-22,Organic,Delivered,Hyderabad
500017,13391,2025-12-04,Affiliate,Delivered,Ghaziabad
500018,13658,2024-08-12,Paid Search,Delivered,Pune
500019,14491,2024-06-09,Paid Search,Delivered,Hyderabad
500020,14778,2025-06-23,Direct,Delivered,Patna
500021,13558,2025-02-21,Affiliate,Delivered,Noida
500022,13778,2025-05-20,Social,Delivered,Ahmedabad
500023,13862,2025-04-17,Direct,Delivered,Bengaluru
500024,11651,2025-07-10,Organic,Delivered,Jaipur
500025,14578,2025-06-17,Social,Delivered,Mumbai
500026,12550,2025-03-18,,Delivered,Bengaluru
500027,14338,2024-11-28,Social,Delivered,Mumbai
500028,11086,2024-12-02,Paid Search,Delivered,Chennai
500029,11552,2024-07-12,Affiliate,Delivered,Kochi
500030,13102,2024-11-24,Organic,Delivered,Patna
500031,12893,2025-03-18,Organic,Delivered,Lucknow
500032,12013,2025-06-07,Affiliate,Delivered,Patna
500033,11105,2025-07-19,Organic,Delivered,Jaipur
500034,11141,2024-10-02,Organic,Delivered,Pune
500035,13635,2025-06-19,Paid Search,Delivered,Gurugram
500036,10106,2024-11-15,Paid Search,Delivered,Gurugram
500037,10598,2024-09-18,Social,Delivered,Ahmedabad
500038,14627,2024-04-29,Affiliate,Delivered,Gurugram
500039,14896,2024-07-13,Social,Delivered,Noida
500040,10395,2025-05-11,Email,Delivered,Ahmedabad
500041,10712,2024-06-07,Organic,Delivered,Bhopal
500042,11647,2024-02-26,Paid Search,Delivered,Gurugram
500043,12930,2024-07-17,Direct,Delivered,Mumbai
500044,10953,2025-12-25,Paid Search,Delivered,Patna
500045,14912,2024-04-19,Organic,Delivered,Kochi
500046,12471,2024-04-15,Direct,Delivered,Chandigarh
500047,12686,2024-10-21,Paid Search,Delivered,Jaipur
500048,10975,2024-10-06,Social,Delivered,Lucknow
500049,11539,2025-11-03,Organic,Delivered,Bengaluru
500050,13682,2024-06-22,Email,Delivered,Ghaziabad
500051,13164,2024-11-01,Organic,Delivered,Ahmedabad
500052,11125,2024-07-31,Social,Delivered,Bhopal
500053,12208,2024-07-01,Affiliate,Delivered,Jaipur
500054,10928,2024-08-23,Email,Delivered,Chandigarh
500055,12038,2024-07-06,Organic,Delivered,Noida
500056,11085,2025-06-09,Organic,Delivered,Patna
500057,14899,2025-07-31,Direct,Delivered,Bhopal
500058,11488,2024-05-09,Direct,Delivered,Bhopal
500059,12370,2024-12-28,Organic,Delivered,Chennai
500060,13210,2024-07-11,Paid Search,Delivered,Mumbai
500061,10206,2025-09-26,Email,Delivered,Lucknow
500062,11049,2024-03-14,Direct,Delivered,Gurugram
500063,14945,2024-10-26,Direct,Delivered,Chandigarh
500064,13485,2024-08-30,Email,Delivered,Bengaluru
500065,11210,2024-09-22,Organic,Delivered,Bhopal
500066,12151,2025-11-19,Affiliate,Delivered,Bhopal
500067,14288,2025-01-30,Direct,Delivered,Patna
500068,10986,2024-10-04,Paid Search,Delivered,Mumbai
500069,11495,2025-08-13,Social,Delivered,Lucknow
500070,11201,2025-07-22,Organic,Delivered,Pune
500071,13325,2024-04-15,Paid Search,Delivered,Gurugram
500072,12637,2024-12-03,Direct,Delivered,Pune
500073,12504,2024-10-28,Organic,Delivered,Kochi
500074,11894,2024-11-24,Affiliate,Delivered,Patna
500075,11640,2024-09-12,Organic,Delivered,Patna
500076,12569,2025-08-25,Paid Search,Delivered,Kochi
500077,13996,2025-12-29,Social,Delivered,Lucknow
500078,14063,2024-01-20,Organic,Delivered,Lucknow
500079,13923,2025-09-18,Email,Delivered,Jaipur
500080,10230,2025-09-24,Paid Search,Delivered,Lucknow
500081,12451,2024-09-24,Affiliate,Delivered,Noida
500082,11969,2024-12-20,Direct,Delivered,Lucknow
500083,14677,2024-03-15,Paid Search,Delivered,Chennai
500084,12078,2024-09-13,Organic,Delivered,Ghaziabad
500085,11235,2024-06-23,Direct,Delivered,Kolkata
500086,11255,2025-10-24,Paid Search,Delivered,Mumbai
500087,10974,2024-03-19,Organic,Delivered,Kochi
500088,12210,2024-09-05,Direct,Delivered,Pune
500089,11321,2024-12-17,Paid Search,Delivered,Noida
500090,12834,2025-12-15,Social,Delivered,Ghaziabad
500091,11155,2025-08-20,Paid Search,Delivered,Hyderabad
500092,12925,2025-11-15,Email,Delivered,Chennai
500093,13079,2024-08-14,Email,Delivered,Jaipur
500094,13350,2024-07-14,Social,Delivered,Noida
500095,14413,2025-02-21,Social,Delivered,Kochi
500096,10384,2024-09-05,Organic,Delivered,Patna
500097,10265,2024-01-12,Organic,Delivered,Kochi
500098,12301,2025-08-16,Affiliate,Delivered,Chandigarh
500099,12581,2024-03-10,Direct,Delivered,Chandigarh
500100,13789,2024-05-22,Affiliate,Delivered,Lucknow
500101,11135,2025-11-20,Email,Delivered,Kolkata
500102,12276,2025-06-19,Social,Delivered,Pune
500103,13057,2025-04-14,Social,Delivered,Gurugram
500104,13283,2024-04-04,Email,Delivered,Ahmedabad
500105,12716,2024-07-02,Organic,Delivered,Kochi
500106,12953,2024-05-30,Paid Search,Delivered,Mumbai
500107,10821,2025-04-13,Organic,Delivered,Lucknow
500108,12324,2024-12-31,Paid Search,Delivered,Bengaluru
500109,12708,2024-09-20,Affiliate,Delivered,Ahmedabad
500110,10395,2025-06-29,Paid Search,Delivered,Kochi
500111,14844,2025-07-22,Affiliate,Delivered,Chennai
500112,13167,2025-06-24,Direct,Delivered,Patna
500113,13589,2024-03-18,Direct,Delivered,Patna
500114,12673,2025-03-21,Affiliate,Delivered,Ghaziabad
500115,14654,2024-06-02,Direct,Delivered,Patna
500116,10029,2024-07-17,Paid Search,Delivered,Ghaziabad
500117,14791,2025-12-16,Affiliate,Delivered,Bhopal
500118,11035,2024-10-30,Email,Delivered,Pune
500119,14423,2025-07-29,Direct,Delivered,Pune
500120,10307,2024-06-28,Social,Delivered,Ahmedabad
500121,11565,2025-12-11,Paid Search,Delivered,Patna
500122,12852,2024-07-21,Direct,Delivered,Hyderabad
500123,13289,2024-05-13,Affiliate,Delivered,Kochi
500124,10076,2024-08-24,Organic,Delivered,Kochi
500125,11795,2024-05-06,Social,Delivered,Lucknow
500126,14213,2025-03-13,Social,Delivered,Indore
500127,10916,2024-04-15,Email,Delivered,Mumbai
500128,14738,2024-05-31,Direct,Delivered,Pune
500129,13552,2025-05-28,Social,Delivered,Kolkata
500130,14878,2024-02-01,Direct,Delivered,Kolkata
500131,14517,2024-11-17,Paid Search,Delivered,Bengaluru
500132,11133,2025-05-21,Organic,Delivered,Delhi
500133,14706,2024-11-21,Paid Search,Delivered,Ahmedabad
500134,12476,2024-01-16,Social,Delivered,Chennai
500135,11293,2024-04-25,Direct,Delivered,Kochi
500136,14456,2025-12-10,Email,Delivered,Chennai
500137,12353,2025-07-18,Paid Search,Delivered,Indore
500138,13437,2024-09-13,Social,Delivered,Bengaluru
500139,13051,2025-09-30,Direct,Delivered,Kochi
500140,11494,2024-01-05,Organic,Delivered,Patna
500141,14915,2024-02-04,Organic,Cancelled,Delhi
500142,14170,2025-10-08,Email,Delivered,Delhi
500143,12647,2025-05-07,Email,Delivered,Bhopal
500144,12870,2025-03-14,Paid Search,Delivered,Noida
500145,10348,2024-09-08,Organic,Delivered,Gurugram
500146,13650,2025-08-20,Social,Delivered,Ahmedabad
500147,14550,2025-03-20,Organic,Delivered,Mumbai
500148,14848,2024-11-14,Organic,Delivered,Ahmedabad
500149,12800,2024-10-05,Paid Search,Delivered,Indore
500150,14988,2024-09-15,Organic,Delivered,Bengaluru
500151,13992,2025-02-24,Paid Search,Delivered,Kolkata
500152,12525,2025-04-23,Affiliate,Delivered,Indore
500153,14002,2025-08-11,Organic,Delivered,Noida
500154,10784,2024-10-23,Social,Delivered,Pune
500155,13379,2024-07-04,Social,Delivered,Ghaziabad
500156,13098,2025-02-10,Organic,Delivered,Gurugram
500157,12466,2025-03-02,Affiliate,Delivered,Gurugram
500158,13220,2024-07-22,Organic,Delivered,Pune
500159,14261,2024-02-23,Direct,Delivered,Patna
500160,12861,2024-08-31,Email,Delivered,Patna
500161,11896,2024-02-21,Paid Search,Delivered,Ghaziabad
500162,12111,2024-03-01,Direct,Delivered,Chennai
500163,12842,2025-12-07,Paid Search,Delivered,Kolkata
500164,12908,2025-07-25,Paid Search,Delivered,Indore
500165,11568,2024-01-26,Paid Search,Delivered,Indore
500166,12671,2024-09-12,Email,Delivered,Chandigarh
500167,11438,2024-07-05,Email,Delivered,Jaipur
500168,14724,2025-12-13,Email,Cancelled,Bhopal
500169,12673,2024-11-15,Direct,Delivered,Kolkata
500170,14189,2024-07-08,Direct,Delivered,Kochi
500171,11898,2025-04-09,Organic,Delivered,Patna
500172,11969,2024-12-13,Direct,Delivered,Noida
500173,11443,2024-05-16,Organic,Delivered,Kochi
500174,12855,2024-08-11,Direct,Delivered,Chandigarh
500175,13082,2024-04-03,Paid Search,Cancelled,Chennai
500176,12831,2025-05-22,Paid Search,Delivered,Noida
500177,14185,2025-12-10,Paid Search,Delivered,Chennai
500178,12554,2025-08-13,Organic,Delivered,Patna
500179,14106,2024-10-01,Affiliate,Delivered,Patna
500180,10291,2024-12-22,Organic,Delivered,Ghaziabad
500181,11801,2024-02-14,Paid Search,Delivered,Delhi
500182,13563,2024-09-25,Direct,Cancelled,Bhopal
500183,11918,2024-01-24,Email,Delivered,Chennai
500184,13657,2025-06-28,Social,Delivered,Chennai
500185,12960,2025-10-26,Direct,Delivered,Delhi
500186,12421,2024-05-19,Organic,Delivered,Delhi
500187,12790,2025-05-07,Paid Search,Delivered,Patna
500188,14508,2025-03-14,Organic,Delivered,Mumbai
500189,13393,2024-11-01,Organic,Delivered,Lucknow
500190,14920,2025-06-20,Organic,Delivered,Ghaziabad
500191,10479,2025-05-11,Email,Delivered,Ghaziabad
500192,14065,2024-07-15,Paid Search,Delivered,Bhopal
500193,14457,2025-08-06,Email,Delivered,Indore
500194,14640,2025-04-24,Affiliate,Delivered,Chennai
500195,12696,2024-08-16,Paid Search,Delivered,Gurugram
500196,12438,2025-06-21,Social,Delivered,Noida
500197,12919,2025-04-13,Organic,Delivered,Hyderabad
500198,14572,2024-03-26,Affiliate,Cancelled,Lucknow
500199,14334,2024-05-01,Paid Search,Delivered,Gurugram
500200,14676,2024-08-24,Direct,Delivered,Ghaziabad
500201,14846,2024-02-02,Social,Delivered,Noida
500202,13118,2024-10-24,Email,Delivered,Chennai
500203,11296,2024-12-03,Paid Search,Delivered,Indore
500204,10754,2025-07-21,Paid Search,Delivered,Hyderabad
500205,14489,2024-05-05,Paid Search,Delivered,Ahmedabad
500206,10762,2025-02-18,Email,Cancelled,Indore
500207,10353,2025-04-30,Social,Delivered,Patna
500208,12362,2024-11-24,Affiliate,Delivered,Delhi
500209,13717,2025-10-25,Organic,Delivered,Bhopal
500210,13678,2024-08-21,Direct,Delivered,Gurugram
500211,11271,2024-10-25,Direct,Delivered,Hyderabad
500212,12507,2024-01-03,Paid Search,Delivered,Mumbai
500213,14473,2024-10-27,Organic,Delivered,Hyderabad
500214,14000,2024-01-15,Social,Delivered,Mumbai
500215,14584,2025-12-20,Organic,Delivered,Pune
500216,13849,2024-06-24,Organic,Delivered,Chennai
500217,10456,2025-08-16,Social,Delivered,Bengaluru
500218,11019,2024-03-26,Email,Delivered,Kolkata
500219,10846,2024-07-19,Organic,Delivered,Indore
500220,10664,2024-03-28,Direct,Delivered,Kochi
500221,14293,2024-09-26,Organic,Delivered,Bhopal
500222,13530,2025-03-16,Organic,Delivered,Jaipur
500223,14569,2024-11-02,Organic,Delivered,Ghaziabad
500224,11602,2025-03-18,Direct,Delivered,Ahmedabad
500225,14900,2025-08-12,Direct,Delivered,Noida
500226,14657,2024-02-02,Organic,Delivered,Chandigarh
500227,10531,2024-11-06,Email,Delivered,Kolkata
500228,14343,2025-03-10,Organic,Delivered,Chennai
500229,10554,2025-01-17,Organic,Delivered,Bhopal
500230,12257,2024-04-16,Organic,Delivered,Noida
500231,10904,2024-05-31,Affiliate,Delivered,Lucknow
500232,12903,2024-10-02,Paid Search,Delivered,Gurugram
500233,10089,2025-04-21,Social,Delivered,Delhi
500234,14236,2025-12-24,Organic,Delivered,Bhopal
500235,12382,2024-09-26,Direct,Delivered,Bhopal
500236,14357,2025-01-16,Direct,Delivered,Bengaluru
500237,12167,2024-08-12,Paid Search,Delivered,Pune
500238,12785,2024-01-25,Email,Delivered,Ghaziabad
500239,13691,2024-10-18,Email,Delivered,Indore
500240,14860,2024-09-11,Direct,Delivered,Delhi
500241,11872,2024-04-20,Social,Delivered,Bengaluru
500242,12605,2025-05-05,Paid Search,Delivered,Jaipur
500243,11623,2024-07-07,Paid Search,Delivered,Bengaluru
500244,10206,2024-06-13,Email,Delivered,Kolkata
500245,14366,2024-10-11,Social,Delivered,Lucknow
500246,12814,2025-12-06,Organic,Delivered,Indore
500247,11863,2025-04-10,Affiliate,Delivered,Hyderabad
500248,13886,2024-11-06,Direct,Delivered,Chandigarh
500249,14094,2025-08-22,Social,Delivered,Chennai
500250,14925,2024-01-16,Social,Delivered,Gurugram
500251,12185,2024-09-03,Social,Delivered,Hyderabad
500252,10527,2025-01-30,Social,Delivered,Hyderabad
500253,12427,2024-12-23,Organic,Cancelled,Indore
500254,12203,2025-05-09,Paid Search,Delivered,Pune
500255,11038,2025-05-27,Paid Search,Delivered,Patna
500256,12934,2024-11-29,Direct,Delivered,Pune
500257,12071,2025-11-10,Organic,Delivered,Hyderabad
500258,14408,2025-11-09,Paid Search,Delivered,Hyderabad
500259,10239,2024-12-13,Social,Delivered,Kolkata
500260,13580,2025-10-21,Direct,Delivered,Ahmedabad
500261,13010,2025-04-13,Social,Delivered,Hyderabad
500262,11157,2024-04-11,Paid Search,Delivered,Ahmedabad
500263,11763,2024-03-28,Social,Delivered,Gurugram
500264,14297,2024-02-28,Paid Search,Delivered,Kolkata
500265,11821,2024-06-03,Social,Delivered,Delhi
500266,13322,2024-08-16,Email,Delivered,Indore
500267,12563,2024-02-20,Social,Delivered,Delhi
500268,14476,2025-03-20,Social,Delivered,Gurugram
500269,13303,2024-10-27,Organic,Delivered,Hyderabad
500270,14172,2025-03-15,Email,Delivered,Indore
500271,14518,2025-01-02,Direct,Delivered,Lucknow
500272,10647,2024-07-17,Social,Delivered,Indore
500273,14169,2025-03-25,Affiliate,Delivered,Kolkata
500274,14803,2025-11-26,Social,Delivered,Hyderabad
500275,10182,2024-08-19,Email,Delivered,Mumbai
500276,12272,2024-08-12,Paid Search,Delivered,Kochi
500277,11275,2025-01-12,Direct,Delivered,Bhopal
500278,14913,2025-08-10,Organic,Delivered,Ghaziabad
500279,11760,2025-01-23,Organic,Delivered,Bhopal
500280,10936,2025-08-31,Organic,Delivered,Indore
500281,10479,2024-02-24,Social,Delivered,Delhi
500282,13967,2024-03-12,Email,Delivered,Patna
500283,10294,2024-10-24,Email,Delivered,Kochi
500284,11525,2024-06-18,Organic,Delivered,Indore
500285,12772,2024-01-17,Email,Delivered,Ghaziabad
500286,10225,2024-06-06,Organic,Delivered,Noida
500287,10874,2024-07-17,Affiliate,Delivered,Ahmedabad
500288,14971,2025-11-03,Paid Search,Delivered,Jaipur
500289,12290,2025-07-25,Paid Search,Delivered,Chennai
500290,11518,2024-09-13,Paid Search,Delivered,Lucknow
500291,14349,2025-12-01,Paid Search,Delivered,Pune
500292,10403,2025-09-03,Email,Delivered,Bhopal
500293,11321,2024-07-02,Direct,Delivered,Delhi
500294,14303,2024-12-15,Social,Delivered,Mumbai
500295,13765,2025-11-04,Paid Search,Delivered,Bhopal
500296,12161,2024-11-30,Paid Search,Delivered,Kolkata
500297,14904,2024-09-28,Email,Delivered,Noida
500298,12883,2025-10-22,Social,Delivered,Pune
500299,13727,2025-04-27,Affiliate,Delivered,Chennai
500300,14925,2024-11-18,Social,Delivered,Jaipur
500301,12522,2025-09-27,Paid Search,Delivered,Bengaluru
500302,12404,2025-06-28,Direct,Delivered,Noida
500303,13319,2024-09-11,Organic,Delivered,Bengaluru
500304,10336,2024-11-06,Email,Delivered,Chandigarh
500305,12144,2024-02-04,Paid Search,Delivered,Ahmedabad
500306,13456,2024-03-15,Organic,Delivered,Delhi
500307,11895,2025-11-28,Organic,Delivered,Jaipur
500308,13553,2024-02-08,Email,Delivered,Ahmedabad
500309,12017,2025-09-03,Organic,Delivered,Mumbai
500310,10972,2024-06-01,Direct,Delivered,Pune
500311,10732,2025-01-30,Paid Search,Delivered,Pune
500312,12728,2025-06-11,Paid Search,Delivered,Chandigarh
500313,10968,2025-12-25,Email,Delivered,Chandigarh
500314,11847,2024-09-30,Organic,Delivered,Chennai
500315,12600,2025-11-07,Organic,Delivered,Patna
500316,10250,2024-11-27,Paid Search,Cancelled,Chennai
500317,12103,2025-09-25,Social,Delivered,Lucknow
500318,11559,2024-03-15,Paid Search,Delivered,Hyderabad
500319,11570,2024-07-14,Social,Delivered,Bengaluru
500320,14548,2025-03-31,Email,Cancelled,Lucknow
500321,14625,2025-05-31,Direct,Delivered,Chennai
500322,11502,2025-08-10,Paid Search,Delivered,Delhi
500323,14405,2024-09-18,Affiliate,Delivered,Kochi
500324,11116,2025-04-01,Organic,Delivered,Gurugram
500325,11735,2025-03-29,Social,Delivered,Gurugram
500326,14705,2025-12-20,Paid Search,Delivered,Bhopal
500327,10509,2024-03-26,Social,Delivered,Chandigarh
500328,11912,2024-01-12,Organic,Delivered,Hyderabad
500329,14026,2025-02-24,Organic,Delivered,Patna
500330,14703,2024-01-12,Paid Search,Delivered,Jaipur
500331,14743,2024-05-23,Paid Search,Delivered,Bhopal
500332,14402,2024-12-31,Paid Search,Delivered,Bhopal
500333,14823,2024-07-14,Social,Delivered,Delhi
500334,12353,2024-07-13,Organic,Delivered,Bhopal
500335,11616,2024-09-10,Email,Delivered,Mumbai
500336,11925,2025-05-16,Paid Search,Delivered,Indore
500337,10604,2024-09-24,Organic,Delivered,Ghaziabad
500338,10689,2025-08-02,Paid Search,Delivered,Hyderabad
500339,14869,2024-04-26,Social,Delivered,Patna
500340,10954,2024-03-15,Social,Delivered,Ahmedabad
500341,13082,2024-05-01,Affiliate,Delivered,Kolkata
500342,11163,2025-11-01,Paid Search,Delivered,Kochi
500343,13321,2024-07-21,Social,Delivered,Noida
500344,12352,2024-01-22,Social,Delivered,Chennai
500345,10526,2024-08-18,Direct,Delivered,Bhopal
500346,11861,2025-05-18,Email,Delivered,Bengaluru
500347,13654,2024-09-21,Organic,Delivered,Noida
500348,14002,2024-10-08,Direct,Delivered,Ahmedabad
500349,11448,2024-03-04,Paid Search,Delivered,Indore
500350,11484,2025-05-02,Direct,Cancelled,Bengaluru
500351,13649,2024-06-10,Paid Search,Delivered,Noida
500352,12123,2024-03-12,Social,Delivered,Jaipur
500353,10351,2025-06-06,Social,Delivered,Jaipur
500354,10614,2025-11-16,Organic,Cancelled,Ghaziabad
500355,11869,2025-03-22,Email,Delivered,Kolkata
500356,11357,2025-11-16,Organic,Delivered,Ahmedabad
500357,10595,2024-10-20,Organic,Delivered,Pune
500358,13916,2025-01-14,Paid Search,Delivered,Chennai
500359,12295,2024-09-18,Direct,Delivered,Patna
500360,13536,2025-01-07,Direct,Delivered,Jaipur
500361,10010,2025-10-14,Social,Delivered,Kolkata
500362,12012,2025-04-09,Social,Delivered,Indore
500363,12391,2024-01-20,Organic,Delivered,Bengaluru
500364,12888,2025-02-28,Paid Search,Delivered,Indore
500365,14841,2024-10-02,Direct,Delivered,Delhi
500366,12292,2025-02-01,Affiliate,Delivered,Delhi
500367,12447,2025-02-11,Email,Delivered,Chennai
500368,14477,2025-03-06,Paid Search,Delivered,Delhi
500369,11993,2025-09-25,Affiliate,Delivered,Jaipur
500370,11974,2025-09-19,Direct,Delivered,Patna
500371,10799,2025-12-11,Direct,Delivered,Hyderabad
500372,13611,2025-03-22,Social,Delivered,Chennai
500373,10098,2024-07-27,Organic,Delivered,Bengaluru
500374,11093,2024-05-23,Direct,Delivered,Ahmedabad
500375,12091,2025-09-12,Social,Delivered,Ahmedabad
500376,12171,2025-10-30,Organic,Delivered,Bengaluru
500377,10193,2024-01-28,Organic,Delivered,Patna
500378,12647,2024-06-06,Social,Cancelled,Kolkata
500379,14860,2025-05-11,Direct,Delivered,Chennai
500380,10524,2024-04-30,Direct,Delivered,Chandigarh
500381,12468,2024-02-06,Direct,Delivered,Ghaziabad
500382,12938,2025-12-29,Social,Delivered,Delhi
500383,11621,2024-03-11,Direct,Delivered,Kochi
500384,12874,2024-06-05,Organic,Delivered,Jaipur
500385,11705,2025-12-23,Organic,Delivered,Indore
500386,10794,2024-03-14,Organic,Delivered,Ghaziabad
500387,14203,2025-08-07,Affiliate,Delivered,Indore
500388,14994,2025-02-14,Direct,Delivered,Pune
500389,11930,2025-01-29,Direct,Delivered,Hyderabad
500390,10463,2025-08-27,Direct,Delivered,Indore
500391,10818,2024-01-16,Social,Delivered,Bhopal
500392,14477,2024-02-14,Affiliate,Delivered,Delhi
500393,14405,2024-05-22,Paid Search,Delivered,Mumbai
500394,12458,2024-12-24,Affiliate,Delivered,Ahmedabad
500395,14357,2025-12-04,Affiliate,Delivered,Pune
500396,11114,2024-02-20,Paid Search,Delivered,Bhopal
500397,12002,2024-11-03,Organic,Delivered,Lucknow
500398,10564,2024-11-09,Paid Search,Delivered,Bengaluru
500399,12725,2024-05-23,Direct,Delivered,Jaipur
500400,13498,2024-09-08,Social,Delivered,Hyderabad
500401,14808,2024-05-26,Paid Search,Delivered,Gurugram
500402,13773,2024-04-10,Direct,Delivered,Ghaziabad
500403,13325,2025-01-16,Paid Search,Delivered,Noida
500404,13368,2025-11-11,Paid Search,Delivered,Pune
500405,13146,2024-10-22,Affiliate,Delivered,Ghaziabad
500406,12100,2025-04-09,Paid Search,Delivered,Chennai
500407,12501,2025-05-04,Paid Search,Delivered,Pune
500408,10863,2025-09-08,Email,Delivered,Lucknow
500409,10101,2025-08-25,Paid Search,Delivered,Hyderabad
500410,13948,2025-10-24,Paid Search,Delivered,Ghaziabad
500411,12481,2025-08-18,Organic,Delivered,Bhopal
500412,14357,2025-11-10,Direct,Delivered,Gurugram
500413,10609,2025-12-07,Social,Delivered,Hyderabad
500414,11960,2025-06-30,Direct,Delivered,Kolkata
500415,11287,2024-12-26,Email,Delivered,Chandigarh
500416,14207,2024-08-12,Organic,Delivered,Noida
500417,11885,2025-02-21,Paid Search,Delivered,Indore
500418,13179,2025-08-28,Paid Search,Delivered,Patna
500419,10422,2025-07-04,Affiliate,Delivered,Gurugram
500420,12635,2025-01-15,Social,Delivered,Kochi
500421,12207,2024-02-25,Email,Delivered,Pune
500422,13054,2024-07-17,Affiliate,Delivered,Ghaziabad
500423,12927,2025-02-25,Paid Search,Delivered,Kolkata
500424,10539,2024-10-09,Direct,Delivered,Lucknow
500425,10251,2024-11-29,Social,Delivered,Lucknow
500426,10627,2024-08-08,Email,Delivered,Chandigarh
500427,11089,2024-02-25,Organic,Delivered,Ghaziabad
500428,13634,2024-12-06,Paid Search,Delivered,Patna
500429,11346,2024-11-21,Affiliate,Delivered,Gurugram
500430,14850,2025-07-25,Paid Search,Cancelled,Chennai
500431,10434,2024-03-22,Direct,Delivered,Lucknow
500432,12540,2024-12-20,Email,Delivered,Kolkata
500433,13580,2025-09-16,Email,Delivered,Lucknow
500434,10271,2024-07-14,Paid Search,Delivered,Delhi
500435,12571,2024-08-19,Direct,Delivered,Kochi
500436,10341,2024-03-04,Direct,Delivered,Kochi
500437,13950,2025-02-23,Paid Search,Cancelled,Lucknow
500438,12337,2025-09-17,Social,Delivered,Indore
500439,14324,2024-12-17,Direct,Delivered,Chandigarh
500440,13289,2024-11-01,Organic,Delivered,Mumbai
500441,11585,2025-07-01,Paid Search,Delivered,Bengaluru
500442,10775,2024-11-19,Direct,Delivered,Bhopal
500443,10792,2024-10-18,Social,Delivered,Hyderabad
500444,10166,2025-07-12,Direct,Delivered,Gurugram
500445,11502,2024-07-26,Paid Search,Delivered,Kochi
500446,13648,2025-09-13,Social,Delivered,Bhopal
500447,11774,2024-07-15,Social,Delivered,Kochi
500448,10731,2025-01-08,Social,Delivered,Bhopal
500449,10401,2024-07-01,Direct,Delivered,Delhi
500450,12191,2025-04-07,Email,Delivered,Chennai
500451,11050,2024-11-13,Direct,Delivered,Kochi
500452,13671,2024-06-23,Paid Search,Delivered,Pune
500453,11685,2025-06-27,Direct,Cancelled,Mumbai
500454,10627,2025-11-14,Email,Delivered,Kolkata
500455,11364,2024-01-21,Organic,Delivered,Mumbai
500456,12214,2025-02-19,Paid Search,Delivered,Gurugram
500457,10189,2025-06-09,Paid Search,Delivered,Bhopal
500458,10558,2025-06-10,Paid Search,Delivered,Ghaziabad
500459,14805,2024-06-10,Direct,Delivered,Gurugram
500460,11738,2024-03-24,Direct,Delivered,Jaipur
500461,13741,2025-01-10,Organic,Delivered,Gurugram
500462,14563,2025-04-10,Organic,Delivered,Lucknow
500463,10568,2024-07-30,Paid Search,Delivered,Kolkata
500464,13431,2024-09-26,Direct,Delivered,Jaipur
500465,14166,2025-01-23,Email,Delivered,Mumbai
500466,10116,2024-11-24,Social,Delivered,Pune
500467,11555,2024-12-19,Social,Delivered,Ghaziabad
500468,10673,2025-05-13,Direct,Delivered,Indore
500469,10160,2025-12-20,Paid Search,Delivered,Chennai
500470,11470,2025-08-05,Organic,Delivered,Noida
500471,10915,2024-01-06,Social,Delivered,Noida
500472,14478,2024-09-12,Direct,Delivered,Chandigarh
500473,11187,2024-01-08,Email,Delivered,Chennai
500474,13736,2025-09-30,Direct,Delivered,Bengaluru
500475,10258,2025-04-16,Direct,Delivered,Bhopal
500476,13088,2024-06-09,Organic,Cancelled,Chennai
500477,13475,2025-09-05,Email,Delivered,Bengaluru
500478,10763,2025-02-15,Direct,Delivered,Ahmedabad
500479,12156,2024-02-07,Organic,Delivered,Pune
500480,14645,2024-04-20,Email,Delivered,Chennai
500481,13071,2025-08-14,Paid Search,Delivered,Mumbai
500482,14041,2024-07-30,Affiliate,Delivered,Noida
500483,12124,2025-01-18,Organic,Delivered,Chennai
500484,11198,2025-10-16,Paid Search,Delivered,Gurugram
500485,12350,2024-07-30,Email,Delivered,Pune
500486,12022,2024-01-09,Social,Delivered,Chennai
500487,14915,2024-03-02,Organic,Delivered,Bhopal
500488,12142,2025-10-31,Organic,Delivered,Delhi
500489,13137,2025-03-14,Direct,Delivered,Mumbai
500490,12938,2024-08-28,Direct,Delivered,Noida
500491,11858,2024-02-27,Email,Delivered,Delhi
500492,11875,2025-05-23,Organic,Delivered,Kochi
500493,14224,2024-01-29,Affiliate,Delivered,Ahmedabad
500494,11051,2024-03-08,Email,Delivered,Pune
500495,12080,2025-03-10,Paid Search,Delivered,Pune
500496,13335,2025-04-13,Organic,Delivered,Ghaziabad
500497,10283,2025-02-20,Organic,Delivered,Kolkata
500498,13388,2025-10-26,Organic,Delivered,Delhi
500499,14164,2024-07-15,Email,Delivered,Delhi
500500,12212,2025-02-09,Paid Search,Delivered,Noida
500501,12915,2024-08-11,Social,Delivered,Bengaluru
500502,12434,2024-09-21,Social,Delivered,Noida
500503,13330,2024-04-20,Social,Delivered,Kochi
500504,10254,2025-08-03,Social,Cancelled,Noida
500505,13087,2025-05-29,Social,Delivered,Indore
500506,12281,2025-06-05,Organic,Delivered,Jaipur
500507,10179,2024-04-13,Organic,Delivered,Hyderabad
500508,14002,2024-03-27,Social,Delivered,Jaipur
500509,10759,2025-07-25,Paid Search,Delivered,Ghaziabad
500510,12958,2025-05-01,Paid Search,Delivered,Bhopal
500511,14252,2024-01-22,Paid Search,Delivered,Ahmedabad
500512,14604,2025-04-30,Organic,Delivered,Delhi
500513,13141,2025-12-17,Organic,Delivered,Lucknow
500514,13583,2025-07-03,Email,Delivered,Kolkata
500515,12925,2024-07-21,Social,Delivered,Bhopal
500516,13889,2024-08-19,Social,Delivered,Ahmedabad
500517,14880,2025-07-03,Organic,Delivered,Ghaziabad
500518,12293,2024-10-20,Affiliate,Delivered,Indore
500519,12065,2025-06-22,Paid Search,Delivered,Noida
500520,10868,2025-12-02,Email,Delivered,Ahmedabad
500521,14897,2024-10-23,Social,Delivered,Kolkata
500522,14561,2025-02-23,Social,Delivered,Mumbai
500523,13532,2024-12-24,Affiliate,Delivered,Hyderabad
500524,13296,2025-01-06,Organic,Delivered,Bengaluru
500525,11024,2024-02-25,Organic,Delivered,Hyderabad
500526,14548,2025-12-22,Organic,Cancelled,Bengaluru
500527,10290,2025-01-30,Direct,Delivered,Gurugram
500528,13088,2024-06-16,Direct,Delivered,Noida
500529,11268,2025-02-23,Email,Delivered,Indore
500530,12273,2024-10-17,Paid Search,Delivered,Lucknow
500531,10476,2025-08-23,Organic,Cancelled,Pune
500532,10674,2025-07-09,Affiliate,Delivered,Chennai
500533,11885,2024-10-06,Organic,Delivered,Mumbai
500534,11989,2025-06-05,Paid Search,Delivered,Hyderabad
500535,14408,2024-01-25,Direct,Delivered,Lucknow
500536,12988,2025-12-07,Paid Search,Delivered,Patna
500537,10157,2025-01-08,Direct,Delivered,Kolkata
500538,14654,2025-04-23,Affiliate,Delivered,Noida
500539,13053,2025-04-16,Direct,Delivered,Chennai
500540,14147,2024-08-16,Email,Delivered,Bhopal
500541,14621,2025-05-19,Paid Search,Delivered,Mumbai
500542,12566,2024-10-17,Email,Delivered,Chennai
500543,10897,2025-05-12,Affiliate,Delivered,Kochi
500544,12240,2024-03-06,Affiliate,Delivered,Jaipur
500545,13434,2024-04-16,Direct,Delivered,Chandigarh
500546,10167,2025-11-06,Direct,Delivered,Chennai
500547,14731,2025-06-21,Email,Delivered,Indore
500548,11756,2024-04-04,Direct,Delivered,Bengaluru
500549,13299,2024-06-05,Paid Search,Delivered,Ahmedabad
500550,14907,2025-02-02,Direct,Delivered,Ahmedabad
500551,14327,2024-01-05,Direct,Delivered,Patna
500552,13706,2024-10-20,Organic,Delivered,Delhi
500553,11494,2024-08-26,Social,Delivered,Kochi
500554,12624,2024-04-08,Social,Delivered,Patna
500555,12508,2024-08-07,Affiliate,Delivered,Pune
500556,14312,2024-08-02,Organic,Delivered,Jaipur
500557,10199,2024-02-19,Social,Delivered,Chandigarh
500558,10116,2025-04-08,Social,Delivered,Bengaluru
500559,10591,2024-07-18,Paid Search,Delivered,Chennai
500560,14789,2024-01-23,Direct,Delivered,Jaipur
500561,12703,2024-01-17,Social,Delivered,Indore
500562,13499,2025-12-07,Paid Search,Delivered,Bhopal
500563,10473,2024-03-27,Direct,Delivered,Lucknow
500564,10067,2025-10-26,Organic,Delivered,Kochi
500565,13252,2024-05-01,Paid Search,Delivered,Kochi
500566,13528,2024-03-02,Paid Search,Delivered,Delhi
500567,12136,2025-02-02,Direct,Delivered,Noida
500568,10416,2025-09-26,Direct,Delivered,Kochi
500569,12449,2024-02-22,Social,Delivered,Chennai
500570,13198,2024-08-28,Paid Search,Delivered,Pune
500571,11068,2025-07-04,Social,Delivered,Pune
500572,11505,2024-02-19,Social,Delivered,Gurugram
500573,13734,2024-05-03,Social,Delivered,Ahmedabad
500574,11061,2024-08-11,Paid Search,Delivered,Chandigarh
500575,10496,2025-08-12,Organic,Delivered,Kolkata
500576,13141,2025-08-14,Direct,Delivered,Patna
500577,10116,2025-06-02,Email,Delivered,Chennai
500578,12171,2025-05-01,Organic,Delivered,Ahmedabad
500579,12848,2024-01-20,Direct,Delivered,Bhopal
500580,10323,2024-06-23,Paid Search,Delivered,Chandigarh
500581,13267,2025-11-04,Affiliate,Delivered,Kolkata
500582,14112,2025-06-09,Organic,Delivered,Gurugram
500583,14868,2024-06-25,Direct,Delivered,Jaipur
500584,11331,2025-06-01,Organic,Delivered,Pune
500585,11636,2025-06-13,Direct,Delivered,Pune
500586,13092,2025-06-27,Email,Delivered,Indore
500587,12997,2025-12-17,Organic,Delivered,Indore
500588,13047,2025-01-30,Organic,Delivered,Patna
500589,11574,2024-02-13,Direct,Delivered,Ahmedabad
500590,10281,2025-08-21,Organic,Delivered,Noida
500591,10125,2024-01-11,Organic,Delivered,Mumbai
500592,14987,2025-04-13,Email,Delivered,Indore
500593,12032,2025-08-05,Organic,Delivered,Hyderabad
500594,12239,2024-04-01,Social,Delivered,Ghaziabad
500595,13131,2025-08-05,Social,Delivered,Bhopal
500596,11027,2025-08-15,Organic,Delivered,Indore
500597,11910,2025-04-22,Paid Search,Delivered,Indore
500598,12184,2024-08-24,Organic,Delivered,Ghaziabad
500599,10475,2024-05-27,Direct,Delivered,Kochi
500600,13016,2025-05-30,Organic,Delivered,Gurugram
500601,10969,2024-04-24,Email,Delivered,Ghaziabad
500602,10016,2025-05-08,Email,Delivered,Delhi
500603,13105,2024-05-03,Affiliate,Delivered,Ghaziabad
500604,11501,2024-09-02,Paid Search,Delivered,Mumbai
500605,13590,2025-01-05,Organic,Delivered,Ahmedabad
500606,12682,2024-04-28,Social,Delivered,Ahmedabad
500607,10146,2025-08-03,Email,Delivered,Ahmedabad
500608,13473,2025-05-23,Affiliate,Delivered,Indore
500609,10204,2024-01-12,Organic,Delivered,Gurugram
500610,11567,2025-09-12,Affiliate,Delivered,Mumbai
500611,13431,2025-06-08,Organic,Delivered,Kolkata
500612,12020,2025-09-04,Social,Delivered,Delhi
500613,11925,2025-03-15,Social,Delivered,Indore
500614,11107,2025-04-02,Organic,Delivered,Hyderabad
500615,12220,2024-10-07,Direct,Delivered,Ahmedabad
500616,11466,2024-06-15,Email,Delivered,Bhopal
500617,14731,2024-06-21,Organic,Delivered,Chandigarh
500618,13437,2024-08-19,Organic,Delivered,Bhopal
500619,14545,2024-07-31,Affiliate,Delivered,Kolkata
500620,11687,2025-07-05,Direct,Delivered,Pune
500621,14751,2025-01-18,Organic,Delivered,Jaipur
500622,11399,2024-10-27,Paid Search,Delivered,Gurugram
500623,11546,2025-06-14,Email,Delivered,Bhopal
500624,11493,2025-06-19,Paid Search,Delivered,Gurugram
500625,12948,2025-11-14,Paid Search,Delivered,Patna
500626,13064,2024-08-14,Paid Search,Delivered,Delhi
500627,10325,2024-06-26,Social,Delivered,Bhopal
500628,12805,2024-01-05,Organic,Delivered,Kolkata
500629,14765,2024-04-26,Paid Search,Delivered,Bengaluru
500630,12035,2025-03-17,Organic,Delivered,Bengaluru
500631,13499,2025-08-14,Organic,Delivered,Ahmedabad
500632,13162,2025-03-15,Direct,Delivered,Kolkata
500633,14900,2025-12-25,Organic,Delivered,Mumbai
500634,13214,2025-04-03,Organic,Delivered,Chennai
500635,12355,2025-10-07,Direct,Delivered,Jaipur
500636,10066,2024-07-15,Direct,Delivered,Mumbai
500637,14020,2024-08-24,Direct,Delivered,Pune
500638,11696,2025-08-15,Organic,Delivered,Kochi
500639,14625,2025-04-28,Email,Delivered,Patna
500640,11222,2024-12-22,Email,Delivered,Lucknow
500641,12187,2025-11-29,Affiliate,Delivered,Jaipur
500642,14146,2025-07-11,Organic,Delivered,Bengaluru
500643,10759,2024-08-03,Paid Search,Cancelled,Patna
500644,11378,2025-03-22,Paid Search,Delivered,Chennai
500645,13960,2024-10-16,Email,Delivered,Hyderabad
500646,11587,2024-10-31,Paid Search,Delivered,Delhi
500647,14789,2025-08-11,Social,Delivered,Patna
500648,12689,2025-05-11,Email,Delivered,Pune
500649,14127,2024-01-10,Direct,Delivered,Ahmedabad
500650,12737,2025-02-24,Direct,Delivered,Mumbai
500651,10226,2025-04-17,Email,Delivered,Pune
500652,14055,2025-01-08,Organic,Delivered,Chennai
500653,12099,2024-08-07,Direct,Delivered,Kochi
500654,11940,2025-04-19,Organic,Delivered,Ahmedabad
500655,13682,2025-11-23,Organic,Delivered,Hyderabad
500656,11406,2024-03-03,Paid Search,Delivered,Gurugram
500657,12141,2025-03-16,Email,Delivered,Chennai
500658,13042,2025-10-27,Organic,Delivered,Indore
500659,12967,2024-10-19,Paid Search,Delivered,Patna
500660,13642,2024-09-01,Organic,Delivered,Delhi
500661,10412,2024-06-30,Email,Delivered,Jaipur
500662,14963,2024-06-13,Email,Delivered,Chennai
500663,13041,2024-10-12,Social,Delivered,Bhopal
500664,13092,2025-07-18,Paid Search,Delivered,Bengaluru
500665,14414,2024-05-12,Direct,Delivered,Ahmedabad
500666,12454,2024-06-18,Paid Search,Delivered,Kolkata
500667,10152,2025-12-31,Paid Search,Delivered,Jaipur
500668,10666,2025-12-28,Social,Delivered,Hyderabad
500669,14738,2024-06-14,Email,Delivered,Bengaluru
500670,14935,2024-11-03,Affiliate,Delivered,Chennai
500671,10420,2024-10-21,Organic,Delivered,Gurugram
500672,13425,2024-08-04,Direct,Delivered,Patna
500673,13304,2024-04-21,Social,Delivered,Kochi
500674,10826,2024-02-15,Direct,Delivered,Ghaziabad
500675,13937,2025-03-24,Social,Delivered,Delhi
500676,12299,2024-01-31,Social,Delivered,Bhopal
500677,11153,2025-03-29,Organic,Delivered,Patna
500678,12802,2024-03-10,Social,Delivered,Lucknow
500679,14526,2024-04-22,Social,Delivered,Lucknow
500680,11085,2024-01-04,Direct,Delivered,Indore
500681,13095,2024-10-17,Direct,Delivered,Kolkata
500682,13663,2024-08-27,Social,Delivered,Kolkata
500683,13127,2024-08-30,Direct,Delivered,Chandigarh
500684,13252,2024-08-14,Direct,Delivered,Chennai
500685,13629,2025-11-16,Direct,Delivered,Indore
500686,11169,2024-11-10,Paid Search,Delivered,Lucknow
500687,10509,2025-08-14,Organic,Delivered,Pune
500688,14949,2024-06-19,Direct,Delivered,Patna
500689,11599,2024-12-19,Social,Delivered,Bengaluru
500690,14744,2024-02-15,Social,Delivered,Bhopal
500691,11343,2024-07-08,Paid Search,Delivered,Lucknow
500692,11328,2024-02-22,Organic,Delivered,Chennai
500693,10125,2024-01-16,Organic,Delivered,Ghaziabad
500694,12210,2024-05-13,Paid Search,Delivered,Kochi
500695,14725,2024-04-26,Social,Delivered,Hyderabad
500696,14474,2024-08-19,Social,Delivered,Lucknow
500697,11524,2025-06-27,Social,Delivered,Gurugram
500698,12032,2024-04-18,Organic,Delivered,Ahmedabad
500699,13348,2025-03-22,Organic,Delivered,Chennai
500700,14775,2024-09-23,Social,Delivered,Pune
500701,13021,2024-10-21,Organic,Delivered,Ahmedabad
500702,11003,2025-11-05,Direct,Delivered,Ghaziabad
500703,11781,2024-12-05,Paid Search,Delivered,Noida
500704,13621,2024-07-10,Paid Search,Delivered,Noida
500705,10118,2024-06-23,Social,Delivered,Kolkata
500706,12998,2024-05-03,Email,Delivered,Indore
500707,13846,2025-08-09,Organic,Delivered,Ahmedabad
500708,11731,2025-04-30,Affiliate,Delivered,Patna
500709,12695,2024-07-14,Organic,Delivered,Pune
500710,13589,2024-12-24,Paid Search,Delivered,Chandigarh
500711,12976,2025-01-04,Paid Search,Delivered,Noida
500712,10122,2024-02-04,Social,Delivered,Hyderabad
500713,12928,2025-10-26,Email,Delivered,Mumbai
500714,11155,2025-07-29,Affiliate,Delivered,Bengaluru
500715,13700,2025-01-26,Social,Delivered,Jaipur
500716,11307,2025-06-06,Organic,Delivered,Lucknow
500717,14891,2024-03-20,Email,Delivered,Gurugram
500718,10588,2025-12-15,Social,Delivered,Bengaluru
500719,14454,2025-04-13,Social,Delivered,Hyderabad
500720,10170,2025-11-16,Paid Search,Delivered,Ghaziabad
500721,13415,2025-09-23,Paid Search,Delivered,Noida
500722,11765,2025-03-03,Email,Delivered,Bengaluru
500723,10977,2024-07-29,Social,Delivered,Noida
500724,11092,2025-05-16,Direct,Delivered,Chennai
500725,10193,2025-01-09,Affiliate,Delivered,Pune
500726,10665,2024-10-26,Social,Delivered,Mumbai
500727,11961,2025-06-04,Organic,Delivered,Mumbai
500728,10787,2025-10-11,Organic,Delivered,Bhopal
500729,14841,2024-05-05,Organic,Delivered,Kochi
500730,14132,2025-02-08,Paid Search,Delivered,Noida
500731,12362,2025-07-23,Organic,Delivered,Mumbai
500732,10475,2024-08-25,Email,Delivered,Kolkata
500733,14931,2024-09-06,Paid Search,Delivered,Kolkata
500734,13625,2024-01-07,Organic,Delivered,Ahmedabad
500735,10917,2024-08-24,Paid Search,Delivered,Hyderabad
500736,10270,2025-03-04,Affiliate,Delivered,Bengaluru
500737,13099,2025-12-11,Paid Search,Delivered,Patna
500738,10204,2025-01-19,Direct,Delivered,Bhopal
500739,13072,2024-07-31,Direct,Delivered,Delhi
500740,12212,2025-08-16,Direct,Delivered,Pune
500741,14403,2024-05-17,Email,Delivered,Bengaluru
500742,11910,2024-05-16,Affiliate,Delivered,Mumbai
500743,12240,2025-01-16,Paid Search,Delivered,Ghaziabad
500744,12729,2025-08-19,Email,Delivered,Kolkata
500745,14916,2024-06-04,Organic,Delivered,Lucknow
500746,13514,2024-01-12,Organic,Delivered,Chennai
500747,13347,2025-06-12,Direct,Delivered,Gurugram
500748,11550,2025-03-05,Social,Delivered,Ahmedabad
500749,12417,2025-05-16,Organic,Delivered,Bengaluru
500750,10973,2024-10-17,Organic,Delivered,Bhopal
500751,11959,2024-03-27,Social,Delivered,Pune
500752,14111,2024-08-30,Direct,Delivered,Chandigarh
500753,10498,2024-12-09,Direct,Delivered,Gurugram
500754,10827,2024-11-12,Organic,Delivered,Chennai
500755,12930,2025-10-11,Organic,Delivered,Chennai
500756,13993,2024-06-12,Organic,Delivered,Pune
500757,14876,2024-08-15,Email,Delivered,Patna
500758,12936,2024-05-14,Social,Cancelled,Ahmedabad
500759,13285,2025-02-21,Affiliate,Delivered,Chandigarh
500760,11447,2025-08-11,Social,Delivered,Bengaluru
500761,12050,2025-10-07,Organic,Delivered,Mumbai
500762,11572,2024-06-15,Paid Search,Delivered,Pune
500763,10546,2024-11-10,Paid Search,Delivered,Hyderabad
500764,11854,2025-06-22,Email,Delivered,Pune
500765,11088,2024-02-03,Social,Delivered,Pune
500766,12956,2025-06-04,Direct,Delivered,Hyderabad
500767,13769,2024-04-08,Organic,Delivered,Kochi
500768,14899,2024-01-25,Direct,Delivered,Chennai
500769,14401,2024-03-23,Organic,Delivered,Delhi
500770,11592,2025-10-06,Paid Search,Delivered,Ahmedabad
500771,14693,2025-05-12,Organic,Delivered,Chandigarh
500772,14710,2025-07-31,Paid Search,Delivered,Bhopal
500773,12518,2025-05-19,Organic,Delivered,Kolkata
500774,11026,2025-08-04,Organic,Delivered,Gurugram
500775,13888,2024-12-28,Social,Delivered,Bengaluru
500776,10565,2025-08-14,Affiliate,Delivered,Mumbai
500777,11806,2024-02-11,Affiliate,Delivered,Chandigarh
500778,12661,2025-03-01,Affiliate,Delivered,Lucknow
500779,14319,2025-07-05,Affiliate,Delivered,Delhi
500780,14883,2025-12-27,Direct,Cancelled,Chennai
500781,14090,2024-09-19,Organic,Delivered,Ahmedabad
500782,12425,2024-05-10,Direct,Delivered,Delhi
500783,10425,2025-06-10,Paid Search,Delivered,Pune
500784,14000,2024-02-22,Social,Delivered,Noida
500785,14284,2025-07-21,Social,Delivered,Delhi
500786,12363,2025-05-29,Organic,Delivered,Hyderabad
500787,12771,2025-05-20,Organic,Delivered,Noida
500788,14251,2024-08-02,Paid Search,Delivered,Ghaziabad
500789,10661,2024-03-28,Affiliate,Delivered,Ghaziabad
500790,14064,2025-03-20,Direct,Delivered,Chennai
500791,12564,2024-09-22,Organic,Delivered,Bengaluru
500792,13431,2024-10-13,Paid Search,Delivered,Chennai
500793,10953,2024-05-17,Social,Delivered,Noida
500794,13078,2024-08-31,Paid Search,Delivered,Noida
500795,11342,2025-08-31,Paid Search,Delivered,Kochi
500796,12591,2025-10-14,Paid Search,Delivered,Noida
500797,12625,2024-09-12,Email,Delivered,Indore
500798,14784,2024-04-13,Organic,Delivered,Bhopal
500799,13351,2024-01-25,Organic,Delivered,Ahmedabad
500800,12787,2024-05-18,Organic,Delivered,Hyderabad
500801,12010,2024-01-08,Social,Delivered,Hyderabad
500802,11686,2025-05-03,Paid Search,Delivered,Kochi
500803,13262,2025-04-14,Social,Delivered,Chennai
500804,14412,2025-07-26,Direct,Delivered,Kolkata
500805,12863,2024-08-31,Paid Search,Delivered,Kolkata
500806,13301,2025-08-31,Organic,Delivered,Kochi
500807,11640,2024-05-04,Organic,Delivered,Bengaluru
500808,12791,2024-06-17,Direct,Delivered,Bengaluru
500809,12860,2025-10-31,Social,Delivered,Ghaziabad
500810,13411,2025-10-06,Affiliate,Delivered,Kochi
500811,11582,2025-03-13,Direct,Delivered,Ghaziabad
500812,11745,2025-03-21,Direct,Delivered,Kochi
500813,11797,2025-05-27,Direct,Delivered,Lucknow
500814,12105,2025-08-24,Paid Search,Delivered,Pune
500815,11461,2024-06-18,Social,Delivered,Hyderabad
500816,10978,2024-02-20,Direct,Delivered,Hyderabad
500817,12502,2024-05-15,Email,Delivered,Indore
500818,14276,2024-09-17,Affiliate,Delivered,Noida
500819,10159,2024-06-21,Direct,Delivered,Bhopal
500820,13328,2025-01-18,Email,Delivered,Bengaluru
500821,14083,2024-04-10,Email,Delivered,Hyderabad
500822,14122,2025-02-25,Social,Delivered,Pune
500823,14264,2025-06-03,Paid Search,Delivered,Gurugram
500824,11587,2024-03-13,Paid Search,Cancelled,Kochi
500825,10505,2024-07-28,Email,Delivered,Ghaziabad
500826,14978,2025-01-28,Direct,Delivered,Chandigarh
500827,13500,2024-02-18,Direct,Delivered,Bhopal
500828,11787,2025-05-01,Organic,Delivered,Indore
500829,14261,2025-07-04,Direct,Delivered,Pune
500830,11769,2024-09-21,Organic,Delivered,Bhopal
500831,13747,2024-01-07,Social,Delivered,Patna
500832,14804,2025-01-01,Direct,Delivered,Gurugram
500833,13840,2025-09-27,Direct,Delivered,Bengaluru
500834,13276,2024-08-01,Social,Delivered,Gurugram
500835,10956,2025-09-12,Email,Delivered,Lucknow
500836,14668,2025-09-28,Paid Search,Delivered,Chandigarh
500837,12129,2024-07-24,Email,Delivered,Delhi
500838,13116,2025-03-14,Paid Search,Delivered,Ahmedabad
500839,13060,2024-01-31,Organic,Delivered,Lucknow
500840,11233,2025-02-06,Direct,Delivered,Mumbai
500841,13016,2025-10-04,Organic,Delivered,Lucknow
500842,11954,2025-11-21,Email,Delivered,Noida
500843,11748,2024-05-25,Paid Search,Delivered,Noida
500844,14295,2025-05-01,Organic,Delivered,Indore
500845,13610,2024-02-18,Organic,Delivered,Ahmedabad
500846,12448,2024-07-23,Organic,Delivered,Chennai
500847,10096,2025-09-02,Organic,Delivered,Bengaluru
500848,13545,2025-04-14,Email,Delivered,Hyderabad
500849,13691,2024-10-13,Social,Delivered,Kolkata
500850,10833,2025-12-03,Paid Search,Delivered,Kochi
500851,13785,2025-07-08,Direct,Cancelled,Chandigarh
500852,11999,2024-01-18,Affiliate,Delivered,Bengaluru
500853,13664,2024-02-28,Email,Delivered,Ghaziabad
500854,14198,2025-04-03,Social,Delivered,Lucknow
500855,13502,2025-10-02,Email,Delivered,Hyderabad
500856,14706,2024-04-24,Organic,Delivered,Chandigarh
500857,10382,2025-01-28,Paid Search,Delivered,Delhi
500858,11622,2025-08-19,Paid Search,Delivered,Mumbai
500859,10297,2025-09-22,Affiliate,Delivered,Ghaziabad
500860,10863,2025-04-13,Paid Search,Delivered,Noida
500861,11869,2025-12-31,Direct,Delivered,Noida
500862,10118,2025-11-15,Organic,Delivered,Gurugram
500863,11981,2025-09-01,Paid Search,Delivered,Patna
500864,10637,2025-05-04,Organic,Delivered,Delhi
500865,10567,2025-12-21,Affiliate,Delivered,Indore
500866,14179,2024-01-13,Social,Delivered,Ahmedabad
500867,13721,2024-03-06,Email,Delivered,Chennai
500868,12279,2025-01-08,Social,Delivered,Jaipur
500869,12837,2025-05-05,Organic,Delivered,Lucknow
500870,11459,2025-10-22,Affiliate,Delivered,Noida
500871,12429,2025-05-10,Affiliate,Delivered,Chennai
500872,13879,2024-06-18,Social,Delivered,Delhi
500873,12608,2025-10-26,Paid Search,Delivered,Gurugram
500874,13968,2024-03-01,Email,Delivered,Patna
500875,12424,2024-03-10,Email,Delivered,Patna
500876,11811,2025-06-10,Direct,Delivered,Bhopal
500877,14475,2025-12-05,Organic,Delivered,Hyderabad
500878,14507,2025-01-02,Direct,Delivered,Bhopal
500879,11144,2024-04-08,Direct,Delivered,Ghaziabad
500880,12316,2024-02-04,Paid Search,Delivered,Lucknow
500881,13863,2025-12-17,Email,Delivered,Pune
500882,11307,2024-07-23,Paid Search,Delivered,Indore
500883,13745,2025-04-12,Paid Search,Delivered,Bengaluru
500884,14499,2024-08-26,Email,Delivered,Indore
500885,11180,2024-06-05,Organic,Delivered,Patna
500886,10765,2025-05-03,Organic,Delivered,Kochi
500887,14724,2025-06-24,Email,Delivered,Bhopal
500888,14980,2024-12-10,Direct,Delivered,Indore
500889,14293,2025-01-05,Organic,Delivered,Chandigarh
500890,13067,2024-12-22,Organic,Delivered,Bengaluru
500891,10428,2025-03-08,Organic,Delivered,Pune
500892,14577,2025-08-12,Organic,Delivered,Bengaluru
500893,10995,2025-06-03,Direct,Delivered,Kolkata
500894,10895,2024-07-22,Social,Delivered,Lucknow
500895,13586,2024-06-29,Email,Delivered,Bhopal
500896,11946,2025-05-06,Paid Search,Delivered,Gurugram
500897,14339,2025-04-16,Direct,Delivered,Indore
500898,14367,2024-09-25,Social,Delivered,Bhopal
500899,14027,2025-09-05,Direct,Delivered,Indore
500900,14186,2024-11-01,Email,Delivered,Delhi
500901,12730,2024-09-02,Direct,Cancelled,Kochi
500902,14360,2025-02-10,Social,Delivered,Ahmedabad
500903,14577,2024-05-20,Direct,Delivered,Chennai
500904,11403,2025-05-23,Paid Search,Delivered,Ahmedabad
500905,12127,2025-10-17,Email,Delivered,Lucknow
500906,13089,2025-11-21,Email,Delivered,Gurugram
500907,14297,2024-11-22,Social,Delivered,Ahmedabad
500908,11948,2024-07-15,Social,Delivered,Lucknow
500909,11301,2024-12-16,Organic,Delivered,Ahmedabad
500910,11604,2024-03-16,Direct,Delivered,Indore
500911,13998,2025-05-03,Social,Delivered,Mumbai
500912,12601,2024-11-09,Organic,Delivered,Gurugram
500913,11275,2024-03-30,Email,Delivered,Noida
500914,13576,2025-02-03,Email,Delivered,Jaipur
500915,13301,2025-06-09,Organic,Delivered,Kolkata
500916,12593,2024-06-15,Paid Search,Delivered,Chennai
500917,13099,2024-10-22,Social,Delivered,Chennai
500918,11153,2025-10-12,Affiliate,Delivered,Ghaziabad
500919,10914,2025-06-02,Paid Search,Delivered,Bengaluru
500920,14038,2025-08-06,Paid Search,Delivered,Chennai
500921,13401,2024-11-24,Affiliate,Delivered,Ahmedabad
500922,14889,2024-12-26,Organic,Delivered,Ghaziabad
500923,14695,2024-12-29,Direct,Delivered,Ahmedabad
500924,11815,2024-11-24,Affiliate,Delivered,Bengaluru
500925,12313,2024-04-15,Direct,Delivered,Indore
500926,14247,2024-01-30,Paid Search,Delivered,Hyderabad
500927,10017,2025-08-31,Organic,Delivered,Patna
500928,14320,2025-01-27,Social,Delivered,Ahmedabad
500929,10839,2025-01-24,Organic,Delivered,Indore
500930,11303,2025-03-11,Paid Search,Delivered,Lucknow
500931,12410,2024-10-28,Paid Search,Delivered,Chennai
500932,13527,2025-10-13,Social,Cancelled,Kochi
500933,11770,2024-12-09,Paid Search,Delivered,Pune
500934,14693,2025-01-01,Paid Search,Delivered,Noida
500935,13915,2025-01-23,Paid Search,Delivered,Indore
500936,13700,2024-04-25,Email,Delivered,Ahmedabad
500937,13863,2024-05-06,Paid Search,Delivered,Indore
500938,10151,2024-05-11,Email,Delivered,Indore
500939,14115,2024-07-04,Affiliate,Delivered,Chennai
500940,13023,2024-04-26,Email,Delivered,Bengaluru
500941,10932,2024-06-12,Direct,Delivered,Mumbai
500942,13893,2025-11-17,Direct,Delivered,Delhi
500943,10529,2024-09-20,Organic,Delivered,Lucknow
500944,13091,2025-08-02,Paid Search,Delivered,Chennai
500945,12847,2024-10-14,Affiliate,Delivered,Ahmedabad
500946,10144,2025-08-25,Affiliate,Delivered,Lucknow
500947,11874,2025-07-04,Organic,Delivered,Pune
500948,10601,2025-09-06,Direct,Delivered,Ghaziabad
500949,14733,2024-07-29,Direct,Delivered,Kolkata
500950,14009,2024-03-10,Direct,Delivered,Indore
500951,14980,2024-08-13,Organic,Delivered,Bengaluru
500952,12441,2025-05-28,Social,Delivered,Noida
500953,11644,2025-04-23,Paid Search,Delivered,Pune
500954,14790,2025-05-29,Paid Search,Delivered,Bengaluru
500955,11534,2025-12-27,Organic,Delivered,Bengaluru
500956,12075,2024-06-13,Organic,Delivered,Indore
500957,10669,2024-11-20,Direct,Delivered,Bhopal
500958,14109,2024-12-24,Social,Cancelled,Delhi
500959,10599,2024-04-19,Social,Delivered,Chennai
500960,10178,2025-04-29,Paid Search,Delivered,Gurugram
500961,14167,2024-02-05,Direct,Delivered,Chandigarh
500962,14206,2025-10-17,Direct,Delivered,Lucknow
500963,14269,2024-03-05,Email,Delivered,Delhi
500964,14296,2024-03-21,Paid Search,Delivered,Jaipur
500965,10709,2024-05-06,Paid Search,Delivered,Ahmedabad
500966,11811,2025-10-14,Social,Delivered,Chandigarh
500967,13827,2025-09-21,Direct,Delivered,Indore
500968,11548,2025-11-05,Direct,Delivered,Delhi
500969,13892,2025-09-01,Organic,Delivered,Patna
500970,14550,2025-11-06,Paid Search,Delivered,Ahmedabad
500971,14807,2024-12-10,Paid Search,Delivered,Noida
500972,13889,2024-01-04,Paid Search,Cancelled,Patna
500973,13987,2024-11-16,Email,Delivered,Noida
500974,12990,2024-06-10,Social,Delivered,Delhi
500975,10391,2024-06-27,Direct,Delivered,Chennai
500976,12182,2025-05-20,Organic,Delivered,Bhopal
500977,14767,2024-05-01,Paid Search,Delivered,Bengaluru
500978,14561,2024-08-23,Social,Delivered,Ghaziabad
500979,11194,2024-10-14,Affiliate,Delivered,Ahmedabad
500980,13737,2024-02-14,Affiliate,Delivered,Patna
500981,11536,2025-05-27,Direct,Delivered,Kochi
500982,12085,2025-07-11,Social,Delivered,Delhi
500983,13245,2025-02-12,Paid Search,Delivered,Kochi
500984,12484,2024-01-21,Email,Delivered,Indore
500985,13022,2025-07-29,Direct,Delivered,Kochi
500986,10493,2024-11-22,Paid Search,Delivered,Lucknow
500987,11484,2024-07-13,Organic,Cancelled,Kochi
500988,14054,2025-11-23,Organic,Delivered,Chennai
500989,13097,2025-09-20,Email,Delivered,Mumbai
500990,14209,2024-11-17,Social,Delivered,Jaipur
500991,14827,2024-11-20,Organic,Delivered,Chennai
500992,11779,2025-10-28,Organic,Delivered,Patna
500993,11322,2024-05-19,Email,Delivered,Noida
500994,11549,2024-10-25,Paid Search,Delivered,Ahmedabad
500995,12862,2025-02-20,Paid Search,Delivered,Delhi
500996,11262,2024-09-10,Social,Delivered,Bengaluru
500997,11952,2024-08-18,Organic,Delivered,Ghaziabad
500998,10868,2024-03-19,Organic,Delivered,Mumbai
500999,11929,2024-07-13,Paid Search,Delivered,Gurugram
501000,14739,2024-09-18,Paid Search,Delivered,Delhi
501001,12120,2025-09-04,Organic,Delivered,Ahmedabad
501002,13796,2024-09-03,Organic,Delivered,Hyderabad
501003,12153,2024-04-27,Organic,Cancelled,Chennai
501004,12168,2025-09-10,Email,Delivered,Lucknow
501005,13293,2024-09-14,Affiliate,Delivered,Ahmedabad
501006,10551,2025-11-03,Organic,Delivered,Kolkata
501007,11777,2024-03-20,Email,Delivered,Hyderabad
501008,10698,2024-01-17,Paid Search,Delivered,Bhopal
501009,10995,2025-11-04,Direct,Delivered,Chennai
501010,13549,2024-03-12,Paid Search,Delivered,Indore
501011,10874,2024-01-07,Organic,Delivered,Kochi
501012,11016,2025-04-15,Paid Search,Cancelled,Jaipur
501013,12864,2024-08-19,Organic,Delivered,Pune
501014,11740,2024-12-20,Organic,Delivered,Chennai
501015,10614,2024-10-25,Paid Search,Delivered,Chennai
501016,14786,2024-08-05,Email,Delivered,Ahmedabad
501017,14617,2024-12-17,Organic,Delivered,Ghaziabad
501018,12906,2024-07-08,Paid Search,Delivered,Ghaziabad
501019,12625,2024-06-13,Direct,Delivered,Hyderabad
501020,14042,2024-06-13,Paid Search,Delivered,Delhi
501021,14870,2024-03-27,Organic,Delivered,Indore
501022,10520,2025-01-19,Social,Delivered,Patna
501023,10489,2025-02-04,Organic,Delivered,Mumbai
501024,11652,2024-01-13,Affiliate,Delivered,Ghaziabad
501025,11523,2024-12-01,Organic,Delivered,Ahmedabad
501026,14479,2025-06-24,Organic,Delivered,Kochi
501027,12542,2024-01-01,Affiliate,Delivered,Indore
501028,14053,2024-08-07,Direct,Delivered,Ghaziabad
501029,13337,2025-12-03,Affiliate,Delivered,Kolkata
501030,13618,2024-11-08,Paid Search,Delivered,Kolkata
501031,14783,2024-01-13,Social,Delivered,Jaipur
501032,12938,2025-01-20,Direct,Delivered,Ahmedabad
501033,13882,2024-10-27,Social,Delivered,Mumbai
501034,11345,2024-06-03,Direct,Delivered,Delhi
501035,11299,2024-02-23,Email,Cancelled,Gurugram
501036,12928,2025-10-07,Direct,Delivered,Mumbai
501037,14509,2025-08-17,Organic,Delivered,Jaipur
501038,10254,2025-05-13,Direct,Delivered,Mumbai
501039,12506,2024-01-13,Direct,Delivered,Jaipur
501040,11012,2025-09-28,Affiliate,Delivered,Ahmedabad
501041,14423,2024-12-11,Direct,Delivered,Mumbai
501042,12592,2024-12-13,Affiliate,Delivered,Pune
501043,10211,2025-10-03,Social,Delivered,Mumbai
501044,10010,2024-11-12,Email,Delivered,Ahmedabad
501045,13199,2024-06-21,Affiliate,Delivered,Mumbai
501046,11162,2024-06-22,Affiliate,Delivered,Ahmedabad
501047,10207,2025-11-08,Social,Delivered,Mumbai
501048,10762,2025-02-02,Social,Delivered,Kolkata
501049,10772,2025-02-27,Direct,Delivered,Pune
501050,11728,2025-03-09,Organic,Delivered,Lucknow
501051,13591,2024-06-10,Email,Delivered,Ahmedabad
501052,14292,2024-11-02,Social,Cancelled,Patna
501053,12661,2025-11-26,Direct,Delivered,Patna
501054,14738,2024-04-16,Organic,Delivered,Lucknow
501055,13957,2025-11-26,Social,Delivered,Delhi
501056,10826,2024-07-18,Organic,Delivered,Indore
501057,13678,2024-08-04,Email,Delivered,Gurugram
501058,11156,2024-01-11,Affiliate,Delivered,Indore
501059,14817,2025-04-30,Email,Delivered,Patna
501060,14235,2024-08-21,Social,Delivered,Ahmedabad
501061,10322,2024-12-01,Paid Search,Delivered,Jaipur
501062,10864,2025-02-28,Email,Delivered,Chennai
501063,12208,2025-04-08,Direct,Delivered,Mumbai
501064,13707,2025-11-29,Email,Delivered,Delhi
501065,12762,2025-02-10,Organic,Delivered,Gurugram
501066,10428,2024-05-10,Social,Delivered,Mumbai
501067,13143,2025-05-29,Affiliate,Delivered,Bhopal
501068,13242,2024-02-10,Social,Delivered,Hyderabad
501069,14649,2025-09-08,Social,Delivered,Lucknow
501070,11329,2024-08-04,Direct,Delivered,Bhopal
501071,10192,2025-06-11,Direct,Delivered,Hyderabad
501072,13748,2024-04-24,Organic,Delivered,Mumbai
501073,13514,2024-10-24,Social,Delivered,Kolkata
501074,12597,2025-05-23,Email,Delivered,Indore
501075,13461,2025-03-30,Direct,Cancelled,Chennai
501076,10895,2024-01-05,Paid Search,Delivered,Jaipur
501077,10629,2024-01-26,Organic,Delivered,Ghaziabad
501078,12012,2025-12-18,Social,Delivered,Ghaziabad
501079,14471,2025-01-21,Social,Delivered,Bhopal
501080,12572,2025-09-17,Paid Search,Delivered,Bengaluru
501081,13197,2024-02-23,Direct,Delivered,Kochi
501082,14980,2024-12-24,Paid Search,Delivered,Indore
501083,11514,2025-02-25,Organic,Delivered,Kochi
501084,12402,2025-11-04,Organic,Delivered,Mumbai
501085,13429,2025-06-03,Organic,Delivered,Chandigarh
501086,10757,2025-04-04,Organic,Delivered,Lucknow
501087,12010,2024-08-02,Paid Search,Delivered,Indore
501088,12777,2025-12-27,Organic,Delivered,Mumbai
501089,11519,2024-08-27,Social,Delivered,Jaipur
501090,11102,2024-07-22,Paid Search,Delivered,Bhopal
501091,12190,2025-06-13,Social,Delivered,Indore
501092,14398,2025-12-29,Direct,Cancelled,Noida
501093,12081,2025-09-18,Direct,Delivered,Ghaziabad
501094,14171,2024-05-11,Paid Search,Delivered,Lucknow
501095,13383,2025-08-19,Paid Search,Delivered,Bhopal
501096,10644,2024-09-15,Email,Delivered,Chennai
501097,14571,2024-06-11,Paid Search,Delivered,Kochi
501098,12942,2025-11-14,Affiliate,Delivered,Lucknow
501099,12845,2025-11-25,Social,Delivered,Kochi
501100,13483,2024-09-27,Organic,Delivered,Delhi
501101,10209,2024-01-20,Paid Search,Delivered,Lucknow
501102,11259,2024-06-02,Direct,Delivered,Jaipur
501103,13974,2025-01-30,Social,Delivered,Jaipur
501104,13132,2024-02-13,Email,Delivered,Hyderabad
501105,11948,2024-06-15,Email,Delivered,Kolkata
501106,12314,2024-04-18,Social,Delivered,Patna
501107,13099,2025-11-26,Paid Search,Delivered,Bengaluru
501108,12411,2024-09-16,Social,Delivered,Chennai
501109,12287,2024-10-04,Organic,Delivered,Ghaziabad
501110,12757,2024-11-03,Social,Delivered,Lucknow
501111,11408,2024-01-10,Organic,Delivered,Kochi
501112,12851,2025-01-31,Direct,Delivered,Delhi
501113,13461,2025-10-29,Affiliate,Delivered,Chennai
501114,13549,2025-08-17,Organic,Delivered,Chandigarh
501115,13102,2024-07-02,Affiliate,Delivered,Bengaluru
501116,12263,2024-01-10,Email,Delivered,Bengaluru
501117,13276,2025-07-19,Email,Delivered,Chennai
501118,13614,2025-09-06,Paid Search,Delivered,Kochi
501119,11552,2025-11-04,Social,Cancelled,Jaipur
501120,12430,2025-02-25,Social,Delivered,Pune
501121,13390,2024-12-12,Paid Search,Delivered,Bhopal
501122,13315,2025-07-06,Social,Delivered,Ghaziabad
501123,12481,2025-05-19,Paid Search,Delivered,Chennai
501124,11316,2025-07-07,Direct,Delivered,Kochi
501125,14551,2024-07-26,Direct,Delivered,Kochi
501126,12709,2025-10-22,Paid Search,Delivered,Chandigarh
501127,12705,2024-01-28,Paid Search,Delivered,Kolkata
501128,12340,2024-03-09,Organic,Delivered,Kolkata
501129,13801,2025-04-23,Direct,Delivered,Pune
501130,11511,2025-02-21,Organic,Delivered,Patna
501131,14687,2025-02-09,Affiliate,Delivered,Mumbai
501132,10312,2025-10-26,Direct,Delivered,Hyderabad
501133,10063,2025-09-28,Paid Search,Delivered,Hyderabad
501134,12551,2025-06-09,Affiliate,Delivered,Ghaziabad
501135,14297,2024-04-30,Social,Delivered,Mumbai
501136,10049,2024-03-11,Paid Search,Delivered,Chandigarh
501137,13395,2024-04-12,Direct,Delivered,Bengaluru
501138,11950,2025-03-24,Social,Delivered,Kolkata
501139,10109,2025-06-05,Organic,Delivered,Hyderabad
501140,11854,2025-08-07,Email,Delivered,Indore
501141,13234,2024-03-16,Email,Delivered,Ghaziabad
501142,13169,2024-07-19,Email,Delivered,Jaipur
501143,14245,2024-09-04,Paid Search,Delivered,Patna
501144,14938,2025-04-07,Email,Delivered,Bhopal
501145,10273,2024-02-04,Paid Search,Delivered,Noida
501146,14291,2025-09-06,Social,Delivered,Hyderabad
501147,10049,2024-02-28,Organic,Delivered,Bengaluru
501148,14876,2025-01-17,Email,Delivered,Patna
501149,13870,2025-11-12,Affiliate,Delivered,Gurugram
501150,14755,2024-05-21,Organic,Delivered,Lucknow
501151,10339,2025-05-17,Organic,Delivered,Mumbai
501152,10371,2025-02-05,Affiliate,Delivered,Ahmedabad
501153,14928,2025-08-22,Paid Search,Delivered,Kochi
501154,11410,2025-03-05,Paid Search,Delivered,Chennai
501155,11908,2025-09-12,Social,Delivered,Pune
501156,11485,2024-10-21,Social,Delivered,Mumbai
501157,10784,2024-04-29,Organic,Delivered,Pune
501158,10356,2025-05-11,Affiliate,Delivered,Pune
501159,10677,2025-12-08,Organic,Delivered,Indore
501160,14234,2024-11-12,Affiliate,Delivered,Ahmedabad
501161,10135,2025-08-22,Affiliate,Delivered,Gurugram
501162,14477,2025-10-03,Organic,Delivered,Noida
501163,11101,2025-04-16,Affiliate,Delivered,Pune
501164,13025,2025-08-01,Email,Delivered,Chandigarh
501165,11287,2025-02-15,Direct,Cancelled,Bhopal
501166,14455,2025-08-11,Email,Delivered,Delhi
501167,10203,2024-09-02,Paid Search,Delivered,Gurugram
501168,13572,2025-01-19,Email,Delivered,Kochi
501169,14673,2024-02-26,Email,Delivered,Noida
501170,12203,2024-05-23,Affiliate,Delivered,Chennai
501171,12254,2025-02-27,Social,Delivered,Mumbai
501172,10750,2025-06-13,Affiliate,Delivered,Gurugram
501173,14394,2024-01-22,Paid Search,Delivered,Mumbai
501174,14793,2024-02-20,Direct,Delivered,Indore
501175,12483,2024-01-05,Paid Search,Delivered,Indore
501176,13462,2025-01-13,Organic,Delivered,Ahmedabad
501177,13791,2024-09-02,Organic,Delivered,Ghaziabad
501178,11771,2024-02-08,Direct,Delivered,Ahmedabad
501179,10020,2025-08-03,Affiliate,Delivered,Chandigarh
501180,10644,2025-01-21,Paid Search,Delivered,Delhi
501181,14485,2024-01-08,Direct,Delivered,Lucknow
501182,13995,2025-05-16,Paid Search,Delivered,Ahmedabad
501183,10475,2025-10-28,Paid Search,Delivered,Jaipur
501184,14011,2024-11-02,Organic,Delivered,Patna
501185,14416,2025-11-25,Paid Search,Delivered,Lucknow
501186,12716,2024-10-31,Social,Delivered,Kolkata
501187,12257,2024-02-26,Organic,Delivered,Gurugram
501188,15000,2024-03-30,Organic,Delivered,Patna
501189,14360,2024-02-18,Paid Search,Delivered,Indore
501190,11933,2024-08-08,Paid Search,Delivered,Gurugram
501191,12385,2024-10-08,Social,Delivered,Patna
501192,14711,2024-11-20,Social,Delivered,Bhopal
501193,14608,2024-12-17,Organic,Delivered,Hyderabad
501194,13152,2025-09-23,Organic,Delivered,Hyderabad
501195,13243,2024-01-09,Email,Delivered,Jaipur
501196,13683,2025-10-18,Affiliate,Delivered,Gurugram
501197,11445,2024-06-23,Social,Delivered,Patna
501198,14586,2025-11-28,Social,Delivered,Mumbai
501199,11471,2024-04-08,Direct,Delivered,Bhopal
501200,14156,2024-03-14,Affiliate,Delivered,Jaipur
501201,14101,2024-03-29,Paid Search,Delivered,Ghaziabad
501202,11444,2024-08-04,Direct,Delivered,Chandigarh
501203,14039,2025-11-19,Social,Delivered,Hyderabad
501204,14337,2024-12-04,Social,Delivered,Bengaluru
501205,12484,2024-04-30,Email,Delivered,Kolkata
501206,12699,2025-04-14,Paid Search,Delivered,Kochi
501207,12547,2025-01-06,Direct,Delivered,Chandigarh
501208,10225,2025-05-28,Organic,Delivered,Jaipur
501209,12703,2025-06-26,Paid Search,Delivered,Chandigarh
501210,13370,2025-07-28,Organic,Delivered,Jaipur
501211,12807,2024-04-20,Email,Delivered,Mumbai
501212,12499,2024-12-28,Paid Search,Delivered,Bhopal
501213,12507,2025-04-06,Paid Search,Delivered,Indore
501214,12684,2025-02-10,Direct,Delivered,Bhopal
501215,14646,2025-12-11,Organic,Delivered,Ghaziabad
501216,12058,2025-12-03,Organic,Delivered,Patna
501217,11122,2025-08-16,Social,Cancelled,Kochi
501218,10321,2024-06-24,Paid Search,Delivered,Gurugram
501219,14354,2025-01-21,Organic,Delivered,Chandigarh
501220,10902,2025-08-10,Paid Search,Delivered,Ghaziabad
501221,12086,2024-07-15,Paid Search,Delivered,Kolkata
501222,13783,2025-06-04,Paid Search,Delivered,Chennai
501223,10893,2024-07-01,Affiliate,Delivered,Ghaziabad
501224,11172,2024-04-12,Paid Search,Delivered,Chandigarh
501225,13177,2024-06-24,Social,Delivered,Chandigarh
501226,13139,2025-11-08,Paid Search,Delivered,Ghaziabad
501227,11217,2025-12-28,Direct,Delivered,Gurugram
501228,12710,2025-09-17,Affiliate,Delivered,Kolkata
501229,13521,2024-07-17,Paid Search,Delivered,Delhi
501230,11107,2025-07-23,Email,Delivered,Kochi
501231,12217,2024-06-08,Paid Search,Delivered,Hyderabad
501232,11403,2024-04-02,Organic,Delivered,Jaipur
501233,14701,2024-07-08,Paid Search,Delivered,Patna
501234,11918,2024-04-12,Social,Delivered,Chandigarh
501235,14280,2025-04-13,Paid Search,Delivered,Patna
501236,14401,2025-05-14,Paid Search,Delivered,Ghaziabad
501237,10839,2024-01-27,Email,Delivered,Delhi
501238,14707,2024-03-19,Direct,Delivered,Delhi
501239,10246,2024-12-16,Direct,Delivered,Indore
501240,11934,2024-03-23,Social,Delivered,Jaipur
501241,10795,2025-08-28,Email,Delivered,Lucknow
501242,10231,2024-10-19,Social,Delivered,Noida
501243,12760,2024-10-28,Paid Search,Delivered,Lucknow
501244,13005,2024-01-04,Affiliate,Delivered,Kochi
501245,12910,2025-05-27,Organic,Delivered,Delhi
501246,12088,2025-06-11,Direct,Cancelled,Bengaluru
501247,13935,2025-07-06,Paid Search,Delivered,Mumbai
501248,12462,2025-01-29,Organic,Delivered,Gurugram
501249,12676,2024-07-16,Paid Search,Delivered,Lucknow
501250,12210,2024-02-27,Affiliate,Cancelled,Ahmedabad
501251,11037,2024-08-18,Paid Search,Delivered,Patna
501252,13273,2025-02-01,Social,Delivered,Jaipur
501253,14146,2024-03-26,Paid Search,Delivered,Bhopal
501254,11523,2024-02-09,Email,Delivered,Bengaluru
501255,12318,2024-06-07,Social,Delivered,Kolkata
501256,14464,2024-02-21,Direct,Delivered,Lucknow
501257,11033,2024-01-11,Paid Search,Delivered,Bhopal
501258,12107,2024-12-20,Paid Search,Delivered,Delhi
501259,11348,2025-06-28,Organic,Delivered,Ahmedabad
501260,11709,2024-12-31,Social,Delivered,Ahmedabad
501261,12297,2024-03-07,Direct,Delivered,Indore
501262,14615,2024-09-04,Organic,Delivered,Ahmedabad
501263,10063,2024-01-26,Direct,Delivered,Pune
501264,11791,2025-03-30,Organic,Delivered,Hyderabad
501265,14330,2024-06-19,Affiliate,Delivered,Chandigarh
501266,10416,2024-10-10,Email,Delivered,Kochi
501267,12533,2025-10-21,Direct,Delivered,Chandigarh
501268,10777,2025-03-05,Social,Delivered,Gurugram
501269,12797,2025-07-13,Email,Delivered,Noida
501270,13572,2024-09-12,Organic,Cancelled,Kochi
501271,13177,2025-11-11,Paid Search,Delivered,Chennai
501272,12812,2025-06-06,Affiliate,Delivered,Chandigarh
501273,13714,2025-01-11,Organic,Delivered,Chennai
501274,12674,2025-02-27,Affiliate,Delivered,Jaipur
501275,13065,2025-03-31,Paid Search,Delivered,Bengaluru
501276,10410,2024-04-26,Paid Search,Delivered,Ghaziabad
501277,10107,2024-07-02,Email,Delivered,Ahmedabad
501278,10821,2025-05-16,Organic,Delivered,Hyderabad
501279,12700,2024-11-18,Email,Delivered,Indore
501280,11982,2025-07-27,Direct,Delivered,Bengaluru
501281,11831,2025-01-19,Organic,Delivered,Chandigarh
501282,12241,2024-02-18,Paid Search,Delivered,Jaipur
501283,14948,2025-04-30,Organic,Delivered,Kochi
501284,11883,2025-03-21,Social,Delivered,Hyderabad
501285,12221,2024-09-23,Affiliate,Delivered,Lucknow
501286,12514,2025-07-31,Direct,Delivered,Chandigarh
501287,13872,2024-09-13,Paid Search,Delivered,Ahmedabad
501288,13668,2024-03-24,Organic,Delivered,Pune
501289,14897,2024-03-29,Organic,Delivered,Pune
501290,13179,2025-10-21,Paid Search,Delivered,Mumbai
501291,14770,2024-10-01,Social,Delivered,Bhopal
501292,13057,2024-10-30,Direct,Delivered,Noida
501293,12692,2024-08-11,Organic,Delivered,Jaipur
501294,12789,2025-06-23,Affiliate,Delivered,Lucknow
501295,12401,2025-03-18,Social,Delivered,Delhi
501296,11005,2025-10-19,Direct,Delivered,Chennai
501297,11832,2025-10-15,Direct,Delivered,Mumbai
501298,13024,2025-12-24,Direct,Delivered,Bengaluru
501299,13031,2024-08-28,Paid Search,Delivered,Patna
501300,10793,2025-03-02,Paid Search,Delivered,Ghaziabad
501301,14018,2024-09-10,Organic,Delivered,Delhi
501302,13565,2025-05-29,Organic,Delivered,Chandigarh
501303,12626,2025-06-30,Email,Delivered,Gurugram
501304,12262,2024-07-02,Direct,Delivered,Hyderabad
501305,12789,2025-09-20,Social,Delivered,Pune
501306,12908,2024-07-31,Paid Search,Delivered,Chandigarh
501307,12140,2025-12-19,Paid Search,Cancelled,Pune
501308,14314,2025-09-13,Email,Delivered,Ghaziabad
501309,10792,2024-01-14,Organic,Delivered,Ahmedabad
501310,11866,2024-10-18,Organic,Delivered,Chandigarh
501311,11989,2024-10-10,Organic,Delivered,Lucknow
501312,10499,2025-08-24,Direct,Delivered,Mumbai
501313,10446,2025-06-13,Paid Search,Delivered,Ghaziabad
501314,14457,2024-02-06,Direct,Delivered,Kochi
501315,13873,2025-09-06,Social,Delivered,Indore
501316,11825,2024-06-08,Email,Delivered,Ghaziabad
501317,11331,2024-09-27,Affiliate,Delivered,Mumbai
501318,12033,2024-05-04,Direct,Delivered,Chennai
501319,13525,2024-04-25,Organic,Delivered,Patna
501320,11481,2025-01-20,Organic,Delivered,Bhopal
501321,10332,2024-03-02,Organic,Delivered,Delhi
501322,12101,2024-02-28,Paid Search,Delivered,Noida
501323,12994,2025-07-28,Organic,Delivered,Indore
501324,12605,2024-09-08,Email,Delivered,Bengaluru
501325,10862,2025-04-18,Paid Search,Delivered,Kochi
501326,14217,2025-12-21,Direct,Delivered,Bhopal
501327,13158,2024-02-07,Affiliate,Delivered,Lucknow
501328,13601,2025-08-03,Email,Cancelled,Gurugram
501329,14788,2024-03-21,Email,Delivered,Delhi
501330,12567,2025-07-09,Organic,Delivered,Pune
501331,12895,2024-08-11,Organic,Delivered,Bengaluru
501332,13820,2024-04-08,Paid Search,Delivered,Lucknow
501333,13870,2024-06-16,Direct,Delivered,Indore
501334,14239,2024-09-23,Organic,Delivered,Ahmedabad
501335,13523,2025-06-17,Paid Search,Delivered,Ahmedabad
501336,10291,2025-05-12,Affiliate,Delivered,Delhi
501337,11752,2025-06-16,Paid Search,Delivered,Bengaluru
501338,12962,2024-01-16,Direct,Delivered,Jaipur
501339,12225,2025-12-13,Direct,Delivered,Jaipur
501340,10217,2024-11-13,Organic,Delivered,Chennai
501341,11338,2024-03-22,Email,Delivered,Bengaluru
501342,11541,2025-11-09,Organic,Delivered,Bengaluru
501343,10181,2025-08-02,Paid Search,Delivered,Gurugram
501344,13813,2024-03-01,Direct,Cancelled,Mumbai
501345,11890,2024-11-15,Organic,Delivered,Kolkata
501346,13957,2025-10-24,Direct,Delivered,Chennai
501347,14352,2025-05-14,Direct,Delivered,Pune
501348,14420,2024-05-22,Email,Cancelled,Chandigarh
501349,14542,2025-05-27,Paid Search,Delivered,Indore
501350,12492,2024-05-18,Paid Search,Delivered,Kolkata
501351,11213,2024-09-14,Paid Search,Delivered,Indore
501352,10421,2024-05-22,Organic,Delivered,Bengaluru
501353,13120,2025-05-21,Organic,Delivered,Chandigarh
501354,10634,2025-11-11,Organic,Delivered,Hyderabad
501355,11207,2024-02-02,Email,Delivered,Pune
501356,11222,2025-03-17,Organic,Delivered,Ghaziabad
501357,11368,2024-06-30,Paid Search,Delivered,Pune
501358,11861,2025-07-02,Email,Delivered,Ahmedabad
501359,11657,2024-04-11,Organic,Delivered,Mumbai
501360,12633,2024-09-24,Paid Search,Delivered,Ghaziabad
501361,14787,2024-05-30,Organic,Delivered,Jaipur
501362,13230,2025-09-30,Organic,Delivered,Delhi
501363,13381,2024-03-01,Organic,Delivered,Chennai
501364,10813,2025-03-01,Organic,Delivered,Chandigarh
501365,10571,2024-03-29,Social,Delivered,Kolkata
501366,10945,2025-03-14,Organic,Delivered,Kochi
501367,14243,2025-07-15,Paid Search,Delivered,Patna
501368,10865,2025-07-03,Email,Delivered,Indore
501369,14920,2024-01-25,Email,Cancelled,Patna
501370,13775,2025-07-19,Paid Search,Delivered,Gurugram
501371,14146,2024-08-05,Direct,Delivered,Jaipur
501372,11511,2025-05-13,Affiliate,Delivered,Hyderabad
501373,10782,2025-12-05,Social,Delivered,Ghaziabad
501374,10834,2024-03-27,Paid Search,Delivered,Ahmedabad
501375,14289,2024-09-22,Organic,Delivered,Kochi
501376,12157,2025-09-25,Paid Search,Delivered,Bengaluru
501377,12046,2024-04-13,Social,Delivered,Lucknow
501378,11238,2024-07-09,Direct,Delivered,Chandigarh
501379,11782,2025-02-05,Direct,Delivered,Lucknow
501380,11847,2025-12-29,Organic,Delivered,Chandigarh
501381,13748,2024-08-03,Direct,Cancelled,Delhi
501382,14121,2024-10-08,Affiliate,Delivered,Bengaluru
501383,12336,2025-08-04,Email,Delivered,Delhi
501384,11670,2024-03-28,Direct,Delivered,Chandigarh
501385,12259,2024-08-27,Paid Search,Delivered,Gurugram
501386,10875,2024-08-19,Paid Search,Delivered,Noida
501387,10343,2024-10-20,Direct,Delivered,Ahmedabad
501388,11163,2025-02-23,Organic,Delivered,Kochi
501389,10123,2024-06-11,Email,Delivered,Jaipur
501390,10172,2024-10-13,Affiliate,Delivered,Kochi
501391,11193,2025-11-01,Direct,Delivered,Bengaluru
501392,14506,2025-08-28,Organic,Delivered,Mumbai
501393,10926,2025-11-30,Email,Delivered,Indore
501394,13485,2025-05-13,Organic,Delivered,Bhopal
501395,10736,2025-03-01,Direct,Delivered,Ghaziabad
501396,12317,2024-06-05,Social,Delivered,Bengaluru
501397,13035,2024-04-26,Email,Delivered,Ahmedabad
501398,12805,2025-01-28,Direct,Delivered,Lucknow
501399,13999,2024-10-22,Social,Delivered,Indore
501400,11271,2025-07-29,Social,Delivered,Lucknow
501401,13714,2024-01-08,Social,Delivered,Ghaziabad
501402,12019,2025-10-13,Social,Delivered,Chennai
501403,12227,2024-05-04,Email,Delivered,Delhi
501404,11600,2024-10-15,Affiliate,Delivered,Gurugram
501405,14985,2024-09-17,Organic,Delivered,Mumbai
501406,14123,2025-11-06,Paid Search,Delivered,Lucknow
501407,12315,2025-06-10,Paid Search,Delivered,Ahmedabad
501408,13718,2024-01-27,Organic,Delivered,Ghaziabad
501409,14579,2025-09-15,Affiliate,Delivered,Noida
501410,11420,2025-05-09,Social,Delivered,Gurugram
501411,11631,2024-02-19,Organic,Delivered,Mumbai
501412,13812,2025-07-25,Email,Delivered,Ahmedabad
501413,11420,2024-01-25,Paid Search,Delivered,Pune
501414,10470,2024-11-06,Email,Delivered,Delhi
501415,12977,2024-04-28,Organic,Delivered,Kochi
501416,11013,2024-01-09,Organic,Delivered,Chennai
501417,12934,2025-02-13,Organic,Delivered,Mumbai
501418,10532,2025-05-17,Paid Search,Delivered,Hyderabad
501419,12393,2024-12-16,Affiliate,Delivered,Chandigarh
501420,11192,2024-09-07,Social,Delivered,Chandigarh
501421,12644,2025-01-10,Organic,Delivered,Hyderabad
501422,11131,2024-04-20,Social,Delivered,Chennai
501423,11257,2024-02-06,Social,Delivered,Jaipur
501424,14503,2024-04-24,Affiliate,Delivered,Kolkata
501425,14910,2024-02-09,Paid Search,Delivered,Noida
501426,11637,2025-07-16,Email,Delivered,Jaipur
501427,13229,2025-03-20,Email,Delivered,Lucknow
501428,11777,2024-05-16,Email,Cancelled,Bhopal
501429,10851,2025-02-20,Paid Search,Delivered,Ghaziabad
501430,10499,2024-12-19,Organic,Delivered,Bhopal
501431,14453,2024-03-22,Organic,Delivered,Chennai
501432,10330,2025-12-10,Direct,Delivered,Hyderabad
501433,12461,2025-11-16,Email,Delivered,Jaipur
501434,11097,2025-07-08,Social,Delivered,Ahmedabad
501435,13802,2025-08-14,Social,Delivered,Bhopal
501436,10673,2025-02-03,Organic,Delivered,Chennai
501437,12885,2025-08-10,Paid Search,Delivered,Ahmedabad
501438,11724,2025-01-21,Email,Delivered,Kochi
501439,12605,2024-05-01,Organic,Delivered,Pune
501440,10931,2024-05-02,Direct,Delivered,Lucknow
501441,10585,2025-09-16,Organic,Delivered,Jaipur
501442,10891,2024-11-22,Email,Delivered,Delhi
501443,12883,2025-06-17,Paid Search,Delivered,Hyderabad
501444,13238,2024-04-15,Direct,Delivered,Mumbai
501445,14523,2024-11-23,Affiliate,Delivered,Patna
501446,14711,2024-03-02,Paid Search,Delivered,Bhopal
501447,13763,2024-06-10,Social,Delivered,Chennai
501448,10063,2024-03-20,Direct,Delivered,Ahmedabad
501449,13518,2024-06-01,Social,Delivered,Bhopal
501450,13528,2025-03-19,Organic,Delivered,Patna
501451,13531,2024-01-04,Affiliate,Delivered,Noida
501452,13296,2024-05-21,Paid Search,Delivered,Ghaziabad
501453,13438,2025-05-20,Paid Search,Delivered,Kochi
501454,12926,2024-04-19,Direct,Delivered,Lucknow
501455,13098,2025-02-10,Direct,Delivered,Pune
501456,13462,2025-09-25,Organic,Delivered,Indore
501457,10218,2025-07-24,Paid Search,Delivered,Bhopal
501458,12544,2024-03-30,Paid Search,Delivered,Chandigarh
501459,10639,2024-04-17,Direct,Delivered,Indore
501460,14635,2025-05-30,Direct,Delivered,Noida
501461,14949,2024-09-10,Direct,Delivered,Noida
501462,10792,2024-10-31,Organic,Delivered,Mumbai
501463,14458,2024-12-14,Organic,Delivered,Bengaluru
501464,12368,2025-02-27,Social,Delivered,Indore
501465,13362,2024-11-24,Organic,Delivered,Kochi
501466,13266,2024-01-18,Organic,Delivered,Indore
501467,10589,2024-03-10,Paid Search,Delivered,Gurugram
501468,14544,2024-01-01,Email,Delivered,Patna
501469,13204,2024-07-12,Email,Delivered,Lucknow
501470,12438,2025-08-20,Affiliate,Delivered,Mumbai
501471,13075,2025-12-11,Organic,Delivered,Chennai
501472,14885,2024-12-13,Affiliate,Delivered,Kochi
501473,13237,2024-01-20,Social,Delivered,Bhopal
501474,13283,2024-02-22,Paid Search,Delivered,Ahmedabad
501475,14384,2025-08-18,Email,Delivered,Mumbai
501476,13497,2024-09-08,Affiliate,Delivered,Hyderabad
501477,10715,2025-10-06,Organic,Delivered,Indore
501478,14092,2025-01-05,Affiliate,Delivered,Gurugram
501479,14499,2025-10-04,Social,Delivered,Bhopal
501480,13670,2024-04-09,Email,Delivered,Chandigarh
501481,10762,2025-09-19,Direct,Delivered,Chandigarh
501482,12614,2025-02-03,Email,Delivered,Delhi
501483,10271,2024-11-15,Social,Delivered,Chennai
501484,13864,2025-01-21,Paid Search,Delivered,Pune
501485,14787,2024-08-27,Social,Delivered,Ghaziabad
501486,10179,2025-03-16,Direct,Delivered,Jaipur
501487,10546,2025-07-16,Direct,Delivered,Bengaluru
501488,14664,2025-08-15,Affiliate,Delivered,Bhopal
501489,13999,2025-12-16,Affiliate,Delivered,Kolkata
501490,14116,2024-10-28,Email,Delivered,Delhi
501491,11043,2025-07-16,Affiliate,Delivered,Indore
501492,13189,2025-10-11,Paid Search,Delivered,Chandigarh
501493,14144,2024-01-13,Paid Search,Delivered,Patna
501494,10344,2024-12-12,Social,Delivered,Patna
501495,11419,2025-05-27,Social,Delivered,Ahmedabad
501496,11475,2024-11-30,Social,Delivered,Patna
501497,12708,2024-03-14,Direct,Delivered,Indore
501498,11269,2025-04-24,Direct,Delivered,Chennai
501499,11710,2024-10-23,Affiliate,Delivered,Gurugram
501500,11286,2025-03-27,Direct,Delivered,Ghaziabad
501501,10319,2024-01-01,Affiliate,Delivered,Chennai
501502,13361,2024-01-09,Email,Delivered,Jaipur
501503,13194,2025-03-16,Paid Search,Delivered,Chennai
501504,14381,2025-12-19,Direct,Delivered,Ghaziabad
501505,12881,2025-04-12,Paid Search,Delivered,Jaipur
501506,13409,2025-11-20,Email,Delivered,Lucknow
501507,11797,2025-09-11,Organic,Delivered,Ghaziabad
501508,11944,2024-07-24,Social,Delivered,Patna
501509,12062,2024-03-15,Paid Search,Delivered,Ahmedabad
501510,14847,2025-02-12,Email,Delivered,Chandigarh
501511,12363,2025-03-29,Direct,Delivered,Jaipur
501512,14313,2025-07-17,Organic,Delivered,Lucknow
501513,11604,2025-01-15,Organic,Delivered,Hyderabad
501514,13428,2025-11-03,Direct,Delivered,Kochi
501515,11371,2025-09-08,Paid Search,Delivered,Lucknow
501516,11988,2025-03-04,Affiliate,Delivered,Patna
501517,14295,2025-02-07,Affiliate,Delivered,Ghaziabad
501518,13420,2024-01-14,Affiliate,Delivered,Bengaluru
501519,12432,2025-07-24,Organic,Delivered,Ghaziabad
501520,12040,2025-05-12,Affiliate,Delivered,Ghaziabad
501521,13999,2025-10-17,Direct,Delivered,Indore
501522,10776,2024-03-09,Paid Search,Delivered,Patna
501523,14244,2024-04-16,Email,Delivered,Delhi
501524,13095,2025-05-05,Paid Search,Delivered,Bhopal
501525,11645,2024-12-23,Direct,Delivered,Noida
501526,13491,2025-03-05,Organic,Delivered,Patna
501527,14956,2024-11-13,Paid Search,Delivered,Ahmedabad
501528,11747,2025-04-13,Organic,Delivered,Ghaziabad
501529,11966,2025-04-26,Direct,Delivered,Hyderabad
501530,14647,2024-05-18,Social,Delivered,Mumbai
501531,11722,2025-07-09,Paid Search,Delivered,Delhi
501532,14272,2024-12-26,Organic,Delivered,Delhi
501533,14499,2025-02-24,Direct,Delivered,Jaipur
501534,12915,2025-03-27,Organic,Delivered,Pune
501535,10411,2025-06-28,Email,Delivered,Pune
501536,10302,2024-08-07,Email,Delivered,Ghaziabad
501537,11405,2024-01-05,Affiliate,Delivered,Patna
501538,10087,2024-05-12,Email,Delivered,Patna
501539,13814,2025-12-06,Direct,Delivered,Noida
501540,13200,2024-06-11,Organic,Delivered,Ahmedabad
501541,12274,2024-07-01,Paid Search,Delivered,Ahmedabad
501542,14070,2025-09-19,Organic,Delivered,Ghaziabad
501543,10668,2024-06-21,Paid Search,Delivered,Patna
501544,12502,2024-12-05,Social,Delivered,Lucknow
501545,11693,2024-09-27,Social,Delivered,Ahmedabad
501546,10118,2025-04-28,Direct,Delivered,Chennai
501547,12393,2025-03-10,Direct,Delivered,Mumbai
501548,10725,2025-01-11,Paid Search,Cancelled,Pune
501549,10230,2025-01-01,Email,Delivered,Indore
501550,11057,2025-09-01,Email,Delivered,Kolkata
501551,10974,2025-03-01,Direct,Delivered,Bhopal
501552,13139,2025-01-06,Organic,Delivered,Chandigarh
501553,13966,2025-10-10,Email,Delivered,Indore
501554,12431,2024-03-09,Paid Search,Delivered,Gurugram
501555,13206,2025-09-01,Paid Search,Delivered,Delhi
501556,10512,2024-05-24,Email,Delivered,Jaipur
501557,13934,2024-08-30,Paid Search,Delivered,Gurugram
501558,12509,2024-01-10,Organic,Delivered,Kochi
501559,12143,2025-02-21,Affiliate,Delivered,Chandigarh
501560,14348,2025-08-30,Organic,Delivered,Pune
501561,11569,2024-10-06,Paid Search,Delivered,Noida
501562,12196,2025-04-29,Social,Delivered,Chandigarh
501563,14631,2024-10-14,Email,Delivered,Bhopal
501564,10749,2025-07-08,Email,Delivered,Mumbai
501565,12610,2025-12-31,Direct,Delivered,Patna
501566,12891,2025-06-06,Paid Search,Delivered,Jaipur
501567,13501,2024-09-05,Organic,Delivered,Patna
501568,14647,2025-08-25,Organic,Delivered,Indore
501569,11720,2024-01-28,Social,Delivered,Lucknow
501570,10580,2025-12-22,Paid Search,Delivered,Jaipur
501571,11996,2025-09-05,Direct,Delivered,Chennai
501572,10783,2025-04-22,Social,Delivered,Noida
501573,13640,2025-03-29,Social,Delivered,Pune
501574,12835,2024-07-03,Direct,Delivered,Jaipur
501575,13788,2024-11-11,Affiliate,Delivered,Chennai
501576,11700,2024-03-15,Email,Delivered,Chennai
501577,14773,2024-09-04,Social,Delivered,Patna
501578,14478,2025-03-07,Paid Search,Delivered,Bhopal
501579,14579,2024-09-21,Social,Delivered,Noida
501580,13564,2025-07-17,Organic,Delivered,Ghaziabad
501581,10936,2025-09-15,Social,Delivered,Delhi
501582,10736,2025-02-14,Direct,Delivered,Chandigarh
501583,14786,2024-09-06,Social,Delivered,Kochi
501584,14354,2024-08-09,Organic,Delivered,Kochi
501585,14404,2025-02-03,Organic,Delivered,Delhi
501586,13212,2025-06-10,Direct,Delivered,Gurugram
501587,14284,2024-04-02,Organic,Delivered,Jaipur
501588,12469,2024-11-23,Social,Delivered,Mumbai
501589,10811,2024-11-18,Affiliate,Delivered,Indore
501590,11283,2024-07-28,Paid Search,Delivered,Ghaziabad
501591,14258,2024-06-22,Affiliate,Delivered,Chennai
501592,13249,2025-09-06,Organic,Delivered,Lucknow
501593,14988,2024-11-12,Affiliate,Delivered,Kolkata
501594,14493,2025-02-25,Organic,Delivered,Hyderabad
501595,13797,2024-01-28,Paid Search,Delivered,Ahmedabad
501596,10193,2024-07-26,Paid Search,Delivered,Noida
501597,10926,2024-06-12,Direct,Delivered,Delhi
501598,11876,2024-08-28,Social,Delivered,Gurugram
501599,10179,2025-09-07,Direct,Cancelled,Jaipur
501600,14679,2025-02-21,Social,Delivered,Noida
501601,11141,2025-10-21,Affiliate,Delivered,Bengaluru
501602,11915,2024-11-05,Social,Cancelled,Bengaluru
501603,13373,2025-07-16,Paid Search,Delivered,Lucknow
501604,10180,2024-04-27,Email,Delivered,Ghaziabad
501605,13182,2025-08-18,Paid Search,Delivered,Ghaziabad
501606,10508,2025-03-22,Direct,Delivered,Delhi
501607,14513,2024-01-29,Direct,Delivered,Jaipur
501608,13454,2025-05-18,Organic,Delivered,Bengaluru
501609,11679,2024-12-16,Direct,Delivered,Lucknow
501610,13501,2024-01-01,Organic,Delivered,Indore
501611,11571,2025-09-11,Email,Delivered,Kochi
501612,10576,2025-01-27,Affiliate,Delivered,Jaipur
501613,10049,2025-03-19,Paid Search,Delivered,Jaipur
501614,11097,2025-02-25,Organic,Delivered,Noida
501615,13539,2024-03-07,Affiliate,Delivered,Delhi
501616,12820,2024-08-30,Paid Search,Delivered,Kolkata
501617,11366,2025-05-27,Social,Delivered,Pune
501618,13433,2024-09-04,Affiliate,Delivered,Noida
501619,11942,2025-10-11,Paid Search,Delivered,Bengaluru
501620,10784,2024-08-20,Organic,Delivered,Delhi
501621,13396,2024-12-01,Direct,Delivered,Kolkata
501622,12282,2024-11-21,Email,Delivered,Delhi
501623,13323,2024-01-14,Email,Delivered,Gurugram
501624,12811,2025-08-16,Paid Search,Delivered,Patna
501625,10507,2024-04-09,Direct,Delivered,Gurugram
501626,10249,2024-12-08,Organic,Delivered,Pune
501627,10504,2025-10-25,Organic,Cancelled,Gurugram
501628,11119,2025-12-27,Paid Search,Delivered,Indore
501629,11121,2024-06-17,Affiliate,Delivered,Patna
501630,14595,2024-10-01,Paid Search,Delivered,Lucknow
501631,13916,2025-02-17,Paid Search,Delivered,Ahmedabad
501632,14400,2025-05-26,Social,Delivered,Mumbai
501633,12372,2024-07-01,Email,Delivered,Jaipur
501634,11613,2025-02-05,Organic,Delivered,Mumbai
501635,12015,2025-09-01,Email,Delivered,Kolkata
501636,14340,2025-07-11,Paid Search,Delivered,Mumbai
501637,11778,2025-08-23,Paid Search,Delivered,Kolkata
501638,13163,2025-10-11,Organic,Delivered,Lucknow
501639,10724,2025-09-21,Direct,Delivered,Kolkata
501640,14909,2025-01-09,Email,Delivered,Kolkata
501641,13209,2025-12-13,Organic,Delivered,Chandigarh
501642,14832,2024-12-27,Paid Search,Delivered,Kochi
501643,11474,2025-06-02,Organic,Delivered,Chennai
501644,13085,2025-11-20,Social,Delivered,Mumbai
501645,11371,2024-02-01,Email,Delivered,Delhi
501646,12340,2025-11-13,Organic,Cancelled,Ahmedabad
501647,11615,2025-08-23,Direct,Delivered,Jaipur
501648,10712,2025-12-29,Paid Search,Delivered,Delhi
501649,12211,2025-07-18,Paid Search,Delivered,Jaipur
501650,12652,2024-04-24,Organic,Delivered,Ghaziabad
501651,10786,2024-08-08,Organic,Delivered,Jaipur
501652,11992,2024-01-03,Direct,Delivered,Mumbai
501653,10469,2025-03-20,Social,Delivered,Jaipur
501654,13229,2024-11-15,Affiliate,Delivered,Gurugram
501655,11565,2024-12-13,Organic,Delivered,Jaipur
501656,10448,2025-06-20,Paid Search,Cancelled,Gurugram
501657,12567,2025-08-22,Paid Search,Delivered,Kochi
501658,14175,2024-02-23,Social,Delivered,Kochi
501659,14957,2025-11-01,Organic,Delivered,Chennai
501660,14836,2024-09-30,Organic,Delivered,Hyderabad
501661,10869,2025-07-03,Direct,Delivered,Hyderabad
501662,11047,2025-03-01,Email,Delivered,Ghaziabad
501663,14465,2024-11-20,Organic,Delivered,Noida
501664,13164,2024-06-04,Affiliate,Delivered,Pune
501665,12716,2024-05-18,Paid Search,Delivered,Bengaluru
501666,14010,2025-06-18,Affiliate,Delivered,Pune
501667,10324,2024-08-22,Direct,Delivered,Bengaluru
501668,12773,2024-06-16,Organic,Delivered,Bhopal
501669,12863,2024-01-05,Direct,Delivered,Jaipur
501670,14678,2025-09-06,Organic,Delivered,Patna
501671,12337,2024-10-16,Paid Search,Delivered,Patna
501672,12560,2024-09-11,Email,Delivered,Chennai
501673,14004,2024-09-28,Email,Delivered,Bengaluru
501674,11353,2025-03-13,Organic,Delivered,Noida
501675,10350,2024-12-18,Organic,Delivered,Bengaluru
501676,12359,2025-02-01,Paid Search,Delivered,Chandigarh
501677,13053,2024-07-22,Paid Search,Delivered,Gurugram
501678,12440,2024-08-04,Paid Search,Delivered,Kolkata
501679,13532,2025-09-22,Organic,Delivered,Lucknow
501680,11269,2024-11-16,Direct,Delivered,Bengaluru
501681,10072,2025-12-12,Affiliate,Delivered,Chennai
501682,13935,2025-09-10,Direct,Delivered,Indore
501683,14254,2025-06-04,Organic,Delivered,Kolkata
501684,13089,2025-02-04,Organic,Delivered,Lucknow
501685,11570,2025-09-04,Social,Delivered,Indore
501686,11852,2024-02-10,Email,Delivered,Pune
501687,12399,2024-12-30,Email,Delivered,Jaipur
501688,12109,2025-06-05,Organic,Delivered,Delhi
501689,11119,2024-03-20,Direct,Delivered,Bengaluru
501690,11859,2024-05-13,Social,Delivered,Bhopal
501691,11491,2024-02-17,Paid Search,Delivered,Indore
501692,12240,2024-12-21,Social,Delivered,Jaipur
501693,11878,2025-01-30,Organic,Delivered,Ahmedabad
501694,12641,2024-12-08,Organic,Delivered,Lucknow
501695,14034,2024-02-10,Direct,Delivered,Lucknow
501696,11655,2024-12-21,Social,Delivered,Bengaluru
501697,10290,2025-10-11,Organic,Cancelled,Hyderabad
501698,14091,2024-01-23,Paid Search,Delivered,Mumbai
501699,10932,2025-07-21,Organic,Delivered,Noida
501700,14642,2024-07-18,Direct,Delivered,Kolkata
501701,12644,2024-02-24,Affiliate,Delivered,Noida
501702,12615,2024-02-07,Social,Delivered,Chennai
501703,12045,2024-01-10,Direct,Delivered,Kolkata
501704,13557,2024-10-30,Paid Search,Delivered,Delhi
501705,13265,2024-12-30,Direct,Delivered,Ahmedabad
501706,14653,2025-03-30,Social,Delivered,Hyderabad
501707,10083,2024-02-29,Direct,Delivered,Kochi
501708,10960,2025-04-23,Direct,Delivered,Ghaziabad
501709,11389,2025-06-24,Social,Delivered,Lucknow
501710,10949,2024-02-17,Organic,Delivered,Chennai
501711,14742,2025-05-08,Organic,Delivered,Pune
501712,10364,2024-03-27,Paid Search,Delivered,Kochi
501713,10607,2024-11-17,Organic,Delivered,Hyderabad
501714,12211,2025-04-28,Paid Search,Delivered,Patna
501715,11322,2025-09-28,Social,Delivered,Bhopal
501716,11656,2025-01-23,Organic,Delivered,Kolkata
501717,13020,2024-11-14,Direct,Delivered,Hyderabad
501718,12803,2025-09-01,Organic,Delivered,Indore
501719,14322,2024-06-07,Organic,Delivered,Patna
501720,12256,2024-05-29,Organic,Delivered,Hyderabad
501721,14687,2024-12-06,Direct,Delivered,Patna
501722,10951,2024-03-28,Paid Search,Delivered,Jaipur
501723,10973,2024-01-17,Organic,Delivered,Chandigarh
501724,11956,2024-09-21,Organic,Delivered,Ahmedabad
501725,10585,2024-04-21,Paid Search,Delivered,Gurugram
501726,10145,2025-04-10,Direct,Delivered,Bhopal
501727,11857,2025-02-05,Social,Delivered,Hyderabad
501728,12687,2024-12-21,Paid Search,Delivered,Ahmedabad
501729,11389,2024-12-28,Paid Search,Delivered,Lucknow
501730,11356,2024-03-13,Organic,Delivered,Bengaluru
501731,10487,2024-10-21,Social,Delivered,Bengaluru
501732,10562,2024-02-22,Paid Search,Delivered,Gurugram
501733,14417,2024-09-16,Email,Delivered,Indore
501734,10330,2025-05-10,Organic,Delivered,Ghaziabad
501735,13514,2025-12-22,Organic,Delivered,Noida
501736,13573,2024-08-05,Social,Delivered,Pune
501737,11017,2024-07-12,Affiliate,Delivered,Bhopal
501738,11237,2025-05-04,Social,Delivered,Chandigarh
501739,11839,2025-11-01,Affiliate,Delivered,Jaipur
501740,13294,2024-08-03,Direct,Delivered,Ghaziabad
501741,10184,2025-09-04,Direct,Delivered,Indore
501742,14078,2024-08-18,Paid Search,Delivered,Bengaluru
501743,11705,2025-04-12,Direct,Cancelled,Noida
501744,12500,2024-06-02,Email,Delivered,Hyderabad
501745,14550,2024-07-10,Email,Delivered,Kolkata
501746,10666,2025-12-20,Social,Delivered,Ghaziabad
501747,14739,2024-10-11,Organic,Delivered,Indore
501748,13073,2024-01-12,Social,Delivered,Noida
501749,12135,2025-07-18,Affiliate,Delivered,Patna
501750,10359,2024-04-03,Direct,Delivered,Delhi
501751,10338,2024-03-21,Paid Search,Delivered,Hyderabad
501752,14086,2025-09-03,Direct,Delivered,Chennai
501753,12010,2024-09-11,Organic,Delivered,Chandigarh
501754,13808,2024-04-10,Direct,Delivered,Mumbai
501755,14167,2025-12-14,Social,Delivered,Hyderabad
501756,12011,2024-07-24,Email,Delivered,Kochi
501757,11583,2025-04-07,Social,Delivered,Ahmedabad
501758,11346,2024-07-11,Direct,Delivered,Jaipur
501759,13184,2025-02-28,Organic,Delivered,Patna
501760,13548,2025-05-24,Paid Search,Delivered,Lucknow
501761,11748,2025-07-07,Direct,Delivered,Hyderabad
501762,12837,2024-10-27,Organic,Delivered,Bengaluru
501763,12700,2025-03-26,Social,Delivered,Pune
501764,10726,2025-09-06,Social,Delivered,Jaipur
501765,12629,2025-09-06,Affiliate,Delivered,Ghaziabad
501766,13796,2025-06-30,Direct,Delivered,Kochi
501767,14811,2024-10-19,Paid Search,Delivered,Jaipur
501768,11670,2025-01-23,Email,Delivered,Bhopal
501769,11194,2025-12-08,Social,Delivered,Delhi
501770,14470,2024-07-01,Email,Delivered,Jaipur
501771,14598,2025-05-21,Organic,Delivered,Kolkata
501772,14148,2025-08-02,Paid Search,Delivered,Bhopal
501773,11678,2024-12-17,Social,Delivered,Kochi
501774,11380,2025-09-25,Organic,Delivered,Ahmedabad
501775,13125,2024-11-09,Email,Delivered,Kochi
501776,11277,2025-09-03,Organic,Delivered,Ghaziabad
501777,13848,2025-04-16,Direct,Delivered,Ahmedabad
501778,11990,2024-02-07,Direct,Delivered,Kolkata
501779,11636,2025-08-24,Email,Delivered,Delhi
501780,14023,2025-05-25,Direct,Delivered,Gurugram
501781,11776,2024-06-11,Direct,Delivered,Kolkata
501782,10654,2025-05-29,Affiliate,Delivered,Gurugram
501783,13975,2025-01-08,Email,Delivered,Kolkata
501784,11581,2025-11-20,Paid Search,Delivered,Mumbai
501785,13277,2024-08-10,Affiliate,Delivered,Patna
501786,13296,2024-07-11,Email,Delivered,Patna
501787,10416,2024-02-12,Social,Delivered,Pune
501788,10168,2025-07-28,Social,Delivered,Chennai
501789,14102,2025-12-21,Organic,Delivered,Noida
501790,10280,2025-05-18,Affiliate,Delivered,Chandigarh
501791,11660,2024-09-26,Direct,Delivered,Jaipur
501792,13811,2025-10-04,Organic,Delivered,Patna
501793,10889,2024-07-04,Organic,Delivered,Lucknow
501794,12612,2025-05-21,Direct,Delivered,Pune
501795,10579,2025-03-12,Organic,Delivered,Gurugram
501796,12789,2025-09-15,Affiliate,Delivered,Kochi
501797,13568,2025-12-11,Social,Delivered,Gurugram
501798,11245,2024-09-19,Social,Delivered,Chandigarh
501799,11410,2024-03-10,Organic,Delivered,Kochi
501800,12659,2024-04-25,Organic,Delivered,Chandigarh
501801,13957,2025-06-24,Social,Delivered,Bhopal
501802,12726,2024-09-22,Paid Search,Delivered,Mumbai
501803,13508,2024-04-12,Affiliate,Delivered,Hyderabad
501804,12069,2025-08-18,Direct,Delivered,Jaipur
501805,10644,2025-04-19,Affiliate,Delivered,Indore
501806,14823,2024-04-06,Paid Search,Delivered,Jaipur
501807,13982,2025-06-05,Social,Delivered,Bhopal
501808,10247,2025-04-11,Organic,Delivered,Patna
501809,11380,2025-12-20,Email,Delivered,Pune
501810,12075,2025-12-22,Paid Search,Delivered,Jaipur
501811,10408,2025-12-13,Direct,Cancelled,Chandigarh
501812,14288,2025-10-16,Email,Delivered,Kolkata
501813,10864,2025-08-02,Organic,Delivered,Delhi
501814,11032,2025-05-05,Paid Search,Delivered,Ahmedabad
501815,11584,2025-02-02,Email,Delivered,Chandigarh
501816,14675,2025-08-02,Direct,Delivered,Kochi
501817,11130,2025-12-07,Paid Search,Delivered,Hyderabad
501818,12128,2024-03-26,Email,Delivered,Ghaziabad
501819,13412,2024-04-09,Organic,Delivered,Noida
501820,10783,2024-12-30,Direct,Delivered,Jaipur
501821,10446,2024-08-02,Social,Delivered,Bhopal
501822,10466,2025-01-23,Affiliate,Delivered,Chandigarh
501823,10919,2024-08-15,Paid Search,Delivered,Delhi
501824,11636,2025-07-26,Direct,Delivered,Pune
501825,14704,2025-10-18,Email,Delivered,Delhi
501826,14599,2024-07-25,Organic,Delivered,Bhopal
501827,12847,2025-07-18,Social,Delivered,Lucknow
501828,14696,2024-03-18,Paid Search,Delivered,Ghaziabad
501829,10145,2025-08-05,Direct,Delivered,Hyderabad
501830,12817,2025-05-25,Affiliate,Delivered,Chennai
501831,12221,2025-06-03,Social,Delivered,Chennai
501832,10591,2024-12-26,Paid Search,Delivered,Mumbai
501833,12766,2024-03-19,Direct,Delivered,Ahmedabad
501834,12283,2025-09-07,Direct,Delivered,Lucknow
501835,13818,2024-03-21,Social,Delivered,Chandigarh
501836,12089,2024-12-17,Email,Delivered,Chandigarh
501837,12146,2024-05-07,Paid Search,Delivered,Kolkata
501838,11156,2025-09-10,Paid Search,Delivered,Pune
501839,12363,2025-02-23,Direct,Delivered,Delhi
501840,10381,2025-01-06,Affiliate,Delivered,Kochi
501841,12832,2024-08-19,Organic,Delivered,Hyderabad
501842,11908,2025-07-26,Social,Delivered,Lucknow
501843,11369,2024-06-02,Paid Search,Delivered,Noida
501844,11860,2025-06-10,Paid Search,Delivered,Bhopal
501845,14460,2025-12-09,Direct,Delivered,Bengaluru
501846,13520,2024-07-13,Organic,Delivered,Bengaluru
501847,14263,2025-05-16,Paid Search,Delivered,Kochi
501848,11972,2024-08-14,Direct,Delivered,Lucknow
501849,11969,2025-11-10,Organic,Delivered,Hyderabad
501850,10066,2025-10-19,Paid Search,Delivered,Kochi
501851,13411,2024-08-17,Email,Delivered,Gurugram
501852,10101,2024-06-17,Paid Search,Delivered,Ahmedabad
501853,14862,2024-03-01,Paid Search,Delivered,Hyderabad
501854,13438,2025-05-24,Social,Delivered,Indore
501855,12328,2025-11-03,Direct,Delivered,Chandigarh
501856,13304,2024-04-16,Direct,Delivered,Gurugram
501857,14969,2025-08-19,Organic,Delivered,Chandigarh
501858,10802,2025-07-06,Social,Delivered,Kolkata
501859,13730,2024-12-11,Email,Delivered,Indore
501860,14332,2024-06-12,Paid Search,Delivered,Indore
501861,12933,2025-04-22,Paid Search,Delivered,Mumbai
501862,13314,2025-03-10,Social,Delivered,Ahmedabad
501863,12531,2025-08-16,Paid Search,Delivered,Bhopal
501864,10771,2025-02-16,Direct,Delivered,Kolkata
501865,14905,2024-02-05,Organic,Delivered,Kolkata
501866,11439,2024-05-28,Organic,Delivered,Ghaziabad
501867,11929,2024-10-05,Direct,Delivered,Mumbai
501868,14869,2024-12-25,Direct,Delivered,Hyderabad
501869,10284,2024-09-12,Paid Search,Delivered,Hyderabad
501870,12039,2025-10-04,Affiliate,Delivered,Patna
501871,12780,2024-07-24,Direct,Cancelled,Chennai
501872,11184,2025-05-12,Paid Search,Delivered,Mumbai
501873,13351,2024-09-21,Email,Delivered,Lucknow
501874,12621,2025-12-26,Affiliate,Delivered,Patna
501875,11311,2025-10-31,Paid Search,Delivered,Mumbai
501876,11028,2025-07-27,Direct,Delivered,Lucknow
501877,11434,2025-07-13,Direct,Delivered,Kochi
501878,13959,2025-04-15,Social,Delivered,Gurugram
501879,12605,2025-03-05,Organic,Delivered,Noida
501880,13972,2025-02-15,Direct,Delivered,Kochi
501881,13592,2024-01-20,Social,Delivered,Mumbai
501882,14005,2025-11-16,Organic,Delivered,Kochi
501883,14276,2025-12-18,Affiliate,Delivered,Hyderabad
501884,13087,2025-01-20,Email,Delivered,Bhopal
501885,11802,2025-09-28,Organic,Delivered,Chandigarh
501886,13471,2024-10-21,Paid Search,Delivered,Chandigarh
501887,14723,2024-03-23,Direct,Delivered,Ahmedabad
501888,11608,2025-09-02,Direct,Delivered,Noida
501889,12439,2025-01-07,Paid Search,Delivered,Lucknow
501890,14395,2025-11-18,Organic,Delivered,Chennai
501891,12987,2024-06-04,Paid Search,Delivered,Kochi
501892,10721,2024-12-16,Social,Delivered,Ahmedabad
501893,11753,2025-05-02,Paid Search,Delivered,Chandigarh
501894,11273,2024-04-10,Email,Delivered,Noida
501895,12388,2025-12-29,Organic,Delivered,Mumbai
501896,14964,2025-03-20,Affiliate,Delivered,Chennai
501897,14197,2024-05-05,Direct,Delivered,Kochi
501898,14802,2025-06-25,Affiliate,Delivered,Noida
501899,13708,2025-10-04,Paid Search,Delivered,Kolkata
501900,12539,2024-09-30,Email,Delivered,Noida
501901,13300,2025-03-21,Paid Search,Delivered,Lucknow
501902,12496,2025-06-30,Paid Search,Delivered,Gurugram
501903,10206,2024-04-16,Email,Delivered,Patna
501904,10585,2025-01-23,Direct,Delivered,Ghaziabad
501905,12775,2025-02-12,Direct,Delivered,Bengaluru
501906,13299,2024-08-08,Paid Search,Delivered,Bhopal
501907,11269,2024-08-07,Email,Delivered,Bengaluru
501908,10156,2025-04-05,Paid Search,Delivered,Ahmedabad
501909,10349,2025-07-03,Email,Delivered,Chennai
501910,11572,2024-10-11,Paid Search,Delivered,Noida
501911,14306,2024-04-17,Affiliate,Delivered,Patna
501912,12092,2025-07-29,Direct,Delivered,Noida
501913,14867,2024-05-06,Paid Search,Delivered,Delhi
501914,14470,2024-01-03,Direct,Delivered,Kolkata
501915,14292,2024-08-23,Affiliate,Delivered,Chennai
501916,14843,2025-08-21,Social,Delivered,Ghaziabad
501917,11211,2025-07-07,Social,Delivered,Kolkata
501918,14870,2024-08-12,Paid Search,Delivered,Pune
501919,14620,2025-01-14,Organic,Delivered,Patna
501920,13995,2025-12-02,Organic,Delivered,Indore
501921,10963,2025-06-09,Email,Delivered,Lucknow
501922,11450,2025-07-08,Organic,Delivered,Patna
501923,13262,2024-03-05,Social,Delivered,Gurugram
501924,10227,2024-06-25,Direct,Delivered,Chennai
501925,14109,2024-03-17,Email,Delivered,Kolkata
501926,12129,2025-12-16,Organic,Delivered,Noida
501927,10109,2024-09-07,Affiliate,Delivered,Kolkata
501928,11487,2024-12-31,Organic,Delivered,Bhopal
501929,11976,2025-02-07,Affiliate,Delivered,Ahmedabad
501930,13276,2025-01-17,Organic,Delivered,Noida
501931,13012,2024-02-08,Organic,Delivered,Mumbai
501932,11856,2025-10-26,Direct,Delivered,Ahmedabad
501933,13097,2024-10-05,Paid Search,Delivered,Pune
501934,14454,2025-11-02,Organic,Delivered,Gurugram
501935,11751,2025-07-13,Organic,Delivered,Bhopal
501936,11871,2025-05-24,Paid Search,Delivered,Ahmedabad
501937,10509,2025-05-28,Direct,Delivered,Delhi
501938,11890,2025-12-16,Organic,Delivered,Jaipur
501939,11421,2024-08-09,Organic,Delivered,Ahmedabad
501940,13796,2024-08-28,Direct,Delivered,Kochi
501941,10566,2025-05-05,Paid Search,Delivered,Bengaluru
501942,12951,2024-06-18,Organic,Delivered,Kolkata
501943,13861,2025-08-10,Organic,Delivered,Delhi
501944,11277,2024-01-22,Direct,Delivered,Patna
501945,10339,2025-10-17,Social,Delivered,Chandigarh
501946,13384,2024-09-10,Email,Delivered,Chandigarh
501947,12942,2024-01-04,Email,Delivered,Noida
501948,12815,2025-03-16,Social,Delivered,Ahmedabad
501949,14399,2024-07-20,Affiliate,Delivered,Indore
501950,10521,2024-08-11,Direct,Delivered,Patna
501951,10989,2024-12-17,Email,Delivered,Hyderabad
501952,12337,2025-02-27,Direct,Delivered,Bengaluru
501953,12811,2024-04-09,Organic,Delivered,Ghaziabad
501954,14594,2024-02-05,Social,Delivered,Kochi
501955,13094,2024-12-03,Social,Delivered,Ghaziabad
501956,11059,2024-09-15,Organic,Delivered,Gurugram
501957,14260,2025-03-01,Organic,Delivered,Pune
501958,12074,2025-06-30,Organic,Delivered,Lucknow
501959,14342,2025-03-25,Paid Search,Delivered,Bengaluru
501960,11380,2024-03-17,Affiliate,Delivered,Jaipur
501961,13958,2025-12-29,Organic,Delivered,Bhopal
501962,12685,2025-06-06,Social,Delivered,Patna
501963,12779,2024-02-05,Organic,Delivered,Noida
501964,14876,2025-07-11,Social,Delivered,Indore
501965,10772,2025-10-05,Paid Search,Delivered,Jaipur
501966,11550,2025-02-19,Organic,Delivered,Lucknow
501967,10916,2025-08-31,Social,Delivered,Kolkata
501968,14165,2025-10-09,Paid Search,Delivered,Indore
501969,14253,2025-12-05,Paid Search,Delivered,Delhi
501970,14192,2025-11-28,Email,Delivered,Noida
501971,11191,2024-05-21,Direct,Delivered,Pune
501972,11298,2024-01-26,Email,Delivered,Chandigarh
501973,12011,2025-04-21,Social,Delivered,Lucknow
501974,13864,2025-05-11,Social,Delivered,Ghaziabad
501975,13757,2025-02-19,Social,Delivered,Chandigarh
501976,14941,2024-06-22,Social,Delivered,Hyderabad
501977,13922,2025-11-24,Social,Delivered,Chandigarh
501978,14771,2024-10-25,Social,Delivered,Hyderabad
501979,11332,2025-06-26,Affiliate,Delivered,Ghaziabad
501980,13029,2025-03-31,Paid Search,Delivered,Gurugram
501981,12666,2025-10-16,Organic,Delivered,Bengaluru
501982,10759,2025-06-04,Email,Delivered,Pune
501983,14736,2025-04-08,Affiliate,Delivered,Hyderabad
501984,10597,2025-09-06,Affiliate,Delivered,Patna
501985,14275,2024-02-09,Paid Search,Delivered,Pune
501986,11335,2025-05-30,Email,Delivered,Lucknow
501987,11108,2025-03-04,Direct,Delivered,Ahmedabad
501988,13007,2025-07-22,Organic,Delivered,Bengaluru
501989,12338,2024-06-12,Social,Delivered,Hyderabad
501990,11932,2025-03-13,Paid Search,Delivered,Chandigarh
501991,14517,2024-07-26,Affiliate,Delivered,Kolkata
501992,13496,2024-03-26,Paid Search,Delivered,Chandigarh
501993,13045,2025-02-24,Affiliate,Delivered,Indore
501994,13939,2024-01-16,Organic,Delivered,Ghaziabad
501995,14017,2024-03-09,Organic,Delivered,Hyderabad
501996,10903,2025-01-22,Organic,Delivered,Patna
501997,12207,2025-10-18,Paid Search,Delivered,Noida
501998,14527,2025-06-07,Direct,Delivered,Chandigarh
501999,14073,2024-01-12,Organic,Delivered,Patna
502000,10303,2024-03-20,Organic,Delivered,Chandigarh
502001,11232,2024-11-11,Direct,Delivered,Jaipur
502002,11325,2024-11-09,Paid Search,Delivered,Lucknow
502003,12567,2024-01-30,Social,Delivered,Delhi
502004,14075,2024-07-06,Organic,Delivered,Chandigarh
502005,12416,2024-04-02,Direct,Delivered,Chennai
502006,10919,2025-02-18,Social,Delivered,Ahmedabad
502007,12787,2025-04-26,Organic,Delivered,Jaipur
502008,11101,2024-10-12,Email,Delivered,Jaipur
502009,13391,2025-02-21,Paid Search,Delivered,Kochi
502010,14879,2024-05-27,Paid Search,Delivered,Noida
502011,13162,2025-09-14,Paid Search,Delivered,Bhopal
502012,14562,2024-01-04,Social,Delivered,Chandigarh
502013,12723,2025-01-03,Email,Delivered,Ghaziabad
502014,14064,2024-08-23,Organic,Delivered,Mumbai
502015,14701,2024-11-25,Affiliate,Delivered,Bengaluru
502016,10870,2025-01-12,Organic,Delivered,Jaipur
502017,13329,2025-04-17,Email,Delivered,Bhopal
502018,11276,2025-11-10,Organic,Delivered,Delhi
502019,10424,2025-02-14,Paid Search,Delivered,Bhopal
502020,11176,2024-06-15,Social,Delivered,Lucknow
502021,10713,2025-01-18,Email,Delivered,Lucknow
502022,10946,2025-01-09,Affiliate,Delivered,Ahmedabad
502023,10034,2025-09-24,Social,Delivered,Jaipur
502024,14853,2025-02-18,Direct,Delivered,Mumbai
502025,12202,2025-09-26,Direct,Delivered,Ahmedabad
502026,10831,2025-04-19,Direct,Delivered,Kolkata
502027,11717,2025-02-22,Paid Search,Delivered,Ahmedabad
502028,13734,2024-08-28,Organic,Delivered,Pune
502029,13161,2024-07-06,Email,Delivered,Noida
502030,10256,2024-03-13,Paid Search,Delivered,Patna
502031,10740,2025-02-04,Affiliate,Delivered,Mumbai
502032,12720,2025-11-04,Organic,Delivered,Ahmedabad
502033,14850,2024-01-10,Affiliate,Delivered,Chennai
502034,10355,2025-11-27,Organic,Delivered,Mumbai
502035,14312,2025-09-20,Direct,Delivered,Chandigarh
502036,10309,2024-11-16,Email,Delivered,Ahmedabad
502037,12478,2024-08-17,Organic,Delivered,Lucknow
502038,11152,2025-02-28,Social,Delivered,Ghaziabad
502039,12118,2025-09-17,Social,Delivered,Hyderabad
502040,14629,2024-01-22,Direct,Delivered,Patna
502041,11079,2024-11-24,Social,Delivered,Patna
502042,13195,2024-02-04,Social,Delivered,Bhopal
502043,11667,2025-04-15,Paid Search,Delivered,Pune
502044,13258,2024-02-26,Email,Delivered,Ahmedabad
502045,10275,2024-08-19,Organic,Delivered,Chennai
502046,11489,2025-06-24,Direct,Delivered,Ghaziabad
502047,14789,2025-07-03,Social,Delivered,Pune
502048,13619,2024-06-15,Direct,Delivered,Kochi
502049,14684,2025-01-09,Affiliate,Delivered,Chennai
502050,13408,2024-05-14,Organic,Delivered,Bengaluru
502051,10927,2025-03-08,Paid Search,Delivered,Jaipur
502052,12309,2024-01-07,Paid Search,Delivered,Bhopal
502053,14390,2025-08-17,Organic,Delivered,Delhi
502054,13414,2024-01-17,Organic,Delivered,Bhopal
502055,12602,2025-03-20,Affiliate,Delivered,Indore
502056,14336,2024-10-23,Social,Delivered,Patna
502057,10568,2024-06-12,Social,Delivered,Lucknow
502058,14802,2025-01-30,Social,Delivered,Kochi
502059,10631,2024-04-13,Organic,Cancelled,Ahmedabad
502060,14983,2025-02-27,Paid Search,Delivered,Bengaluru
502061,14023,2025-04-16,Paid Search,Delivered,Delhi
502062,12442,2024-11-30,Direct,Delivered,Noida
502063,12382,2024-09-21,Email,Delivered,Mumbai
502064,10164,2024-12-01,Organic,Delivered,Bengaluru
502065,11585,2025-11-30,Email,Delivered,Kochi
502066,11146,2025-07-04,Social,Delivered,Chennai
502067,13534,2024-01-05,Organic,Cancelled,Hyderabad
502068,10985,2024-07-30,Organic,Delivered,Indore
502069,14030,2024-01-19,Organic,Delivered,Pune
502070,11503,2024-06-22,Affiliate,Delivered,Bhopal
502071,14252,2025-07-23,Affiliate,Delivered,Pune
502072,11803,2025-09-16,Social,Delivered,Jaipur
502073,13763,2024-11-30,Organic,Delivered,Delhi
502074,13344,2025-05-18,Paid Search,Delivered,Chandigarh
502075,14948,2024-09-27,Paid Search,Delivered,Patna
502076,12629,2024-12-14,Paid Search,Delivered,Hyderabad
502077,11764,2025-08-29,Social,Delivered,Ghaziabad
502078,13249,2024-07-20,Organic,Delivered,Jaipur
502079,10149,2024-08-20,Organic,Cancelled,Bhopal
502080,14860,2024-04-09,Social,Delivered,Delhi
502081,13391,2024-06-08,Paid Search,Delivered,Kochi
502082,10246,2024-01-28,Email,Delivered,Indore
502083,10863,2025-08-19,Affiliate,Delivered,Lucknow
502084,10072,2025-09-15,Email,Delivered,Chennai
502085,13336,2024-11-04,Direct,Delivered,Pune
502086,13328,2025-03-09,Email,Delivered,Delhi
502087,10815,2024-06-30,Affiliate,Delivered,Mumbai
502088,12732,2024-02-03,Email,Delivered,Kolkata
502089,12449,2025-01-11,Affiliate,Delivered,Ghaziabad
502090,12414,2024-04-25,Paid Search,Delivered,Kolkata
502091,13091,2025-09-12,Paid Search,Delivered,Mumbai
502092,14267,2024-07-23,Paid Search,Delivered,Gurugram
502093,14573,2025-06-23,Social,Delivered,Mumbai
502094,10795,2024-07-11,Paid Search,Delivered,Kolkata
502095,14721,2024-04-02,Direct,Delivered,Kochi
502096,12869,2025-02-04,Social,Delivered,Pune
502097,10906,2024-05-14,Paid Search,Delivered,Kolkata
502098,14660,2024-10-18,Social,Delivered,Delhi
502099,11849,2024-08-02,Affiliate,Delivered,Delhi
502100,12230,2025-10-06,Affiliate,Delivered,Indore
502101,14836,2025-01-02,Email,Delivered,Chennai
502102,12900,2025-06-09,Organic,Delivered,Mumbai
502103,10716,2025-03-06,Direct,Delivered,Patna
502104,10350,2025-10-27,Direct,Delivered,Kolkata
502105,14103,2024-11-17,Direct,Delivered,Mumbai
502106,11746,2025-09-22,Email,Delivered,Chennai
502107,10499,2025-10-18,Organic,Delivered,Bengaluru
502108,10207,2025-11-04,Direct,Delivered,Kochi
502109,14728,2025-05-23,Organic,Delivered,Indore
502110,12862,2025-12-17,Organic,Delivered,Noida
502111,12621,2025-06-28,Email,Delivered,Chandigarh
502112,12953,2024-08-15,Social,Delivered,Delhi
502113,12094,2024-04-24,Affiliate,Delivered,Ahmedabad
502114,14755,2024-06-02,Email,Delivered,Gurugram
502115,13011,2025-02-23,Organic,Delivered,Chandigarh
502116,13193,2024-04-30,Email,Delivered,Bhopal
502117,14468,2024-06-22,Direct,Delivered,Indore
502118,10015,2025-04-04,Direct,Delivered,Gurugram
502119,11596,2024-08-31,Organic,Delivered,Hyderabad
502120,14167,2025-05-12,Paid Search,Delivered,Lucknow
502121,10482,2025-12-30,Organic,Delivered,Lucknow
502122,11649,2024-03-05,Affiliate,Delivered,Pune
502123,10818,2025-04-13,Email,Delivered,Noida
502124,13572,2025-08-23,Social,Delivered,Ghaziabad
502125,14219,2024-04-12,Paid Search,Delivered,Indore
502126,11321,2025-07-26,Affiliate,Delivered,Delhi
502127,13438,2025-01-05,Affiliate,Delivered,Hyderabad
502128,13802,2025-04-04,Social,Delivered,Chennai
502129,14528,2024-02-07,Organic,Delivered,Chennai
502130,14638,2024-11-14,Social,Delivered,Patna
502131,12278,2024-09-25,Direct,Delivered,Pune
502132,10397,2024-04-22,Social,Delivered,Gurugram
502133,13723,2025-07-11,Affiliate,Delivered,Bhopal
502134,12722,2025-01-04,Paid Search,Delivered,Mumbai
502135,12297,2025-10-03,Paid Search,Delivered,Indore
502136,12703,2024-04-26,Organic,Delivered,Gurugram
502137,13220,2025-06-18,Paid Search,Delivered,Kochi
502138,11433,2025-03-18,Organic,Delivered,Patna
502139,11642,2025-04-20,Social,Delivered,Pune
502140,11709,2024-08-14,Paid Search,Delivered,Gurugram
502141,12466,2025-05-19,Direct,Delivered,Hyderabad
502142,13381,2024-06-29,Paid Search,Delivered,Noida
502143,10211,2025-07-11,Organic,Delivered,Kochi
502144,11464,2024-11-18,Organic,Delivered,Jaipur
502145,13641,2024-12-16,Paid Search,Delivered,Kochi
502146,10154,2025-02-28,Email,Delivered,Noida
502147,13977,2024-03-02,Email,Delivered,Patna
502148,13846,2024-09-25,Email,Delivered,Bhopal
502149,11596,2024-05-28,Direct,Delivered,Delhi
502150,13126,2025-12-05,Paid Search,Delivered,Pune
502151,12452,2024-11-04,Social,Delivered,Mumbai
502152,11253,2024-01-05,Organic,Delivered,Chandigarh
502153,10747,2024-01-20,Organic,Delivered,Chandigarh
502154,14808,2025-10-29,Paid Search,Delivered,Ghaziabad
502155,14298,2024-04-24,Email,Delivered,Mumbai
502156,14493,2024-01-01,Direct,Delivered,Bengaluru
502157,10704,2024-06-04,Paid Search,Delivered,Bhopal
502158,14822,2024-06-07,Paid Search,Delivered,Chennai
502159,13130,2024-02-28,Direct,Delivered,Noida
502160,12562,2025-12-29,Affiliate,Delivered,Bhopal
502161,11710,2024-02-13,Email,Delivered,Pune
502162,11176,2025-06-16,Paid Search,Delivered,Pune
502163,11627,2025-09-03,Paid Search,Delivered,Hyderabad
502164,10870,2025-04-16,Email,Delivered,Ahmedabad
502165,13951,2024-04-06,Organic,Delivered,Noida
502166,14743,2025-06-14,Social,Delivered,Pune
502167,14836,2024-08-29,Organic,Delivered,Chennai
502168,14455,2024-10-25,Email,Delivered,Noida
502169,10662,2024-07-02,Social,Delivered,Delhi
502170,13705,2025-07-27,Organic,Delivered,Mumbai
502171,14290,2025-02-27,Paid Search,Delivered,Ghaziabad
502172,12553,2024-04-23,Organic,Delivered,Ahmedabad
502173,12791,2024-10-24,Affiliate,Delivered,Kochi
502174,11923,2025-08-03,Direct,Delivered,Jaipur
502175,14113,2025-11-16,Paid Search,Delivered,Pune
502176,13518,2025-11-17,Organic,Delivered,Indore
502177,13146,2024-04-08,Direct,Delivered,Mumbai
502178,10048,2025-09-18,Direct,Delivered,Hyderabad
502179,14803,2025-02-17,Affiliate,Delivered,Chandigarh
502180,12622,2025-06-24,Paid Search,Delivered,Kolkata
502181,14780,2024-10-08,Organic,Delivered,Jaipur
502182,13394,2025-04-21,Direct,Delivered,Lucknow
502183,12605,2024-07-07,Social,Delivered,Noida
502184,13769,2025-01-15,Paid Search,Delivered,Indore
502185,11234,2024-06-14,Affiliate,Delivered,Noida
502186,12256,2024-10-15,Email,Delivered,Gurugram
502187,10126,2024-10-25,Organic,Delivered,Indore
502188,13726,2025-09-24,Direct,Delivered,Delhi
502189,11621,2025-04-04,Social,Delivered,Lucknow
502190,10480,2025-04-18,Organic,Delivered,Kolkata
502191,13982,2024-07-26,Organic,Delivered,Kolkata
502192,11167,2024-11-13,Social,Delivered,Hyderabad
502193,11120,2024-12-11,Social,Delivered,Chandigarh
502194,10724,2025-07-27,Organic,Delivered,Bengaluru
502195,13018,2024-05-15,Social,Delivered,Bengaluru
502196,11700,2024-02-09,Paid Search,Delivered,Chennai
502197,12854,2025-01-04,Paid Search,Delivered,Kochi
502198,11721,2025-08-17,Direct,Delivered,Noida
502199,13767,2025-06-20,Paid Search,Delivered,Ahmedabad
502200,11870,2025-08-15,Direct,Delivered,Indore
502201,13965,2024-10-14,Paid Search,Delivered,Delhi
502202,12330,2024-06-16,Organic,Delivered,Bhopal
502203,10075,2025-04-27,Organic,Delivered,Kolkata
502204,12182,2024-01-28,Direct,Delivered,Kolkata
502205,11226,2025-10-16,Organic,Delivered,Bhopal
502206,12453,2025-06-05,Organic,Delivered,Chennai
502207,10624,2025-01-03,Paid Search,Delivered,Chennai
502208,13763,2024-05-26,Email,Delivered,Noida
502209,13123,2024-07-01,Paid Search,Delivered,Chennai
502210,10711,2025-12-29,Organic,Delivered,Ghaziabad
502211,14892,2024-01-11,Social,Cancelled,Noida
502212,11754,2024-01-07,Direct,Delivered,Lucknow
502213,11050,2024-09-10,Direct,Delivered,Jaipur
502214,10001,2024-06-16,Direct,Delivered,Indore
502215,11234,2025-05-09,Paid Search,Delivered,Chandigarh
502216,10142,2024-01-31,Organic,Delivered,Ahmedabad
502217,12416,2025-07-28,Organic,Delivered,Hyderabad
502218,13033,2025-07-26,Direct,Delivered,Pune
502219,11851,2024-06-16,Affiliate,Delivered,Bengaluru
502220,14381,2025-02-27,Email,Cancelled,Noida
502221,14831,2025-05-06,Social,Delivered,Patna
502222,11530,2025-09-12,Social,Delivered,Ghaziabad
502223,13189,2025-06-19,Social,Delivered,Indore
502224,12010,2025-12-04,Paid Search,Delivered,Kolkata
502225,11369,2024-03-25,Social,Delivered,Patna
502226,11050,2025-03-21,Organic,Delivered,Chennai
502227,12608,2025-07-18,Organic,Delivered,Noida
502228,10714,2024-06-18,Organic,Delivered,Kochi
502229,13363,2024-06-08,Direct,Delivered,Delhi
502230,14421,2024-03-08,Direct,Delivered,Gurugram
502231,11841,2025-12-21,Affiliate,Delivered,Jaipur
502232,12861,2025-09-25,Direct,Delivered,Ghaziabad
502233,14881,2024-03-29,Organic,Delivered,Indore
502234,13525,2024-06-28,Organic,Delivered,Pune
502235,12020,2024-11-30,Organic,Delivered,Kochi
502236,14410,2025-10-15,Organic,Cancelled,Patna
502237,10213,2025-08-26,Affiliate,Delivered,Lucknow
502238,12942,2025-10-04,Organic,Delivered,Lucknow
502239,11263,2025-08-28,Direct,Delivered,Chandigarh
502240,10902,2025-04-03,Email,Delivered,Chennai
502241,12585,2024-07-31,Organic,Delivered,Kolkata
502242,13567,2025-03-17,Affiliate,Delivered,Kolkata
502243,13691,2024-12-27,Affiliate,Delivered,Mumbai
502244,13740,2025-11-26,Social,Delivered,Kolkata
502245,11444,2024-11-23,Organic,Delivered,Kochi
502246,12070,2025-07-06,Paid Search,Delivered,Delhi
502247,10566,2024-05-06,Social,Delivered,Bhopal
502248,13085,2025-05-14,Affiliate,Delivered,Ahmedabad
502249,14020,2024-11-27,Paid Search,Delivered,Pune
502250,12423,2024-11-14,Direct,Delivered,Chennai
502251,11564,2025-07-05,Paid Search,Delivered,Hyderabad
502252,11665,2024-12-19,Direct,Delivered,Jaipur
502253,13251,2024-02-13,Organic,Delivered,Chennai
502254,13363,2024-10-11,Direct,Delivered,Noida
502255,12382,2025-12-05,Organic,Delivered,Chandigarh
502256,11238,2025-11-22,Affiliate,Delivered,Kolkata
502257,12053,2025-03-25,Direct,Delivered,Bhopal
502258,11638,2025-04-11,Paid Search,Delivered,Delhi
502259,10490,2024-07-11,Organic,Delivered,Bengaluru
502260,12029,2025-07-24,Direct,Delivered,Patna
502261,14245,2025-03-14,Direct,Delivered,Bhopal
502262,13074,2024-01-28,Affiliate,Delivered,Bengaluru
502263,10668,2025-11-25,Paid Search,Delivered,Ahmedabad
502264,14262,2025-09-15,Organic,Delivered,Kolkata
502265,11068,2024-02-29,Paid Search,Delivered,Mumbai
502266,13075,2024-11-01,Email,Delivered,Chandigarh
502267,12839,2025-06-26,Organic,Delivered,Ahmedabad
502268,13631,2025-06-22,Organic,Delivered,Bhopal
502269,13832,2024-05-02,Direct,Delivered,Kolkata
502270,11464,2024-01-30,Email,Delivered,Ghaziabad
502271,13889,2025-12-20,Email,Delivered,Patna
502272,12938,2025-10-15,Direct,Delivered,Chennai
502273,11749,2025-06-23,Social,Delivered,Ahmedabad
502274,10520,2025-04-27,Paid Search,Delivered,Ghaziabad
502275,12843,2025-05-16,Direct,Delivered,Gurugram
502276,12317,2024-11-30,Direct,Delivered,Ahmedabad
502277,12353,2025-05-15,Organic,Delivered,Mumbai
502278,13450,2024-08-09,Paid Search,Delivered,Chandigarh
502279,13545,2024-03-02,Paid Search,Delivered,Gurugram
502280,10899,2024-08-15,Organic,Delivered,Ahmedabad
502281,11482,2024-08-02,Organic,Delivered,Indore
502282,14511,2024-08-09,Organic,Delivered,Mumbai
502283,12971,2024-12-10,Email,Delivered,Lucknow
502284,12086,2024-04-05,Organic,Delivered,Lucknow
502285,14863,2024-10-25,Direct,Delivered,Mumbai
502286,13356,2024-12-05,Social,Delivered,Delhi
502287,14248,2024-05-17,Paid Search,Delivered,Kochi
502288,12350,2024-11-27,Affiliate,Delivered,Ghaziabad
502289,10818,2025-05-07,Email,Delivered,Bhopal
502290,13662,2024-10-28,Affiliate,Delivered,Pune
502291,14083,2024-01-02,Direct,Delivered,Lucknow
502292,12922,2025-05-28,Affiliate,Delivered,Bhopal
502293,12165,2025-02-26,Affiliate,Delivered,Ahmedabad
502294,10613,2024-11-02,Email,Delivered,Lucknow
502295,11229,2024-01-17,Paid Search,Delivered,Bhopal
502296,14624,2024-03-06,Email,Delivered,Delhi
502297,10843,2024-02-28,Social,Delivered,Lucknow
502298,13301,2025-09-14,Direct,Delivered,Ghaziabad
502299,13317,2024-08-13,Social,Delivered,Bhopal
502300,12361,2024-11-06,Organic,Delivered,Indore
502301,14984,2025-05-23,Social,Delivered,Hyderabad
502302,13384,2025-04-24,Paid Search,Delivered,Delhi
502303,14834,2024-02-17,Social,Delivered,Hyderabad
502304,11305,2025-11-10,Social,Delivered,Chandigarh
502305,13704,2024-07-12,Direct,Delivered,Chennai
502306,13845,2025-07-14,Paid Search,Delivered,Chandigarh
502307,14595,2025-08-31,Direct,Delivered,Patna
502308,12057,2025-01-28,Affiliate,Delivered,Gurugram
502309,11662,2024-04-28,Organic,Delivered,Bengaluru
502310,14026,2025-02-02,Paid Search,Delivered,Jaipur
502311,13595,2024-06-27,Direct,Delivered,Chennai
502312,11371,2025-09-13,Affiliate,Delivered,Ghaziabad
502313,11523,2025-07-05,Organic,Delivered,Ahmedabad
502314,13952,2025-08-25,Social,Delivered,Jaipur
502315,12848,2025-08-28,Paid Search,Delivered,Noida
502316,14534,2024-05-10,Email,Delivered,Kolkata
502317,13153,2024-01-23,Organic,Delivered,Patna
502318,14905,2025-04-02,Paid Search,Delivered,Delhi
502319,11637,2025-03-24,Paid Search,Delivered,Chandigarh
502320,13884,2025-09-24,Social,Delivered,Jaipur
502321,10951,2025-04-11,Paid Search,Delivered,Gurugram
502322,13521,2025-08-10,Email,Delivered,Indore
502323,12088,2024-09-11,Affiliate,Delivered,Bhopal
502324,12600,2024-04-01,Email,Delivered,Delhi
502325,14039,2024-01-28,Direct,Delivered,Kolkata
502326,10529,2024-11-14,Affiliate,Delivered,Delhi
502327,11119,2024-01-02,Organic,Delivered,Kolkata
502328,12800,2025-01-13,Organic,Delivered,Hyderabad
502329,12072,2024-10-19,Email,Delivered,Ghaziabad
502330,12817,2024-07-07,Email,Delivered,Pune
502331,12153,2025-03-08,Direct,Delivered,Jaipur
502332,10324,2025-05-11,Organic,Cancelled,Lucknow
502333,14683,2024-01-30,Paid Search,Delivered,Mumbai
502334,13454,2024-12-14,Direct,Delivered,Indore
502335,13051,2025-11-17,Direct,Delivered,Jaipur
502336,10745,2024-08-05,Social,Delivered,Delhi
502337,10988,2025-07-24,Social,Delivered,Mumbai
502338,12984,2024-09-03,Direct,Delivered,Indore
502339,10264,2024-07-17,Social,Delivered,Patna
502340,12364,2025-09-18,Affiliate,Delivered,Gurugram
502341,14447,2024-09-17,Direct,Delivered,Pune
502342,14376,2025-09-25,Paid Search,Delivered,Jaipur
502343,12574,2025-04-23,Paid Search,Delivered,Chennai
502344,11162,2025-08-16,Direct,Delivered,Hyderabad
502345,10370,2025-08-18,Paid Search,Delivered,Bhopal
502346,10857,2025-10-30,Organic,Delivered,Mumbai
502347,11404,2025-02-09,Social,Cancelled,Ahmedabad
502348,12756,2025-11-27,Email,Delivered,Bengaluru
502349,13629,2024-02-13,Paid Search,Cancelled,Jaipur
502350,12302,2024-12-25,Email,Delivered,Pune
502351,14133,2024-10-16,Paid Search,Delivered,Ahmedabad
502352,10807,2024-03-11,Organic,Delivered,Lucknow
502353,12118,2025-09-30,Paid Search,Delivered,Pune
502354,13069,2025-08-07,Social,Delivered,Kolkata
502355,10270,2025-07-01,Direct,Delivered,Pune
502356,14530,2025-04-08,Social,Delivered,Noida
502357,14976,2025-03-16,Direct,Delivered,Gurugram
502358,13702,2024-10-05,Organic,Delivered,Bhopal
502359,13515,2025-05-14,Paid Search,Delivered,Kochi
502360,11048,2025-12-14,Paid Search,Delivered,Bengaluru
502361,10915,2024-07-02,Affiliate,Delivered,Gurugram
502362,11193,2024-09-04,Email,Delivered,Patna
502363,10676,2024-03-20,Affiliate,Delivered,Bengaluru
502364,12788,2025-10-25,Paid Search,Delivered,Hyderabad
502365,14787,2025-01-22,Direct,Delivered,Bengaluru
502366,13388,2025-03-09,Affiliate,Cancelled,Jaipur
502367,14407,2024-07-13,Direct,Delivered,Indore
502368,14895,2024-01-27,Paid Search,Delivered,Chandigarh
502369,13311,2025-08-11,Organic,Delivered,Gurugram
502370,10525,2025-09-20,Email,Delivered,Gurugram
502371,14653,2024-09-06,Social,Delivered,Indore
502372,12732,2025-07-11,Affiliate,Delivered,Chandigarh
502373,12737,2025-02-22,Organic,Delivered,Jaipur
502374,14937,2025-04-14,Social,Delivered,Gurugram
502375,13420,2024-05-06,Organic,Delivered,Delhi
502376,10555,2025-03-25,Social,Delivered,Delhi
502377,13825,2024-04-27,Organic,Delivered,Jaipur
502378,14863,2024-06-08,Direct,Delivered,Jaipur
502379,11188,2024-09-17,Organic,Delivered,Indore
502380,12311,2024-06-05,Social,Delivered,Kolkata
502381,10519,2025-10-26,Organic,Delivered,Chennai
502382,13587,2024-01-22,Organic,Delivered,Patna
502383,10715,2025-10-22,Social,Delivered,Gurugram
502384,12127,2024-04-22,Organic,Delivered,Kochi
502385,13254,2025-09-28,Social,Delivered,Ghaziabad
502386,14206,2024-09-02,Organic,Delivered,Chennai
502387,11598,2025-11-04,Email,Delivered,Pune
502388,14543,2025-01-30,Direct,Delivered,Gurugram
502389,10122,2024-12-23,Affiliate,Delivered,Bengaluru
502390,10834,2024-04-05,Organic,Delivered,Chennai
502391,10595,2024-11-12,Social,Delivered,Chandigarh
502392,13737,2025-02-11,Organic,Delivered,Chandigarh
502393,11810,2025-12-19,Paid Search,Delivered,Ghaziabad
502394,10104,2024-07-11,Direct,Delivered,Pune
502395,13941,2024-03-01,Organic,Delivered,Mumbai
502396,11385,2024-07-04,Paid Search,Delivered,Chandigarh
502397,13412,2024-06-26,Affiliate,Delivered,Chennai
502398,12762,2025-11-23,Paid Search,Delivered,Delhi
502399,10558,2024-04-19,Paid Search,Delivered,Noida
502400,13017,2025-12-26,Direct,Delivered,Gurugram
502401,14306,2024-03-23,Organic,Delivered,Ahmedabad
502402,11827,2025-08-16,Affiliate,Delivered,Ahmedabad
502403,14168,2024-10-30,Organic,Delivered,Jaipur
502404,11353,2024-02-09,Direct,Delivered,Chandigarh
502405,11415,2025-03-24,Affiliate,Delivered,Bhopal
502406,10859,2025-06-16,Paid Search,Delivered,Mumbai
502407,11059,2025-09-05,Direct,Delivered,Hyderabad
502408,11199,2024-05-10,Organic,Delivered,Bhopal
502409,13249,2025-03-27,Direct,Delivered,Kolkata
502410,10652,2025-02-20,Email,Delivered,Ghaziabad
502411,12723,2024-11-19,Organic,Delivered,Delhi
502412,11306,2025-10-15,Social,Delivered,Kolkata
502413,10734,2024-11-05,Organic,Delivered,Noida
502414,14107,2024-10-04,Social,Delivered,Kolkata
502415,12700,2025-01-18,Social,Delivered,Chennai
502416,11438,2025-11-09,Paid Search,Delivered,Pune
502417,13193,2025-09-26,Affiliate,Delivered,Gurugram
502418,14539,2025-06-01,Direct,Delivered,Noida
502419,11414,2024-02-29,Social,Delivered,Pune
502420,11227,2024-08-08,Email,Delivered,Delhi
502421,13414,2024-01-12,Organic,Delivered,Chennai
502422,12460,2024-03-10,Direct,Delivered,Gurugram
502423,13369,2025-08-30,Direct,Delivered,Indore
502424,10838,2025-08-19,Direct,Delivered,Indore
502425,14665,2024-03-15,Affiliate,Delivered,Kochi
502426,10086,2024-11-30,Paid Search,Delivered,Chennai
502427,11369,2024-07-23,Organic,Delivered,Chandigarh
502428,13128,2024-02-23,Social,Delivered,Bengaluru
502429,12602,2024-10-05,Organic,Delivered,Patna
502430,11689,2024-03-16,Social,Delivered,Kochi
502431,14885,2025-06-22,Paid Search,Delivered,Jaipur
502432,11726,2025-12-07,Email,Delivered,Ghaziabad
502433,13393,2024-11-04,Email,Delivered,Pune
502434,12039,2024-06-26,Paid Search,Delivered,Gurugram
502435,12203,2024-12-31,Affiliate,Delivered,Chennai
502436,13889,2025-12-07,Paid Search,Delivered,Ghaziabad
502437,11772,2024-04-26,Paid Search,Delivered,Jaipur
502438,11999,2025-05-12,Paid Search,Delivered,Chennai
502439,13910,2024-03-09,Organic,Delivered,Chandigarh
502440,10433,2024-08-07,Paid Search,Delivered,Indore
502441,12162,2024-11-17,Paid Search,Delivered,Mumbai
502442,11394,2024-10-07,Organic,Delivered,Jaipur
502443,12412,2024-05-10,Paid Search,Delivered,Ghaziabad
502444,12881,2025-07-22,Social,Delivered,Chennai
502445,12146,2025-05-07,Affiliate,Delivered,Chennai
502446,14968,2024-11-14,Organic,Delivered,Noida
502447,14564,2024-11-02,Paid Search,Delivered,Ahmedabad
502448,10716,2024-02-24,Organic,Delivered,Bhopal
502449,13217,2025-04-27,Organic,Delivered,Gurugram
502450,11618,2024-06-16,Paid Search,Delivered,Chandigarh
502451,13576,2024-08-08,Social,Delivered,Bhopal
502452,12428,2025-09-20,Affiliate,Delivered,Gurugram
502453,14768,2025-04-14,Affiliate,Delivered,Noida
502454,14724,2025-05-23,Direct,Delivered,Chennai
502455,10284,2024-07-12,Direct,Delivered,Chennai
502456,10543,2025-01-01,Organic,Delivered,Pune
502457,10115,2024-01-11,Organic,Cancelled,Mumbai
502458,13970,2024-06-28,Social,Delivered,Indore
502459,11144,2025-08-07,Social,Delivered,Patna
502460,13615,2024-12-12,Social,Delivered,Indore
502461,11662,2025-04-09,Social,Cancelled,Pune
502462,11533,2025-07-30,Direct,Delivered,Bhopal
502463,13021,2025-11-15,Social,Delivered,Noida
502464,13869,2024-02-29,Direct,Cancelled,Kochi
502465,12833,2025-02-28,Direct,Delivered,Chandigarh
502466,12875,2025-12-28,Paid Search,Delivered,Kolkata
502467,13683,2024-05-26,Organic,Delivered,Noida
502468,10857,2025-09-20,Paid Search,Delivered,Noida
502469,12961,2025-02-28,Paid Search,Delivered,Ahmedabad
502470,11429,2024-08-20,Direct,Delivered,Noida
502471,10775,2025-07-26,Direct,Delivered,Chandigarh
502472,11642,2025-09-28,Organic,Delivered,Pune
502473,10962,2024-04-14,Organic,Delivered,Chennai
502474,11616,2025-05-13,Direct,Delivered,Lucknow
502475,10118,2025-11-15,Social,Delivered,Chandigarh
502476,13732,2025-05-02,Affiliate,Delivered,Kochi
502477,11742,2025-02-03,Paid Search,Delivered,Bhopal
502478,13302,2024-04-12,Organic,Delivered,Patna
502479,13748,2024-11-25,Paid Search,Delivered,Pune
502480,14100,2025-10-24,Organic,Delivered,Lucknow
502481,10389,2025-08-07,Paid Search,Delivered,Pune
502482,12554,2024-11-25,Organic,Delivered,Chennai
502483,12084,2024-08-13,Social,Delivered,Mumbai
502484,11753,2025-08-10,Affiliate,Delivered,Bhopal
502485,14034,2025-12-08,Organic,Delivered,Ahmedabad
502486,10339,2024-08-06,Direct,Delivered,Bhopal
502487,11551,2025-08-15,Organic,Delivered,Chennai
502488,13972,2024-08-13,Email,Delivered,Noida
502489,11974,2025-08-27,Paid Search,Delivered,Ahmedabad
502490,10374,2025-12-06,Direct,Delivered,Jaipur
502491,10868,2025-04-29,Organic,Delivered,Ghaziabad
502492,11508,2024-12-29,Paid Search,Delivered,Hyderabad
502493,11241,2024-08-17,Direct,Delivered,Ahmedabad
502494,13345,2024-02-13,Organic,Delivered,Pune
502495,10857,2024-02-08,Affiliate,Delivered,Kochi
502496,13821,2025-09-02,Email,Delivered,Delhi
502497,11558,2025-04-28,Paid Search,Delivered,Bhopal
502498,10343,2024-06-15,Organic,Delivered,Ahmedabad
502499,10057,2025-02-07,Direct,Delivered,Kochi
502500,13039,2025-10-04,Direct,Delivered,Bengaluru
502501,13675,2025-04-18,Organic,Cancelled,Kolkata
502502,10686,2025-10-31,Direct,Delivered,Lucknow
502503,11546,2024-03-26,Direct,Delivered,Pune
502504,13787,2024-02-23,Social,Delivered,Chennai
502505,14340,2025-05-02,Affiliate,Delivered,Delhi
502506,13650,2025-03-01,Organic,Delivered,Bhopal
502507,13089,2025-05-18,Social,Delivered,Noida
502508,13741,2025-12-18,Direct,Delivered,Bengaluru
502509,11486,2024-03-20,Affiliate,Delivered,Bhopal
502510,10319,2025-11-11,Paid Search,Delivered,Ahmedabad
502511,12822,2024-02-14,Email,Delivered,Kochi
502512,12798,2025-01-18,Organic,Cancelled,Bengaluru
502513,14017,2025-08-31,Organic,Delivered,Pune
502514,11205,2025-05-12,Organic,Delivered,Noida
502515,14446,2024-06-11,Organic,Delivered,Gurugram
502516,12480,2025-03-17,Social,Delivered,Pune
502517,12211,2025-10-21,Paid Search,Delivered,Kolkata
502518,14948,2024-05-28,Affiliate,Delivered,Mumbai
502519,12718,2025-11-16,Direct,Delivered,Bhopal
502520,10453,2025-04-22,Social,Delivered,Noida
502521,11269,2024-03-04,Organic,Delivered,Patna
502522,12971,2024-08-31,Direct,Delivered,Lucknow
502523,11152,2025-09-22,Organic,Delivered,Indore
502524,10825,2024-09-04,Social,Delivered,Hyderabad
502525,11484,2025-11-23,Organic,Delivered,Pune
502526,12551,2024-11-03,Direct,Delivered,Kochi
502527,10464,2024-09-07,Paid Search,Delivered,Hyderabad
502528,12605,2025-09-14,Direct,Delivered,Indore
502529,13637,2025-07-28,Direct,Delivered,Bhopal
502530,12282,2024-06-23,Direct,Delivered,Ghaziabad
502531,13471,2025-07-24,Affiliate,Delivered,Gurugram
502532,13199,2024-07-02,Affiliate,Delivered,Patna
502533,12482,2025-10-16,Direct,Delivered,Delhi
502534,14871,2024-01-06,Organic,Delivered,Chandigarh
502535,13059,2025-04-29,Affiliate,Delivered,Bhopal
502536,14027,2024-04-23,Organic,Delivered,Jaipur
502537,13205,2025-05-09,Paid Search,Delivered,Delhi
502538,14793,2025-12-16,Paid Search,Cancelled,Kochi
502539,12156,2025-05-03,Direct,Delivered,Gurugram
502540,10948,2024-11-13,Paid Search,Delivered,Ghaziabad
502541,10908,2025-08-24,Social,Delivered,Chandigarh
502542,14967,2024-05-22,Email,Delivered,Bengaluru
502543,13993,2025-02-01,Email,Delivered,Bhopal
502544,11526,2025-12-06,Organic,Delivered,Mumbai
502545,12238,2024-09-17,Social,Delivered,Mumbai
502546,10171,2024-01-20,Email,Delivered,Mumbai
502547,14766,2024-11-18,Direct,Delivered,Chandigarh
502548,12182,2024-12-19,Direct,Delivered,Kolkata
502549,11924,2025-08-16,Paid Search,Delivered,Bhopal
502550,11231,2025-08-11,Organic,Delivered,Delhi
502551,10412,2024-09-05,Email,Delivered,Chennai
502552,13811,2025-07-18,Social,Delivered,Noida
502553,11115,2024-04-14,Affiliate,Delivered,Ahmedabad
502554,10435,2024-05-18,Direct,Delivered,Ahmedabad
502555,14893,2025-03-17,Organic,Cancelled,Bengaluru
502556,12741,2025-06-01,Direct,Cancelled,Kolkata
502557,10386,2025-08-13,Paid Search,Delivered,Delhi
502558,11447,2025-03-30,Direct,Delivered,Ahmedabad
502559,12769,2024-04-03,Paid Search,Delivered,Chennai
502560,11034,2025-05-08,Direct,Delivered,Ahmedabad
502561,14951,2024-11-09,Organic,Delivered,Gurugram
502562,14379,2024-07-13,Social,Cancelled,Kochi
502563,14429,2024-09-04,Organic,Delivered,Lucknow
502564,12578,2025-08-15,Affiliate,Delivered,Ahmedabad
502565,14942,2024-05-09,Direct,Delivered,Mumbai
502566,11628,2025-02-12,Direct,Delivered,Patna
502567,12777,2024-03-01,Email,Delivered,Bhopal
502568,13731,2025-06-14,Organic,Delivered,Bhopal
502569,12527,2024-04-19,Direct,Delivered,Ghaziabad
502570,14266,2025-11-17,Paid Search,Delivered,Ahmedabad
502571,10520,2025-10-06,Email,Delivered,Mumbai
502572,12211,2025-09-17,Paid Search,Delivered,Delhi
502573,14150,2024-09-11,Affiliate,Delivered,Bhopal
502574,10911,2025-07-25,Paid Search,Cancelled,Bhopal
502575,11926,2024-04-08,Paid Search,Cancelled,Chandigarh
502576,14972,2024-07-30,Organic,Delivered,Hyderabad
502577,13068,2024-04-06,Social,Delivered,Delhi
502578,11795,2024-02-09,Paid Search,Delivered,Mumbai
502579,11816,2024-09-25,Direct,Delivered,Bhopal
502580,11028,2025-02-24,Affiliate,Delivered,Bhopal
502581,13674,2025-09-22,Direct,Delivered,Noida
502582,10517,2024-01-26,Paid Search,Delivered,Ghaziabad
502583,11041,2024-10-24,Email,Delivered,Indore
502584,10620,2025-06-06,Social,Delivered,Hyderabad
502585,13770,2024-05-27,Direct,Cancelled,Bhopal
502586,14716,2025-06-22,Paid Search,Delivered,Pune
502587,10436,2025-02-20,Paid Search,Delivered,Hyderabad
502588,14734,2025-02-15,Paid Search,Delivered,Chandigarh
502589,14582,2024-04-01,Social,Delivered,Patna
502590,12540,2024-05-02,Direct,Delivered,Bengaluru
502591,10186,2025-10-03,Organic,Delivered,Pune
502592,13461,2025-10-02,Email,Delivered,Chandigarh
502593,12624,2024-11-26,Paid Search,Delivered,Chandigarh
502594,14164,2025-03-11,Organic,Delivered,Jaipur
502595,11475,2025-01-31,Direct,Delivered,Lucknow
502596,12788,2025-01-11,Affiliate,Delivered,Bhopal
502597,14460,2025-06-04,Direct,Delivered,Pune
502598,13335,2025-02-18,Paid Search,Delivered,Ghaziabad
502599,13232,2024-04-01,Affiliate,Delivered,Pune
502600,14835,2024-03-01,Email,Delivered,Kochi
502601,12448,2025-09-13,Email,Delivered,Delhi
502602,10863,2025-06-25,Organic,Delivered,Bhopal
502603,14881,2024-05-25,Organic,Delivered,Ahmedabad
502604,10694,2024-02-14,Organic,Delivered,Kolkata
502605,12756,2024-06-09,Affiliate,Delivered,Chennai
502606,13766,2025-02-26,Affiliate,Delivered,Jaipur
502607,13936,2025-03-02,Email,Delivered,Bhopal
502608,13517,2024-05-03,Organic,Delivered,Patna
502609,12127,2024-05-08,Affiliate,Delivered,Pune
502610,10930,2024-05-31,Organic,Delivered,Bengaluru
502611,10192,2024-11-19,Direct,Delivered,Mumbai
502612,11513,2024-06-19,Paid Search,Delivered,Ahmedabad
502613,14861,2024-11-29,Email,Delivered,Patna
502614,13427,2024-01-11,Organic,Delivered,Noida
502615,12035,2025-11-15,Paid Search,Delivered,Hyderabad
502616,12472,2025-10-13,Social,Cancelled,Kolkata
502617,11671,2024-09-04,Social,Delivered,Jaipur
502618,14468,2025-08-10,Organic,Delivered,Mumbai
502619,12268,2025-01-26,Social,Delivered,Kochi
502620,14186,2024-01-23,Organic,Delivered,Hyderabad
502621,10256,2024-07-27,Direct,Delivered,Bengaluru
502622,12436,2024-02-11,Paid Search,Delivered,Ahmedabad
502623,13015,2025-06-01,Paid Search,Delivered,Noida
502624,13335,2025-07-26,Social,Delivered,Bhopal
502625,10119,2025-03-27,Affiliate,Delivered,Bengaluru
502626,13218,2024-01-05,Organic,Delivered,Noida
502627,14197,2024-06-21,Email,Delivered,Ghaziabad
502628,10461,2024-12-08,Direct,Delivered,Pune
502629,11654,2024-04-15,Paid Search,Delivered,Chennai
502630,12128,2024-03-19,Organic,Delivered,Hyderabad
502631,11272,2024-08-10,Paid Search,Delivered,Ahmedabad
502632,12200,2025-03-08,Direct,Delivered,Ghaziabad
502633,14466,2024-03-05,Organic,Delivered,Jaipur
502634,14487,2025-12-30,Organic,Delivered,Hyderabad
502635,13007,2024-12-01,Direct,Cancelled,Pune
502636,14427,2024-05-05,Direct,Delivered,Mumbai
502637,14076,2024-01-15,Social,Delivered,Kolkata
502638,10289,2025-11-30,Organic,Delivered,Delhi
502639,11935,2025-03-10,Social,Delivered,Chandigarh
502640,14226,2025-09-24,Affiliate,Delivered,Gurugram
502641,12213,2025-07-21,Paid Search,Delivered,Ghaziabad
502642,13059,2025-12-21,Organic,Delivered,Bhopal
502643,12061,2025-10-12,Direct,Delivered,Noida
502644,10082,2025-07-14,Affiliate,Cancelled,Lucknow
502645,12825,2025-09-14,Paid Search,Delivered,Lucknow
502646,11909,2025-09-18,Direct,Delivered,Pune
502647,13870,2024-07-05,Social,Delivered,Jaipur
502648,14441,2025-03-10,Direct,Delivered,Hyderabad
502649,10523,2025-12-21,Organic,Delivered,Jaipur
502650,11792,2025-09-25,Paid Search,Delivered,Chennai
502651,11964,2024-03-17,Email,Delivered,Chennai
502652,13383,2024-03-22,Paid Search,Delivered,Pune
502653,11982,2024-05-26,Paid Search,Delivered,Mumbai
502654,12829,2025-06-26,Email,Delivered,Noida
502655,14542,2024-10-14,Social,Delivered,Bengaluru
502656,12950,2025-04-04,Paid Search,Delivered,Patna
502657,10493,2024-04-12,Paid Search,Delivered,Lucknow
502658,12405,2024-02-13,Email,Delivered,Chennai
502659,14433,2025-07-17,Email,Delivered,Kochi
502660,12412,2024-08-01,Social,Delivered,Kolkata
502661,14915,2024-02-01,Paid Search,Delivered,Lucknow
502662,14514,2024-06-06,Organic,Delivered,Noida
502663,11320,2024-08-24,Direct,Delivered,Patna
502664,12070,2024-10-23,Affiliate,Delivered,Ahmedabad
502665,10926,2025-10-17,Email,Delivered,Indore
502666,10958,2024-05-24,Social,Delivered,Bengaluru
502667,11839,2025-03-17,Organic,Delivered,Bengaluru
502668,12099,2024-07-19,Paid Search,Delivered,Bengaluru
502669,11753,2024-12-30,Social,Delivered,Kochi
502670,13665,2024-08-04,Social,Delivered,Noida
502671,10760,2024-09-08,Paid Search,Delivered,Jaipur
502672,12377,2025-03-14,Organic,Delivered,Noida
502673,14444,2025-03-07,Direct,Delivered,Kolkata
502674,13661,2024-04-08,Social,Delivered,Noida
502675,11023,2024-04-24,Direct,Delivered,Lucknow
502676,11199,2024-06-25,Email,Delivered,Indore
502677,14631,2025-10-19,Affiliate,Delivered,Noida
502678,12914,2024-08-19,Organic,Delivered,Hyderabad
502679,14399,2025-02-26,Organic,Delivered,Pune
502680,14322,2024-11-24,Email,Delivered,Jaipur
502681,12208,2024-09-15,Social,Delivered,Patna
502682,12647,2024-01-28,Organic,Delivered,Jaipur
502683,11842,2024-11-18,Email,Delivered,Jaipur
502684,13185,2025-12-31,Organic,Delivered,Hyderabad
502685,13249,2025-11-18,Organic,Delivered,Mumbai
502686,13395,2024-08-07,Direct,Delivered,Gurugram
502687,14305,2025-01-24,Social,Delivered,Patna
502688,13699,2024-07-29,Paid Search,Delivered,Pune
502689,10509,2025-11-04,Organic,Delivered,Chennai
502690,11752,2025-02-09,Direct,Cancelled,Ghaziabad
502691,12850,2025-11-03,Direct,Delivered,Kochi
502692,13135,2025-09-16,Paid Search,Delivered,Ahmedabad
502693,14322,2024-08-27,Paid Search,Delivered,Patna
502694,12081,2024-11-29,Email,Delivered,Chennai
502695,14109,2025-02-20,Organic,Delivered,Kochi
502696,11955,2024-06-30,Social,Delivered,Hyderabad
502697,10731,2025-08-30,Organic,Delivered,Delhi
502698,12377,2025-02-17,Organic,Delivered,Jaipur
502699,10746,2024-05-31,Social,Delivered,Hyderabad
502700,12040,2024-12-19,Paid Search,Delivered,Chennai
502701,11212,2025-08-23,Social,Delivered,Jaipur
502702,10130,2024-11-05,Paid Search,Cancelled,Gurugram
502703,13318,2025-06-03,Social,Delivered,Gurugram
502704,13710,2025-12-20,Direct,Delivered,Ghaziabad
502705,10660,2024-09-01,Social,Delivered,Pune
502706,12922,2025-12-29,Social,Delivered,Indore
502707,12511,2024-10-29,Social,Delivered,Kochi
502708,10688,2025-02-14,Direct,Delivered,Bengaluru
502709,13042,2025-07-19,Email,Delivered,Hyderabad
502710,11307,2024-02-19,Organic,Delivered,Bhopal
502711,14111,2025-05-27,Organic,Delivered,Bengaluru
502712,13056,2025-02-18,Social,Delivered,Lucknow
502713,10558,2025-04-24,Affiliate,Delivered,Gurugram
502714,12591,2025-11-27,Organic,Delivered,Ghaziabad
502715,10584,2024-12-20,Social,Delivered,Pune
502716,13618,2025-11-07,Email,Delivered,Kochi
502717,11488,2025-02-19,Paid Search,Cancelled,Mumbai
502718,12447,2024-06-06,Email,Delivered,Lucknow
502719,13481,2025-04-22,Paid Search,Delivered,Chandigarh
502720,14224,2024-05-18,Email,Delivered,Bhopal
502721,12562,2025-10-19,Affiliate,Delivered,Delhi
502722,10388,2024-04-21,Direct,Delivered,Pune
502723,11294,2024-12-30,Email,Delivered,Patna
502724,13066,2025-08-22,Paid Search,Delivered,Indore
502725,10210,2024-01-07,Email,Delivered,Mumbai
502726,11858,2024-12-24,Affiliate,Delivered,Patna
502727,11618,2025-01-05,Paid Search,Delivered,Gurugram
502728,11535,2024-09-04,Paid Search,Delivered,Hyderabad
502729,14769,2025-05-06,Organic,Delivered,Chennai
502730,14719,2024-08-25,Email,Delivered,Jaipur
502731,14487,2024-09-30,Paid Search,Delivered,Gurugram
502732,14320,2024-07-20,Organic,Delivered,Patna
502733,14468,2025-04-01,Social,Delivered,Ahmedabad
502734,10919,2025-10-07,Direct,Delivered,Kolkata
502735,11968,2024-05-09,Organic,Delivered,Gurugram
502736,10288,2024-10-26,Social,Delivered,Gurugram
502737,13986,2024-06-14,Direct,Delivered,Chandigarh
502738,14337,2024-06-27,Direct,Delivered,Mumbai
502739,10145,2025-12-11,Paid Search,Delivered,Kolkata
502740,10847,2025-06-03,Organic,Delivered,Pune
502741,10845,2025-11-21,Paid Search,Delivered,Kochi
502742,14642,2025-04-09,Paid Search,Delivered,Ghaziabad
502743,13952,2025-05-02,Social,Delivered,Gurugram
502744,11387,2025-06-06,Social,Delivered,Ahmedabad
502745,10229,2025-04-22,Affiliate,Delivered,Patna
502746,12059,2025-08-23,Email,Delivered,Ghaziabad
502747,12923,2024-08-26,Direct,Delivered,Ghaziabad
502748,10225,2024-03-15,Affiliate,Delivered,Lucknow
502749,12345,2024-12-23,Social,Cancelled,Pune
502750,12688,2024-01-02,Organic,Delivered,Patna
502751,14906,2024-02-04,Affiliate,Delivered,Jaipur
502752,10944,2024-02-06,Email,Delivered,Bengaluru
502753,10918,2024-02-26,Paid Search,Delivered,Hyderabad
502754,12156,2025-05-31,Paid Search,Delivered,Ghaziabad
502755,11598,2025-03-12,Email,Delivered,Indore
502756,14598,2025-11-14,Organic,Delivered,Jaipur
502757,13936,2024-07-30,Affiliate,Delivered,Noida
502758,11263,2024-08-30,Organic,Delivered,Patna
502759,11675,2024-12-24,Social,Delivered,Bengaluru
502760,13175,2025-07-25,Paid Search,Delivered,Bhopal
502761,14358,2025-11-11,Social,Delivered,Lucknow
502762,11010,2025-06-17,Affiliate,Delivered,Pune
502763,11481,2025-01-05,Paid Search,Delivered,Bengaluru
502764,13050,2025-12-15,Organic,Delivered,Bhopal
502765,14300,2024-05-12,Organic,Delivered,Noida
502766,11446,2024-12-10,Organic,Delivered,Noida
502767,12338,2024-06-29,Social,Delivered,Ghaziabad
502768,13408,2024-05-01,Organic,Delivered,Pune
502769,12127,2024-10-16,Paid Search,Delivered,Mumbai
502770,13854,2025-07-13,Email,Cancelled,Mumbai
502771,12576,2024-08-21,Direct,Delivered,Gurugram
502772,14404,2025-08-21,Organic,Delivered,Hyderabad
502773,13037,2025-03-22,Direct,Cancelled,Mumbai
502774,14593,2025-06-01,Direct,Delivered,Ghaziabad
502775,14299,2024-06-26,Email,Delivered,Ahmedabad
502776,11207,2025-09-22,Affiliate,Delivered,Jaipur
502777,14487,2024-05-28,Social,Delivered,Bengaluru
502778,10645,2024-09-28,Organic,Delivered,Bengaluru
502779,11414,2025-07-26,Direct,Delivered,Ghaziabad
502780,10243,2025-05-19,Direct,Cancelled,Patna
502781,10522,2024-08-06,Paid Search,Delivered,Chennai
502782,13602,2024-07-11,Organic,Delivered,Noida
502783,10556,2024-11-12,Organic,Delivered,Hyderabad
502784,10935,2024-11-22,Social,Delivered,Kochi
502785,12042,2024-02-13,Direct,Delivered,Lucknow
502786,14001,2024-06-26,Organic,Delivered,Chennai
502787,14055,2024-04-22,Email,Delivered,Bengaluru
502788,14825,2024-04-22,Direct,Delivered,Hyderabad
502789,10276,2024-09-15,Paid Search,Delivered,Indore
502790,10740,2024-01-27,Email,Delivered,Bhopal
502791,11995,2025-05-09,Paid Search,Delivered,Ghaziabad
502792,11417,2025-05-05,Organic,Delivered,Chandigarh
502793,10486,2024-06-10,Social,Delivered,Hyderabad
502794,12621,2025-10-01,Organic,Delivered,Hyderabad
502795,12344,2025-03-10,Email,Delivered,Bengaluru
502796,12153,2024-08-17,Paid Search,Delivered,Kolkata
502797,10113,2024-05-21,Affiliate,Delivered,Noida
502798,12130,2024-11-09,Social,Delivered,Pune
502799,12291,2025-12-02,Direct,Delivered,Mumbai
502800,11086,2024-01-03,Affiliate,Delivered,Gurugram
502801,13975,2024-01-15,Email,Delivered,Mumbai
502802,14447,2024-10-28,Paid Search,Delivered,Hyderabad
502803,14645,2025-11-02,Paid Search,Delivered,Mumbai
502804,13408,2024-07-24,Affiliate,Delivered,Mumbai
502805,13381,2025-06-30,Email,Delivered,Delhi
502806,10770,2025-02-23,Email,Delivered,Indore
502807,11971,2024-05-25,Organic,Delivered,Hyderabad
502808,10023,2025-10-26,Organic,Delivered,Delhi
502809,12797,2024-04-29,Organic,Delivered,Indore
502810,13814,2025-01-04,Organic,Delivered,Noida
502811,13346,2025-04-29,Affiliate,Delivered,Kochi
502812,10080,2025-05-08,Social,Delivered,Pune
502813,12782,2025-09-16,Social,Delivered,Kochi
502814,14403,2025-05-30,Organic,Delivered,Ahmedabad
502815,10511,2025-04-25,Affiliate,Delivered,Noida
502816,12648,2024-04-21,Organic,Delivered,Mumbai
502817,11252,2024-08-12,Organic,Delivered,Bengaluru
502818,14651,2024-09-10,Affiliate,Delivered,Bengaluru
502819,12754,2024-09-28,Email,Delivered,Chandigarh
502820,13860,2024-03-23,Organic,Delivered,Lucknow
502821,12623,2024-03-10,Organic,Delivered,Chandigarh
502822,14472,2024-11-18,Paid Search,Delivered,Kolkata
502823,11438,2025-06-12,Social,Delivered,Kolkata
502824,13720,2025-10-10,Paid Search,Delivered,Jaipur
502825,12147,2025-11-18,Social,Delivered,Kolkata
502826,12884,2024-12-17,Paid Search,Delivered,Delhi
502827,13430,2025-10-18,Social,Delivered,Pune
502828,10866,2024-11-29,Email,Delivered,Patna
502829,14340,2024-12-12,Direct,Delivered,Chandigarh
502830,13639,2024-06-02,Organic,Delivered,Lucknow
502831,12047,2025-04-04,Organic,Delivered,Ahmedabad
502832,12962,2024-08-14,Organic,Delivered,Ahmedabad
502833,13318,2024-12-20,Organic,Delivered,Gurugram
502834,12274,2025-11-15,Paid Search,Delivered,Bhopal
502835,13176,2025-02-03,Organic,Delivered,Jaipur
502836,12793,2024-08-09,Direct,Delivered,Mumbai
502837,13898,2025-05-05,Direct,Delivered,Ghaziabad
502838,11162,2025-06-18,Email,Delivered,Jaipur
502839,10021,2025-03-19,Paid Search,Delivered,Bhopal
502840,12023,2024-01-31,Email,Delivered,Noida
502841,14123,2024-06-14,Social,Delivered,Delhi
502842,10621,2024-04-03,Email,Cancelled,Chennai
502843,14306,2025-11-29,Organic,Cancelled,Chennai
502844,12049,2024-08-15,Direct,Delivered,Chennai
502845,11044,2024-12-12,Paid Search,Delivered,Jaipur
502846,12335,2025-10-20,Paid Search,Delivered,Bengaluru
502847,14059,2025-12-25,Paid Search,Delivered,Chandigarh
502848,14289,2024-06-09,Paid Search,Delivered,Gurugram
502849,13066,2025-09-20,Direct,Delivered,Kolkata
502850,12636,2025-06-15,Email,Delivered,Gurugram
502851,14033,2025-03-24,Direct,Delivered,Bhopal
502852,14545,2024-05-02,Direct,Delivered,Ahmedabad
502853,13978,2025-05-20,Social,Delivered,Jaipur
502854,14840,2025-03-23,Affiliate,Delivered,Mumbai
502855,14156,2024-11-22,Direct,Delivered,Lucknow
502856,10245,2025-03-04,Organic,Delivered,Hyderabad
502857,10099,2024-06-03,Paid Search,Delivered,Delhi
502858,12986,2025-03-30,Paid Search,Delivered,Ahmedabad
502859,14786,2024-04-21,Email,Delivered,Gurugram
502860,11497,2024-07-28,Affiliate,Delivered,Chennai
502861,14832,2024-12-27,Paid Search,Cancelled,Bengaluru
502862,14257,2024-04-28,Direct,Delivered,Chandigarh
502863,10704,2025-10-29,Email,Delivered,Hyderabad
502864,12471,2025-10-10,Paid Search,Delivered,Mumbai
502865,11106,2024-12-12,Email,Delivered,Delhi
502866,10391,2025-02-20,Direct,Delivered,Ahmedabad
502867,13455,2024-08-01,Paid Search,Delivered,Ahmedabad
502868,11076,2024-06-04,Paid Search,Delivered,Bhopal
502869,12799,2025-12-03,Email,Delivered,Chandigarh
502870,13370,2024-10-29,Paid Search,Delivered,Kolkata
502871,12161,2025-11-28,Organic,Delivered,Kolkata
502872,10399,2024-02-19,Direct,Delivered,Chandigarh
502873,10346,2024-03-18,Organic,Delivered,Bengaluru
502874,11896,2024-12-13,Paid Search,Delivered,Pune
502875,10214,2025-07-25,Direct,Delivered,Gurugram
502876,14359,2024-11-05,Email,Delivered,Ghaziabad
502877,10832,2025-09-05,Paid Search,Delivered,Patna
502878,10147,2024-04-07,Paid Search,Delivered,Noida
502879,10701,2025-09-17,Organic,Delivered,Chennai
502880,13482,2024-11-20,Organic,Delivered,Lucknow
502881,12944,2024-07-27,Direct,Delivered,Pune
502882,13378,2025-04-12,Organic,Delivered,Bengaluru
502883,11735,2025-07-23,Organic,Delivered,Lucknow
502884,11604,2025-11-09,Affiliate,Delivered,Delhi
502885,13359,2024-03-05,Direct,Delivered,Hyderabad
502886,10564,2025-05-29,Email,Delivered,Bengaluru
502887,11972,2024-08-17,Paid Search,Delivered,Indore
502888,10513,2025-01-02,Paid Search,Delivered,Chandigarh
502889,12121,2024-12-03,Direct,Delivered,Patna
502890,14847,2025-07-16,Email,Delivered,Kochi
502891,14251,2024-10-18,Affiliate,Delivered,Bhopal
502892,13385,2024-07-23,Paid Search,Delivered,Chennai
502893,13287,2024-12-22,Affiliate,Delivered,Mumbai
502894,11880,2025-05-03,Direct,Delivered,Chennai
502895,13527,2025-09-10,Paid Search,Delivered,Patna
502896,14168,2024-01-04,Paid Search,Delivered,Kolkata
502897,12797,2025-02-19,Organic,Delivered,Gurugram
502898,10517,2024-02-23,Affiliate,Delivered,Kolkata
502899,13472,2025-03-29,Paid Search,Delivered,Noida
502900,10635,2025-04-01,Paid Search,Delivered,Ghaziabad
502901,11620,2025-09-17,Email,Delivered,Patna
502902,10988,2024-05-20,Affiliate,Delivered,Jaipur
502903,10251,2025-08-03,Paid Search,Delivered,Patna
502904,13818,2025-05-18,Direct,Delivered,Ghaziabad
502905,13226,2025-05-01,Organic,Delivered,Ahmedabad
502906,12045,2025-04-10,Social,Delivered,Mumbai
502907,11908,2025-02-05,Email,Delivered,Kochi
502908,13213,2024-02-16,Email,Delivered,Chandigarh
502909,12658,2025-08-17,Email,Delivered,Kochi
502910,11163,2024-10-13,Email,Delivered,Chandigarh
502911,12403,2024-03-17,Affiliate,Delivered,Kolkata
502912,13887,2025-03-24,Affiliate,Delivered,Kochi
502913,12762,2025-11-23,Direct,Delivered,Hyderabad
502914,14009,2025-06-05,Direct,Delivered,Ghaziabad
502915,12541,2024-06-28,Social,Delivered,Ahmedabad
502916,12067,2025-08-19,Email,Delivered,Noida
502917,13712,2025-09-10,Paid Search,Cancelled,Delhi
502918,11047,2024-08-29,Email,Delivered,Noida
502919,13134,2025-01-17,Organic,Delivered,Jaipur
502920,13151,2025-09-03,Paid Search,Delivered,Mumbai
502921,11385,2024-04-25,Direct,Delivered,Pune
502922,11281,2024-09-15,Email,Delivered,Pune
502923,10419,2024-11-29,Organic,Delivered,Hyderabad
502924,10742,2024-01-06,Social,Delivered,Patna
502925,10478,2024-05-02,Paid Search,Delivered,Chandigarh
502926,13079,2025-03-21,Affiliate,Delivered,Bhopal
502927,10609,2024-07-11,Organic,Delivered,Bengaluru
502928,12565,2024-06-25,Social,Delivered,Kochi
502929,10558,2024-08-04,Email,Delivered,Lucknow
502930,13918,2024-03-31,Social,Delivered,Gurugram
502931,13389,2025-04-10,Paid Search,Delivered,Kochi
502932,11462,2024-07-07,Affiliate,Delivered,Chennai
502933,13677,2025-04-21,Affiliate,Delivered,Bhopal
502934,11127,2025-08-28,Paid Search,Delivered,Indore
502935,13177,2024-12-15,Paid Search,Delivered,Pune
502936,13203,2025-10-30,Email,Delivered,Noida
502937,12182,2024-05-23,Paid Search,Delivered,Gurugram
502938,13506,2025-12-04,Paid Search,Delivered,Mumbai
502939,14740,2024-08-23,Social,Delivered,Delhi
502940,12067,2024-08-09,Social,Delivered,Mumbai
502941,11418,2025-12-17,Affiliate,Delivered,Chandigarh
502942,12212,2024-11-29,Direct,Delivered,Ghaziabad
502943,12840,2025-06-30,Email,Delivered,Kolkata
502944,10618,2025-08-09,Organic,Delivered,Ghaziabad
502945,14800,2024-11-23,Paid Search,Delivered,Ghaziabad
502946,12348,2024-08-20,Organic,Delivered,Pune
502947,14820,2024-12-25,Email,Delivered,Lucknow
502948,14807,2024-10-08,Social,Delivered,Patna
502949,10320,2024-10-31,Direct,Delivered,Patna
502950,10569,2024-06-22,Paid Search,Delivered,Hyderabad
502951,10908,2025-10-30,Organic,Delivered,Chennai
502952,12840,2025-02-22,Social,Delivered,Bengaluru
502953,11769,2025-08-05,Paid Search,Delivered,Patna
502954,10092,2025-04-26,Organic,Delivered,Kolkata
502955,12822,2024-09-15,Paid Search,Delivered,Lucknow
502956,11627,2024-08-20,Paid Search,Delivered,Jaipur
502957,14218,2025-12-19,Organic,Delivered,Delhi
502958,13806,2024-01-18,Social,Delivered,Jaipur
502959,14224,2024-08-03,Affiliate,Delivered,Mumbai
502960,12836,2025-06-21,Direct,Delivered,Gurugram
502961,13480,2025-02-03,Paid Search,Delivered,Kolkata
502962,10406,2025-03-26,Paid Search,Cancelled,Hyderabad
502963,13799,2024-01-16,Direct,Delivered,Hyderabad
502964,12260,2024-06-09,Direct,Delivered,Lucknow
502965,10022,2025-03-14,Direct,Delivered,Hyderabad
502966,10396,2024-08-18,Social,Delivered,Lucknow
502967,11542,2024-12-09,Direct,Delivered,Delhi
502968,11868,2025-11-30,Email,Delivered,Patna
502969,11044,2025-04-11,Organic,Delivered,Bengaluru
502970,13845,2025-04-05,Organic,Delivered,Indore
502971,12235,2024-05-23,Direct,Delivered,Kochi
502972,11292,2025-03-11,Direct,Delivered,Bhopal
502973,13369,2025-12-02,Social,Delivered,Bhopal
502974,12267,2025-04-12,Email,Delivered,Bhopal
502975,13894,2025-07-27,Paid Search,Delivered,Lucknow
502976,12502,2025-11-28,Email,Delivered,Mumbai
502977,13748,2025-10-20,Paid Search,Delivered,Chandigarh
502978,14267,2024-09-05,Paid Search,Delivered,Lucknow
502979,10397,2024-08-04,Paid Search,Delivered,Chennai
502980,10608,2024-07-24,Social,Delivered,Bhopal
502981,13654,2025-07-17,Direct,Delivered,Ahmedabad
502982,12753,2024-10-02,Direct,Delivered,Indore
502983,11204,2025-08-24,Organic,Delivered,Pune
502984,10154,2025-08-08,Paid Search,Delivered,Patna
502985,14778,2025-05-01,Paid Search,Delivered,Patna
502986,10467,2024-03-29,Organic,Delivered,Delhi
502987,12314,2025-06-04,Social,Delivered,Kochi
502988,11104,2024-05-31,Social,Delivered,Ahmedabad
502989,11978,2025-02-07,Organic,Delivered,Mumbai
502990,13599,2024-06-15,Direct,Delivered,Bengaluru
502991,12546,2024-02-15,Affiliate,Delivered,Kolkata
502992,10206,2025-04-10,Organic,Delivered,Bengaluru
502993,10437,2024-11-25,Email,Delivered,Indore
502994,14726,2025-04-13,Paid Search,Delivered,Noida
502995,11260,2024-12-24,Email,Delivered,Chennai
502996,12139,2024-09-28,Social,Delivered,Kochi
502997,13928,2024-01-12,Organic,Delivered,Jaipur
502998,14194,2024-07-20,Social,Delivered,Chandigarh
502999,11421,2025-10-05,Direct,Delivered,Kolkata
503000,11110,2025-07-05,Affiliate,Delivered,Lucknow
503001,12188,2024-12-05,Email,Delivered,Lucknow
503002,11690,2024-01-24,Direct,Delivered,Bhopal
503003,13506,2025-12-21,Affiliate,Delivered,Chandigarh
503004,13636,2025-06-24,Direct,Delivered,Ghaziabad
503005,11301,2024-01-17,Organic,Delivered,Bengaluru
503006,11896,2024-06-02,Organic,Delivered,Mumbai
503007,13654,2024-05-04,Affiliate,Delivered,Mumbai
503008,12538,2025-10-21,Direct,Delivered,Ghaziabad
503009,12756,2025-11-28,Social,Delivered,Bhopal
503010,14047,2024-10-29,Direct,Delivered,Mumbai
503011,13259,2024-05-10,Email,Delivered,Noida
503012,13256,2025-04-14,Organic,Delivered,Kolkata
503013,12409,2024-07-18,Direct,Delivered,Patna
503014,14180,2024-03-29,Direct,Delivered,Kolkata
503015,10115,2024-07-08,Social,Delivered,Chandigarh
503016,10433,2024-07-04,Affiliate,Delivered,Kochi
503017,13383,2024-02-09,Paid Search,Delivered,Kolkata
503018,13041,2025-05-27,Email,Delivered,Bengaluru
503019,11399,2024-09-14,Paid Search,Delivered,Kochi
503020,13007,2025-02-06,Social,Delivered,Bhopal
503021,10536,2025-02-06,Email,Delivered,Chennai
503022,13036,2025-07-17,Organic,Delivered,Pune
503023,11807,2025-07-11,Organic,Delivered,Lucknow
503024,12945,2025-02-15,Organic,Delivered,Jaipur
503025,11705,2025-09-04,Social,Delivered,Jaipur
503026,13620,2025-02-20,Paid Search,Delivered,Bhopal
503027,10559,2024-01-20,Social,Delivered,Bhopal
503028,14221,2025-09-19,Social,Delivered,Ahmedabad
503029,12474,2025-07-16,Organic,Delivered,Gurugram
503030,11148,2024-11-06,Affiliate,Delivered,Gurugram
503031,14811,2024-10-09,Email,Delivered,Jaipur
503032,10523,2025-10-16,Email,Delivered,Bhopal
503033,12686,2024-11-07,Organic,Delivered,Gurugram
503034,10370,2024-09-29,Email,Delivered,Hyderabad
503035,14498,2025-06-19,Social,Delivered,Kolkata
503036,10793,2024-08-28,Affiliate,Delivered,Pune
503037,11260,2024-10-22,Organic,Delivered,Patna
503038,13280,2025-07-23,Affiliate,Delivered,Noida
503039,14424,2024-06-12,Direct,Delivered,Delhi
503040,12083,2024-01-09,Direct,Cancelled,Kolkata
503041,11302,2024-09-03,Direct,Delivered,Gurugram
503042,11748,2024-05-05,Organic,Delivered,Ahmedabad
503043,14588,2024-09-21,Social,Delivered,Ghaziabad
503044,14550,2024-02-22,Paid Search,Delivered,Gurugram
503045,10613,2025-03-06,Social,Delivered,Mumbai
503046,14501,2025-01-09,Email,Delivered,Bhopal
503047,14205,2024-07-18,Affiliate,Delivered,Gurugram
503048,12695,2025-04-04,Direct,Delivered,Kolkata
503049,11278,2024-04-15,Direct,Delivered,Jaipur
503050,12293,2024-01-08,Paid Search,Delivered,Chennai
503051,13877,2024-12-14,Direct,Delivered,Noida
503052,11353,2024-04-28,Direct,Delivered,Chandigarh
503053,11720,2025-09-17,Email,Delivered,Lucknow
503054,12300,2024-08-09,Paid Search,Delivered,Noida
503055,10337,2024-11-09,Organic,Delivered,Chandigarh
503056,12055,2024-08-03,Paid Search,Delivered,Chandigarh
503057,10670,2024-11-12,Organic,Delivered,Chandigarh
503058,10035,2024-03-12,Paid Search,Delivered,Patna
503059,11936,2025-11-13,Organic,Delivered,Gurugram
503060,13793,2024-05-06,Social,Delivered,Chennai
503061,14914,2024-10-16,Email,Delivered,Chennai
503062,12193,2025-09-11,Organic,Delivered,Chandigarh
503063,13770,2024-11-07,Direct,Delivered,Mumbai
503064,11115,2025-05-27,Organic,Delivered,Chennai
503065,13183,2024-02-19,Paid Search,Delivered,Indore
503066,13332,2024-08-04,Social,Delivered,Chennai
503067,11662,2025-07-09,Social,Delivered,Chandigarh
503068,12239,2024-07-11,Paid Search,Delivered,Gurugram
503069,13351,2024-10-29,Email,Cancelled,Ahmedabad
503070,11569,2024-02-28,Paid Search,Delivered,Pune
503071,13019,2025-01-03,Paid Search,Delivered,Kolkata
503072,11155,2024-09-12,Social,Delivered,Delhi
503073,12678,2025-09-20,Organic,Delivered,Noida
503074,10296,2024-10-17,Direct,Delivered,Ahmedabad
503075,12233,2025-08-27,Social,Delivered,Bengaluru
503076,12516,2025-10-22,Organic,Delivered,Kolkata
503077,14137,2025-09-05,Affiliate,Delivered,Bengaluru
503078,11878,2025-06-27,Email,Delivered,Delhi
503079,10031,2025-03-02,Paid Search,Delivered,Ghaziabad
503080,10202,2024-12-16,Direct,Delivered,Kolkata
503081,12697,2024-02-29,Social,Delivered,Hyderabad
503082,14063,2024-04-08,Organic,Delivered,Kolkata
503083,14453,2024-10-04,Affiliate,Delivered,Indore
503084,14042,2025-04-24,Direct,Delivered,Lucknow
503085,11700,2024-01-04,Paid Search,Delivered,Gurugram
503086,12451,2025-11-15,Organic,Delivered,Jaipur
503087,14442,2025-12-26,Social,Delivered,Bhopal
503088,14195,2024-02-27,Affiliate,Delivered,Bengaluru
503089,12270,2024-03-11,Paid Search,Delivered,Kochi
503090,12406,2025-09-12,Direct,Delivered,Gurugram
503091,10347,2024-05-26,Organic,Delivered,Pune
503092,10845,2024-05-11,Affiliate,Delivered,Patna
503093,12647,2024-05-16,Direct,Delivered,Lucknow
503094,12588,2025-05-27,Organic,Delivered,Indore
503095,12875,2024-04-06,Social,Delivered,Ahmedabad
503096,11563,2024-05-14,Organic,Delivered,Bengaluru
503097,11135,2024-10-17,Email,Delivered,Jaipur
503098,12262,2025-03-14,Social,Delivered,Lucknow
503099,14394,2025-12-24,Affiliate,Delivered,Mumbai
503100,14854,2024-06-22,Social,Delivered,Hyderabad
503101,10263,2024-07-05,Paid Search,Delivered,Chennai
503102,11778,2025-01-30,Organic,Delivered,Ahmedabad
503103,12607,2024-11-01,Organic,Delivered,Hyderabad
503104,11080,2025-03-14,Social,Delivered,Bhopal
503105,11767,2024-06-29,Direct,Delivered,Gurugram
503106,10643,2025-03-28,Affiliate,Delivered,Bengaluru
503107,12320,2025-11-07,Paid Search,Delivered,Pune
503108,14420,2025-05-14,Direct,Delivered,Patna
503109,14644,2025-06-21,Organic,Delivered,Indore
503110,10075,2024-02-20,Direct,Delivered,Kolkata
503111,13184,2025-10-21,Paid Search,Cancelled,Chennai
503112,14538,2025-05-29,Organic,Delivered,Ghaziabad
503113,13841,2025-04-03,Direct,Delivered,Chandigarh
503114,10309,2024-04-23,Social,Delivered,Jaipur
503115,11949,2025-02-08,Direct,Delivered,Lucknow
503116,13764,2025-05-09,Affiliate,Delivered,Lucknow
503117,14899,2025-03-31,Organic,Delivered,Noida
503118,11469,2024-03-31,Organic,Delivered,Ghaziabad
503119,11416,2024-01-31,Paid Search,Delivered,Pune
503120,11250,2024-12-16,Social,Delivered,Mumbai
503121,14475,2025-06-08,Paid Search,Delivered,Ghaziabad
503122,10900,2024-10-09,Organic,Delivered,Hyderabad
503123,11831,2025-05-17,Organic,Delivered,Ghaziabad
503124,10673,2025-12-08,Social,Delivered,Chandigarh
503125,14699,2025-10-12,Organic,Delivered,Chandigarh
503126,10332,2025-04-06,Paid Search,Delivered,Chandigarh
503127,12537,2025-06-16,Organic,Delivered,Lucknow
503128,10776,2024-03-05,Direct,Delivered,Lucknow
503129,12036,2024-03-03,Email,Delivered,Chandigarh
503130,12943,2025-05-27,Organic,Delivered,Kochi
503131,13492,2025-08-08,Affiliate,Delivered,Kochi
503132,12849,2024-05-21,Social,Delivered,Delhi
503133,12137,2025-03-09,Social,Delivered,Pune
503134,11406,2024-07-28,Paid Search,Delivered,Patna
503135,14014,2024-03-20,Paid Search,Delivered,Ghaziabad
503136,13400,2024-10-03,Direct,Delivered,Ahmedabad
503137,13360,2024-11-23,Organic,Delivered,Noida
503138,13849,2025-07-21,Email,Delivered,Patna
503139,11102,2025-09-23,Organic,Delivered,Chandigarh
503140,14901,2025-11-21,Paid Search,Delivered,Jaipur
503141,14598,2024-03-17,Social,Delivered,Chandigarh
503142,12199,2025-11-06,Organic,Delivered,Chandigarh
503143,11020,2025-01-13,Organic,Delivered,Gurugram
503144,11873,2024-05-04,Social,Delivered,Kochi
503145,11944,2025-04-18,Paid Search,Delivered,Ahmedabad
503146,14866,2024-02-14,Direct,Delivered,Bhopal
503147,11444,2024-12-03,Email,Delivered,Hyderabad
503148,14711,2025-08-28,Direct,Delivered,Mumbai
503149,11156,2025-12-10,Direct,Delivered,Hyderabad
503150,14635,2024-07-29,Organic,Delivered,Indore
503151,14651,2024-05-07,Direct,Delivered,Hyderabad
503152,13044,2025-03-02,Direct,Delivered,Jaipur
503153,10539,2024-04-25,Social,Delivered,Kolkata
503154,13089,2025-12-16,Email,Delivered,Pune
503155,14557,2024-08-27,Paid Search,Delivered,Hyderabad
503156,14640,2024-05-16,Organic,Delivered,Gurugram
503157,12288,2024-06-23,Paid Search,Delivered,Gurugram
503158,12400,2024-10-01,Organic,Delivered,Ahmedabad
503159,11921,2025-06-26,Social,Delivered,Gurugram
503160,11068,2025-09-26,Email,Delivered,Noida
503161,13268,2025-06-22,Organic,Delivered,Bengaluru
503162,14927,2025-04-20,Organic,Delivered,Indore
503163,11337,2024-07-16,Organic,Delivered,Kolkata
503164,14211,2025-11-16,Direct,Delivered,Indore
503165,10480,2025-12-31,Affiliate,Delivered,Delhi
503166,10281,2025-04-06,Organic,Delivered,Jaipur
503167,14504,2025-07-26,Affiliate,Delivered,Patna
503168,10563,2024-08-09,Affiliate,Delivered,Ahmedabad
503169,12070,2024-11-22,Affiliate,Delivered,Indore
503170,14411,2025-08-11,Direct,Delivered,Ahmedabad
503171,11745,2024-11-06,Social,Delivered,Gurugram
503172,11506,2025-07-09,Paid Search,Delivered,Gurugram
503173,10204,2025-09-20,Direct,Delivered,Chennai
503174,13482,2025-11-13,Direct,Delivered,Kochi
503175,11601,2024-08-01,Paid Search,Delivered,Pune
503176,10590,2024-12-14,Social,Delivered,Chennai
503177,12374,2024-10-09,Social,Delivered,Hyderabad
503178,10853,2025-01-02,Social,Delivered,Pune
503179,14244,2025-06-26,Social,Delivered,Kochi
503180,13737,2024-08-24,Organic,Delivered,Ghaziabad
503181,14899,2024-06-19,Social,Delivered,Ghaziabad
503182,14897,2024-07-15,Paid Search,Delivered,Jaipur
503183,14186,2025-07-14,Organic,Delivered,Chennai
503184,12511,2025-12-29,Social,Delivered,Delhi
503185,10852,2024-03-16,Paid Search,Delivered,Chandigarh
503186,10215,2025-12-15,Paid Search,Delivered,Mumbai
503187,10458,2024-01-24,Organic,Delivered,Hyderabad
503188,11172,2025-01-22,Social,Delivered,Noida
503189,14415,2024-04-07,Paid Search,Delivered,Jaipur
503190,11064,2025-11-29,Organic,Delivered,Kolkata
503191,10464,2025-07-10,Affiliate,Delivered,Ghaziabad
503192,14677,2024-09-17,Email,Delivered,Ghaziabad
503193,12178,2025-05-16,Social,Delivered,Pune
503194,12096,2025-09-13,Email,Delivered,Chandigarh
503195,11509,2024-06-07,Paid Search,Delivered,Kochi
503196,14739,2025-04-09,Organic,Delivered,Kolkata
503197,11741,2024-08-07,Paid Search,Delivered,Indore
503198,14298,2025-06-08,Affiliate,Delivered,Noida
503199,14961,2025-02-18,Social,Delivered,Lucknow
503200,12255,2025-06-09,Affiliate,Delivered,Ahmedabad
503201,13504,2025-04-10,Direct,Delivered,Ghaziabad
503202,10125,2025-04-09,Paid Search,Delivered,Patna
503203,13909,2024-03-02,Direct,Delivered,Bengaluru
503204,14865,2025-09-15,Email,Delivered,Kochi
503205,10976,2024-05-05,Social,Delivered,Hyderabad
503206,10051,2024-10-13,Social,Delivered,Gurugram
503207,10220,2025-01-08,Social,Delivered,Noida
503208,14281,2025-09-12,Organic,Delivered,Kolkata
503209,11220,2025-04-04,Organic,Delivered,Gurugram
503210,12067,2024-05-14,Paid Search,Delivered,Kochi
503211,11681,2024-07-28,Organic,Delivered,Indore
503212,11507,2024-05-26,Organic,Delivered,Kolkata
503213,10828,2025-03-08,Organic,Delivered,Ahmedabad
503214,12042,2025-06-08,Direct,Delivered,Lucknow
503215,14622,2025-06-02,Organic,Delivered,Hyderabad
503216,11785,2025-07-02,Direct,Delivered,Patna
503217,14008,2025-05-28,Social,Delivered,Delhi
503218,13446,2025-10-21,Organic,Delivered,Noida
503219,13987,2025-10-24,Organic,Delivered,Chennai
503220,12864,2024-07-19,Organic,Delivered,Ahmedabad
503221,11857,2024-08-10,Paid Search,Delivered,Bengaluru
503222,11285,2024-02-10,Organic,Delivered,Delhi
503223,11401,2024-07-14,Affiliate,Delivered,Noida
503224,12638,2025-01-05,Paid Search,Delivered,Indore
503225,12021,2025-04-26,Social,Delivered,Mumbai
503226,12025,2025-10-01,Social,Delivered,Mumbai
503227,11845,2025-03-10,Email,Delivered,Chennai
503228,14604,2025-12-11,Direct,Delivered,Mumbai
503229,13217,2025-02-08,Paid Search,Delivered,Ahmedabad
503230,14462,2025-09-19,Paid Search,Delivered,Chennai
503231,14641,2025-08-13,Direct,Delivered,Jaipur
503232,13087,2024-12-24,Direct,Delivered,Ghaziabad
503233,10459,2025-09-29,Affiliate,Delivered,Pune
503234,14827,2025-09-23,Affiliate,Delivered,Patna
503235,12392,2024-08-16,Paid Search,Delivered,Lucknow
503236,11876,2024-06-05,Social,Delivered,Delhi
503237,12068,2024-03-29,Paid Search,Delivered,Ahmedabad
503238,10440,2025-11-04,Email,Delivered,Gurugram
503239,13322,2024-11-19,Affiliate,Cancelled,Jaipur
503240,10239,2025-02-18,Paid Search,Delivered,Lucknow
503241,13604,2024-07-18,Social,Delivered,Chandigarh
503242,14168,2024-10-11,Affiliate,Delivered,Ghaziabad
503243,12111,2024-10-21,Organic,Delivered,Bengaluru
503244,11918,2025-03-01,Email,Delivered,Gurugram
503245,13366,2024-05-08,Affiliate,Delivered,Bengaluru
503246,14302,2025-07-27,Organic,Delivered,Ghaziabad
503247,10479,2024-10-12,Paid Search,Delivered,Gurugram
503248,12294,2024-06-24,Organic,Delivered,Indore
503249,11615,2024-01-11,Organic,Delivered,Kochi
503250,10056,2024-03-15,Social,Delivered,Mumbai
503251,10043,2024-07-15,Email,Delivered,Kochi
503252,12644,2025-06-19,Paid Search,Delivered,Chennai
503253,13819,2025-09-16,Email,Delivered,Delhi
503254,12973,2025-11-27,Organic,Delivered,Bhopal
503255,11244,2024-08-05,Direct,Delivered,Patna
503256,12258,2025-04-10,Paid Search,Delivered,Mumbai
503257,14829,2024-07-15,Email,Delivered,Jaipur
503258,14191,2024-04-14,Organic,Delivered,Kochi
503259,10600,2025-01-31,Affiliate,Delivered,Gurugram
503260,13221,2025-04-15,Social,Delivered,Jaipur
503261,13124,2025-07-10,Direct,Delivered,Chandigarh
503262,11824,2024-03-26,Paid Search,Delivered,Kolkata
503263,11823,2025-06-30,Direct,Cancelled,Pune
503264,13596,2024-08-09,Paid Search,Delivered,Ahmedabad
503265,14675,2024-07-22,Organic,Delivered,Bhopal
503266,11599,2024-01-24,Email,Delivered,Pune
503267,14636,2024-05-29,Organic,Delivered,Noida
503268,14193,2024-12-22,Affiliate,Delivered,Indore
503269,10264,2024-05-18,Paid Search,Delivered,Delhi
503270,11401,2024-08-22,Affiliate,Delivered,Ghaziabad
503271,12205,2025-01-22,Social,Delivered,Bhopal
503272,13334,2024-03-12,Social,Delivered,Pune
503273,11134,2025-10-01,Affiliate,Delivered,Bengaluru
503274,12076,2024-08-13,Email,Delivered,Indore
503275,10464,2025-07-09,Email,Delivered,Kolkata
503276,10506,2025-04-18,Email,Delivered,Gurugram
503277,12175,2025-07-03,Social,Delivered,Jaipur
503278,13149,2024-07-30,Affiliate,Delivered,Noida
503279,12262,2024-05-05,Paid Search,Delivered,Kolkata
503280,11916,2024-04-14,Organic,Delivered,Ahmedabad
503281,12490,2024-06-16,Affiliate,Delivered,Delhi
503282,13172,2025-02-02,Social,Delivered,Bhopal
503283,13571,2025-04-01,Direct,Delivered,Kolkata
503284,12700,2025-07-04,Direct,Delivered,Hyderabad
503285,10460,2025-12-05,Direct,Delivered,Delhi
503286,10208,2025-08-29,Social,Delivered,Patna
503287,11715,2024-09-17,Affiliate,Delivered,Chandigarh
503288,11025,2024-12-11,Paid Search,Delivered,Noida
503289,12685,2025-11-29,Organic,Delivered,Lucknow
503290,13503,2025-06-03,Affiliate,Delivered,Kochi
503291,11261,2024-10-31,Affiliate,Delivered,Gurugram
503292,12339,2025-09-01,Organic,Delivered,Patna
503293,11093,2024-04-09,Direct,Delivered,Lucknow
503294,12333,2025-05-06,Direct,Cancelled,Mumbai
503295,11891,2025-11-24,Paid Search,Delivered,Chennai
503296,10012,2025-01-20,Organic,Delivered,Kolkata
503297,13327,2025-03-24,Direct,Delivered,Patna
503298,11514,2024-02-13,Organic,Delivered,Ghaziabad
503299,13740,2025-03-18,Paid Search,Delivered,Hyderabad
503300,13348,2024-07-31,Social,Delivered,Bengaluru
503301,10976,2025-12-27,Affiliate,Delivered,Jaipur
503302,14435,2024-08-21,Affiliate,Delivered,Lucknow
503303,10112,2024-08-17,Email,Delivered,Ahmedabad
503304,12871,2024-10-15,Affiliate,Delivered,Kolkata
503305,14013,2025-05-24,Email,Delivered,Ghaziabad
503306,12704,2025-11-26,Email,Delivered,Kochi
503307,12788,2024-09-10,Organic,Delivered,Patna
503308,12352,2024-06-01,Paid Search,Delivered,Hyderabad
503309,10301,2025-07-12,Social,Delivered,Chandigarh
503310,13393,2025-01-30,Organic,Delivered,Mumbai
503311,14765,2024-11-28,Paid Search,Delivered,Mumbai
503312,13991,2025-12-25,Organic,Delivered,Jaipur
503313,10294,2024-12-28,Organic,Delivered,Chennai
503314,11104,2025-03-28,Social,Delivered,Chennai
503315,14164,2025-12-18,Paid Search,Delivered,Ghaziabad
503316,13570,2024-06-01,Organic,Cancelled,Indore
503317,11833,2025-10-21,Affiliate,Delivered,Lucknow
503318,11220,2025-12-02,Affiliate,Delivered,Delhi
503319,12312,2024-12-10,Email,Delivered,Kochi
503320,10159,2024-09-02,Organic,Delivered,Ghaziabad
503321,10448,2024-04-28,Email,Delivered,Ahmedabad
503322,10374,2024-02-04,Email,Delivered,Ahmedabad
503323,14126,2025-12-20,Paid Search,Delivered,Indore
503324,10233,2024-11-11,Organic,Delivered,Patna
503325,12764,2025-05-03,Paid Search,Delivered,Mumbai
503326,11401,2024-06-24,Paid Search,Delivered,Patna
503327,13783,2024-08-24,Organic,Delivered,Ahmedabad
503328,10636,2025-08-21,Organic,Delivered,Indore
503329,14552,2025-04-24,Social,Delivered,Delhi
503330,10427,2024-06-09,Social,Cancelled,Ahmedabad
503331,14233,2024-01-04,Social,Delivered,Noida
503332,10738,2025-08-22,Direct,Delivered,Ahmedabad
503333,10149,2024-02-28,Organic,Delivered,Mumbai
503334,10191,2024-01-27,Affiliate,Delivered,Delhi
503335,13905,2024-08-07,Paid Search,Delivered,Bhopal
503336,11718,2025-11-10,Affiliate,Delivered,Patna
503337,12084,2025-04-16,Affiliate,Delivered,Gurugram
503338,14115,2024-01-31,Email,Delivered,Kochi
503339,11309,2025-11-01,Email,Delivered,Patna
503340,12769,2025-11-17,Email,Delivered,Hyderabad
503341,11493,2025-05-24,Affiliate,Delivered,Noida
503342,10325,2024-02-23,Organic,Delivered,Jaipur
503343,14969,2024-01-11,Paid Search,Delivered,Patna
503344,11875,2025-09-29,Direct,Delivered,Noida
503345,14237,2025-08-24,Social,Delivered,Bengaluru
503346,12150,2025-08-30,Organic,Delivered,Lucknow
503347,14336,2024-12-21,Direct,Delivered,Lucknow
503348,10863,2025-03-10,Direct,Delivered,Jaipur
503349,12701,2024-05-06,Social,Delivered,Kolkata
503350,11866,2024-01-27,Social,Delivered,Noida
503351,14963,2024-06-10,Paid Search,Delivered,Ahmedabad
503352,11684,2025-03-30,Social,Delivered,Indore
503353,13858,2024-10-20,Direct,Cancelled,Pune
503354,12470,2025-03-27,Paid Search,Delivered,Ahmedabad
503355,12004,2024-11-18,Paid Search,Delivered,Bengaluru
503356,13487,2025-02-11,Direct,Delivered,Mumbai
503357,13224,2025-11-26,Paid Search,Delivered,Ahmedabad
503358,12395,2025-04-06,Direct,Delivered,Chennai
503359,10277,2025-11-28,Paid Search,Delivered,Gurugram
503360,10370,2025-12-08,Organic,Delivered,Bengaluru
503361,12994,2025-03-27,Direct,Delivered,Chennai
503362,10277,2025-12-28,Paid Search,Delivered,Noida
503363,13029,2024-07-01,Email,Delivered,Delhi
503364,14440,2025-01-15,Organic,Delivered,Lucknow
503365,13947,2024-02-24,Affiliate,Delivered,Ghaziabad
503366,13474,2024-03-08,Organic,Delivered,Bengaluru
503367,11369,2024-04-06,Affiliate,Delivered,Hyderabad
503368,13286,2024-04-07,Direct,Delivered,Kolkata
503369,10917,2024-10-26,Organic,Cancelled,Mumbai
503370,14567,2025-06-10,Paid Search,Delivered,Patna
503371,10451,2025-12-21,Email,Delivered,Ghaziabad
503372,12708,2025-12-18,Direct,Cancelled,Bhopal
503373,12432,2024-05-10,Paid Search,Delivered,Kolkata
503374,10369,2024-11-14,Direct,Delivered,Noida
503375,10933,2024-11-11,Direct,Delivered,Ahmedabad
503376,13572,2024-03-12,Email,Delivered,Delhi
503377,12979,2024-01-30,Paid Search,Delivered,Ahmedabad
503378,10812,2024-09-15,Social,Delivered,Indore
503379,10703,2025-09-18,Email,Delivered,Bengaluru
503380,13331,2024-10-08,Email,Delivered,Delhi
503381,13304,2024-10-07,Paid Search,Delivered,Delhi
503382,12004,2025-12-29,Social,Delivered,Patna
503383,10102,2024-10-02,Direct,Delivered,Jaipur
503384,10142,2025-05-16,Social,Delivered,Noida
503385,10755,2025-12-18,Social,Delivered,Ghaziabad
503386,10278,2024-03-27,Paid Search,Delivered,Chennai
503387,12784,2025-01-08,Organic,Delivered,Noida
503388,11964,2024-09-03,Organic,Delivered,Mumbai
503389,11087,2024-03-27,Paid Search,Delivered,Chennai
503390,12973,2024-02-05,Email,Delivered,Chandigarh
503391,13523,2025-04-18,Affiliate,Delivered,Indore
503392,10855,2025-04-22,Organic,Delivered,Bengaluru
503393,13126,2025-02-14,Paid Search,Delivered,Chennai
503394,10534,2025-05-06,Affiliate,Delivered,Jaipur
503395,13000,2025-06-09,Organic,Delivered,Ghaziabad
503396,11882,2024-02-12,Direct,Delivered,Delhi
503397,10549,2024-01-25,Email,Delivered,Ghaziabad
503398,14021,2024-09-02,Direct,Delivered,Patna
503399,10914,2025-02-19,Affiliate,Delivered,Bhopal
503400,13921,2025-10-21,Direct,Delivered,Chandigarh
503401,11827,2025-12-17,Email,Delivered,Ghaziabad
503402,13421,2025-08-27,Paid Search,Delivered,Bengaluru
503403,13536,2024-07-31,Affiliate,Delivered,Noida
503404,12127,2025-02-23,Organic,Delivered,Ghaziabad
503405,13335,2024-03-25,Social,Delivered,Chennai
503406,12210,2024-12-20,Paid Search,Delivered,Jaipur
503407,13032,2024-03-13,Affiliate,Delivered,Lucknow
503408,11130,2025-12-26,Affiliate,Delivered,Mumbai
503409,12127,2024-11-25,Direct,Delivered,Hyderabad
503410,10686,2025-06-11,Paid Search,Delivered,Jaipur
503411,12079,2024-03-17,Direct,Delivered,Bhopal
503412,10080,2025-11-27,Affiliate,Delivered,Kolkata
503413,12049,2025-01-18,Paid Search,Delivered,Bhopal
503414,14301,2024-02-22,Organic,Delivered,Chennai
503415,11807,2024-09-26,Paid Search,Delivered,Hyderabad
503416,12481,2024-06-04,Organic,Delivered,Patna
503417,14281,2024-02-20,Email,Delivered,Jaipur
503418,10016,2024-01-23,Organic,Delivered,Chennai
503419,13354,2025-06-04,Paid Search,Delivered,Chandigarh
503420,12646,2025-09-26,Email,Delivered,Ghaziabad
503421,11716,2025-04-27,Social,Delivered,Mumbai
503422,11292,2025-05-22,Direct,Delivered,Kochi
503423,12964,2024-01-28,Paid Search,Delivered,Bengaluru
503424,12137,2024-05-09,Social,Delivered,Delhi
503425,11977,2024-01-26,Direct,Delivered,Bhopal
503426,13363,2025-12-13,Paid Search,Delivered,Bengaluru
503427,11998,2025-06-23,Social,Delivered,Jaipur
503428,14049,2025-11-29,Direct,Delivered,Gurugram
503429,11425,2025-10-23,Social,Delivered,Chandigarh
503430,13503,2024-06-13,Direct,Delivered,Lucknow
503431,12817,2025-01-08,Direct,Delivered,Hyderabad
503432,14482,2025-04-17,Paid Search,Delivered,Indore
503433,12002,2025-06-26,Affiliate,Delivered,Ghaziabad
503434,11174,2025-05-03,Email,Delivered,Jaipur
503435,11993,2024-11-27,Direct,Delivered,Ghaziabad
503436,13307,2024-01-03,Social,Delivered,Patna
503437,12150,2025-11-17,Affiliate,Delivered,Gurugram
503438,14450,2025-05-18,Paid Search,Delivered,Hyderabad
503439,10780,2025-09-03,Social,Delivered,Bhopal
503440,11543,2024-06-10,Affiliate,Delivered,Jaipur
503441,14917,2024-03-18,Direct,Delivered,Patna
503442,13998,2025-10-20,Paid Search,Delivered,Bhopal
503443,10385,2025-08-12,Organic,Cancelled,Kochi
503444,14702,2025-09-04,Direct,Delivered,Bengaluru
503445,12130,2024-11-17,Social,Delivered,Kochi
503446,13220,2025-10-23,Organic,Delivered,Noida
503447,10084,2024-06-12,Social,Delivered,Indore
503448,10822,2025-07-07,Direct,Delivered,Ahmedabad
503449,13493,2024-12-27,Direct,Delivered,Gurugram
503450,11305,2024-04-30,Paid Search,Delivered,Noida
503451,10589,2025-06-08,Affiliate,Delivered,Chennai
503452,13400,2024-09-20,Social,Delivered,Bengaluru
503453,11087,2024-04-26,Paid Search,Delivered,Indore
503454,14331,2025-06-02,Affiliate,Delivered,Noida
503455,10894,2025-07-18,Paid Search,Delivered,Chandigarh
503456,10119,2024-08-24,Paid Search,Delivered,Noida
503457,11953,2025-12-07,Paid Search,Delivered,Hyderabad
503458,11632,2025-06-03,Organic,Delivered,Noida
503459,13193,2024-01-17,Paid Search,Cancelled,Delhi
503460,11168,2024-09-02,Direct,Delivered,Hyderabad
503461,14904,2025-12-13,Paid Search,Delivered,Noida
503462,12111,2024-05-09,Email,Delivered,Ahmedabad
503463,13546,2025-11-28,Paid Search,Delivered,Indore
503464,13843,2025-01-13,Direct,Delivered,Jaipur
503465,14421,2025-05-08,Email,Delivered,Gurugram
503466,12515,2025-05-16,Direct,Delivered,Ghaziabad
503467,11138,2025-01-09,Paid Search,Delivered,Mumbai
503468,12592,2025-01-13,Social,Delivered,Kochi
503469,12129,2025-02-18,Organic,Delivered,Ahmedabad
503470,13046,2025-04-14,Organic,Delivered,Mumbai
503471,11182,2025-06-23,Social,Delivered,Gurugram
503472,12579,2024-11-16,Affiliate,Delivered,Kochi
503473,14789,2024-11-14,Organic,Delivered,Bhopal
503474,13442,2025-07-22,Email,Delivered,Bhopal
503475,14788,2025-07-07,Email,Delivered,Hyderabad
503476,10536,2025-04-20,Social,Delivered,Kolkata
503477,13269,2024-12-03,Affiliate,Delivered,Lucknow
503478,10115,2025-02-24,Social,Delivered,Noida
503479,11016,2025-02-21,Direct,Delivered,Mumbai
503480,14134,2024-11-14,Affiliate,Delivered,Chennai
503481,10506,2024-05-10,Direct,Delivered,Hyderabad
503482,12395,2025-01-26,Paid Search,Cancelled,Jaipur
503483,10350,2024-11-19,Affiliate,Delivered,Chennai
503484,11493,2024-02-07,Direct,Delivered,Indore
503485,10618,2025-11-29,Organic,Delivered,Lucknow
503486,12272,2025-05-02,Social,Delivered,Delhi
503487,13215,2024-03-24,Direct,Delivered,Indore
503488,13251,2024-05-29,Paid Search,Delivered,Patna
503489,14663,2025-02-21,Social,Delivered,Pune
503490,10609,2025-09-20,Affiliate,Delivered,Lucknow
503491,12003,2024-12-20,Affiliate,Delivered,Hyderabad
503492,12619,2025-08-16,Organic,Cancelled,Ghaziabad
503493,10431,2024-04-03,Paid Search,Delivered,Lucknow
503494,10554,2025-01-20,Paid Search,Delivered,Jaipur
503495,11552,2025-08-27,Organic,Delivered,Hyderabad
503496,14298,2025-09-11,Organic,Delivered,Chennai
503497,12932,2024-06-24,Affiliate,Delivered,Bengaluru
503498,12812,2025-05-05,Direct,Cancelled,Kolkata
503499,12756,2024-01-30,Direct,Delivered,Delhi
503500,14055,2024-04-13,Direct,Delivered,Lucknow
503501,12725,2025-10-20,Direct,Delivered,Kolkata
503502,13606,2025-06-25,Organic,Delivered,Ahmedabad
503503,11548,2024-05-31,Paid Search,Delivered,Indore
503504,14077,2025-12-28,Organic,Delivered,Noida
503505,10162,2025-12-26,Email,Delivered,Kochi
503506,11710,2024-01-30,Direct,Delivered,Delhi
503507,11251,2024-01-19,Organic,Delivered,Delhi
503508,10698,2024-06-28,Social,Cancelled,Gurugram
503509,12685,2025-08-03,Social,Delivered,Indore
503510,14459,2025-03-12,Organic,Delivered,Lucknow
503511,10813,2025-01-09,Direct,Delivered,Kolkata
503512,14424,2024-10-30,Paid Search,Delivered,Patna
503513,14286,2024-12-16,Paid Search,Delivered,Chennai
503514,14417,2025-04-11,Direct,Delivered,Jaipur
503515,10031,2024-02-16,Paid Search,Delivered,Kochi
503516,14947,2025-03-04,Paid Search,Delivered,Delhi
503517,12138,2024-06-10,Affiliate,Delivered,Indore
503518,12981,2025-07-30,Social,Delivered,Indore
503519,11525,2024-05-22,Social,Delivered,Jaipur
503520,12563,2024-02-21,Social,Delivered,Patna
503521,12751,2024-11-13,Paid Search,Delivered,Hyderabad
503522,13987,2024-11-18,Organic,Delivered,Ghaziabad
503523,11708,2025-01-14,Direct,Delivered,Bhopal
503524,10551,2025-09-20,Paid Search,Delivered,Kolkata
503525,12933,2025-05-26,Direct,Delivered,Chennai
503526,13916,2024-09-22,Organic,Delivered,Lucknow
503527,10079,2025-06-15,Direct,Delivered,Lucknow
503528,14062,2025-01-03,Direct,Delivered,Bhopal
503529,14018,2024-06-12,Organic,Cancelled,Kolkata
503530,12886,2024-01-16,Email,Delivered,Mumbai
503531,14741,2024-01-03,Affiliate,Delivered,Bhopal
503532,11940,2024-06-12,Email,Delivered,Mumbai
503533,10668,2025-08-21,Direct,Delivered,Hyderabad
503534,13282,2024-12-04,Organic,Delivered,Bhopal
503535,13050,2024-11-26,Direct,Delivered,Chandigarh
503536,14576,2024-10-18,Social,Delivered,Hyderabad
503537,11122,2024-07-06,Paid Search,Delivered,Bengaluru
503538,10790,2025-06-06,Social,Delivered,Gurugram
503539,13396,2024-01-10,Paid Search,Delivered,Ghaziabad
503540,11556,2025-03-23,Social,Delivered,Patna
503541,10925,2025-11-15,Organic,Delivered,Jaipur
503542,13358,2025-10-05,Direct,Delivered,Chennai
503543,10927,2024-09-26,Paid Search,Delivered,Delhi
503544,14167,2025-09-16,Social,Delivered,Patna
503545,11556,2024-06-22,Direct,Delivered,Mumbai
503546,13261,2024-06-25,Direct,Delivered,Indore
503547,12887,2024-09-08,Affiliate,Delivered,Ghaziabad
503548,12955,2024-01-13,Organic,Delivered,Gurugram
503549,11521,2024-07-13,Direct,Delivered,Ghaziabad
503550,10429,2025-09-16,Organic,Delivered,Lucknow
503551,13198,2025-07-11,Paid Search,Delivered,Gurugram
503552,12169,2024-08-28,Direct,Delivered,Chennai
503553,14885,2024-08-16,Organic,Delivered,Kochi
503554,14451,2024-09-10,Organic,Delivered,Noida
503555,10373,2024-03-27,Social,Delivered,Hyderabad
503556,11809,2024-04-25,Social,Delivered,Delhi
503557,12079,2025-12-26,Paid Search,Delivered,Chandigarh
503558,11906,2025-05-21,Affiliate,Delivered,Ahmedabad
503559,13617,2025-05-10,Direct,Delivered,Indore
503560,11788,2024-07-23,Direct,Delivered,Ghaziabad
503561,10765,2025-09-17,Organic,Delivered,Kochi
503562,11814,2024-05-09,Email,Delivered,Bhopal
503563,13936,2025-12-09,Direct,Delivered,Chandigarh
503564,12024,2025-01-02,Paid Search,Delivered,Hyderabad
503565,11428,2024-08-29,Social,Delivered,Gurugram
503566,13867,2025-07-02,Organic,Delivered,Delhi
503567,10330,2024-10-31,Organic,Delivered,Hyderabad
503568,12276,2024-07-16,Organic,Delivered,Delhi
503569,10516,2025-05-14,Email,Delivered,Bhopal
503570,13036,2025-06-11,Email,Delivered,Indore
503571,14500,2025-03-16,Organic,Delivered,Kolkata
503572,12213,2024-12-03,Social,Delivered,Kolkata
503573,14909,2024-08-28,Organic,Delivered,Pune
503574,14370,2024-10-22,Organic,Delivered,Bengaluru
503575,13639,2025-10-01,Direct,Delivered,Pune
503576,10894,2024-09-19,Paid Search,Delivered,Indore
503577,10165,2025-12-08,Affiliate,Delivered,Mumbai
503578,10615,2024-04-16,Paid Search,Delivered,Mumbai
503579,11741,2024-04-28,Organic,Delivered,Chennai
503580,12039,2024-08-31,Direct,Delivered,Noida
503581,11051,2024-01-03,Organic,Delivered,Patna
503582,14872,2025-10-04,Paid Search,Delivered,Ghaziabad
503583,13715,2024-09-05,Email,Delivered,Pune
503584,13499,2024-03-15,Social,Delivered,Patna
503585,13256,2025-03-28,Direct,Delivered,Jaipur
503586,13082,2025-12-01,Direct,Delivered,Ahmedabad
503587,14410,2025-12-27,Organic,Delivered,Kochi
503588,11952,2024-03-19,Organic,Delivered,Gurugram
503589,10703,2025-08-02,Email,Delivered,Noida
503590,11476,2024-09-21,Organic,Delivered,Delhi
503591,11145,2025-09-03,Social,Delivered,Chennai
503592,14783,2025-03-19,Paid Search,Cancelled,Lucknow
503593,12836,2025-06-18,Direct,Delivered,Noida
503594,12135,2025-09-04,Direct,Delivered,Ahmedabad
503595,10129,2025-10-16,Paid Search,Delivered,Jaipur
503596,13556,2024-04-14,Organic,Delivered,Pune
503597,13234,2025-06-13,Direct,Delivered,Delhi
503598,14053,2024-04-13,Organic,Delivered,Patna
503599,10656,2025-11-21,Organic,Delivered,Bengaluru
503600,13288,2025-04-04,Paid Search,Delivered,Ghaziabad
503601,11810,2024-05-20,Paid Search,Delivered,Ghaziabad
503602,11164,2024-08-01,Organic,Delivered,Noida
503603,11120,2025-10-16,Paid Search,Delivered,Gurugram
503604,11440,2025-04-16,Organic,Delivered,Bengaluru
503605,13666,2024-06-16,Affiliate,Delivered,Kolkata
503606,10115,2025-08-22,Paid Search,Delivered,Gurugram
503607,14737,2025-06-09,Affiliate,Delivered,Noida
503608,14847,2024-02-26,Email,Delivered,Jaipur
503609,14840,2024-07-26,Social,Delivered,Chennai
503610,14174,2025-09-09,Direct,Delivered,Gurugram
503611,11619,2024-09-13,Paid Search,Delivered,Delhi
503612,12021,2024-01-28,Organic,Delivered,Chandigarh
503613,10634,2025-03-17,Social,Delivered,Indore
503614,14463,2025-10-19,Organic,Delivered,Indore
503615,13853,2025-02-10,Paid Search,Delivered,Lucknow
503616,10769,2025-12-14,Direct,Delivered,Jaipur
503617,14951,2024-03-24,Direct,Delivered,Hyderabad
503618,10211,2025-05-02,Social,Delivered,Bhopal
503619,13838,2025-04-19,Social,Delivered,Gurugram
503620,10677,2025-12-20,Social,Delivered,Kolkata
503621,13749,2025-01-15,Organic,Delivered,Kolkata
503622,14418,2025-08-23,Paid Search,Delivered,Ghaziabad
503623,14752,2024-04-16,Social,Delivered,Hyderabad
503624,10803,2024-02-02,Paid Search,Delivered,Kolkata
503625,10823,2025-06-07,Organic,Delivered,Ghaziabad
503626,10341,2024-01-03,Email,Delivered,Patna
503627,14111,2025-10-01,Social,Delivered,Patna
503628,10928,2024-01-16,Paid Search,Delivered,Ahmedabad
503629,11954,2025-05-18,Direct,Delivered,Lucknow
503630,12076,2024-11-26,Affiliate,Delivered,Hyderabad
503631,11754,2025-04-16,Social,Delivered,Hyderabad
503632,12483,2025-03-31,Organic,Cancelled,Kochi
503633,11745,2024-11-20,Email,Delivered,Delhi
503634,11180,2024-12-17,Email,Delivered,Pune
503635,11940,2025-01-02,Social,Delivered,Ghaziabad
503636,14029,2025-05-09,Email,Delivered,Patna
503637,10590,2025-06-03,Organic,Delivered,Chandigarh
503638,14800,2024-11-24,Paid Search,Delivered,Bhopal
503639,12050,2024-09-14,Direct,Delivered,Delhi
503640,11455,2024-02-01,Organic,Delivered,Lucknow
503641,12225,2025-07-23,Social,Delivered,Kolkata
503642,14656,2024-06-14,Direct,Delivered,Pune
503643,14046,2024-11-13,Organic,Delivered,Noida
503644,14090,2025-12-26,Direct,Delivered,Mumbai
503645,11102,2025-07-27,Direct,Delivered,Pune
503646,14431,2024-09-09,Email,Delivered,Chennai
503647,13531,2024-12-13,Email,Delivered,Kolkata
503648,10299,2024-08-25,Direct,Delivered,Bhopal
503649,12136,2025-04-02,Organic,Delivered,Ghaziabad
503650,14171,2024-04-21,Email,Delivered,Pune
503651,12663,2025-11-27,Paid Search,Delivered,Bhopal
503652,12930,2025-12-22,Direct,Cancelled,Chennai
503653,11874,2024-08-06,Social,Delivered,Kochi
503654,10192,2024-06-17,Affiliate,Delivered,Mumbai
503655,14428,2025-01-29,Organic,Delivered,Patna
503656,13769,2025-04-17,Paid Search,Delivered,Lucknow
503657,11359,2025-04-15,Direct,Delivered,Chennai
503658,11209,2024-01-31,Paid Search,Delivered,Lucknow
503659,12591,2025-06-03,Social,Delivered,Indore
503660,13986,2024-02-18,Email,Delivered,Gurugram
503661,10435,2024-09-06,Organic,Delivered,Kochi
503662,13130,2025-06-07,Paid Search,Delivered,Bhopal
503663,14235,2025-10-10,Paid Search,Delivered,Chennai
503664,12462,2025-04-09,Direct,Delivered,Mumbai
503665,10265,2024-04-26,Organic,Delivered,Gurugram
503666,10117,2025-05-12,Paid Search,Delivered,Kolkata
503667,10811,2024-01-28,Direct,Delivered,Noida
503668,14449,2024-06-17,Direct,Delivered,Ghaziabad
503669,12290,2024-03-31,Email,Delivered,Mumbai
503670,10738,2025-12-20,Social,Delivered,Hyderabad
503671,14525,2024-09-26,Direct,Delivered,Bhopal
503672,14149,2025-02-12,Direct,Delivered,Chennai
503673,10735,2025-07-31,Direct,Delivered,Kolkata
503674,13441,2025-12-09,Email,Delivered,Indore
503675,11654,2025-12-28,Email,Delivered,Chennai
503676,10348,2024-04-30,Affiliate,Delivered,Delhi
503677,10311,2024-10-14,Affiliate,Delivered,Jaipur
503678,12712,2024-10-23,Affiliate,Delivered,Patna
503679,14218,2025-08-05,Organic,Delivered,Lucknow
503680,14809,2024-09-02,Affiliate,Delivered,Indore
503681,13528,2024-06-18,Paid Search,Delivered,Lucknow
503682,14615,2025-07-05,Organic,Delivered,Pune
503683,11179,2024-12-27,Organic,Delivered,Bhopal
503684,10732,2025-06-30,Paid Search,Delivered,Kolkata
503685,10554,2024-10-04,Social,Delivered,Chennai
503686,10866,2024-12-21,Paid Search,Delivered,Chennai
503687,13770,2024-01-07,Email,Delivered,Chennai
503688,10769,2024-01-12,Direct,Delivered,Delhi
503689,12163,2024-01-01,Organic,Delivered,Bhopal
503690,13781,2024-05-08,Organic,Delivered,Gurugram
503691,14635,2024-09-11,Paid Search,Delivered,Mumbai
503692,10804,2024-02-06,Affiliate,Delivered,Indore
503693,10934,2024-04-27,Paid Search,Delivered,Indore
503694,10323,2025-09-11,Organic,Delivered,Hyderabad
503695,10562,2025-09-16,Organic,Cancelled,Chennai
503696,11952,2024-07-30,Organic,Delivered,Ahmedabad
503697,11573,2025-11-22,Email,Delivered,Ghaziabad
503698,14835,2024-03-27,Email,Delivered,Jaipur
503699,12222,2024-01-23,Paid Search,Delivered,Chennai
503700,11542,2024-09-15,Paid Search,Delivered,Mumbai
503701,12347,2024-07-12,Email,Delivered,Patna
503702,13622,2024-02-26,Direct,Delivered,Pune
503703,11688,2025-09-11,Affiliate,Delivered,Indore
503704,10720,2025-12-16,Affiliate,Delivered,Pune
503705,12104,2024-07-16,Direct,Delivered,Kochi
503706,13106,2024-08-18,Paid Search,Delivered,Bhopal
503707,11582,2025-06-09,Organic,Delivered,Chennai
503708,12906,2025-11-13,Affiliate,Delivered,Mumbai
503709,11623,2024-07-28,Organic,Delivered,Chandigarh
503710,14521,2025-05-14,Paid Search,Delivered,Chennai
503711,14439,2024-01-17,Affiliate,Delivered,Noida
503712,13583,2025-02-17,Social,Delivered,Jaipur
503713,14188,2025-12-22,Paid Search,Delivered,Jaipur
503714,10604,2024-12-13,Social,Delivered,Bengaluru
503715,13267,2025-04-13,Paid Search,Delivered,Mumbai
503716,12024,2025-05-17,Organic,Delivered,Hyderabad
503717,13888,2025-04-07,Paid Search,Delivered,Noida
503718,10003,2025-05-16,Organic,Delivered,Kochi
503719,10939,2025-10-10,Direct,Delivered,Chennai
503720,11205,2024-01-08,Paid Search,Delivered,Bhopal
503721,12786,2025-10-08,Direct,Delivered,Noida
503722,14857,2025-10-25,Direct,Delivered,Bengaluru
503723,14482,2025-10-22,Paid Search,Delivered,Ghaziabad
503724,12279,2024-09-25,Paid Search,Delivered,Chennai
503725,10006,2025-03-02,Direct,Delivered,Lucknow
503726,14338,2024-09-15,Organic,Delivered,Bhopal
503727,12863,2025-09-06,Social,Delivered,Bhopal
503728,10119,2024-10-24,Paid Search,Delivered,Kolkata
503729,13226,2024-08-16,Affiliate,Delivered,Pune
503730,14401,2025-05-15,Direct,Delivered,Ahmedabad
503731,14355,2024-02-06,Email,Delivered,Ghaziabad
503732,14447,2024-10-01,Paid Search,Delivered,Hyderabad
503733,14878,2024-05-30,Social,Delivered,Patna
503734,13268,2024-09-30,Social,Delivered,Lucknow
503735,13063,2024-11-24,Email,Delivered,Chennai
503736,10582,2024-02-16,Direct,Delivered,Bengaluru
503737,13162,2025-09-24,Paid Search,Delivered,Ghaziabad
503738,14381,2024-10-31,Organic,Delivered,Lucknow
503739,14065,2024-09-19,Organic,Delivered,Chennai
503740,14500,2024-04-19,Email,Delivered,Patna
503741,10851,2025-12-28,Direct,Delivered,Noida
503742,11006,2025-09-17,Paid Search,Delivered,Jaipur
503743,14292,2024-12-18,Paid Search,Delivered,Pune
503744,14701,2024-09-01,Direct,Cancelled,Indore
503745,12631,2024-12-07,Organic,Delivered,Bhopal
503746,14406,2025-12-03,Direct,Delivered,Noida
503747,13411,2024-06-10,Direct,Delivered,Kochi
503748,11025,2025-05-15,Affiliate,Delivered,Kolkata
503749,12534,2025-10-22,Paid Search,Delivered,Mumbai
503750,11970,2025-07-06,Email,Delivered,Patna
503751,13950,2025-09-28,Paid Search,Delivered,Gurugram
503752,11684,2025-11-23,Organic,Cancelled,Kochi
503753,10878,2024-02-13,Organic,Delivered,Chandigarh
503754,12492,2024-06-23,Organic,Delivered,Pune
503755,12474,2024-04-15,Direct,Delivered,Gurugram
503756,14446,2025-02-18,Email,Delivered,Kochi
503757,10041,2024-10-24,Paid Search,Delivered,Jaipur
503758,14372,2024-01-30,Social,Delivered,Kochi
503759,11056,2025-02-11,Email,Delivered,Kolkata
503760,10879,2024-03-14,Organic,Delivered,Pune
503761,12092,2024-10-24,Paid Search,Delivered,Kolkata
503762,12756,2024-09-24,Social,Delivered,Jaipur
503763,14649,2025-10-15,Direct,Delivered,Patna
503764,12671,2025-05-13,Organic,Delivered,Delhi
503765,10728,2025-04-01,Direct,Delivered,Bengaluru
503766,12252,2025-08-30,Social,Delivered,Delhi
503767,14603,2024-05-11,Social,Delivered,Noida
503768,13574,2024-07-06,Organic,Delivered,Bengaluru
503769,11089,2025-07-03,Social,Delivered,Kochi
503770,13230,2025-07-01,Paid Search,Delivered,Chennai
503771,13669,2024-01-16,Organic,Delivered,Kolkata
503772,11376,2024-06-12,Direct,Delivered,Patna
503773,12640,2024-06-15,Social,Delivered,Ghaziabad
503774,11741,2024-01-05,Organic,Delivered,Pune
503775,10906,2025-04-28,Paid Search,Delivered,Patna
503776,14442,2024-02-09,Organic,Delivered,Gurugram
503777,11603,2025-09-07,Direct,Delivered,Delhi
503778,11629,2025-03-04,Paid Search,Delivered,Kochi
503779,10508,2025-07-10,Social,Delivered,Delhi
503780,12221,2024-12-29,Affiliate,Delivered,Lucknow
503781,13219,2025-12-10,Organic,Delivered,Mumbai
503782,14865,2024-07-16,Paid Search,Delivered,Bhopal
503783,13879,2025-02-11,Email,Delivered,Indore
503784,14287,2024-01-05,Direct,Cancelled,Ahmedabad
503785,14937,2025-08-31,Email,Cancelled,Pune
503786,13495,2025-02-19,Organic,Delivered,Chennai
503787,14287,2024-05-08,Paid Search,Delivered,Patna
503788,11521,2025-08-20,Paid Search,Delivered,Chandigarh
503789,13576,2025-12-24,Paid Search,Delivered,Mumbai
503790,13144,2024-02-20,Direct,Delivered,Ghaziabad
503791,12258,2025-09-10,Organic,Delivered,Patna
503792,13211,2025-06-22,Paid Search,Delivered,Ghaziabad
503793,13605,2024-09-16,Social,Delivered,Pune
503794,12058,2025-04-08,Organic,Delivered,Pune
503795,14213,2025-07-28,Social,Delivered,Bhopal
503796,10181,2024-12-16,Organic,Delivered,Jaipur
503797,11621,2025-05-02,Direct,Delivered,Pune
503798,11833,2024-02-05,Paid Search,Delivered,Ahmedabad
503799,14153,2025-11-07,Social,Delivered,Chennai
503800,12541,2025-11-06,Email,Delivered,Patna
503801,14665,2024-06-02,Paid Search,Delivered,Mumbai
503802,14751,2024-12-15,Paid Search,Delivered,Patna
503803,12293,2024-06-23,Social,Delivered,Lucknow
503804,13638,2024-10-19,Affiliate,Delivered,Bengaluru
503805,11232,2024-07-20,Social,Delivered,Noida
503806,10540,2025-09-21,Social,Delivered,Gurugram
503807,12456,2025-05-22,Social,Delivered,Bhopal
503808,11508,2025-09-10,Paid Search,Delivered,Chennai
503809,13655,2025-08-02,Email,Delivered,Noida
503810,12609,2025-06-15,Organic,Delivered,Gurugram
503811,10678,2024-05-01,Social,Delivered,Indore
503812,12256,2025-08-29,Direct,Delivered,Chennai
503813,12009,2025-07-26,Email,Delivered,Mumbai
503814,10026,2024-03-31,Social,Delivered,Jaipur
503815,12725,2024-03-05,Affiliate,Delivered,Chennai
503816,14676,2025-07-10,Paid Search,Delivered,Ahmedabad
503817,14484,2024-10-12,Social,Delivered,Indore
503818,14521,2024-08-27,Organic,Delivered,Indore
503819,14470,2024-10-16,Organic,Delivered,Chennai
503820,14619,2025-09-26,Organic,Delivered,Kolkata
503821,10488,2024-09-22,Affiliate,Delivered,Chennai
503822,12143,2024-09-27,Social,Delivered,Patna
503823,12726,2024-10-18,Direct,Delivered,Patna
503824,14167,2024-02-09,Organic,Delivered,Mumbai
503825,11866,2024-01-28,Paid Search,Delivered,Noida
503826,13543,2024-10-29,Email,Delivered,Chennai
503827,13906,2024-01-13,Organic,Delivered,Patna
503828,12559,2025-07-07,Social,Delivered,Chennai
503829,11206,2024-11-06,Organic,Delivered,Pune
503830,10386,2025-01-01,Organic,Delivered,Chennai
503831,12225,2024-09-02,Social,Delivered,Jaipur
503832,10840,2025-07-12,Social,Delivered,Noida
503833,13221,2024-11-08,Organic,Delivered,Jaipur
503834,11192,2024-01-26,Paid Search,Delivered,Ahmedabad
503835,14384,2024-12-22,Paid Search,Delivered,Patna
503836,14480,2024-05-09,Organic,Delivered,Jaipur
503837,14182,2025-03-10,Direct,Delivered,Indore
503838,13327,2025-02-15,Email,Delivered,Kochi
503839,10579,2024-12-12,Organic,Delivered,Patna
503840,14916,2024-10-08,Paid Search,Delivered,Indore
503841,10330,2025-03-11,Organic,Delivered,Bengaluru
503842,12833,2025-05-12,Paid Search,Delivered,Ahmedabad
503843,14022,2025-10-04,Direct,Delivered,Kolkata
503844,10424,2025-12-04,Organic,Delivered,Chandigarh
503845,12485,2024-03-01,Direct,Delivered,Bengaluru
503846,12389,2025-04-27,Direct,Delivered,Bengaluru
503847,10986,2024-03-02,Affiliate,Delivered,Noida
503848,10559,2024-11-01,Social,Delivered,Pune
503849,14550,2025-06-25,Paid Search,Delivered,Indore
503850,14507,2025-01-31,Direct,Delivered,Patna
503851,10469,2025-08-13,Direct,Delivered,Delhi
503852,11393,2025-10-29,Social,Delivered,Kochi
503853,11962,2025-12-12,Organic,Delivered,Noida
503854,10987,2025-05-06,Organic,Delivered,Bhopal
503855,10333,2025-05-07,Organic,Delivered,Indore
503856,12559,2025-08-10,Organic,Delivered,Ghaziabad
503857,12211,2024-06-19,Social,Delivered,Noida
503858,14036,2024-08-08,Direct,Delivered,Indore
503859,11483,2024-09-06,Email,Delivered,Mumbai
503860,12552,2025-06-28,Social,Delivered,Bengaluru
503861,11570,2024-09-13,Affiliate,Delivered,Pune
503862,10192,2024-04-11,Email,Delivered,Ahmedabad
503863,13639,2025-08-06,Paid Search,Delivered,Ghaziabad
503864,13715,2025-07-02,Affiliate,Delivered,Noida
503865,13320,2025-03-10,Paid Search,Delivered,Patna
503866,10171,2025-10-06,Direct,Delivered,Noida
503867,13483,2025-08-01,Organic,Delivered,Ahmedabad
503868,13022,2025-10-20,Email,Delivered,Chennai
503869,12206,2024-07-08,Social,Delivered,Bhopal
503870,13085,2024-03-26,Paid Search,Delivered,Ghaziabad
503871,10554,2024-09-06,Paid Search,Delivered,Jaipur
503872,11043,2025-08-29,Organic,Delivered,Pune
503873,10646,2025-11-06,Affiliate,Delivered,Lucknow
503874,12233,2024-03-21,Paid Search,Delivered,Chandigarh
503875,14477,2025-09-17,Social,Delivered,Bengaluru
503876,10031,2024-12-15,Direct,Delivered,Jaipur
503877,12231,2025-08-20,Social,Delivered,Indore
503878,11419,2025-05-13,Direct,Delivered,Lucknow
503879,14688,2024-02-13,Organic,Delivered,Delhi
503880,13097,2024-12-19,Paid Search,Delivered,Patna
503881,11110,2024-03-06,Organic,Delivered,Chennai
503882,11421,2024-09-05,Direct,Delivered,Kochi
503883,12904,2025-07-07,Affiliate,Delivered,Hyderabad
503884,10239,2025-05-14,Direct,Delivered,Indore
503885,10336,2025-05-30,Social,Delivered,Pune
503886,13372,2025-04-28,Organic,Delivered,Ahmedabad
503887,14012,2024-01-11,Paid Search,Delivered,Kolkata
503888,13712,2025-03-02,Social,Delivered,Jaipur
503889,10859,2024-12-20,Organic,Delivered,Indore
503890,14315,2025-01-21,Email,Delivered,Lucknow
503891,11125,2024-06-04,Direct,Delivered,Mumbai
503892,14378,2025-05-30,Paid Search,Delivered,Chandigarh
503893,11480,2025-03-20,Email,Delivered,Bengaluru
503894,12482,2024-10-21,Social,Delivered,Chandigarh
503895,14786,2024-02-11,Organic,Delivered,Indore
503896,12037,2024-02-20,Paid Search,Delivered,Pune
503897,13339,2024-09-19,Social,Delivered,Pune
503898,12930,2025-01-27,Email,Delivered,Jaipur
503899,10375,2025-12-29,Paid Search,Delivered,Chandigarh
503900,13964,2025-06-12,Organic,Delivered,Gurugram
503901,11792,2024-12-20,Organic,Delivered,Ghaziabad
503902,12377,2024-08-06,Email,Delivered,Mumbai
503903,11523,2024-05-03,Paid Search,Delivered,Patna
503904,14976,2024-04-12,Email,Delivered,Mumbai
503905,12754,2024-02-22,Organic,Delivered,Ghaziabad
503906,13188,2025-10-28,Affiliate,Delivered,Indore
503907,12615,2024-01-12,Paid Search,Delivered,Chandigarh
503908,11541,2025-09-23,Organic,Delivered,Patna
503909,12931,2025-03-02,Social,Delivered,Bengaluru
503910,13969,2025-03-28,Affiliate,Delivered,Hyderabad
503911,10476,2025-12-01,Direct,Delivered,Hyderabad
503912,10754,2025-07-29,Direct,Delivered,Patna
503913,10823,2024-04-17,Social,Delivered,Kochi
503914,14679,2025-12-09,Email,Cancelled,Bhopal
503915,12884,2024-05-08,Social,Delivered,Gurugram
503916,11702,2025-02-20,Social,Delivered,Bengaluru
503917,10995,2025-04-13,Organic,Delivered,Ahmedabad
503918,13426,2024-06-27,Email,Delivered,Bengaluru
503919,12624,2025-04-05,Direct,Delivered,Mumbai
503920,13127,2025-04-11,Organic,Delivered,Jaipur
503921,13578,2025-12-17,Paid Search,Delivered,Chandigarh
503922,10480,2025-10-30,Organic,Delivered,Indore
503923,13398,2024-10-19,Paid Search,Delivered,Ghaziabad
503924,13609,2025-05-19,Social,Delivered,Jaipur
503925,11386,2025-08-23,Paid Search,Delivered,Kochi
503926,11560,2024-01-20,Social,Delivered,Indore
503927,12961,2025-05-15,Affiliate,Delivered,Chandigarh
503928,11906,2025-11-01,Organic,Delivered,Bengaluru
503929,14655,2024-03-28,Affiliate,Delivered,Mumbai
503930,10483,2025-07-04,Affiliate,Delivered,Chennai
503931,10845,2024-02-14,Social,Delivered,Patna
503932,14051,2024-10-20,Paid Search,Delivered,Chandigarh
503933,13406,2025-08-22,Direct,Delivered,Chennai
503934,14302,2025-12-22,Paid Search,Delivered,Lucknow
503935,10120,2025-06-16,Organic,Delivered,Delhi
503936,10672,2025-06-11,Organic,Delivered,Ahmedabad
503937,14185,2024-07-08,Direct,Delivered,Lucknow
503938,14064,2025-08-26,Organic,Delivered,Bhopal
503939,14130,2025-04-26,Paid Search,Delivered,Gurugram
503940,14490,2025-11-20,Email,Delivered,Bengaluru
503941,11153,2025-03-16,Social,Delivered,Mumbai
503942,10487,2024-01-29,Email,Delivered,Ahmedabad
503943,11482,2025-01-08,Paid Search,Delivered,Patna
503944,14988,2025-07-20,Email,Delivered,Patna
503945,12584,2025-07-29,Organic,Delivered,Delhi
503946,10023,2024-10-09,Paid Search,Delivered,Patna
503947,13718,2024-05-05,Organic,Delivered,Delhi
503948,14213,2025-09-27,Social,Delivered,Kolkata
503949,10612,2025-08-24,Organic,Delivered,Delhi
503950,12792,2025-10-04,Social,Delivered,Ahmedabad
503951,13725,2025-05-05,Organic,Delivered,Chandigarh
503952,14787,2025-08-28,Paid Search,Delivered,Mumbai
503953,13036,2024-10-21,Organic,Delivered,Kochi
503954,11691,2025-07-23,Paid Search,Delivered,Hyderabad
503955,14551,2024-12-22,Affiliate,Delivered,Indore
503956,11805,2025-08-03,Paid Search,Delivered,Delhi
503957,13167,2024-04-16,Email,Delivered,Hyderabad
503958,14202,2024-08-04,Paid Search,Delivered,Lucknow
503959,12652,2024-06-05,Paid Search,Delivered,Mumbai
503960,13554,2024-10-24,Paid Search,Delivered,Kochi
503961,14209,2025-08-18,Paid Search,Delivered,Indore
503962,13003,2024-03-25,Affiliate,Delivered,Bengaluru
503963,12101,2025-06-17,Organic,Delivered,Pune
503964,13222,2025-08-30,Direct,Delivered,Kochi
503965,12006,2025-05-05,Email,Delivered,Chandigarh
503966,13414,2025-04-17,Paid Search,Delivered,Ahmedabad
503967,10408,2024-04-11,Direct,Delivered,Pune
503968,10240,2025-03-23,Organic,Delivered,Delhi
503969,12375,2024-06-14,Affiliate,Delivered,Kochi
503970,10589,2024-06-28,Paid Search,Delivered,Bengaluru
503971,13654,2025-09-21,Social,Delivered,Mumbai
503972,10907,2025-03-25,Organic,Delivered,Jaipur
503973,12498,2025-12-27,Direct,Delivered,Jaipur
503974,10884,2024-11-28,Paid Search,Delivered,Hyderabad
503975,14610,2024-09-18,Social,Delivered,Chennai
503976,14215,2025-12-28,Direct,Delivered,Gurugram
503977,10009,2025-03-31,Organic,Delivered,Lucknow
503978,11973,2025-09-22,Direct,Cancelled,Chennai
503979,14711,2024-02-02,Social,Delivered,Ahmedabad
503980,12448,2025-01-19,Affiliate,Delivered,Chandigarh
503981,14221,2025-08-20,Social,Delivered,Kochi
503982,10447,2025-08-13,Affiliate,Delivered,Hyderabad
503983,12146,2025-06-06,Direct,Delivered,Hyderabad
503984,14353,2024-04-30,Paid Search,Delivered,Noida
503985,10974,2025-02-03,Email,Delivered,Kolkata
503986,10052,2024-03-15,Direct,Delivered,Lucknow
503987,13673,2025-08-09,Affiliate,Delivered,Jaipur
503988,10417,2025-04-06,Direct,Delivered,Indore
503989,11504,2024-05-21,Affiliate,Delivered,Delhi
503990,14061,2025-06-15,Paid Search,Delivered,Noida
503991,14460,2025-06-09,Affiliate,Delivered,Kochi
503992,10653,2024-02-08,Email,Delivered,Lucknow
503993,12485,2024-03-06,Organic,Delivered,Hyderabad
503994,13967,2024-05-26,Organic,Delivered,Patna
503995,11957,2024-02-21,Paid Search,Delivered,Bengaluru
503996,11753,2025-01-27,Affiliate,Delivered,Bhopal
503997,12717,2025-10-05,Affiliate,Delivered,Noida
503998,13881,2024-02-15,Affiliate,Delivered,Bhopal
503999,10202,2025-03-25,Organic,Cancelled,Mumbai
504000,10252,2024-11-05,Organic,Delivered,Chennai
504001,10534,2025-09-03,Paid Search,Delivered,Indore
504002,11707,2024-12-18,Email,Delivered,Gurugram
504003,11391,2025-05-03,Direct,Delivered,Ghaziabad
504004,12407,2025-11-04,Direct,Delivered,Ghaziabad
504005,11505,2024-04-09,Organic,Delivered,Kochi
504006,13129,2024-08-18,Affiliate,Delivered,Bhopal
504007,11609,2024-07-16,Email,Delivered,Chennai
504008,14182,2024-05-03,Direct,Delivered,Ghaziabad
504009,11549,2025-04-18,Affiliate,Delivered,Ghaziabad
504010,11223,2024-01-06,Social,Delivered,Hyderabad
504011,14302,2024-10-09,Affiliate,Delivered,Chennai
504012,13295,2024-03-29,Paid Search,Cancelled,Pune
504013,10240,2025-03-25,Affiliate,Delivered,Gurugram
504014,10759,2025-07-02,Affiliate,Delivered,Jaipur
504015,10244,2024-12-07,Direct,Delivered,Lucknow
504016,13976,2024-11-21,Paid Search,Delivered,Lucknow
504017,13138,2024-11-24,Direct,Delivered,Bengaluru
504018,14667,2024-05-25,Organic,Delivered,Ahmedabad
504019,11641,2024-10-01,Affiliate,Delivered,Kolkata
504020,10237,2025-11-13,Direct,Delivered,Bhopal
504021,12295,2024-01-31,Organic,Delivered,Mumbai
504022,10400,2025-07-29,Email,Delivered,Bhopal
504023,10723,2024-04-30,Email,Delivered,Patna
504024,13938,2024-03-24,Affiliate,Delivered,Chandigarh
504025,11895,2024-07-27,Organic,Delivered,Kochi
504026,14402,2024-07-15,Direct,Delivered,Jaipur
504027,12569,2024-08-19,Direct,Delivered,Hyderabad
504028,13242,2025-09-12,Email,Delivered,Chandigarh
504029,14171,2025-10-23,Paid Search,Delivered,Bengaluru
504030,12306,2025-05-21,Email,Delivered,Bhopal
504031,11600,2024-04-16,Organic,Delivered,Noida
504032,13846,2025-11-22,Affiliate,Delivered,Noida
504033,14154,2025-09-11,Organic,Delivered,Lucknow
504034,11499,2024-02-25,Paid Search,Delivered,Noida
504035,14116,2024-10-10,Organic,Delivered,Bhopal
504036,14959,2025-07-20,Email,Delivered,Chennai
504037,10969,2024-03-06,Social,Delivered,Jaipur
504038,14240,2024-02-25,Email,Delivered,Kolkata
504039,10435,2025-03-18,Organic,Delivered,Hyderabad
504040,14436,2024-09-03,Paid Search,Delivered,Gurugram
504041,14455,2024-11-18,Paid Search,Cancelled,Jaipur
504042,14275,2025-07-02,Social,Delivered,Patna
504043,11744,2025-02-02,Organic,Delivered,Chennai
504044,14665,2025-06-03,Email,Delivered,Gurugram
504045,12770,2024-04-02,Paid Search,Delivered,Chandigarh
504046,10323,2024-01-02,Direct,Delivered,Kolkata
504047,14247,2024-07-02,Paid Search,Delivered,Ghaziabad
504048,14544,2024-05-27,Organic,Delivered,Indore
504049,11516,2024-08-24,Organic,Delivered,Chennai
504050,11244,2025-07-23,Paid Search,Delivered,Jaipur
504051,12846,2024-04-21,Paid Search,Delivered,Ahmedabad
504052,11796,2024-04-02,Affiliate,Delivered,Kolkata
504053,13196,2024-05-26,Email,Delivered,Jaipur
504054,11853,2024-08-26,Organic,Delivered,Kolkata
504055,11089,2024-05-24,Direct,Delivered,Kochi
504056,11163,2024-05-14,Organic,Delivered,Indore
504057,13289,2025-02-27,Affiliate,Delivered,Kolkata
504058,12193,2024-03-22,Organic,Delivered,Bhopal
504059,10077,2024-04-22,Paid Search,Delivered,Ahmedabad
504060,12528,2025-09-03,Affiliate,Delivered,Pune
504061,13940,2024-01-14,Paid Search,Delivered,Ghaziabad
504062,10744,2024-02-14,Organic,Delivered,Hyderabad
504063,11221,2024-02-20,Affiliate,Delivered,Bengaluru
504064,11798,2025-01-26,Email,Delivered,Lucknow
504065,14636,2025-05-22,Direct,Delivered,Hyderabad
504066,11741,2025-05-21,Email,Delivered,Bhopal
504067,14189,2025-05-19,Organic,Delivered,Kolkata
504068,13374,2024-02-12,Email,Delivered,Mumbai
504069,14961,2024-09-08,Affiliate,Delivered,Lucknow
504070,12904,2025-04-08,Organic,Delivered,Jaipur
504071,11585,2025-05-13,Organic,Delivered,Hyderabad
504072,13581,2024-09-01,Email,Delivered,Delhi
504073,10452,2025-09-10,Affiliate,Cancelled,Hyderabad
504074,13920,2025-09-01,Paid Search,Delivered,Noida
504075,11171,2025-07-13,Affiliate,Delivered,Jaipur
504076,13336,2025-08-06,Organic,Delivered,Chennai
504077,12901,2025-12-13,Paid Search,Delivered,Lucknow
504078,11207,2025-08-03,Affiliate,Delivered,Kolkata
504079,12407,2025-03-03,Organic,Delivered,Kolkata
504080,12511,2024-10-18,Paid Search,Delivered,Pune
504081,13836,2024-09-21,Email,Delivered,Jaipur
504082,12333,2025-08-24,Paid Search,Delivered,Jaipur
504083,10291,2024-08-04,Direct,Delivered,Bengaluru
504084,10371,2025-04-05,Direct,Delivered,Gurugram
504085,13323,2025-01-02,Email,Delivered,Kolkata
504086,14473,2024-10-03,Affiliate,Delivered,Mumbai
504087,12177,2024-11-25,Direct,Delivered,Hyderabad
504088,10458,2024-02-28,Email,Delivered,Ghaziabad
504089,10855,2025-06-02,Affiliate,Delivered,Noida
504090,14883,2024-02-18,Organic,Delivered,Pune
504091,13517,2024-02-23,Affiliate,Delivered,Lucknow
504092,10159,2024-07-02,Paid Search,Delivered,Chandigarh
504093,11298,2025-01-23,Organic,Delivered,Ghaziabad
504094,13649,2024-08-06,Social,Delivered,Mumbai
504095,13158,2025-10-05,Organic,Delivered,Gurugram
504096,11438,2025-11-09,Organic,Delivered,Indore
504097,13480,2024-10-14,Social,Delivered,Chennai
504098,14524,2025-12-31,Organic,Delivered,Gurugram
504099,14501,2024-03-06,Direct,Delivered,Jaipur
504100,14121,2024-04-15,Direct,Delivered,Mumbai
504101,11772,2024-09-10,Affiliate,Delivered,Patna
504102,10126,2025-11-20,Paid Search,Delivered,Bhopal
504103,11954,2025-01-03,Social,Delivered,Indore
504104,10110,2025-05-31,Organic,Delivered,Mumbai
504105,12851,2025-04-22,Email,Delivered,Patna
504106,13016,2024-12-30,Paid Search,Delivered,Bengaluru
504107,11709,2025-11-12,Social,Delivered,Jaipur
504108,10748,2025-11-28,Organic,Delivered,Hyderabad
504109,12624,2024-11-23,Direct,Delivered,Lucknow
504110,10071,2025-06-05,Organic,Delivered,Hyderabad
504111,11382,2025-04-01,Paid Search,Delivered,Jaipur
504112,14839,2025-03-09,Paid Search,Delivered,Patna
504113,14571,2024-03-15,Social,Delivered,Ghaziabad
504114,13165,2024-06-02,Direct,Delivered,Ahmedabad
504115,11871,2025-12-24,Organic,Delivered,Pune
504116,10055,2024-06-27,Organic,Delivered,Bengaluru
504117,13251,2025-04-21,Organic,Delivered,Patna
504118,12453,2025-10-28,Social,Delivered,Lucknow
504119,13568,2025-03-16,Social,Delivered,Patna
504120,10788,2024-06-06,Affiliate,Delivered,Chandigarh
504121,14152,2025-09-20,Direct,Delivered,Mumbai
504122,14026,2024-01-24,Organic,Delivered,Kochi
504123,12141,2025-06-12,Direct,Delivered,Chandigarh
504124,10144,2024-07-13,Affiliate,Delivered,Noida
504125,12332,2025-04-13,Email,Cancelled,Noida
504126,11855,2024-12-17,Paid Search,Delivered,Bengaluru
504127,13805,2025-02-20,Affiliate,Cancelled,Noida
504128,11191,2024-10-06,Email,Delivered,Bengaluru
504129,10091,2025-01-21,Paid Search,Delivered,Gurugram
504130,14905,2025-11-15,Organic,Delivered,Patna
504131,11207,2025-08-27,Social,Delivered,Jaipur
504132,10391,2024-11-01,Social,Delivered,Chandigarh
504133,14286,2025-11-19,Organic,Delivered,Lucknow
504134,13600,2025-10-11,Direct,Delivered,Bengaluru
504135,11344,2025-04-03,Organic,Delivered,Jaipur
504136,12391,2025-03-10,Paid Search,Delivered,Indore
504137,13442,2024-01-27,Paid Search,Delivered,Kochi
504138,14083,2025-01-18,Email,Delivered,Mumbai
504139,11865,2024-06-04,Organic,Delivered,Noida
504140,11072,2024-04-27,Email,Delivered,Kolkata
504141,10074,2025-09-19,Paid Search,Delivered,Hyderabad
504142,14277,2024-07-17,Organic,Delivered,Delhi
504143,14072,2025-03-25,Organic,Delivered,Jaipur
504144,14752,2025-09-25,Paid Search,Delivered,Kochi
504145,13739,2025-03-13,Paid Search,Delivered,Kochi
504146,11066,2025-07-24,Organic,Delivered,Kolkata
504147,11202,2025-07-20,Social,Delivered,Patna
504148,11214,2024-11-23,Social,Delivered,Bengaluru
504149,12292,2025-11-04,Direct,Delivered,Gurugram
504150,14819,2025-10-26,Email,Delivered,Indore
504151,13455,2024-09-03,Organic,Delivered,Jaipur
504152,12171,2025-08-21,Social,Delivered,Ahmedabad
504153,13688,2024-05-13,Organic,Delivered,Pune
504154,14177,2024-03-22,Social,Delivered,Ghaziabad
504155,12018,2025-01-22,Paid Search,Delivered,Gurugram
504156,14213,2025-03-18,Direct,Delivered,Bhopal
504157,10092,2025-03-02,Social,Delivered,Jaipur
504158,11555,2025-08-06,Direct,Delivered,Chennai
504159,10850,2024-10-12,Social,Delivered,Gurugram
504160,10894,2025-08-13,Paid Search,Delivered,Lucknow
504161,11014,2025-10-21,Organic,Delivered,Gurugram
504162,11833,2024-03-07,Organic,Delivered,Bengaluru
504163,13625,2024-11-24,Affiliate,Delivered,Ahmedabad
504164,12960,2024-06-13,Direct,Delivered,Bhopal
504165,12206,2025-04-24,Paid Search,Delivered,Delhi
504166,12486,2024-10-28,Social,Delivered,Pune
504167,10917,2024-07-24,Paid Search,Delivered,Lucknow
504168,13684,2024-07-02,Social,Delivered,Jaipur
504169,13776,2024-09-16,Direct,Delivered,Noida
504170,12745,2024-03-20,Organic,Delivered,Chandigarh
504171,14072,2024-03-17,Paid Search,Delivered,Noida
504172,14028,2025-04-04,Email,Delivered,Patna
504173,14022,2025-11-20,Paid Search,Delivered,Ghaziabad
504174,10520,2025-01-05,Organic,Delivered,Kolkata
504175,10431,2025-11-08,Paid Search,Delivered,Ghaziabad
504176,12196,2024-04-23,Email,Cancelled,Mumbai
504177,10285,2025-12-12,Direct,Delivered,Indore
504178,10081,2025-03-04,Direct,Delivered,Lucknow
504179,10655,2025-06-27,Social,Delivered,Noida
504180,10605,2024-02-15,Affiliate,Delivered,Delhi
504181,11630,2025-03-17,Social,Delivered,Delhi
504182,11658,2024-10-07,Social,Delivered,Ahmedabad
504183,14098,2025-10-18,Organic,Delivered,Mumbai
504184,14508,2025-08-02,Paid Search,Delivered,Ahmedabad
504185,10852,2025-09-23,Social,Delivered,Bhopal
504186,11901,2025-10-12,Direct,Delivered,Jaipur
504187,12542,2025-06-10,Social,Delivered,Chandigarh
504188,11368,2024-06-28,Direct,Delivered,Ahmedabad
504189,11655,2024-07-25,Paid Search,Delivered,Ahmedabad
504190,13354,2025-09-20,Organic,Delivered,Chandigarh
504191,12128,2025-03-15,Direct,Delivered,Patna
504192,13518,2025-10-13,Paid Search,Delivered,Chennai
504193,10375,2025-08-04,Social,Delivered,Kochi
504194,12407,2025-03-19,Organic,Cancelled,Lucknow
504195,11553,2024-04-21,Direct,Cancelled,Chennai
504196,11443,2025-12-18,Organic,Delivered,Pune
504197,12342,2024-06-26,Direct,Delivered,Bengaluru
504198,11510,2024-06-28,Organic,Delivered,Ghaziabad
504199,13792,2024-04-16,Organic,Delivered,Mumbai
504200,10928,2024-02-20,Affiliate,Delivered,Ahmedabad
504201,14466,2024-10-01,Paid Search,Delivered,Delhi
504202,11813,2025-09-08,Paid Search,Delivered,Hyderabad
504203,12635,2025-09-24,Social,Delivered,Jaipur
504204,10842,2024-12-24,Paid Search,Delivered,Noida
504205,14597,2024-08-18,Paid Search,Delivered,Gurugram
504206,13215,2024-09-10,Organic,Delivered,Chennai
504207,13849,2025-11-02,Social,Delivered,Pune
504208,14474,2024-02-10,Organic,Delivered,Ahmedabad
504209,14979,2024-02-11,Direct,Delivered,Ahmedabad
504210,11272,2024-02-17,Affiliate,Delivered,Ahmedabad
504211,11645,2025-10-11,Paid Search,Delivered,Bengaluru
504212,11212,2024-03-07,Social,Delivered,Patna
504213,12508,2025-11-19,Social,Delivered,Pune
504214,14491,2024-05-14,Email,Delivered,Chandigarh
504215,13692,2025-02-04,Paid Search,Delivered,Ghaziabad
504216,12841,2025-12-10,Email,Delivered,Ghaziabad
504217,12368,2024-03-25,Organic,Delivered,Kochi
504218,13649,2024-07-24,Social,Delivered,Bengaluru
504219,12337,2025-06-15,Organic,Delivered,Kolkata
504220,14446,2025-08-20,Direct,Delivered,Pune
504221,12797,2025-10-25,Paid Search,Delivered,Kochi
504222,13325,2024-01-15,Email,Delivered,Delhi
504223,13397,2025-07-21,Social,Delivered,Pune
504224,13713,2024-08-23,Organic,Delivered,Lucknow
504225,12391,2025-02-11,Organic,Delivered,Delhi
504226,11935,2025-10-24,Paid Search,Delivered,Bengaluru
504227,12075,2025-10-21,Email,Delivered,Patna
504228,14691,2024-05-15,Email,Delivered,Delhi
504229,10549,2024-12-10,Organic,Delivered,Hyderabad
504230,13520,2024-07-26,Social,Delivered,Kolkata
504231,14803,2025-03-25,Paid Search,Delivered,Kolkata
504232,10359,2025-08-27,Social,Delivered,Chandigarh
504233,13090,2024-08-20,Paid Search,Delivered,Pune
504234,12977,2024-03-29,Direct,Delivered,Ahmedabad
504235,11672,2024-02-17,Social,Delivered,Lucknow
504236,10474,2024-02-08,Paid Search,Delivered,Mumbai
504237,13389,2024-09-24,Email,Delivered,Kolkata
504238,12611,2025-12-07,Affiliate,Delivered,Lucknow
504239,13759,2024-07-03,Paid Search,Delivered,Pune
504240,10443,2024-10-22,Organic,Delivered,Jaipur
504241,14674,2025-05-08,Organic,Delivered,Lucknow
504242,13137,2025-04-25,Paid Search,Delivered,Kochi
504243,12214,2024-07-16,Affiliate,Delivered,Noida
504244,12282,2024-04-02,Email,Cancelled,Bengaluru
504245,14760,2024-04-24,Paid Search,Delivered,Chandigarh
504246,12766,2024-06-09,Organic,Delivered,Gurugram
504247,12902,2024-03-03,Email,Delivered,Kolkata
504248,13245,2024-12-02,Social,Delivered,Gurugram
504249,11563,2025-04-17,Affiliate,Delivered,Bengaluru
504250,11252,2025-05-08,Email,Delivered,Bhopal
504251,13756,2025-10-26,Paid Search,Delivered,Bengaluru
504252,11598,2024-08-02,Affiliate,Delivered,Bhopal
504253,10172,2025-04-23,Social,Delivered,Pune
504254,12411,2025-10-08,Social,Delivered,Ahmedabad
504255,10051,2024-01-21,Paid Search,Delivered,Chennai
504256,12832,2025-07-25,Affiliate,Delivered,Chandigarh
504257,13222,2024-03-05,Organic,Delivered,Ghaziabad
504258,14619,2025-02-07,Organic,Delivered,Ahmedabad
504259,13035,2025-08-30,Paid Search,Delivered,Chandigarh
504260,11760,2024-12-01,Affiliate,Delivered,Patna
504261,13212,2025-02-13,Email,Delivered,Ahmedabad
504262,12959,2025-03-28,Paid Search,Delivered,Gurugram
504263,13706,2025-02-26,Organic,Delivered,Patna
504264,14613,2025-06-18,Organic,Delivered,Delhi
504265,10485,2025-09-20,Email,Delivered,Pune
504266,13590,2024-04-08,Social,Delivered,Hyderabad
504267,14025,2024-10-31,Email,Delivered,Noida
504268,11642,2025-09-15,Email,Delivered,Patna
504269,12018,2024-10-05,Direct,Delivered,Kochi
504270,12074,2024-12-23,Paid Search,Delivered,Noida
504271,11868,2025-06-26,Affiliate,Delivered,Patna
504272,14394,2025-11-14,Paid Search,Delivered,Chandigarh
504273,11631,2024-07-02,Email,Delivered,Chandigarh
504274,12189,2025-11-29,Social,Delivered,Bhopal
504275,12925,2025-06-02,Direct,Delivered,Indore
504276,11261,2024-01-23,Paid Search,Delivered,Delhi
504277,13490,2025-09-21,Email,Delivered,Noida
504278,12616,2024-10-08,Social,Delivered,Mumbai
504279,10851,2024-07-25,Direct,Delivered,Bengaluru
504280,10930,2025-01-19,Organic,Delivered,Patna
504281,10136,2025-02-25,Social,Delivered,Gurugram
504282,12911,2025-01-29,Paid Search,Delivered,Noida
504283,14005,2024-02-10,Direct,Cancelled,Kochi
504284,14958,2025-08-24,Affiliate,Delivered,Gurugram
504285,13300,2024-09-06,Email,Delivered,Lucknow
504286,14847,2024-04-13,Social,Delivered,Ahmedabad
504287,14941,2025-02-17,Email,Delivered,Pune
504288,13069,2025-03-31,Social,Delivered,Chennai
504289,11876,2024-03-16,Paid Search,Delivered,Kolkata
504290,14432,2025-11-20,Affiliate,Delivered,Mumbai
504291,13163,2025-03-15,Social,Delivered,Delhi
504292,14076,2025-12-29,Paid Search,Delivered,Hyderabad
504293,11132,2025-05-05,Email,Delivered,Jaipur
504294,14754,2024-01-08,Organic,Delivered,Mumbai
504295,12146,2024-06-01,Email,Delivered,Pune
504296,14366,2025-12-11,Social,Delivered,Patna
504297,11877,2025-02-13,Email,Delivered,Noida
504298,14500,2024-03-30,Organic,Delivered,Bhopal
504299,13365,2024-02-24,Email,Delivered,Hyderabad
504300,11148,2025-01-27,Email,Delivered,Chandigarh
504301,10743,2025-03-10,Affiliate,Delivered,Bengaluru
504302,10791,2024-06-29,Social,Delivered,Delhi
504303,11873,2024-05-22,Email,Delivered,Delhi
504304,10220,2025-03-19,Social,Delivered,Lucknow
504305,12743,2024-11-14,Paid Search,Delivered,Delhi
504306,13297,2024-01-28,Organic,Delivered,Chennai
504307,13723,2024-02-12,Paid Search,Delivered,Gurugram
504308,14668,2024-06-23,Affiliate,Delivered,Mumbai
504309,14003,2025-02-16,Paid Search,Delivered,Bhopal
504310,14970,2024-08-07,Affiliate,Delivered,Delhi
504311,13019,2024-01-11,Email,Delivered,Indore
504312,14262,2025-10-31,Paid Search,Delivered,Gurugram
504313,13873,2025-05-21,Organic,Delivered,Bhopal
504314,14156,2025-03-02,Paid Search,Delivered,Kolkata
504315,12054,2024-06-27,Paid Search,Delivered,Mumbai
504316,12595,2025-06-01,Organic,Delivered,Noida
504317,14570,2025-11-22,Affiliate,Delivered,Kochi
504318,12260,2025-05-09,Direct,Delivered,Chandigarh
504319,13032,2024-08-04,Organic,Delivered,Ghaziabad
504320,13202,2024-10-13,Paid Search,Delivered,Jaipur
504321,10925,2025-11-10,Email,Delivered,Chennai
504322,10114,2024-01-11,Direct,Delivered,Bengaluru
504323,13477,2024-06-10,Direct,Delivered,Delhi
504324,13972,2024-03-19,Direct,Delivered,Patna
504325,12913,2025-04-13,Paid Search,Delivered,Patna
504326,13288,2024-12-01,Direct,Delivered,Ghaziabad
504327,10335,2024-04-07,Paid Search,Delivered,Ahmedabad
504328,10851,2025-11-19,Organic,Delivered,Hyderabad
504329,13689,2025-02-07,Email,Delivered,Kochi
504330,13179,2024-06-30,Social,Delivered,Gurugram
504331,10990,2025-11-22,Affiliate,Delivered,Mumbai
504332,12998,2025-05-25,Email,Delivered,Ahmedabad
504333,10176,2024-04-04,Affiliate,Delivered,Kolkata
504334,13940,2025-08-27,Paid Search,Delivered,Indore
504335,10135,2024-02-13,Paid Search,Delivered,Chandigarh
504336,14188,2025-10-24,Affiliate,Delivered,Gurugram
504337,11119,2024-10-14,Social,Delivered,Indore
504338,11268,2024-08-02,Organic,Delivered,Chennai
504339,14630,2024-02-09,Paid Search,Delivered,Ahmedabad
504340,14073,2025-11-11,Affiliate,Delivered,Chandigarh
504341,11683,2025-02-13,Direct,Delivered,Chennai
504342,10911,2025-03-20,Affiliate,Delivered,Lucknow
504343,10549,2025-09-13,Email,Delivered,Indore
504344,11972,2025-01-06,Affiliate,Delivered,Gurugram
504345,12905,2024-07-30,Organic,Delivered,Kolkata
504346,12464,2025-07-23,Social,Delivered,Ahmedabad
504347,14484,2025-01-22,Social,Delivered,Ghaziabad
504348,14025,2024-06-23,Direct,Delivered,Mumbai
504349,11302,2025-09-09,Organic,Delivered,Indore
504350,14506,2025-08-16,Direct,Delivered,Delhi
504351,12310,2024-06-29,Email,Delivered,Indore
504352,10087,2025-04-20,Organic,Delivered,Indore
504353,14258,2025-11-04,Social,Delivered,Ghaziabad
504354,13687,2025-08-07,Organic,Delivered,Pune
504355,11777,2024-05-25,Social,Delivered,Ahmedabad
504356,14388,2025-09-17,Social,Delivered,Noida
504357,14529,2024-02-11,Affiliate,Delivered,Patna
504358,14772,2025-03-27,Social,Delivered,Bhopal
504359,14563,2025-01-08,Affiliate,Delivered,Mumbai
504360,11340,2024-01-27,Paid Search,Delivered,Kochi
504361,12789,2025-06-14,Direct,Delivered,Gurugram
504362,10865,2024-08-05,Direct,Delivered,Kochi
504363,13409,2025-09-15,Email,Delivered,Kolkata
504364,12495,2025-10-03,Paid Search,Delivered,Indore
504365,14397,2025-03-07,Direct,Delivered,Bengaluru
504366,14506,2025-04-03,Affiliate,Delivered,Lucknow
504367,11590,2024-02-08,Direct,Delivered,Ahmedabad
504368,11579,2025-10-12,Organic,Delivered,Chennai
504369,10160,2025-05-13,Affiliate,Delivered,Pune
504370,12526,2024-10-08,Organic,Delivered,Delhi
504371,11924,2024-03-03,Social,Delivered,Ghaziabad
504372,14978,2025-01-03,Email,Cancelled,Chennai
504373,14089,2025-10-20,Paid Search,Delivered,Delhi
504374,12281,2025-09-22,Paid Search,Delivered,Chennai
504375,12840,2024-03-13,Social,Delivered,Indore
504376,13142,2025-07-11,Paid Search,Delivered,Lucknow
504377,14516,2024-02-29,Email,Delivered,Hyderabad
504378,14978,2024-10-02,Organic,Delivered,Ghaziabad
504379,12092,2024-11-22,Paid Search,Delivered,Hyderabad
504380,11837,2024-01-17,Social,Delivered,Kochi
504381,13566,2024-04-10,Direct,Delivered,Mumbai
504382,11365,2025-10-05,Social,Delivered,Ahmedabad
504383,10703,2025-04-05,Paid Search,Delivered,Lucknow
504384,11414,2025-07-28,Direct,Delivered,Patna
504385,11582,2025-02-21,Direct,Delivered,Mumbai
504386,13086,2024-11-24,Email,Delivered,Indore
504387,13679,2024-01-14,Social,Delivered,Chennai
504388,10814,2025-02-03,Paid Search,Delivered,Gurugram
504389,10225,2025-07-17,Email,Delivered,Bengaluru
504390,10823,2024-05-29,Direct,Cancelled,Hyderabad
504391,14557,2024-12-24,Direct,Delivered,Kochi
504392,11301,2024-10-28,Organic,Delivered,Ghaziabad
504393,12642,2025-09-28,Paid Search,Delivered,Delhi
504394,12705,2024-04-29,Direct,Delivered,Noida
504395,11391,2024-03-17,Direct,Delivered,Gurugram
504396,14221,2024-06-02,Email,Delivered,Indore
504397,10326,2024-04-24,Organic,Delivered,Chennai
504398,12647,2025-09-10,Email,Delivered,Noida
504399,12069,2024-07-09,Social,Delivered,Bengaluru
504400,13914,2024-09-21,Paid Search,Delivered,Kochi
504401,10987,2024-07-06,Paid Search,Delivered,Hyderabad
504402,14788,2025-08-18,Paid Search,Delivered,Hyderabad
504403,13963,2025-04-30,Social,Delivered,Gurugram
504404,13701,2024-12-12,Organic,Delivered,Bengaluru
504405,12473,2025-08-07,Social,Delivered,Bengaluru
504406,13214,2024-02-21,Organic,Delivered,Chandigarh
504407,11039,2025-05-10,Paid Search,Delivered,Bengaluru
504408,10041,2024-09-21,Direct,Delivered,Kochi
504409,13729,2024-10-04,Affiliate,Delivered,Indore
504410,12243,2024-04-25,Organic,Delivered,Chennai
504411,11763,2024-03-11,Email,Delivered,Mumbai
504412,11341,2025-05-22,Organic,Delivered,Delhi
504413,13103,2025-09-13,Social,Delivered,Lucknow
504414,12563,2025-10-28,Paid Search,Delivered,Ghaziabad
504415,13376,2024-06-27,Direct,Delivered,Kolkata
504416,14756,2025-07-11,Organic,Delivered,Chandigarh
504417,14178,2024-03-22,Direct,Delivered,Noida
504418,11603,2025-07-23,Email,Delivered,Lucknow
504419,11210,2025-02-17,Paid Search,Delivered,Delhi
504420,10804,2025-09-22,Direct,Delivered,Chennai
504421,12846,2024-02-19,Paid Search,Delivered,Chennai
504422,14130,2025-07-21,Email,Delivered,Jaipur
504423,11266,2024-12-07,Affiliate,Delivered,Hyderabad
504424,14953,2025-02-19,Paid Search,Delivered,Pune
504425,12147,2025-01-28,Organic,Delivered,Bengaluru
504426,13901,2025-06-06,Direct,Delivered,Hyderabad
504427,11492,2025-03-13,Paid Search,Delivered,Bhopal
504428,10692,2024-10-31,Direct,Delivered,Lucknow
504429,12564,2024-11-14,Paid Search,Delivered,Kochi
504430,12754,2024-02-21,Paid Search,Delivered,Delhi
504431,12392,2025-06-13,Paid Search,Delivered,Jaipur
504432,12026,2025-05-30,Social,Delivered,Gurugram
504433,13250,2025-02-18,Direct,Delivered,Indore
504434,13168,2025-06-11,Paid Search,Delivered,Chandigarh
504435,10757,2024-07-15,Social,Delivered,Ahmedabad
504436,13344,2024-06-12,Paid Search,Delivered,Kochi
504437,11664,2025-11-07,Organic,Delivered,Chennai
504438,14036,2025-11-28,Paid Search,Delivered,Bhopal
504439,12489,2025-09-15,Social,Delivered,Kochi
504440,11201,2024-02-08,Social,Delivered,Pune
504441,10901,2025-02-05,Paid Search,Delivered,Indore
504442,14824,2025-06-21,Direct,Delivered,Pune
504443,13594,2024-01-28,Paid Search,Delivered,Bhopal
504444,11074,2025-12-08,Direct,Delivered,Ahmedabad
504445,12509,2025-07-29,Organic,Delivered,Kolkata
504446,10621,2024-08-13,Email,Delivered,Chandigarh
504447,14172,2025-01-05,Paid Search,Delivered,Chennai
504448,14145,2025-10-29,Social,Delivered,Delhi
504449,14017,2025-09-16,Direct,Delivered,Patna
504450,12317,2025-08-27,Email,Delivered,Kochi
504451,10830,2025-12-20,Paid Search,Delivered,Delhi
504452,12452,2025-06-27,Affiliate,Delivered,Gurugram
504453,12553,2025-11-14,Paid Search,Delivered,Mumbai
504454,11594,2025-11-28,Organic,Delivered,Bhopal
504455,11889,2024-01-15,Email,Delivered,Chennai
504456,10233,2025-04-23,Direct,Delivered,Gurugram
504457,12617,2024-09-01,Organic,Delivered,Hyderabad
504458,10969,2024-12-27,Email,Delivered,Patna
504459,14205,2024-05-02,Direct,Delivered,Chennai
504460,13809,2025-05-08,Social,Delivered,Indore
504461,13019,2025-09-02,Social,Delivered,Bhopal
504462,11123,2024-10-28,Paid Search,Delivered,Ahmedabad
504463,13340,2025-05-25,Organic,Delivered,Bengaluru
504464,14964,2024-08-25,Paid Search,Delivered,Gurugram
504465,13154,2025-07-01,Email,Delivered,Mumbai
504466,13932,2024-03-01,Paid Search,Delivered,Patna
504467,14503,2025-10-05,Social,Delivered,Kolkata
504468,14243,2024-10-03,Social,Delivered,Kochi
504469,10812,2025-01-04,Organic,Delivered,Delhi
504470,14367,2025-08-10,Affiliate,Delivered,Patna
504471,13828,2024-01-22,Email,Delivered,Bengaluru
504472,13595,2025-11-22,Social,Delivered,Chandigarh
504473,11140,2025-03-25,Social,Delivered,Kolkata
504474,12331,2025-12-13,Paid Search,Delivered,Ghaziabad
504475,14520,2025-02-06,Social,Delivered,Hyderabad
504476,14586,2024-05-30,Affiliate,Delivered,Lucknow
504477,10577,2025-03-01,Email,Delivered,Noida
504478,12133,2025-02-21,Affiliate,Delivered,Hyderabad
504479,13031,2025-11-04,Organic,Delivered,Gurugram
504480,10480,2025-02-24,Affiliate,Delivered,Jaipur
504481,11231,2024-10-23,Paid Search,Delivered,Ahmedabad
504482,12983,2024-05-08,Paid Search,Delivered,Bengaluru
504483,13281,2024-08-26,Organic,Delivered,Mumbai
504484,10528,2025-03-01,Direct,Delivered,Bengaluru
504485,12118,2024-09-26,Email,Delivered,Noida
504486,13277,2024-09-22,Direct,Delivered,Bengaluru
504487,14953,2024-01-11,Social,Delivered,Mumbai
504488,14988,2025-11-19,Direct,Delivered,Jaipur
504489,11554,2025-09-03,Social,Delivered,Indore
504490,13377,2024-07-05,Email,Delivered,Mumbai
504491,12764,2024-04-10,Organic,Delivered,Noida
504492,11053,2025-09-02,Email,Delivered,Bhopal
504493,12538,2025-09-03,Social,Delivered,Patna
504494,10690,2025-10-17,Paid Search,Delivered,Patna
504495,10601,2025-02-04,Organic,Delivered,Patna
504496,11782,2025-06-21,Paid Search,Delivered,Gurugram
504497,11308,2025-06-17,Organic,Delivered,Chandigarh
504498,10729,2024-06-05,Social,Delivered,Lucknow
504499,10260,2025-01-18,Social,Delivered,Gurugram
504500,12849,2024-07-09,Direct,Delivered,Kochi
504501,10030,2025-07-05,Social,Delivered,Hyderabad
504502,13916,2025-12-10,Email,Delivered,Pune
504503,10364,2024-02-25,Email,Delivered,Lucknow
504504,13291,2024-02-25,Email,Delivered,Noida
504505,10743,2024-07-12,Paid Search,Delivered,Bhopal
504506,13086,2024-03-26,Paid Search,Delivered,Indore
504507,10714,2024-01-07,Organic,Delivered,Chennai
504508,12179,2025-12-16,Email,Delivered,Chandigarh
504509,13298,2025-03-01,Paid Search,Delivered,Delhi
504510,10864,2025-07-21,Social,Cancelled,Bhopal
504511,10664,2025-02-17,Direct,Delivered,Kolkata
504512,13189,2025-06-29,Email,Delivered,Chennai
504513,13205,2025-05-16,Paid Search,Delivered,Ahmedabad
504514,12097,2024-04-27,Social,Delivered,Indore
504515,10613,2024-04-19,Social,Delivered,Kochi
504516,11528,2024-12-23,Direct,Delivered,Delhi
504517,11088,2024-09-28,Affiliate,Delivered,Indore
504518,13297,2025-09-06,Paid Search,Delivered,Lucknow
504519,11503,2024-08-11,Direct,Delivered,Hyderabad
504520,11893,2024-08-28,Organic,Delivered,Delhi
504521,11307,2025-01-21,Paid Search,Delivered,Kolkata
504522,10842,2024-05-20,Organic,Delivered,Kolkata
504523,14059,2025-09-19,Paid Search,Delivered,Indore
504524,12418,2024-01-09,Paid Search,Delivered,Noida
504525,12857,2025-09-11,Paid Search,Delivered,Chandigarh
504526,11446,2025-03-31,Organic,Delivered,Gurugram
504527,10438,2025-10-11,Organic,Delivered,Chennai
504528,13668,2024-08-02,Direct,Delivered,Jaipur
504529,13611,2025-10-20,Affiliate,Delivered,Chandigarh
504530,10236,2025-09-23,Email,Delivered,Kochi
504531,14432,2024-11-29,Affiliate,Delivered,Ahmedabad
504532,14265,2024-07-26,Email,Delivered,Lucknow
504533,14244,2024-05-24,Organic,Delivered,Pune
504534,12307,2024-04-20,Direct,Delivered,Mumbai
504535,13470,2025-03-02,Paid Search,Delivered,Pune
504536,10080,2025-12-03,Social,Delivered,Hyderabad
504537,12993,2025-02-17,Direct,Delivered,Ghaziabad
504538,10667,2025-12-06,Organic,Delivered,Bhopal
504539,14547,2025-07-06,Paid Search,Delivered,Noida
504540,14728,2025-05-15,Direct,Delivered,Kochi
504541,10753,2025-06-13,Social,Delivered,Kolkata
504542,12686,2025-11-09,Paid Search,Delivered,Gurugram
504543,12962,2025-09-19,Direct,Delivered,Bengaluru
504544,13843,2024-04-28,Direct,Delivered,Chandigarh
504545,12444,2025-03-03,Direct,Delivered,Kolkata
504546,14414,2024-12-02,Organic,Delivered,Ghaziabad
504547,11728,2025-10-04,Direct,Delivered,Hyderabad
504548,11602,2024-05-29,Email,Delivered,Ghaziabad
504549,13646,2025-08-22,Email,Delivered,Gurugram
504550,12735,2024-12-15,Organic,Delivered,Patna
504551,10410,2025-11-12,Social,Delivered,Bengaluru
504552,13252,2025-08-01,Organic,Cancelled,Ahmedabad
504553,11397,2024-09-09,Direct,Delivered,Lucknow
504554,14208,2025-09-09,Social,Delivered,Gurugram
504555,14183,2024-05-17,Email,Delivered,Bengaluru
504556,12101,2024-01-04,Paid Search,Delivered,Gurugram
504557,14267,2025-01-05,Paid Search,Delivered,Bengaluru
504558,14759,2024-10-11,Social,Delivered,Ahmedabad
504559,13648,2024-04-01,Affiliate,Delivered,Chennai
504560,13036,2025-12-27,Email,Delivered,Jaipur
504561,14666,2024-01-29,Organic,Delivered,Jaipur
504562,14370,2025-03-06,Social,Delivered,Pune
504563,12391,2024-07-09,Paid Search,Delivered,Indore
504564,10417,2024-08-04,Social,Delivered,Kochi
504565,13004,2024-06-03,Social,Delivered,Kochi
504566,12317,2024-10-11,Organic,Delivered,Bengaluru
504567,11829,2025-05-02,Organic,Delivered,Noida
504568,10896,2024-08-23,Email,Delivered,Chennai
504569,13583,2025-06-11,Social,Delivered,Patna
504570,14560,2024-11-23,Organic,Delivered,Chandigarh
504571,12988,2025-07-27,Social,Delivered,Bhopal
504572,11175,2024-11-20,Social,Delivered,Kolkata
504573,10007,2024-09-24,Organic,Delivered,Bengaluru
504574,13565,2025-01-05,Organic,Delivered,Gurugram
504575,10789,2025-05-16,Paid Search,Delivered,Noida
504576,10315,2024-12-05,Affiliate,Delivered,Chandigarh
504577,10987,2025-10-24,Organic,Delivered,Kolkata
504578,11005,2025-01-12,Direct,Delivered,Lucknow
504579,11698,2024-08-04,Social,Delivered,Mumbai
504580,11600,2024-01-21,Affiliate,Delivered,Ahmedabad
504581,10988,2024-10-13,Direct,Delivered,Ghaziabad
504582,13910,2024-02-09,Paid Search,Delivered,Gurugram
504583,14131,2024-01-27,Social,Delivered,Ahmedabad
504584,11256,2024-09-28,Paid Search,Delivered,Delhi
504585,11842,2024-07-31,Organic,Delivered,Ahmedabad
504586,14085,2025-10-08,Affiliate,Cancelled,Gurugram
504587,14765,2025-06-17,Organic,Delivered,Bengaluru
504588,13944,2025-08-01,Direct,Delivered,Noida
504589,12766,2025-02-02,Affiliate,Delivered,Kochi
504590,14962,2024-03-21,Email,Delivered,Bhopal
504591,13636,2025-09-14,Social,Delivered,Hyderabad
504592,13386,2024-12-27,Direct,Delivered,Chandigarh
504593,10149,2024-11-09,Organic,Delivered,Pune
504594,13188,2025-03-17,Affiliate,Delivered,Noida
504595,11440,2024-04-29,Organic,Delivered,Gurugram
504596,13008,2024-12-17,Organic,Cancelled,Indore
504597,12866,2025-03-18,Paid Search,Delivered,Kolkata
504598,10549,2025-05-24,Paid Search,Delivered,Hyderabad
504599,12307,2024-12-31,Organic,Cancelled,Bhopal
504600,12567,2025-12-29,Email,Delivered,Ahmedabad
504601,10238,2025-12-24,Social,Delivered,Ahmedabad
504602,14258,2024-03-11,Direct,Delivered,Lucknow
504603,14688,2024-03-01,Affiliate,Delivered,Bengaluru
504604,10105,2025-01-11,Affiliate,Delivered,Chandigarh
504605,10602,2025-08-28,Direct,Delivered,Patna
504606,10634,2025-01-09,Affiliate,Delivered,Hyderabad
504607,12207,2024-06-07,Organic,Delivered,Gurugram
504608,13003,2025-02-15,Organic,Delivered,Gurugram
504609,11208,2025-11-20,Paid Search,Delivered,Kolkata
504610,14236,2024-05-02,Paid Search,Delivered,Chennai
504611,11553,2024-11-21,Direct,Delivered,Jaipur
504612,11537,2025-04-11,Social,Delivered,Hyderabad
504613,12941,2024-10-14,Direct,Delivered,Ahmedabad
504614,14358,2024-02-02,Paid Search,Delivered,Ahmedabad
504615,11245,2025-05-04,Direct,Delivered,Jaipur
504616,11688,2025-06-25,Organic,Delivered,Hyderabad
504617,11694,2025-04-23,Paid Search,Delivered,Kochi
504618,12328,2025-04-29,Direct,Delivered,Ahmedabad
504619,12145,2025-04-25,Paid Search,Delivered,Lucknow
504620,14766,2024-08-29,Affiliate,Delivered,Lucknow
504621,10733,2024-01-13,Paid Search,Delivered,Ahmedabad
504622,12088,2025-12-23,Affiliate,Delivered,Kolkata
504623,11269,2024-05-29,Email,Delivered,Hyderabad
504624,12998,2025-08-28,Affiliate,Delivered,Patna
504625,13906,2025-01-30,Social,Delivered,Chandigarh
504626,14678,2025-01-29,Email,Delivered,Gurugram
504627,12189,2024-01-16,Social,Delivered,Ghaziabad
504628,11322,2025-12-25,Social,Delivered,Ahmedabad
504629,14820,2025-01-21,Email,Delivered,Ghaziabad
504630,10460,2025-08-29,Organic,Delivered,Kochi
504631,10657,2025-07-22,Affiliate,Delivered,Mumbai
504632,14791,2024-04-10,Paid Search,Delivered,Pune
504633,14433,2025-11-23,Organic,Delivered,Hyderabad
504634,12800,2025-03-08,Email,Delivered,Ghaziabad
504635,11644,2024-05-15,Email,Delivered,Pune
504636,14830,2025-02-28,Email,Delivered,Jaipur
504637,14792,2025-03-26,Direct,Delivered,Mumbai
504638,14334,2025-04-22,Social,Delivered,Bhopal
504639,13860,2024-08-23,Direct,Delivered,Kochi
504640,12974,2025-11-18,Social,Delivered,Ahmedabad
504641,11859,2024-06-22,Paid Search,Delivered,Noida
504642,12357,2024-12-25,Email,Delivered,Delhi
504643,12713,2025-09-05,Organic,Delivered,Indore
504644,12402,2024-02-26,Direct,Delivered,Pune
504645,14307,2024-10-22,Paid Search,Delivered,Kolkata
504646,10831,2024-12-16,Organic,Delivered,Pune
504647,10415,2025-07-18,Email,Delivered,Lucknow
504648,12268,2025-07-29,Organic,Delivered,Ahmedabad
504649,11035,2025-08-05,Organic,Delivered,Chandigarh
504650,14109,2024-09-19,Organic,Delivered,Chandigarh
504651,14242,2024-12-25,Direct,Delivered,Pune
504652,14944,2024-01-20,Organic,Delivered,Gurugram
504653,11931,2025-08-24,Social,Delivered,Indore
504654,14802,2024-08-09,Social,Delivered,Mumbai
504655,10507,2024-12-07,Direct,Delivered,Bengaluru
504656,14811,2025-05-13,Direct,Delivered,Mumbai
504657,11231,2025-07-21,Direct,Delivered,Kochi
504658,10096,2024-03-03,Paid Search,Delivered,Hyderabad
504659,14128,2025-07-14,Social,Delivered,Bhopal
504660,12579,2024-10-01,Affiliate,Delivered,Jaipur
504661,12065,2024-11-01,Organic,Delivered,Pune
504662,11001,2024-04-07,Organic,Delivered,Noida
504663,12079,2025-06-07,Direct,Delivered,Kochi
504664,13077,2024-12-13,Organic,Delivered,Jaipur
504665,10719,2024-03-16,Paid Search,Delivered,Mumbai
504666,14730,2024-04-13,Organic,Delivered,Indore
504667,13619,2025-06-11,Organic,Cancelled,Chandigarh
504668,14384,2024-03-20,Direct,Delivered,Lucknow
504669,10223,2025-01-16,Organic,Delivered,Pune
504670,14333,2025-05-25,Paid Search,Delivered,Chandigarh
504671,14329,2025-10-28,Paid Search,Delivered,Patna
504672,11829,2024-04-25,Social,Delivered,Kochi
504673,12849,2024-08-04,Affiliate,Delivered,Chennai
504674,12506,2024-04-23,Email,Delivered,Ghaziabad
504675,14131,2025-10-05,Social,Delivered,Lucknow
504676,11410,2025-03-09,Social,Delivered,Ghaziabad
504677,14598,2025-12-19,Organic,Delivered,Mumbai
504678,12770,2024-02-01,Paid Search,Delivered,Chandigarh
504679,10001,2025-05-31,Direct,Delivered,Noida
504680,11517,2024-01-25,Affiliate,Delivered,Lucknow
504681,10713,2024-03-20,Organic,Delivered,Kolkata
504682,14044,2024-11-11,Direct,Delivered,Patna
504683,12046,2024-09-25,Affiliate,Delivered,Indore
504684,12323,2024-09-23,Affiliate,Delivered,Ghaziabad
504685,11751,2024-02-19,Affiliate,Delivered,Ghaziabad
504686,13502,2025-02-02,Direct,Delivered,Patna
504687,14968,2024-09-06,Organic,Delivered,Chandigarh
504688,14364,2025-12-27,Paid Search,Delivered,Jaipur
504689,14948,2025-07-31,Direct,Delivered,Ahmedabad
504690,11499,2024-11-13,Social,Delivered,Chennai
504691,13322,2025-07-13,Email,Delivered,Gurugram
504692,13111,2025-02-25,Paid Search,Delivered,Bhopal
504693,11513,2024-12-28,Organic,Delivered,Hyderabad
504694,14230,2025-11-02,Direct,Delivered,Hyderabad
504695,14599,2025-03-05,Paid Search,Delivered,Jaipur
504696,14754,2024-12-19,Social,Delivered,Kochi
504697,14940,2025-02-18,Paid Search,Delivered,Lucknow
504698,10816,2025-07-24,Direct,Delivered,Patna
504699,10737,2025-06-26,Paid Search,Delivered,Pune
504700,13408,2025-02-05,Direct,Delivered,Kolkata
504701,13629,2024-05-09,Paid Search,Delivered,Ahmedabad
504702,12177,2025-04-10,Direct,Delivered,Bhopal
504703,10817,2024-11-10,Paid Search,Delivered,Bhopal
504704,11428,2025-11-12,Direct,Delivered,Patna
504705,10642,2025-10-26,Social,Delivered,Jaipur
504706,10789,2024-01-01,Organic,Delivered,Kolkata
504707,10940,2025-12-31,Paid Search,Delivered,Chandigarh
504708,12927,2025-10-20,Affiliate,Delivered,Patna
504709,12567,2025-10-25,Email,Cancelled,Lucknow
504710,11671,2024-12-29,Paid Search,Delivered,Gurugram
504711,12715,2024-07-16,Organic,Delivered,Delhi
504712,13340,2025-03-19,Affiliate,Delivered,Pune
504713,10488,2025-10-07,Email,Delivered,Indore
504714,11405,2024-11-24,Email,Cancelled,Jaipur
504715,11006,2025-12-21,Social,Delivered,Kochi
504716,10003,2024-07-09,Paid Search,Delivered,Patna
504717,10581,2025-09-15,Paid Search,Delivered,Patna
504718,13837,2024-02-18,Organic,Delivered,Ghaziabad
504719,14378,2025-09-05,Direct,Delivered,Indore
504720,10807,2025-11-21,Paid Search,Delivered,Ghaziabad
504721,13837,2025-05-28,Social,Delivered,Ahmedabad
504722,11263,2025-04-01,Paid Search,Delivered,Chandigarh
504723,10700,2024-10-27,Paid Search,Delivered,Jaipur
504724,11177,2025-09-30,Email,Delivered,Chandigarh
504725,14597,2024-04-02,Email,Delivered,Jaipur
504726,11712,2024-07-31,Affiliate,Delivered,Kolkata
504727,13704,2024-04-05,Organic,Delivered,Ahmedabad
504728,12427,2024-07-22,Direct,Delivered,Bhopal
504729,12179,2025-01-17,Direct,Delivered,Ahmedabad
504730,14063,2024-09-02,Direct,Delivered,Noida
504731,14958,2024-11-03,Organic,Delivered,Indore
504732,13252,2024-06-17,Social,Delivered,Kochi
504733,14248,2024-09-14,Direct,Delivered,Indore
504734,10730,2024-12-30,Affiliate,Delivered,Lucknow
504735,14504,2024-06-05,Organic,Delivered,Pune
504736,10919,2025-11-15,Direct,Delivered,Hyderabad
504737,10953,2025-10-17,Direct,Delivered,Noida
504738,14236,2025-10-02,Affiliate,Delivered,Mumbai
504739,12415,2024-01-02,Paid Search,Delivered,Indore
504740,11250,2024-12-27,Email,Delivered,Gurugram
504741,10137,2025-08-04,Email,Cancelled,Noida
504742,11094,2024-09-11,Paid Search,Delivered,Noida
504743,14122,2024-06-18,Affiliate,Delivered,Bhopal
504744,10018,2025-03-23,Paid Search,Delivered,Bhopal
504745,14602,2024-01-02,Organic,Delivered,Patna
504746,13871,2025-03-23,Direct,Delivered,Bhopal
504747,11024,2024-11-26,Paid Search,Delivered,Chandigarh
504748,13693,2025-05-14,Organic,Delivered,Kolkata
504749,12593,2025-05-14,Direct,Delivered,Bhopal
504750,11739,2025-01-26,Affiliate,Delivered,Kochi
504751,12527,2025-03-02,Affiliate,Delivered,Indore
504752,10037,2024-01-20,Paid Search,Delivered,Bhopal
504753,14403,2025-12-18,Social,Delivered,Ghaziabad
504754,13928,2024-02-25,Organic,Delivered,Mumbai
504755,10898,2025-12-14,Organic,Delivered,Patna
504756,10497,2025-12-12,Paid Search,Delivered,Kolkata
504757,12118,2025-06-08,Social,Delivered,Noida
504758,12303,2025-06-29,Social,Delivered,Ghaziabad
504759,13863,2024-01-22,Organic,Delivered,Indore
504760,14201,2025-11-24,Direct,Delivered,Delhi
504761,10319,2025-01-21,Direct,Delivered,Mumbai
504762,11222,2024-09-05,Organic,Delivered,Pune
504763,12932,2025-05-04,Affiliate,Delivered,Jaipur
504764,11899,2025-01-26,Email,Delivered,Lucknow
504765,14954,2024-09-21,Social,Delivered,Bengaluru
504766,13305,2024-08-23,Social,Delivered,Kochi
504767,11613,2024-03-27,Affiliate,Delivered,Indore
504768,13366,2025-10-26,Organic,Delivered,Bhopal
504769,12153,2025-05-01,Social,Delivered,Kolkata
504770,12314,2024-07-29,Paid Search,Delivered,Delhi
504771,13574,2025-06-12,Organic,Delivered,Gurugram
504772,12169,2025-05-22,Social,Delivered,Indore
504773,13483,2024-04-12,Paid Search,Delivered,Delhi
504774,12098,2024-05-07,Affiliate,Delivered,Bengaluru
504775,12972,2024-06-17,Email,Delivered,Ahmedabad
504776,12431,2024-03-17,Organic,Delivered,Patna
504777,12870,2025-08-24,Direct,Delivered,Mumbai
504778,11734,2024-04-23,Paid Search,Cancelled,Ghaziabad
504779,10600,2025-08-16,Email,Delivered,Patna
504780,11283,2025-01-22,Paid Search,Delivered,Bengaluru
504781,11781,2024-03-26,Organic,Cancelled,Kochi
504782,11581,2025-09-09,Direct,Delivered,Kochi
504783,12108,2024-05-06,Direct,Delivered,Jaipur
504784,12389,2025-12-31,Paid Search,Delivered,Mumbai
504785,11260,2024-01-11,Paid Search,Delivered,Indore
504786,11911,2025-03-31,Email,Delivered,Hyderabad
504787,11412,2024-08-17,Organic,Delivered,Kolkata
504788,12928,2025-01-25,Direct,Delivered,Mumbai
504789,12381,2025-09-05,Organic,Delivered,Kolkata
504790,13156,2025-07-29,Organic,Delivered,Kolkata
504791,12160,2024-07-24,Organic,Delivered,Ahmedabad
504792,14981,2024-02-16,Paid Search,Delivered,Hyderabad
504793,12424,2024-07-26,Direct,Delivered,Bengaluru
504794,13076,2025-08-14,Email,Delivered,Kochi
504795,12211,2025-01-11,Organic,Delivered,Bhopal
504796,13674,2025-07-08,Organic,Delivered,Lucknow
504797,12794,2024-12-27,Paid Search,Delivered,Kolkata
504798,10491,2025-01-22,Email,Delivered,Chandigarh
504799,13647,2024-02-17,Social,Delivered,Chandigarh
504800,13803,2024-01-17,Organic,Delivered,Pune
504801,12013,2025-05-29,Affiliate,Delivered,Kolkata
504802,12545,2024-05-27,Email,Delivered,Chennai
504803,10055,2024-09-20,Direct,Delivered,Mumbai
504804,14333,2024-09-27,Social,Delivered,Jaipur
504805,13893,2025-04-07,Paid Search,Delivered,Bhopal
504806,14855,2025-11-19,Organic,Delivered,Chandigarh
504807,12998,2025-07-07,Direct,Delivered,Lucknow
504808,11152,2025-04-11,Organic,Delivered,Ghaziabad
504809,11450,2025-09-02,Paid Search,Delivered,Patna
504810,14644,2025-01-07,Social,Delivered,Jaipur
504811,10216,2024-04-16,Social,Delivered,Indore
504812,13359,2024-12-23,Social,Delivered,Bengaluru
504813,10341,2025-12-15,Email,Delivered,Ghaziabad
504814,13696,2025-07-24,Organic,Delivered,Jaipur
504815,12907,2024-09-12,Email,Delivered,Mumbai
504816,12362,2024-08-24,Direct,Delivered,Ghaziabad
504817,13503,2025-11-02,Organic,Delivered,Chennai
504818,11774,2024-03-10,Organic,Delivered,Mumbai
504819,12867,2025-11-12,Direct,Delivered,Kolkata
504820,14001,2025-05-09,Paid Search,Delivered,Ghaziabad
504821,12292,2025-08-13,Social,Delivered,Bengaluru
504822,10110,2024-08-28,Paid Search,Delivered,Kochi
504823,14970,2025-04-19,Social,Delivered,Bengaluru
504824,12703,2024-08-26,Email,Delivered,Hyderabad
504825,12149,2024-01-13,Affiliate,Delivered,Mumbai
504826,10370,2024-11-28,Paid Search,Delivered,Chennai
504827,10453,2025-12-17,Paid Search,Delivered,Hyderabad
504828,11274,2024-06-26,Social,Delivered,Jaipur
504829,14617,2024-04-28,Paid Search,Cancelled,Kochi
504830,13626,2025-11-04,Email,Delivered,Gurugram
504831,12067,2025-10-27,Email,Delivered,Kochi
504832,13774,2025-09-11,Direct,Delivered,Jaipur
504833,11960,2025-12-14,Organic,Delivered,Delhi
504834,14446,2025-12-25,Organic,Delivered,Bengaluru
504835,11636,2025-11-02,Affiliate,Delivered,Pune
504836,13578,2025-12-06,Social,Delivered,Chandigarh
504837,12183,2025-06-28,Organic,Delivered,Hyderabad
504838,13374,2024-08-17,Direct,Delivered,Lucknow
504839,10933,2024-12-01,Email,Delivered,Kochi
504840,14726,2024-10-05,Social,Delivered,Chandigarh
504841,11432,2025-01-07,Affiliate,Delivered,Noida
504842,12688,2025-05-25,Social,Delivered,Chennai
504843,13437,2024-06-25,Paid Search,Delivered,Kolkata
504844,13270,2024-01-12,Paid Search,Delivered,Kochi
504845,12774,2025-03-16,Social,Delivered,Ahmedabad
504846,14341,2025-12-27,Social,Delivered,Bengaluru
504847,14849,2025-09-21,Email,Delivered,Kolkata
504848,13819,2024-01-08,Social,Delivered,Kochi
504849,10923,2025-03-13,Organic,Delivered,Kolkata
504850,13850,2025-01-23,Email,Delivered,Mumbai
504851,12517,2024-11-06,Organic,Delivered,Chandigarh
504852,12684,2025-05-03,Direct,Delivered,Chennai
504853,14708,2024-11-07,Email,Delivered,Noida
504854,12640,2025-10-30,Social,Delivered,Bengaluru
504855,14254,2025-10-25,Social,Cancelled,Jaipur
504856,13244,2025-04-15,Organic,Delivered,Indore
504857,10437,2024-12-01,Email,Delivered,Mumbai
504858,13503,2025-03-12,Organic,Delivered,Gurugram
504859,12475,2025-10-19,Social,Delivered,Delhi
504860,12731,2024-08-07,Organic,Delivered,Lucknow
504861,11514,2025-09-26,Social,Delivered,Patna
504862,10928,2025-03-07,Organic,Delivered,Patna
504863,13720,2024-02-16,Organic,Delivered,Pune
504864,11243,2025-07-02,Social,Delivered,Hyderabad
504865,10466,2024-05-27,Email,Delivered,Chennai
504866,12466,2025-01-11,Paid Search,Delivered,Kolkata
504867,13559,2025-11-25,Social,Delivered,Kolkata
504868,11021,2025-07-23,Affiliate,Delivered,Delhi
504869,11810,2025-05-26,Social,Delivered,Jaipur
504870,12118,2024-02-20,Social,Delivered,Ahmedabad
504871,14618,2025-09-20,Organic,Delivered,Bengaluru
504872,10736,2024-09-02,Organic,Delivered,Delhi
504873,14591,2024-02-06,Organic,Delivered,Mumbai
504874,10732,2025-12-02,Direct,Delivered,Hyderabad
504875,12891,2024-05-19,Organic,Delivered,Ahmedabad
504876,14217,2024-08-24,Organic,Delivered,Hyderabad
504877,14522,2024-04-13,Organic,Delivered,Patna
504878,12712,2025-03-30,Affiliate,Delivered,Noida
504879,12466,2025-09-26,Paid Search,Delivered,Chandigarh
504880,13903,2025-01-15,Affiliate,Cancelled,Pune
504881,14548,2025-09-27,Paid Search,Delivered,Pune
504882,10058,2025-11-15,Affiliate,Delivered,Mumbai
504883,11311,2025-09-29,Direct,Delivered,Ahmedabad
504884,11429,2024-04-28,Paid Search,Delivered,Gurugram
504885,14167,2024-05-30,Direct,Delivered,Hyderabad
504886,10089,2024-08-06,Direct,Cancelled,Hyderabad
504887,10628,2025-04-11,Organic,Delivered,Bengaluru
504888,10017,2025-09-22,Social,Delivered,Chennai
504889,14765,2024-08-16,Email,Delivered,Delhi
504890,10161,2025-05-01,Direct,Delivered,Lucknow
504891,11328,2024-05-16,Email,Cancelled,Hyderabad
504892,12608,2025-01-31,Email,Delivered,Kochi
504893,11744,2025-07-23,Paid Search,Delivered,Indore
504894,10455,2024-10-15,Affiliate,Delivered,Indore
504895,12065,2024-04-29,Organic,Delivered,Jaipur
504896,13992,2024-10-27,Email,Delivered,Indore
504897,11445,2025-07-11,Organic,Delivered,Lucknow
504898,12581,2025-11-14,Affiliate,Delivered,Ghaziabad
504899,12349,2025-03-26,Affiliate,Delivered,Patna
504900,11227,2025-05-05,Organic,Delivered,Pune
504901,10013,2024-11-02,Affiliate,Cancelled,Lucknow
504902,14194,2025-11-10,Direct,Delivered,Noida
504903,14969,2025-09-27,Organic,Delivered,Patna
504904,12549,2025-12-11,Paid Search,Delivered,Indore
504905,14152,2025-09-23,Organic,Cancelled,Bengaluru
504906,11754,2025-02-03,Organic,Delivered,Hyderabad
504907,14716,2025-12-03,Affiliate,Delivered,Mumbai
504908,12840,2025-03-21,Paid Search,Delivered,Kochi
504909,14001,2025-03-15,Email,Delivered,Ghaziabad
504910,13364,2025-04-24,Organic,Delivered,Indore
504911,14619,2024-05-15,Organic,Delivered,Noida
504912,12795,2025-09-05,Email,Delivered,Noida
504913,14237,2024-09-22,Paid Search,Delivered,Mumbai
504914,14664,2025-04-26,Direct,Delivered,Jaipur
504915,13801,2025-09-09,Organic,Delivered,Chandigarh
504916,11770,2024-03-24,Email,Delivered,Chandigarh
504917,10456,2024-08-07,Email,Delivered,Kolkata
504918,12050,2025-11-19,Email,Delivered,Kochi
504919,13463,2024-09-20,Email,Delivered,Hyderabad
504920,14295,2025-04-28,Paid Search,Delivered,Chennai
504921,13845,2025-02-14,Affiliate,Delivered,Gurugram
504922,13188,2025-09-27,Social,Delivered,Mumbai
504923,12682,2025-01-08,Affiliate,Delivered,Lucknow
504924,14832,2024-11-06,Organic,Delivered,Ghaziabad
504925,11220,2024-01-13,Organic,Delivered,Chennai
504926,13961,2024-12-13,Paid Search,Delivered,Kolkata
504927,12757,2025-03-03,Paid Search,Delivered,Ahmedabad
504928,12565,2025-05-18,Organic,Delivered,Pune
504929,11997,2025-07-24,Organic,Delivered,Indore
504930,13174,2025-07-21,Organic,Delivered,Ahmedabad
504931,15000,2024-12-01,Organic,Delivered,Hyderabad
504932,12031,2024-02-27,Organic,Cancelled,Ghaziabad
504933,10565,2024-07-04,Affiliate,Delivered,Noida
504934,10639,2024-10-24,Direct,Delivered,Hyderabad
504935,10885,2025-12-16,Paid Search,Delivered,Delhi
504936,12036,2025-07-16,Organic,Delivered,Jaipur
504937,10021,2025-10-15,Paid Search,Delivered,Kochi
504938,11408,2025-12-26,Affiliate,Delivered,Jaipur
504939,13476,2024-04-07,Direct,Delivered,Pune
504940,13391,2024-01-09,Paid Search,Delivered,Chennai
504941,13345,2025-02-23,Organic,Delivered,Chandigarh
504942,13346,2024-07-12,Paid Search,Delivered,Delhi
504943,10380,2025-09-27,Paid Search,Delivered,Lucknow
504944,14687,2024-12-05,Organic,Delivered,Hyderabad
504945,11489,2024-01-07,Email,Delivered,Delhi
504946,10398,2024-06-11,Organic,Delivered,Delhi
504947,14059,2024-09-06,Organic,Delivered,Jaipur
504948,12338,2024-01-20,Email,Delivered,Delhi
504949,11733,2024-08-20,Affiliate,Delivered,Kochi
504950,11994,2025-01-29,Organic,Delivered,Noida
504951,12916,2025-10-14,Affiliate,Delivered,Jaipur
504952,12638,2025-04-19,Paid Search,Delivered,Kochi
504953,10069,2024-03-09,Paid Search,Delivered,Indore
504954,10598,2024-10-31,Organic,Delivered,Pune
504955,14737,2025-07-15,Organic,Delivered,Indore
504956,12458,2024-09-27,Organic,Delivered,Bhopal
504957,14943,2025-02-15,Email,Delivered,Delhi
504958,13286,2025-12-21,Direct,Delivered,Ahmedabad
504959,13688,2024-04-10,Organic,Delivered,Bhopal
504960,11569,2024-12-15,Paid Search,Cancelled,Ghaziabad
504961,14190,2025-03-21,Paid Search,Delivered,Patna
504962,13253,2025-08-06,Paid Search,Delivered,Jaipur
504963,13759,2025-09-03,Affiliate,Cancelled,Bengaluru
504964,11329,2024-07-28,Organic,Delivered,Kochi
504965,12934,2024-12-07,Email,Delivered,Kolkata
504966,11847,2025-08-29,Social,Delivered,Ghaziabad
504967,14545,2025-09-05,Direct,Delivered,Jaipur
504968,14537,2025-08-25,Paid Search,Delivered,Noida
504969,11765,2025-05-03,Organic,Delivered,Kochi
504970,10126,2024-07-14,Organic,Delivered,Kolkata
504971,11248,2024-09-26,Email,Delivered,Kochi
504972,11365,2025-04-24,Social,Cancelled,Indore
504973,10097,2024-07-04,Social,Delivered,Delhi
504974,14679,2025-05-13,Organic,Delivered,Kochi
504975,12331,2025-01-11,Organic,Delivered,Ghaziabad
504976,10736,2024-11-19,Social,Cancelled,Chennai
504977,13049,2024-09-16,Organic,Delivered,Noida
504978,11988,2025-07-19,Direct,Delivered,Bengaluru
504979,10874,2024-12-06,Affiliate,Delivered,Patna
504980,12271,2024-08-12,Organic,Delivered,Kochi
504981,12994,2024-10-07,Social,Delivered,Kochi
504982,13264,2024-12-20,Organic,Delivered,Gurugram
504983,11126,2025-03-27,Direct,Delivered,Patna
504984,13059,2025-12-24,Social,Delivered,Mumbai
504985,13964,2024-09-05,Paid Search,Delivered,Kochi
504986,13134,2024-05-10,Email,Delivered,Hyderabad
504987,14758,2025-12-15,Organic,Delivered,Kochi
504988,14703,2024-04-18,Paid Search,Delivered,Chandigarh
504989,12477,2025-10-22,Paid Search,Delivered,Gurugram
504990,11964,2024-04-13,Paid Search,Delivered,Patna
504991,12287,2024-09-22,Organic,Delivered,Bengaluru
504992,12450,2025-12-30,Direct,Delivered,Mumbai
504993,10867,2024-05-01,Social,Delivered,Bengaluru
504994,14820,2024-04-26,Direct,Delivered,Bengaluru
504995,12842,2025-03-21,Organic,Delivered,Delhi
504996,10641,2024-05-19,Direct,Delivered,Bengaluru
504997,14515,2024-01-18,Email,Cancelled,Noida
504998,14742,2025-05-22,Email,Delivered,Patna
504999,12806,2025-12-02,Affiliate,Delivered,Delhi
505000,14742,2025-07-09,Social,Cancelled,Patna
505001,14854,2025-12-05,Email,Delivered,Hyderabad
505002,14768,2025-01-20,Direct,Delivered,Ghaziabad
505003,14820,2025-03-24,Organic,Delivered,Jaipur
505004,10336,2025-12-19,Organic,Delivered,Ahmedabad
505005,10155,2025-01-03,Direct,Delivered,Kolkata
505006,12888,2024-01-29,Direct,Delivered,Noida
505007,13741,2024-06-23,Social,Delivered,Pune
505008,14191,2025-03-29,Affiliate,Delivered,Ghaziabad
505009,13209,2025-09-18,Direct,Delivered,Gurugram
505010,11569,2025-03-19,Social,Delivered,Bhopal
505011,14665,2024-10-23,Organic,Delivered,Lucknow
505012,12953,2024-08-22,Social,Delivered,Gurugram
505013,13408,2025-05-14,Paid Search,Delivered,Mumbai
505014,11283,2025-10-19,Organic,Delivered,Gurugram
505015,13794,2024-07-22,Direct,Delivered,Lucknow
505016,10649,2025-02-08,Email,Delivered,Kochi
505017,14353,2024-11-08,Affiliate,Delivered,Gurugram
505018,14262,2024-06-29,Social,Delivered,Bengaluru
505019,13414,2024-10-23,Paid Search,Delivered,Chandigarh
505020,14907,2024-03-05,Social,Delivered,Chandigarh
505021,14551,2025-01-22,Email,Delivered,Noida
505022,10349,2024-03-19,Social,Delivered,Kochi
505023,11105,2024-12-12,Organic,Cancelled,Lucknow
505024,10607,2025-10-17,Affiliate,Delivered,Hyderabad
505025,11604,2024-04-16,Paid Search,Delivered,Delhi
505026,12944,2024-07-01,Paid Search,Delivered,Kolkata
505027,10719,2025-06-11,Social,Delivered,Chennai
505028,10432,2025-10-25,Direct,Delivered,Kolkata
505029,13222,2025-11-29,Paid Search,Delivered,Jaipur
505030,13156,2024-03-28,Organic,Delivered,Bhopal
505031,11832,2024-06-23,Direct,Delivered,Kolkata
505032,13598,2025-12-20,Direct,Delivered,Noida
505033,12960,2025-01-04,Organic,Delivered,Gurugram
505034,12074,2025-09-01,Affiliate,Delivered,Ghaziabad
505035,10342,2024-01-11,Direct,Delivered,Chandigarh
505036,13782,2024-03-25,Organic,Delivered,Noida
505037,13124,2024-05-29,Affiliate,Delivered,Chandigarh
505038,10569,2024-03-03,Organic,Delivered,Ahmedabad
505039,10940,2025-10-13,Affiliate,Delivered,Pune
505040,11507,2025-08-10,Organic,Delivered,Hyderabad
505041,10896,2024-10-12,Email,Delivered,Delhi
505042,14039,2024-02-27,Affiliate,Delivered,Delhi
505043,14668,2024-03-18,Organic,Delivered,Delhi
505044,10442,2024-07-10,Affiliate,Delivered,Pune
505045,11197,2025-06-15,Organic,Delivered,Ahmedabad
505046,11426,2025-08-08,Organic,Delivered,Kochi
505047,14959,2025-01-29,Direct,Delivered,Jaipur
505048,13106,2025-10-25,Direct,Delivered,Indore
505049,14771,2025-11-09,Affiliate,Delivered,Noida
505050,11237,2025-07-15,Direct,Delivered,Hyderabad
505051,10339,2024-02-27,Organic,Delivered,Jaipur
505052,12405,2025-10-12,Social,Delivered,Pune
505053,14086,2025-10-26,Direct,Delivered,Ghaziabad
505054,14186,2025-02-13,Direct,Delivered,Lucknow
505055,12362,2025-03-14,Paid Search,Delivered,Mumbai
505056,11349,2025-07-23,Paid Search,Delivered,Ghaziabad
505057,10236,2025-03-09,Email,Delivered,Lucknow
505058,12180,2024-09-08,Organic,Delivered,Mumbai
505059,12680,2025-05-24,Affiliate,Delivered,Gurugram
505060,10092,2025-07-27,Paid Search,Delivered,Mumbai
505061,14674,2024-04-13,Social,Delivered,Ahmedabad
505062,13542,2025-05-11,Organic,Delivered,Ghaziabad
505063,11635,2024-05-06,Affiliate,Delivered,Ghaziabad
505064,11776,2025-02-24,Direct,Delivered,Noida
505065,11786,2024-03-19,Social,Delivered,Ghaziabad
505066,14301,2025-12-26,Direct,Delivered,Lucknow
505067,13619,2025-05-03,Paid Search,Delivered,Ahmedabad
505068,10443,2024-12-09,Paid Search,Delivered,Pune
505069,11532,2025-01-03,Direct,Cancelled,Chandigarh
505070,13912,2025-03-28,Organic,Delivered,Jaipur
505071,11783,2024-04-01,Paid Search,Delivered,Gurugram
505072,14069,2025-01-07,Email,Delivered,Ghaziabad
505073,12537,2025-06-07,Organic,Delivered,Ghaziabad
505074,13881,2024-07-09,Direct,Delivered,Chennai
505075,12639,2024-12-16,Social,Delivered,Noida
505076,13672,2024-08-29,Paid Search,Delivered,Delhi
505077,12158,2024-04-27,Paid Search,Cancelled,Ghaziabad
505078,11189,2025-12-16,Paid Search,Delivered,Jaipur
505079,14411,2025-03-09,Email,Delivered,Ahmedabad
505080,12084,2024-10-13,Organic,Delivered,Gurugram
505081,10047,2024-09-04,Direct,Delivered,Chandigarh
505082,11930,2025-05-11,Organic,Delivered,Hyderabad
505083,12055,2024-03-20,Paid Search,Delivered,Lucknow
505084,11206,2025-02-18,Email,Delivered,Kolkata
505085,14389,2024-06-17,Paid Search,Delivered,Lucknow
505086,12459,2025-10-12,Social,Delivered,Pune
505087,11852,2025-07-27,Social,Delivered,Jaipur
505088,13488,2025-07-07,Paid Search,Delivered,Indore
505089,13200,2024-04-16,Social,Delivered,Chennai
505090,12394,2024-02-28,Direct,Delivered,Kochi
505091,14875,2024-12-01,Organic,Delivered,Patna
505092,14873,2024-09-16,Social,Delivered,Lucknow
505093,12381,2025-06-13,Paid Search,Delivered,Indore
505094,13544,2025-06-04,Direct,Delivered,Ahmedabad
505095,10261,2024-10-17,Organic,Delivered,Patna
505096,12214,2024-04-27,Organic,Delivered,Ghaziabad
505097,12209,2024-08-25,Paid Search,Delivered,Noida
505098,12020,2025-01-03,Email,Delivered,Kochi
505099,14205,2024-07-04,Organic,Delivered,Chandigarh
505100,12919,2024-08-20,Affiliate,Delivered,Chandigarh
505101,12357,2024-06-24,Paid Search,Delivered,Kochi
505102,12159,2024-02-17,Direct,Delivered,Mumbai
505103,13094,2025-03-15,Direct,Delivered,Chennai
505104,11110,2025-12-29,Affiliate,Delivered,Ahmedabad
505105,11230,2025-11-26,Affiliate,Delivered,Delhi
505106,12606,2025-11-10,Social,Delivered,Hyderabad
505107,11596,2025-04-26,Affiliate,Delivered,Noida
505108,13364,2025-06-30,Organic,Delivered,Bengaluru
505109,14508,2024-02-16,Affiliate,Delivered,Bhopal
505110,11793,2024-05-26,Social,Delivered,Gurugram
505111,12889,2025-05-31,Affiliate,Delivered,Ahmedabad
505112,11417,2025-12-23,Social,Delivered,Chandigarh
505113,13968,2025-10-25,Email,Delivered,Chennai
505114,11087,2025-04-06,Paid Search,Delivered,Jaipur
505115,12611,2024-03-20,Paid Search,Delivered,Chandigarh
505116,11815,2025-12-07,Paid Search,Delivered,Jaipur
505117,13825,2024-08-20,Affiliate,Delivered,Noida
505118,11222,2024-02-01,Organic,Cancelled,Kolkata
505119,11006,2025-07-15,Direct,Delivered,Patna
505120,13816,2024-05-06,Affiliate,Delivered,Kochi
505121,12785,2024-08-08,Direct,Delivered,Kolkata
505122,13194,2025-05-10,Direct,Delivered,Pune
505123,13971,2025-12-06,Paid Search,Delivered,Pune
505124,11435,2025-10-25,Direct,Delivered,Hyderabad
505125,11207,2024-04-29,Paid Search,Delivered,Lucknow
505126,14960,2024-05-08,Organic,Delivered,Kochi
505127,10558,2025-08-14,Organic,Delivered,Kochi
505128,13229,2024-08-19,Organic,Delivered,Noida
505129,11945,2024-02-26,Organic,Delivered,Noida
505130,10713,2025-03-05,Paid Search,Delivered,Bengaluru
505131,14767,2025-04-25,Direct,Delivered,Ahmedabad
505132,14147,2025-12-31,Paid Search,Delivered,Indore
505133,11111,2024-12-21,Direct,Delivered,Lucknow
505134,13769,2025-08-07,Affiliate,Delivered,Ghaziabad
505135,13839,2025-01-25,Direct,Delivered,Ghaziabad
505136,12501,2025-11-06,Affiliate,Delivered,Indore
505137,14781,2024-12-22,Direct,Delivered,Lucknow
505138,11168,2025-05-08,Organic,Delivered,Noida
505139,10364,2025-12-05,Social,Delivered,Mumbai
505140,14055,2025-10-03,Paid Search,Delivered,Bhopal
505141,11788,2024-10-20,Paid Search,Delivered,Lucknow
505142,10623,2025-01-05,Paid Search,Delivered,Chandigarh
505143,14844,2025-03-09,Social,Delivered,Noida
505144,12091,2024-03-31,Direct,Cancelled,Gurugram
505145,14328,2024-06-19,Paid Search,Delivered,Jaipur
505146,14087,2025-06-02,Direct,Cancelled,Bhopal
505147,11518,2024-02-22,Organic,Delivered,Delhi
505148,14008,2025-03-15,Email,Delivered,Pune
505149,12348,2024-12-20,Paid Search,Delivered,Hyderabad
505150,13150,2024-12-20,Direct,Delivered,Mumbai
505151,11433,2025-09-10,Email,Delivered,Jaipur
505152,10039,2024-07-20,Organic,Delivered,Delhi
505153,10953,2025-08-01,Direct,Delivered,Kolkata
505154,11666,2025-07-27,Paid Search,Delivered,Hyderabad
505155,12736,2025-12-26,Direct,Delivered,Jaipur
505156,14266,2025-08-22,Organic,Delivered,Jaipur
505157,10885,2025-01-05,Organic,Delivered,Gurugram
505158,13607,2024-09-23,Paid Search,Delivered,Delhi
505159,13747,2025-07-24,Email,Delivered,Hyderabad
505160,14053,2025-11-09,Affiliate,Delivered,Gurugram
505161,14074,2024-07-24,Email,Delivered,Bengaluru
505162,10315,2024-09-27,Organic,Delivered,Kochi
505163,11089,2024-12-29,Paid Search,Delivered,Patna
505164,14704,2024-03-19,Social,Delivered,Ahmedabad
505165,13162,2024-08-17,Paid Search,Delivered,Chandigarh
505166,11146,2024-05-01,Paid Search,Delivered,Lucknow
505167,14981,2025-07-18,Social,Delivered,Lucknow
505168,11662,2024-12-27,Social,Delivered,Kochi
505169,11443,2025-03-17,Email,Delivered,Patna
505170,14203,2024-02-28,Organic,Delivered,Bengaluru
505171,14803,2025-02-23,Direct,Delivered,Pune
505172,12032,2025-06-09,Affiliate,Delivered,Ahmedabad
505173,13228,2025-05-18,Affiliate,Delivered,Kolkata
505174,13216,2025-08-04,Affiliate,Delivered,Kochi
505175,11130,2024-03-24,Social,Delivered,Indore
505176,12762,2025-02-05,Direct,Delivered,Bengaluru
505177,10279,2024-12-18,Paid Search,Delivered,Noida
505178,14331,2025-10-15,Paid Search,Delivered,Bhopal
505179,14141,2025-05-19,Affiliate,Delivered,Chennai
505180,10781,2025-11-28,Direct,Delivered,Ahmedabad
505181,13044,2024-01-19,Paid Search,Delivered,Ghaziabad
505182,10489,2024-11-23,Direct,Delivered,Lucknow
505183,10439,2025-05-29,Email,Delivered,Chandigarh
505184,13162,2024-03-06,Paid Search,Delivered,Indore
505185,13985,2025-04-21,Direct,Delivered,Chennai
505186,14224,2024-06-18,Social,Delivered,Kochi
505187,11659,2024-02-24,Direct,Delivered,Kolkata
505188,14616,2025-04-25,Affiliate,Delivered,Delhi
505189,12699,2024-11-07,Organic,Delivered,Mumbai
505190,12000,2024-10-23,Direct,Delivered,Kolkata
505191,11725,2024-08-25,Organic,Delivered,Ahmedabad
505192,13675,2025-05-15,Affiliate,Delivered,Pune
505193,11853,2025-03-28,Affiliate,Delivered,Ahmedabad
505194,11954,2025-05-02,Affiliate,Delivered,Jaipur
505195,11940,2025-07-29,Direct,Delivered,Hyderabad
505196,11595,2025-03-18,Social,Delivered,Bengaluru
505197,11988,2024-02-24,Paid Search,Delivered,Delhi
505198,10122,2024-04-25,Social,Delivered,Pune
505199,14373,2025-12-25,Email,Delivered,Ghaziabad
505200,11251,2024-07-28,Paid Search,Delivered,Ghaziabad
505201,12237,2024-11-08,Paid Search,Delivered,Delhi
505202,10851,2024-10-03,Social,Delivered,Indore
505203,12683,2025-12-24,Direct,Delivered,Indore
505204,11344,2025-08-25,Email,Delivered,Kochi
505205,10849,2024-12-19,Direct,Delivered,Ahmedabad
505206,11444,2025-05-13,Social,Delivered,Chennai
505207,14524,2025-02-07,Direct,Delivered,Jaipur
505208,14295,2025-04-16,Affiliate,Delivered,Kochi
505209,13950,2025-11-28,Paid Search,Delivered,Lucknow
505210,11017,2025-05-06,Paid Search,Delivered,Pune
505211,13250,2024-03-23,Direct,Delivered,Chennai
505212,14097,2025-01-02,Direct,Delivered,Patna
505213,13250,2025-08-22,Paid Search,Delivered,Pune
505214,14297,2024-01-29,Direct,Delivered,Chandigarh
505215,11006,2024-09-18,Direct,Delivered,Jaipur
505216,12319,2024-05-27,Paid Search,Delivered,Ahmedabad
505217,11653,2025-06-11,Social,Delivered,Bengaluru
505218,13623,2024-04-12,Affiliate,Delivered,Kochi
505219,10640,2025-04-01,Organic,Delivered,Pune
505220,11594,2024-02-16,Affiliate,Delivered,Delhi
505221,13513,2025-11-06,Organic,Delivered,Gurugram
505222,10089,2024-08-21,Social,Delivered,Indore
505223,11279,2024-10-24,Paid Search,Delivered,Patna
505224,13549,2025-07-29,Affiliate,Delivered,Gurugram
505225,11198,2024-10-04,Paid Search,Delivered,Bengaluru
505226,13033,2024-03-25,Social,Delivered,Mumbai
505227,12003,2025-10-23,Paid Search,Delivered,Mumbai
505228,12307,2024-03-22,Organic,Delivered,Pune
505229,11791,2024-12-29,Direct,Delivered,Gurugram
505230,14494,2024-03-31,Organic,Delivered,Jaipur
505231,13605,2025-05-25,Paid Search,Delivered,Chennai
505232,13637,2024-07-16,Organic,Delivered,Chennai
505233,13958,2025-11-12,Social,Delivered,Ghaziabad
505234,12128,2024-05-27,Paid Search,Delivered,Patna
505235,10517,2025-05-04,Social,Delivered,Pune
505236,10267,2024-01-11,Email,Delivered,Bengaluru
505237,12411,2024-03-23,Organic,Delivered,Hyderabad
505238,14381,2024-07-21,Organic,Delivered,Noida
505239,12415,2025-10-08,Paid Search,Delivered,Indore
505240,14924,2025-12-29,Direct,Delivered,Lucknow
505241,12618,2025-03-24,Organic,Delivered,Kochi
505242,13173,2024-09-02,Affiliate,Delivered,Lucknow
505243,10389,2024-08-16,Direct,Delivered,Pune
505244,13842,2024-06-03,Organic,Delivered,Bengaluru
505245,14446,2024-09-05,Paid Search,Delivered,Mumbai
505246,12531,2024-12-28,Affiliate,Delivered,Jaipur
505247,14523,2025-05-15,Direct,Delivered,Lucknow
505248,11184,2024-06-16,Paid Search,Delivered,Patna
505249,12447,2024-01-27,Email,Delivered,Delhi
505250,14561,2025-02-13,Affiliate,Delivered,Hyderabad
505251,13019,2024-06-26,Paid Search,Cancelled,Hyderabad
505252,13442,2024-10-19,Email,Delivered,Mumbai
505253,12017,2025-06-04,Social,Delivered,Mumbai
505254,12743,2025-10-17,Direct,Delivered,Kochi
505255,11858,2025-01-25,Social,Delivered,Delhi
505256,13411,2025-11-09,Social,Delivered,Patna
505257,10279,2024-07-15,Email,Delivered,Gurugram
505258,12560,2025-06-05,Organic,Delivered,Noida
505259,14650,2025-12-17,Social,Delivered,Bengaluru
505260,10292,2024-06-06,Organic,Delivered,Bhopal
505261,12256,2025-06-23,Email,Delivered,Indore
505262,13303,2024-12-12,Social,Delivered,Kochi
505263,10423,2025-10-05,Direct,Delivered,Chennai
505264,10027,2024-08-11,Affiliate,Delivered,Hyderabad
505265,10826,2025-12-03,Paid Search,Delivered,Jaipur
505266,11102,2025-08-06,Email,Delivered,Hyderabad
505267,14394,2025-05-30,Paid Search,Cancelled,Bengaluru
505268,10780,2024-01-22,Paid Search,Delivered,Lucknow
505269,13203,2024-03-01,Organic,Delivered,Mumbai
505270,11701,2025-04-29,Organic,Delivered,Gurugram
505271,12678,2024-12-16,Affiliate,Delivered,Bengaluru
505272,14542,2024-08-24,Direct,Delivered,Indore
505273,14292,2025-09-07,Social,Delivered,Chandigarh
505274,10399,2024-12-17,Organic,Delivered,Jaipur
505275,10446,2024-12-01,Organic,Delivered,Chandigarh
505276,11788,2024-08-24,Organic,Delivered,Delhi
505277,14044,2025-12-18,Direct,Delivered,Kochi
505278,13798,2024-09-23,Paid Search,Delivered,Mumbai
505279,13093,2024-07-08,Direct,Delivered,Chandigarh
505280,14316,2025-05-07,Paid Search,Cancelled,Bhopal
505281,10912,2024-01-25,Social,Delivered,Noida
505282,13681,2025-03-11,Email,Delivered,Noida
505283,14847,2025-02-16,Organic,Delivered,Pune
505284,14827,2024-06-27,Email,Delivered,Delhi
505285,13557,2025-07-16,Affiliate,Delivered,Ghaziabad
505286,13480,2024-02-01,Organic,Delivered,Gurugram
505287,11119,2025-12-18,Organic,Delivered,Ahmedabad
505288,13725,2025-09-17,Social,Delivered,Ghaziabad
505289,11237,2024-05-08,Direct,Delivered,Kolkata
505290,12111,2024-12-25,Direct,Delivered,Ahmedabad
505291,10585,2024-05-23,Organic,Delivered,Pune
505292,11511,2025-03-28,Affiliate,Delivered,Bhopal
505293,10380,2024-09-14,Affiliate,Delivered,Chandigarh
505294,12310,2024-12-23,Direct,Delivered,Pune
505295,10362,2025-11-30,Organic,Delivered,Noida
505296,13840,2025-03-28,Direct,Delivered,Chandigarh
505297,13279,2025-09-25,Affiliate,Delivered,Mumbai
505298,13252,2025-04-03,Social,Delivered,Pune
505299,13517,2024-12-12,Organic,Delivered,Jaipur
505300,13860,2024-01-11,Paid Search,Delivered,Noida
505301,13379,2024-03-06,Paid Search,Delivered,Chennai
505302,13138,2025-01-24,Direct,Delivered,Kochi
505303,10914,2025-01-03,Affiliate,Delivered,Hyderabad
505304,13666,2025-01-02,Direct,Delivered,Ghaziabad
505305,12436,2025-09-10,Paid Search,Delivered,Chennai
505306,10779,2024-03-11,Direct,Delivered,Noida
505307,12404,2025-04-26,Direct,Delivered,Indore
505308,11619,2025-06-29,Organic,Delivered,Noida
505309,10995,2025-04-16,Paid Search,Delivered,Ahmedabad
505310,12806,2024-06-21,Affiliate,Delivered,Gurugram
505311,14474,2024-10-24,Email,Delivered,Ghaziabad
505312,10083,2024-02-09,Organic,Delivered,Indore
505313,10675,2024-05-09,Affiliate,Delivered,Noida
505314,14562,2025-08-10,Paid Search,Delivered,Indore
505315,13455,2025-03-27,Social,Delivered,Noida
505316,11198,2025-09-24,Direct,Delivered,Chandigarh
505317,11846,2025-05-20,Paid Search,Delivered,Mumbai
505318,10443,2024-06-24,Organic,Delivered,Kolkata
505319,14218,2025-08-17,Email,Delivered,Bengaluru
505320,13322,2025-05-17,Email,Delivered,Chennai
505321,11161,2024-05-20,Paid Search,Delivered,Pune
505322,10969,2024-01-04,Social,Delivered,Ahmedabad
505323,13456,2025-07-12,Social,Delivered,Kolkata
505324,12810,2025-06-11,Affiliate,Delivered,Lucknow
505325,13746,2024-03-06,Email,Delivered,Ghaziabad
505326,11245,2024-12-05,Paid Search,Delivered,Indore
505327,14973,2025-10-30,Paid Search,Cancelled,Gurugram
505328,10830,2025-08-02,Paid Search,Delivered,Lucknow
505329,10892,2025-08-20,Organic,Delivered,Delhi
505330,13675,2024-10-14,Organic,Delivered,Kolkata
505331,12825,2024-03-29,Affiliate,Delivered,Lucknow
505332,11942,2024-09-13,Direct,Delivered,Lucknow
505333,13682,2025-05-17,Paid Search,Delivered,Bhopal
505334,12873,2025-09-06,Direct,Delivered,Mumbai
505335,12015,2025-04-15,Social,Delivered,Patna
505336,11081,2024-01-29,Email,Delivered,Lucknow
505337,13587,2025-03-07,Direct,Delivered,Ahmedabad
505338,12763,2024-05-16,Paid Search,Delivered,Lucknow
505339,14472,2025-03-21,Email,Delivered,Chandigarh
505340,12107,2024-10-28,Paid Search,Delivered,Noida
505341,11328,2025-01-24,Direct,Cancelled,Jaipur
505342,10257,2025-03-11,Paid Search,Delivered,Bhopal
505343,11355,2025-04-11,Email,Delivered,Hyderabad
505344,13634,2024-01-04,Organic,Delivered,Noida
505345,11435,2025-12-07,Paid Search,Delivered,Ghaziabad
505346,12762,2025-02-24,Paid Search,Delivered,Noida
505347,11075,2025-01-05,Affiliate,Delivered,Jaipur
505348,14637,2024-10-03,Paid Search,Delivered,Gurugram
505349,14510,2024-03-17,Paid Search,Delivered,Gurugram
505350,14040,2025-04-05,Organic,Delivered,Kochi
505351,13667,2024-09-22,Paid Search,Delivered,Bhopal
505352,12856,2025-10-24,Paid Search,Delivered,Chandigarh
505353,10042,2025-04-25,Social,Delivered,Delhi
505354,10216,2024-11-18,Paid Search,Delivered,Hyderabad
505355,12218,2024-01-24,Direct,Delivered,Kochi
505356,13760,2025-02-09,Social,Delivered,Ahmedabad
505357,10651,2025-09-09,Organic,Delivered,Delhi
505358,12746,2024-12-04,Affiliate,Delivered,Bengaluru
505359,14773,2025-04-20,Organic,Delivered,Delhi
505360,14176,2024-03-27,Direct,Delivered,Delhi
505361,12759,2024-10-24,Paid Search,Delivered,Patna
505362,12889,2025-08-02,Organic,Delivered,Indore
505363,10313,2024-11-05,Direct,Delivered,Mumbai
505364,10011,2025-10-09,Social,Delivered,Kolkata
505365,11580,2024-10-26,Direct,Delivered,Patna
505366,14075,2025-08-16,Paid Search,Delivered,Chennai
505367,10030,2025-04-15,Social,Delivered,Indore
505368,13997,2025-11-23,Paid Search,Delivered,Jaipur
505369,11288,2025-01-24,Paid Search,Delivered,Noida
505370,10498,2024-12-08,Affiliate,Delivered,Hyderabad
505371,10480,2024-09-15,Organic,Delivered,Pune
505372,13420,2025-04-21,Social,Delivered,Delhi
505373,10225,2025-12-17,Paid Search,Delivered,Mumbai
505374,12631,2024-05-03,Social,Delivered,Gurugram
505375,14675,2025-11-15,Organic,Delivered,Kochi
505376,12950,2025-12-15,Paid Search,Cancelled,Hyderabad
505377,11672,2025-07-16,Social,Delivered,Indore
505378,14447,2025-02-28,Affiliate,Delivered,Delhi
505379,10365,2025-09-22,Direct,Delivered,Ahmedabad
505380,11248,2024-07-10,Paid Search,Cancelled,Chandigarh
505381,10858,2025-04-08,Social,Delivered,Kolkata
505382,10066,2025-08-11,Paid Search,Delivered,Kochi
505383,14773,2025-08-11,Social,Delivered,Mumbai
505384,11043,2025-03-04,Paid Search,Delivered,Bengaluru
505385,10367,2024-10-08,Organic,Cancelled,Jaipur
505386,14576,2025-11-25,Email,Delivered,Jaipur
505387,14811,2025-05-07,Organic,Delivered,Delhi
505388,11058,2025-07-16,Organic,Delivered,Hyderabad
505389,12010,2025-03-31,Direct,Delivered,Gurugram
505390,13373,2025-10-03,Direct,Delivered,Delhi
505391,12137,2024-12-15,Social,Delivered,Jaipur
505392,13949,2025-02-03,Organic,Delivered,Ahmedabad
505393,11244,2025-08-10,Paid Search,Delivered,Delhi
505394,14067,2025-01-13,Paid Search,Delivered,Indore
505395,12793,2024-06-28,Email,Delivered,Bengaluru
505396,10053,2025-07-07,Affiliate,Delivered,Pune
505397,13104,2024-10-01,Paid Search,Delivered,Pune
505398,10048,2024-03-17,Paid Search,Delivered,Mumbai
505399,14231,2024-09-29,Organic,Delivered,Gurugram
505400,14946,2024-02-09,Email,Delivered,Noida
505401,10772,2025-10-03,Paid Search,Delivered,Chennai
505402,12638,2025-12-20,Email,Delivered,Bhopal
505403,11684,2024-07-13,Email,Delivered,Mumbai
505404,10319,2025-10-31,Organic,Delivered,Kolkata
505405,13389,2025-06-04,Direct,Delivered,Mumbai
505406,10135,2025-11-29,Affiliate,Delivered,Jaipur
505407,10121,2024-04-28,Social,Delivered,Bengaluru
505408,14054,2024-02-15,Organic,Delivered,Hyderabad
505409,11411,2025-11-03,Organic,Delivered,Kochi
505410,14525,2024-07-15,Organic,Delivered,Kochi
505411,12972,2025-03-11,Social,Delivered,Mumbai
505412,12623,2025-10-21,Paid Search,Delivered,Kochi
505413,12047,2024-09-07,Direct,Delivered,Kolkata
505414,11859,2024-03-06,Paid Search,Delivered,Indore
505415,11125,2025-08-01,Social,Delivered,Mumbai
505416,13512,2024-11-25,Direct,Delivered,Mumbai
505417,13031,2024-01-17,Social,Delivered,Lucknow
505418,10112,2024-09-06,Paid Search,Delivered,Pune
505419,11618,2025-01-22,Direct,Delivered,Kolkata
505420,14495,2025-10-05,Social,Delivered,Hyderabad
505421,12463,2024-06-14,Social,Delivered,Kolkata
505422,11281,2025-01-13,Paid Search,Delivered,Bengaluru
505423,11148,2024-05-12,Email,Delivered,Kolkata
505424,10955,2024-07-31,Affiliate,Delivered,Ahmedabad
505425,14306,2024-07-11,Email,Delivered,Bengaluru
505426,11554,2025-01-18,Paid Search,Delivered,Ahmedabad
505427,11489,2025-04-30,Direct,Delivered,Gurugram
505428,10319,2024-03-23,Social,Delivered,Kochi
505429,14448,2024-02-25,Affiliate,Delivered,Hyderabad
505430,11948,2025-06-18,Organic,Cancelled,Chandigarh
505431,13525,2024-08-02,Social,Delivered,Ghaziabad
505432,13574,2025-03-28,Direct,Delivered,Mumbai
505433,11751,2024-02-26,Email,Delivered,Hyderabad
505434,12492,2025-03-15,Organic,Delivered,Delhi
505435,10507,2025-10-26,Email,Delivered,Chennai
505436,13340,2024-11-16,Organic,Delivered,Kochi
505437,13370,2025-02-26,Paid Search,Delivered,Kolkata
505438,11069,2024-08-03,Paid Search,Delivered,Indore
505439,10978,2024-07-27,Paid Search,Delivered,Noida
505440,11990,2024-02-17,Organic,Delivered,Delhi
505441,13462,2024-12-16,Email,Delivered,Bengaluru
505442,12598,2025-11-23,Affiliate,Delivered,Bhopal
505443,10309,2024-03-25,Paid Search,Delivered,Lucknow
505444,12863,2024-10-31,Social,Delivered,Jaipur
505445,13536,2025-09-03,Social,Delivered,Ahmedabad
505446,10932,2024-12-28,Direct,Delivered,Chandigarh
505447,12224,2025-07-09,Affiliate,Cancelled,Hyderabad
505448,14039,2024-10-01,Direct,Delivered,Noida
505449,11624,2025-03-16,Affiliate,Delivered,Lucknow
505450,10452,2025-12-23,Email,Delivered,Gurugram
505451,14627,2025-03-13,Organic,Delivered,Kochi
505452,10492,2025-08-05,Direct,Delivered,Pune
505453,10308,2025-05-22,Affiliate,Delivered,Patna
505454,11249,2024-03-11,Paid Search,Delivered,Lucknow
505455,13758,2024-04-27,Paid Search,Delivered,Chennai
505456,13272,2025-03-20,Social,Delivered,Hyderabad
505457,11177,2024-09-11,Paid Search,Delivered,Indore
505458,10386,2024-12-20,Direct,Delivered,Ahmedabad
505459,14772,2024-12-19,Organic,Delivered,Ghaziabad
505460,10039,2025-08-02,Organic,Delivered,Mumbai
505461,14623,2025-12-25,Organic,Delivered,Indore
505462,12361,2025-12-30,Social,Delivered,Ghaziabad
505463,10972,2024-02-28,Affiliate,Delivered,Hyderabad
505464,11734,2025-06-28,Social,Delivered,Mumbai
505465,11553,2025-06-14,Organic,Delivered,Lucknow
505466,10784,2025-09-24,Direct,Delivered,Pune
505467,12160,2024-11-07,Paid Search,Delivered,Noida
505468,13280,2025-01-02,Organic,Delivered,Mumbai
505469,12364,2024-11-26,Organic,Delivered,Chandigarh
505470,13208,2024-09-30,Paid Search,Delivered,Ghaziabad
505471,14852,2024-06-29,Social,Delivered,Kochi
505472,10610,2025-04-15,Social,Delivered,Jaipur
505473,13695,2024-01-13,Organic,Delivered,Jaipur
505474,11150,2025-07-01,Direct,Delivered,Kolkata
505475,10096,2025-09-07,Paid Search,Cancelled,Ghaziabad
505476,11825,2024-06-15,Paid Search,Delivered,Jaipur
505477,11968,2024-06-05,Email,Delivered,Indore
505478,14951,2025-01-02,Email,Delivered,Bengaluru
505479,11722,2025-09-10,Direct,Delivered,Bengaluru
505480,13843,2024-03-24,Paid Search,Delivered,Patna
505481,14676,2024-11-11,Organic,Delivered,Kochi
505482,11686,2024-06-07,Direct,Delivered,Kolkata
505483,10896,2025-09-14,Social,Delivered,Ghaziabad
505484,14828,2025-10-06,Email,Delivered,Gurugram
505485,12291,2024-03-02,Organic,Cancelled,Lucknow
505486,12275,2024-04-15,Paid Search,Delivered,Kochi
505487,13644,2024-04-24,Direct,Delivered,Patna
505488,11902,2025-08-16,Direct,Delivered,Bengaluru
505489,12708,2025-10-20,Direct,Delivered,Jaipur
505490,14722,2024-09-29,Affiliate,Delivered,Gurugram
505491,10244,2024-04-25,Social,Delivered,Bhopal
505492,13681,2025-04-30,Social,Delivered,Delhi
505493,11985,2025-10-12,Organic,Delivered,Ahmedabad
505494,12740,2025-10-27,Affiliate,Delivered,Kochi
505495,14551,2024-11-21,Affiliate,Delivered,Jaipur
505496,13004,2025-07-24,Email,Delivered,Kolkata
505497,12095,2025-11-29,Paid Search,Delivered,Mumbai
505498,14865,2025-08-26,Paid Search,Delivered,Pune
505499,13027,2024-12-12,Affiliate,Delivered,Noida
505500,10765,2024-07-09,Direct,Delivered,Pune
505501,10445,2024-09-28,Paid Search,Delivered,Hyderabad
505502,11736,2024-09-21,Organic,Delivered,Kochi
505503,13591,2025-12-22,Direct,Delivered,Delhi
505504,12106,2025-06-19,Email,Delivered,Pune
505505,10844,2025-09-19,Email,Delivered,Noida
505506,14924,2025-07-22,Direct,Delivered,Patna
505507,10991,2024-12-14,Email,Delivered,Chandigarh
505508,10421,2025-07-31,Email,Delivered,Patna
505509,11907,2025-04-12,Email,Delivered,Ahmedabad
505510,10559,2025-06-25,Social,Delivered,Bhopal
505511,12962,2024-08-07,Paid Search,Delivered,Pune
505512,12177,2024-06-18,Paid Search,Delivered,Bengaluru
505513,14633,2024-05-11,Email,Delivered,Patna
505514,10847,2024-07-30,Paid Search,Delivered,Ghaziabad
505515,11345,2025-12-16,Direct,Delivered,Mumbai
505516,13425,2025-11-19,Paid Search,Delivered,Kolkata
505517,13490,2024-04-16,Email,Delivered,Hyderabad
505518,11804,2025-02-08,Organic,Delivered,Jaipur
505519,14609,2025-11-18,Paid Search,Delivered,Gurugram
505520,14232,2025-07-05,Paid Search,Delivered,Bengaluru
505521,13059,2025-03-23,Affiliate,Delivered,Patna
505522,13744,2025-03-14,Organic,Delivered,Kochi
505523,12679,2024-08-26,Paid Search,Delivered,Ghaziabad
505524,12355,2025-11-06,Direct,Cancelled,Chennai
505525,12729,2024-03-01,Email,Delivered,Chennai
505526,14225,2025-09-27,Affiliate,Delivered,Bhopal
505527,10082,2025-09-28,Affiliate,Delivered,Ahmedabad
505528,10505,2024-07-10,Email,Delivered,Mumbai
505529,12374,2025-01-09,Paid Search,Delivered,Ahmedabad
505530,12906,2025-10-08,Paid Search,Delivered,Indore
505531,10899,2024-12-12,Organic,Delivered,Ghaziabad
505532,13026,2024-08-07,Organic,Delivered,Indore
505533,10123,2024-02-21,Social,Delivered,Gurugram
505534,11231,2024-11-18,Direct,Delivered,Chennai
505535,12300,2024-07-22,Email,Delivered,Noida
505536,10249,2025-09-14,Paid Search,Delivered,Noida
505537,13169,2025-09-21,Direct,Delivered,Kochi
505538,12676,2024-08-24,Paid Search,Delivered,Pune
505539,12827,2024-06-02,Paid Search,Delivered,Pune
505540,12569,2024-07-31,Organic,Delivered,Hyderabad
505541,13457,2024-10-20,Affiliate,Delivered,Kolkata
505542,13269,2025-05-03,Email,Delivered,Ghaziabad
505543,13301,2024-04-21,Social,Delivered,Ahmedabad
505544,11065,2025-12-31,Email,Delivered,Chandigarh
505545,13437,2025-05-26,Social,Delivered,Mumbai
505546,10899,2024-04-05,Paid Search,Delivered,Gurugram
505547,10108,2024-08-18,Email,Delivered,Patna
505548,14890,2025-05-27,Organic,Delivered,Bhopal
505549,10894,2025-01-03,Paid Search,Delivered,Jaipur
505550,10569,2025-01-20,Social,Delivered,Gurugram
505551,11516,2024-01-31,Organic,Delivered,Chandigarh
505552,14998,2024-10-27,Affiliate,Delivered,Kolkata
505553,14322,2025-03-25,Organic,Delivered,Kolkata
505554,13600,2025-07-02,Paid Search,Cancelled,Kochi
505555,10941,2024-11-22,Social,Delivered,Indore
505556,13147,2025-02-09,Email,Delivered,Kochi
505557,14165,2024-06-11,Organic,Delivered,Bhopal
505558,11699,2025-08-06,Affiliate,Delivered,Jaipur
505559,11297,2025-05-25,Paid Search,Delivered,Ahmedabad
505560,14340,2025-06-27,Paid Search,Delivered,Kochi
505561,10658,2025-05-03,Organic,Delivered,Jaipur
505562,14551,2025-12-21,Direct,Delivered,Kochi
505563,12396,2025-10-05,Paid Search,Delivered,Ghaziabad
505564,13610,2025-08-15,Paid Search,Delivered,Chandigarh
505565,11861,2024-09-02,Organic,Delivered,Gurugram
505566,13550,2024-02-18,Social,Delivered,Indore
505567,14625,2024-01-01,Paid Search,Delivered,Bengaluru
505568,12466,2025-07-23,Organic,Delivered,Bengaluru
505569,11061,2025-10-19,Affiliate,Delivered,Pune
505570,10390,2025-04-19,Direct,Delivered,Chennai
505571,14629,2025-06-11,Paid Search,Delivered,Jaipur
505572,14996,2024-03-06,Paid Search,Delivered,Bengaluru
505573,13256,2025-02-17,Paid Search,Delivered,Lucknow
505574,10078,2025-03-18,Direct,Delivered,Bengaluru
505575,14425,2024-04-24,Social,Delivered,Chandigarh
505576,12477,2025-07-02,Organic,Delivered,Chandigarh
505577,11169,2024-09-02,Email,Delivered,Kochi
505578,11836,2024-05-24,Paid Search,Delivered,Hyderabad
505579,14710,2025-05-23,Organic,Delivered,Mumbai
505580,13881,2024-11-13,Direct,Delivered,Kolkata
505581,12985,2025-01-26,Organic,Delivered,Chandigarh
505582,13679,2025-01-31,Paid Search,Delivered,Ahmedabad
505583,14239,2025-03-31,Email,Delivered,Hyderabad
505584,13141,2024-10-29,Social,Delivered,Mumbai
505585,11569,2025-08-18,Organic,Delivered,Bengaluru
505586,10374,2025-10-02,Social,Delivered,Bhopal
505587,10616,2024-12-19,Email,Delivered,Indore
505588,11185,2024-05-03,Direct,Delivered,Bhopal
505589,13843,2024-07-22,Organic,Delivered,Lucknow
505590,10471,2025-07-18,Organic,Delivered,Delhi
505591,10636,2024-07-06,Direct,Delivered,Gurugram
505592,14895,2025-07-22,Email,Delivered,Noida
505593,12002,2025-04-29,Social,Delivered,Ghaziabad
505594,10639,2024-11-23,Email,Delivered,Noida
505595,14363,2024-04-02,Organic,Delivered,Chennai
505596,14836,2025-01-29,Direct,Delivered,Ghaziabad
505597,12521,2025-05-21,Email,Delivered,Kochi
505598,10564,2024-04-22,Direct,Delivered,Chennai
505599,13138,2025-08-26,Social,Delivered,Chennai
505600,14312,2024-05-22,Affiliate,Delivered,Hyderabad
505601,14828,2024-10-28,Paid Search,Delivered,Ghaziabad
505602,12874,2025-01-23,Organic,Delivered,Mumbai
505603,14722,2025-06-24,Paid Search,Delivered,Noida
505604,14159,2024-06-13,Direct,Delivered,Gurugram
505605,10807,2024-09-02,Email,Delivered,Pune
505606,13171,2025-08-12,Social,Delivered,Jaipur
505607,13329,2024-08-28,Paid Search,Delivered,Chennai
505608,13845,2025-03-26,Social,Delivered,Ghaziabad
505609,12657,2024-10-17,Social,Cancelled,Hyderabad
505610,13655,2024-02-11,Social,Delivered,Noida
505611,12922,2025-01-11,Affiliate,Delivered,Noida
505612,11301,2024-09-18,Paid Search,Delivered,Ghaziabad
505613,12421,2024-07-12,Social,Delivered,Patna
505614,14676,2025-09-19,Paid Search,Delivered,Gurugram
505615,14214,2025-07-19,Organic,Delivered,Chennai
505616,13219,2024-07-21,Paid Search,Delivered,Hyderabad
505617,11610,2025-01-17,Affiliate,Cancelled,Ahmedabad
505618,11011,2025-06-10,Organic,Delivered,Gurugram
505619,11428,2024-02-08,Paid Search,Delivered,Ahmedabad
505620,11531,2024-03-09,Social,Delivered,Chennai
505621,14809,2025-01-29,Paid Search,Delivered,Gurugram
505622,12666,2025-11-11,Affiliate,Delivered,Delhi
505623,11955,2025-11-08,Affiliate,Delivered,Bhopal
505624,14410,2024-11-24,Email,Delivered,Indore
505625,11845,2025-05-29,Paid Search,Delivered,Mumbai
505626,13984,2024-12-25,Organic,Delivered,Chandigarh
505627,13208,2025-10-23,Paid Search,Delivered,Lucknow
505628,11511,2025-02-20,Social,Delivered,Chandigarh
505629,14805,2025-10-13,Organic,Delivered,Chandigarh
505630,13443,2024-09-22,Affiliate,Delivered,Kolkata
505631,14949,2025-11-11,Direct,Delivered,Indore
505632,10009,2025-06-14,Affiliate,Delivered,Chandigarh
505633,11405,2025-07-15,Paid Search,Delivered,Gurugram
505634,11664,2024-01-11,Affiliate,Delivered,Pune
505635,13372,2025-08-12,Paid Search,Delivered,Chennai
505636,14198,2024-04-28,Direct,Delivered,Pune
505637,10608,2025-11-15,Paid Search,Delivered,Pune
505638,10757,2024-05-18,Email,Delivered,Kolkata
505639,13375,2025-08-26,Organic,Delivered,Chandigarh
505640,11767,2025-04-09,Email,Delivered,Chandigarh
505641,13494,2024-10-13,Paid Search,Delivered,Kolkata
505642,10006,2025-10-13,Organic,Delivered,Chennai
505643,12617,2024-10-10,Paid Search,Delivered,Chandigarh
505644,10116,2024-02-16,Organic,Delivered,Mumbai
505645,14757,2024-02-25,Organic,Delivered,Noida
505646,10731,2025-09-15,Direct,Delivered,Chennai
505647,10890,2024-10-08,Organic,Delivered,Noida
505648,10510,2025-08-22,Email,Delivered,Jaipur
505649,11103,2024-01-15,Organic,Delivered,Mumbai
505650,12449,2024-02-26,Email,Delivered,Pune
505651,13088,2025-12-23,Direct,Delivered,Lucknow
505652,14501,2024-04-14,Paid Search,Delivered,Gurugram
505653,14390,2025-05-17,Direct,Delivered,Patna
505654,10424,2024-09-12,Email,Delivered,Mumbai
505655,12139,2024-12-31,Social,Delivered,Gurugram
505656,14350,2024-03-24,Organic,Cancelled,Ghaziabad
505657,10828,2024-07-14,Direct,Delivered,Delhi
505658,13341,2025-07-08,Direct,Delivered,Pune
505659,12134,2025-01-26,Organic,Delivered,Bengaluru
505660,10845,2025-01-03,Organic,Delivered,Hyderabad
505661,10309,2025-11-21,Paid Search,Delivered,Pune
505662,11449,2024-10-27,Organic,Delivered,Chennai
505663,10005,2025-08-10,Paid Search,Delivered,Noida
505664,10971,2025-06-13,Direct,Delivered,Hyderabad
505665,12743,2024-12-02,Direct,Delivered,Bengaluru
505666,13947,2024-08-02,Paid Search,Delivered,Bhopal
505667,12527,2024-09-15,Paid Search,Delivered,Lucknow
505668,13626,2025-09-29,Social,Delivered,Pune
505669,10371,2024-08-11,Direct,Delivered,Indore
505670,11523,2025-04-23,Affiliate,Delivered,Indore
505671,13294,2024-04-01,Direct,Delivered,Delhi
505672,10272,2024-09-10,Affiliate,Delivered,Pune
505673,12920,2025-11-14,Social,Delivered,Lucknow
505674,10844,2025-01-29,Organic,Cancelled,Delhi
505675,12098,2025-08-24,Affiliate,Delivered,Gurugram
505676,13150,2024-07-08,Email,Cancelled,Delhi
505677,14933,2025-07-10,Affiliate,Delivered,Kochi
505678,10452,2025-12-21,Affiliate,Delivered,Kolkata
505679,12753,2025-11-07,Paid Search,Delivered,Lucknow
505680,12683,2024-11-14,Paid Search,Delivered,Bhopal
505681,10318,2025-05-13,Direct,Cancelled,Lucknow
505682,13065,2025-10-17,Paid Search,Delivered,Noida
505683,10378,2025-08-17,Organic,Delivered,Kochi
505684,13439,2025-12-15,Email,Delivered,Gurugram
505685,11039,2024-01-23,Paid Search,Delivered,Ahmedabad
505686,10627,2025-01-26,Email,Delivered,Ahmedabad
505687,10359,2025-08-01,Social,Delivered,Ghaziabad
505688,12299,2025-06-17,Email,Delivered,Chennai
505689,11181,2024-04-22,Direct,Delivered,Delhi
505690,12317,2025-02-22,Paid Search,Delivered,Ghaziabad
505691,14479,2024-04-30,Direct,Delivered,Ghaziabad
505692,14177,2024-03-07,Affiliate,Delivered,Noida
505693,13753,2024-03-22,Direct,Delivered,Pune
505694,12344,2025-11-27,Affiliate,Delivered,Delhi
505695,10562,2024-07-17,Organic,Delivered,Hyderabad
505696,12034,2024-11-29,Social,Delivered,Lucknow
505697,10110,2024-07-06,Organic,Delivered,Delhi
505698,10618,2025-10-15,Email,Delivered,Ghaziabad
505699,11509,2025-10-11,Organic,Delivered,Hyderabad
505700,13473,2025-04-24,Organic,Delivered,Kolkata
505701,13942,2025-08-28,Direct,Delivered,Kochi
505702,13099,2024-03-17,Direct,Delivered,Kolkata
505703,11290,2025-12-31,Email,Delivered,Ahmedabad
505704,13585,2024-10-31,Social,Delivered,Indore
505705,14983,2024-10-19,Affiliate,Delivered,Mumbai
505706,13282,2024-05-23,Direct,Delivered,Kolkata
505707,13809,2025-10-03,Organic,Delivered,Jaipur
505708,14377,2024-05-04,Organic,Delivered,Pune
505709,13578,2025-09-19,Direct,Delivered,Kochi
505710,14387,2025-06-06,Organic,Delivered,Indore
505711,11481,2025-07-18,Email,Delivered,Mumbai
505712,11539,2024-01-22,Social,Delivered,Kochi
505713,10873,2025-06-23,Social,Delivered,Hyderabad
505714,10913,2025-12-07,Organic,Delivered,Hyderabad
505715,12765,2024-10-15,Email,Delivered,Chandigarh
505716,14633,2024-11-24,Social,Delivered,Kolkata
505717,11109,2024-03-22,Direct,Delivered,Delhi
505718,13566,2024-12-24,Social,Delivered,Delhi
505719,10389,2025-05-07,Direct,Delivered,Gurugram
505720,14855,2024-08-06,Organic,Delivered,Jaipur
505721,12630,2025-06-25,Organic,Delivered,Jaipur
505722,12485,2024-03-03,Direct,Delivered,Pune
505723,11800,2025-05-07,Organic,Delivered,Hyderabad
505724,14812,2025-03-06,Paid Search,Delivered,Indore
505725,12098,2024-06-16,Organic,Delivered,Ahmedabad
505726,10614,2024-09-09,Email,Delivered,Patna
505727,12820,2024-06-24,Affiliate,Delivered,Noida
505728,12952,2025-04-01,Direct,Delivered,Bengaluru
505729,13731,2025-04-10,Organic,Delivered,Ahmedabad
505730,12484,2025-02-10,Paid Search,Delivered,Bhopal
505731,11400,2024-05-21,Paid Search,Delivered,Mumbai
505732,10014,2024-06-07,Direct,Delivered,Hyderabad
505733,14933,2025-08-15,Social,Delivered,Lucknow
505734,10965,2024-12-03,Paid Search,Delivered,Pune
505735,11755,2024-11-14,Paid Search,Delivered,Ghaziabad
505736,10768,2024-08-13,Paid Search,Delivered,Bhopal
505737,11178,2025-11-10,Email,Delivered,Gurugram
505738,10305,2024-06-24,Social,Delivered,Kolkata
505739,11702,2025-07-16,Email,Delivered,Indore
505740,14741,2025-07-16,Social,Delivered,Delhi
505741,11119,2024-06-26,Organic,Delivered,Chandigarh
505742,14827,2024-01-09,Email,Delivered,Delhi
505743,13170,2024-07-01,Email,Delivered,Hyderabad
505744,14459,2024-07-15,Organic,Delivered,Kolkata
505745,13103,2025-06-28,Email,Delivered,Bengaluru
505746,14945,2025-01-23,Direct,Delivered,Bhopal
505747,12759,2024-11-10,Social,Delivered,Ghaziabad
505748,14154,2024-12-14,Email,Delivered,Mumbai
505749,10186,2025-11-27,Email,Delivered,Gurugram
505750,14661,2025-11-18,Paid Search,Delivered,Hyderabad
505751,10092,2024-01-19,Organic,Delivered,Chandigarh
505752,10989,2025-09-08,Social,Delivered,Kochi
505753,13693,2024-09-21,Paid Search,Delivered,Mumbai
505754,11285,2025-07-03,Email,Delivered,Ahmedabad
505755,10210,2025-12-20,Email,Delivered,Ghaziabad
505756,14311,2025-01-10,Organic,Delivered,Bhopal
505757,12564,2025-04-01,Direct,Delivered,Ghaziabad
505758,12398,2024-11-09,Direct,Delivered,Kolkata
505759,11581,2024-02-24,Organic,Delivered,Delhi
505760,13585,2024-01-27,Social,Delivered,Lucknow
505761,11573,2024-09-20,Organic,Delivered,Ahmedabad
505762,12810,2025-08-23,Direct,Delivered,Kochi
505763,10652,2024-09-06,Social,Delivered,Lucknow
505764,11529,2024-11-10,Email,Delivered,Kochi
505765,10141,2025-01-23,Direct,Delivered,Noida
505766,11425,2024-08-22,Email,Delivered,Bengaluru
505767,11905,2024-12-24,Direct,Delivered,Mumbai
505768,13741,2025-03-19,Paid Search,Delivered,Gurugram
505769,14112,2025-09-14,Organic,Delivered,Hyderabad
505770,12661,2025-07-05,Paid Search,Delivered,Ahmedabad
505771,14629,2025-08-20,Direct,Delivered,Gurugram
505772,11797,2025-01-17,Organic,Delivered,Bengaluru
505773,12471,2025-05-25,Paid Search,Delivered,Bengaluru
505774,13086,2024-04-19,Affiliate,Delivered,Delhi
505775,10885,2024-04-17,Organic,Delivered,Pune
505776,12100,2025-11-04,Email,Delivered,Lucknow
505777,14500,2025-03-17,Organic,Delivered,Ahmedabad
505778,12376,2024-03-23,Organic,Delivered,Mumbai
505779,14656,2024-10-25,Paid Search,Delivered,Noida
505780,13390,2025-12-09,Affiliate,Delivered,Patna
505781,10850,2024-01-16,Organic,Delivered,Chennai
505782,12290,2024-11-19,Paid Search,Delivered,Chennai
505783,11832,2025-09-03,Email,Delivered,Delhi
505784,14750,2025-11-22,Paid Search,Delivered,Ahmedabad
505785,11680,2024-09-26,Social,Delivered,Bengaluru
505786,12426,2025-10-30,Social,Delivered,Chandigarh
505787,13452,2025-06-07,Direct,Delivered,Noida
505788,14810,2024-10-23,Direct,Delivered,Lucknow
505789,12732,2025-07-23,Organic,Delivered,Mumbai
505790,14239,2025-08-07,Email,Delivered,Kolkata
505791,10586,2024-07-20,Social,Delivered,Noida
505792,14455,2024-03-06,Paid Search,Delivered,Ghaziabad
505793,11038,2025-07-24,Social,Delivered,Kochi
505794,13817,2024-03-01,Direct,Delivered,Hyderabad
505795,12671,2025-07-23,Affiliate,Delivered,Patna
505796,13023,2024-09-17,Social,Delivered,Jaipur
505797,10464,2025-05-28,Organic,Delivered,Ahmedabad
505798,12664,2025-03-21,Email,Delivered,Kochi
505799,10433,2024-01-29,Social,Delivered,Pune
505800,12759,2024-01-07,Paid Search,Delivered,Indore
505801,12033,2025-04-05,Direct,Delivered,Noida
505802,11008,2025-01-11,Direct,Delivered,Kolkata
505803,12456,2024-02-01,Direct,Delivered,Chennai
505804,11072,2025-12-14,Affiliate,Delivered,Patna
505805,10414,2024-06-23,Social,Delivered,Indore
505806,10171,2025-09-19,Paid Search,Delivered,Bhopal
505807,11707,2024-03-26,Direct,Delivered,Chandigarh
505808,13728,2024-06-18,Social,Delivered,Chennai
505809,12883,2025-01-21,Organic,Delivered,Patna
505810,10625,2025-01-21,Organic,Delivered,Patna
505811,12220,2025-03-17,Direct,Delivered,Chandigarh
505812,12911,2024-05-05,Paid Search,Delivered,Jaipur
505813,11170,2024-07-12,Affiliate,Delivered,Lucknow
505814,10690,2024-07-11,Email,Delivered,Patna
505815,11245,2024-11-17,Paid Search,Delivered,Kolkata
505816,10333,2025-11-05,Direct,Delivered,Lucknow
505817,11212,2024-12-04,Direct,Delivered,Patna
505818,12668,2025-12-30,Organic,Delivered,Mumbai
505819,14008,2024-07-02,Organic,Delivered,Noida
505820,14366,2024-06-26,Social,Delivered,Bengaluru
505821,13366,2024-03-14,Paid Search,Delivered,Bhopal
505822,11781,2024-06-04,Paid Search,Delivered,Jaipur
505823,14670,2024-08-15,Direct,Delivered,Noida
505824,14597,2024-10-07,Organic,Delivered,Delhi
505825,11790,2025-06-05,Social,Cancelled,Delhi
505826,10052,2024-11-21,Paid Search,Delivered,Chandigarh
505827,12169,2025-05-16,Paid Search,Delivered,Kochi
505828,12329,2024-03-06,Paid Search,Delivered,Pune
505829,13385,2025-11-23,Paid Search,Delivered,Noida
505830,10734,2024-04-17,Affiliate,Delivered,Delhi
505831,12724,2024-01-25,Affiliate,Delivered,Bengaluru
505832,11579,2024-11-06,Social,Delivered,Ghaziabad
505833,12478,2025-04-21,Direct,Delivered,Chennai
505834,10119,2024-06-21,Organic,Delivered,Noida
505835,12642,2024-04-29,Social,Delivered,Gurugram
505836,10177,2025-09-09,Affiliate,Delivered,Bengaluru
505837,14267,2025-08-25,Email,Delivered,Gurugram
505838,13565,2025-07-03,Direct,Delivered,Hyderabad
505839,14604,2024-06-10,Social,Delivered,Ahmedabad
505840,13273,2025-01-27,Direct,Delivered,Chandigarh
505841,14895,2025-05-19,Organic,Delivered,Jaipur
505842,11042,2024-11-12,Organic,Delivered,Bengaluru
505843,10031,2024-05-10,Paid Search,Delivered,Chandigarh
505844,14506,2025-08-30,Direct,Delivered,Delhi
505845,13299,2025-11-16,Organic,Delivered,Kochi
505846,13440,2024-05-01,Paid Search,Delivered,Kochi
505847,11451,2025-05-28,Direct,Delivered,Bhopal
505848,11681,2025-10-10,Email,Delivered,Pune
505849,13395,2025-01-30,Paid Search,Delivered,Delhi
505850,12039,2024-02-05,Organic,Delivered,Patna
505851,10381,2025-05-19,Affiliate,Delivered,Gurugram
505852,11463,2025-11-06,Direct,Delivered,Ahmedabad
505853,11922,2024-07-10,Affiliate,Delivered,Chennai
505854,14153,2024-04-11,Organic,Delivered,Kochi
505855,11720,2024-07-03,Social,Delivered,Ahmedabad
505856,12470,2025-08-16,Paid Search,Delivered,Ahmedabad
505857,12990,2025-02-11,Direct,Delivered,Indore
505858,10677,2024-01-14,Affiliate,Cancelled,Chandigarh
505859,12911,2025-03-05,Affiliate,Delivered,Ahmedabad
505860,11009,2025-08-18,Paid Search,Delivered,Kochi
505861,14391,2024-05-15,Organic,Delivered,Jaipur
505862,11483,2025-03-02,Affiliate,Delivered,Pune
505863,11523,2024-06-16,Email,Delivered,Hyderabad
505864,12016,2024-01-14,Organic,Delivered,Delhi
505865,11803,2024-10-19,Affiliate,Delivered,Mumbai
505866,12964,2025-07-19,Organic,Delivered,Jaipur
505867,13615,2025-05-04,Affiliate,Delivered,Kochi
505868,14821,2024-03-15,Email,Delivered,Chandigarh
505869,14441,2024-05-15,Organic,Delivered,Hyderabad
505870,11310,2025-01-29,Affiliate,Delivered,Noida
505871,13020,2024-08-22,Paid Search,Delivered,Ahmedabad
505872,11643,2024-08-30,Social,Delivered,Bhopal
505873,14028,2024-11-14,Direct,Delivered,Chennai
505874,10120,2025-07-08,Direct,Delivered,Chennai
505875,14975,2025-02-24,Paid Search,Delivered,Gurugram
505876,11863,2025-09-15,Email,Delivered,Mumbai
505877,13723,2024-03-15,Social,Delivered,Pune
505878,13376,2024-12-05,Affiliate,Delivered,Hyderabad
505879,11836,2025-02-06,Paid Search,Delivered,Ahmedabad
505880,14816,2025-07-08,Social,Delivered,Chennai
505881,11336,2025-01-11,Organic,Delivered,Indore
505882,13701,2025-11-01,Direct,Delivered,Kolkata
505883,14644,2025-09-04,Direct,Delivered,Kolkata
505884,10590,2025-05-18,Paid Search,Delivered,Pune
505885,14586,2024-10-17,Social,Delivered,Ahmedabad
505886,14451,2024-08-23,Paid Search,Delivered,Chennai
505887,11899,2025-01-24,Organic,Delivered,Chandigarh
505888,14194,2024-12-04,Organic,Delivered,Bengaluru
505889,10032,2024-01-22,Affiliate,Delivered,Mumbai
505890,10946,2024-06-17,Paid Search,Delivered,Lucknow
505891,13763,2025-09-02,Social,Delivered,Jaipur
505892,14672,2024-12-01,Direct,Delivered,Gurugram
505893,10631,2025-11-25,Organic,Delivered,Mumbai
505894,13571,2024-06-28,Social,Delivered,Patna
505895,10515,2025-12-08,Direct,Delivered,Noida
505896,13915,2025-08-13,Affiliate,Delivered,Chennai
505897,14482,2024-09-19,Organic,Delivered,Chandigarh
505898,12296,2025-03-21,Organic,Delivered,Ghaziabad
505899,10504,2025-12-23,Affiliate,Delivered,Patna
505900,11004,2025-04-07,Organic,Delivered,Lucknow
505901,12536,2025-11-12,Social,Delivered,Gurugram
505902,13996,2024-03-21,Paid Search,Delivered,Bhopal
505903,12598,2024-04-29,Direct,Delivered,Indore
505904,12388,2024-01-02,Paid Search,Delivered,Gurugram
505905,13002,2024-08-25,Paid Search,Delivered,Kolkata
505906,14838,2025-07-30,Affiliate,Delivered,Hyderabad
505907,13948,2025-12-05,Organic,Delivered,Delhi
505908,10767,2025-01-31,Social,Delivered,Chennai
505909,10983,2024-11-04,Direct,Delivered,Jaipur
505910,11778,2025-11-11,Email,Delivered,Ghaziabad
505911,11356,2025-03-06,Organic,Cancelled,Hyderabad
505912,13678,2025-01-27,Direct,Delivered,Chandigarh
505913,14962,2024-03-03,Organic,Delivered,Bhopal
505914,12862,2024-06-05,Paid Search,Delivered,Mumbai
505915,14452,2025-05-25,Organic,Cancelled,Bhopal
505916,12167,2025-05-25,Email,Delivered,Ghaziabad
505917,13441,2024-12-28,Paid Search,Delivered,Mumbai
505918,13509,2025-05-27,Paid Search,Delivered,Hyderabad
505919,11469,2025-05-20,Paid Search,Delivered,Chandigarh
505920,13667,2024-02-17,Paid Search,Delivered,Patna
505921,12677,2025-09-02,Affiliate,Cancelled,Chandigarh
505922,12887,2025-05-22,Social,Delivered,Kochi
505923,11261,2024-06-09,Social,Delivered,Kolkata
505924,11596,2024-06-04,Organic,Delivered,Bhopal
505925,14290,2025-12-01,Direct,Delivered,Bhopal
505926,13094,2024-07-05,Paid Search,Delivered,Bhopal
505927,10652,2024-01-24,Paid Search,Delivered,Delhi
505928,12727,2024-01-23,Paid Search,Delivered,Kochi
505929,13093,2024-06-15,Direct,Delivered,Lucknow
505930,13989,2025-04-03,Social,Delivered,Pune
505931,14265,2024-11-29,Organic,Delivered,Chandigarh
505932,13268,2025-06-18,Organic,Delivered,Lucknow
505933,10063,2024-06-18,Social,Delivered,Kolkata
505934,12484,2024-06-17,Organic,Delivered,Bengaluru
505935,11034,2024-10-22,Social,Delivered,Indore
505936,10094,2025-08-02,Paid Search,Cancelled,Jaipur
505937,14618,2025-01-02,Paid Search,Delivered,Ghaziabad
505938,10835,2025-07-11,Affiliate,Delivered,Mumbai
505939,11229,2024-03-09,Social,Delivered,Chennai
505940,11683,2024-10-26,Organic,Delivered,Gurugram
505941,12328,2024-11-15,Paid Search,Delivered,Pune
505942,13007,2024-02-19,Direct,Delivered,Mumbai
505943,11552,2024-08-17,Direct,Delivered,Pune
505944,13962,2024-07-23,Affiliate,Delivered,Bhopal
505945,10789,2024-11-29,Direct,Delivered,Kochi
505946,14800,2024-04-30,Organic,Delivered,Bhopal
505947,14280,2024-07-16,Organic,Delivered,Kolkata
505948,13000,2025-12-01,Organic,Delivered,Kochi
505949,10244,2024-04-14,Organic,Delivered,Bhopal
505950,13645,2025-08-20,Affiliate,Delivered,Delhi
505951,13522,2025-01-31,Organic,Delivered,Kolkata
505952,13108,2024-02-27,Social,Delivered,Indore
505953,11401,2024-10-20,Paid Search,Delivered,Hyderabad
505954,12152,2025-01-10,Direct,Delivered,Pune
505955,12076,2024-07-21,Affiliate,Delivered,Kochi
505956,13049,2024-07-14,Affiliate,Delivered,Hyderabad
505957,11656,2025-06-04,Paid Search,Delivered,Chandigarh
505958,12004,2024-01-24,Direct,Delivered,Chandigarh
505959,14540,2025-11-09,Direct,Delivered,Chennai
505960,12269,2024-08-23,Email,Delivered,Bengaluru
505961,12973,2024-10-05,Email,Delivered,Mumbai
505962,14556,2024-04-03,Paid Search,Delivered,Bhopal
505963,14725,2025-10-05,Affiliate,Delivered,Chennai
505964,12820,2024-06-11,Direct,Delivered,Bhopal
505965,11326,2025-08-10,Paid Search,Delivered,Lucknow
505966,10503,2024-08-26,Paid Search,Delivered,Noida
505967,14300,2024-01-24,Paid Search,Delivered,Ghaziabad
505968,12619,2024-10-25,Direct,Delivered,Ahmedabad
505969,12832,2025-01-17,Social,Delivered,Kochi
505970,14767,2024-12-08,Direct,Delivered,Patna
505971,11857,2025-12-22,Email,Delivered,Ghaziabad
505972,10501,2025-01-15,Paid Search,Delivered,Gurugram
505973,13368,2025-07-23,Social,Delivered,Gurugram
505974,14856,2024-09-27,Organic,Delivered,Delhi
505975,10850,2024-04-15,Paid Search,Delivered,Chennai
505976,14939,2024-12-30,Paid Search,Delivered,Ahmedabad
505977,12706,2025-02-13,Social,Delivered,Bengaluru
505978,12804,2024-11-01,Paid Search,Delivered,Ahmedabad
505979,14799,2025-07-14,Social,Delivered,Ghaziabad
505980,11663,2025-12-06,Direct,Delivered,Bhopal
505981,13727,2024-02-29,Organic,Delivered,Chandigarh
505982,10044,2024-02-19,Direct,Delivered,Bhopal
505983,13357,2024-07-19,Social,Delivered,Gurugram
505984,10078,2025-03-04,Email,Delivered,Lucknow
505985,10021,2024-02-01,Organic,Delivered,Noida
505986,11941,2024-05-21,Organic,Delivered,Bengaluru
505987,11864,2024-10-25,Affiliate,Delivered,Indore
505988,13916,2024-10-01,Direct,Delivered,Noida
505989,14458,2025-09-10,Social,Delivered,Chandigarh
505990,14712,2025-02-03,Organic,Delivered,Jaipur
505991,13117,2025-09-29,Affiliate,Delivered,Indore
505992,10774,2025-07-09,Direct,Delivered,Ahmedabad
505993,13354,2024-10-29,Email,Delivered,Bhopal
505994,12439,2025-12-15,Organic,Delivered,Kochi
505995,12647,2025-09-08,Paid Search,Delivered,Hyderabad
505996,12509,2024-12-26,Direct,Delivered,Kochi
505997,14415,2025-09-13,Organic,Delivered,Indore
505998,11902,2024-07-06,Organic,Delivered,Ahmedabad
505999,14822,2024-06-01,Email,Delivered,Lucknow
506000,12700,2025-08-01,Social,Delivered,Patna
506001,13440,2025-07-30,Organic,Delivered,Lucknow
506002,14626,2024-06-10,Email,Delivered,Chennai
506003,14073,2025-07-05,Direct,Delivered,Ghaziabad
506004,12193,2025-01-06,Direct,Cancelled,Hyderabad
506005,11022,2025-02-12,Organic,Delivered,Ahmedabad
506006,10689,2025-09-10,Direct,Delivered,Ghaziabad
506007,11819,2024-04-27,Email,Delivered,Noida
506008,13328,2024-10-22,Paid Search,Delivered,Lucknow
506009,13993,2024-07-30,Organic,Delivered,Bengaluru
506010,10157,2025-02-11,Direct,Delivered,Chandigarh
506011,12311,2024-04-25,Organic,Delivered,Chennai
506012,14701,2024-03-28,Organic,Delivered,Mumbai
506013,14111,2025-05-23,Email,Delivered,Pune
506014,14700,2024-02-10,Affiliate,Delivered,Jaipur
506015,14785,2024-11-01,Paid Search,Delivered,Mumbai
506016,10461,2025-12-21,Affiliate,Delivered,Gurugram
506017,13406,2025-12-31,Affiliate,Delivered,Gurugram
506018,12755,2024-05-10,Affiliate,Delivered,Lucknow
506019,12387,2025-11-08,Affiliate,Delivered,Jaipur
506020,13987,2024-09-02,Organic,Delivered,Pune
506021,14673,2024-05-25,Direct,Delivered,Jaipur
506022,12323,2025-01-03,Social,Delivered,Lucknow
506023,13244,2024-12-23,Paid Search,Delivered,Noida
506024,12394,2024-09-30,Organic,Delivered,Noida
506025,13179,2024-11-08,Social,Delivered,Chennai
506026,14852,2024-03-12,Organic,Delivered,Lucknow
506027,14058,2024-07-11,Social,Delivered,Kolkata
506028,11153,2024-05-23,Organic,Delivered,Noida
506029,14335,2025-11-12,Email,Delivered,Gurugram
506030,12632,2024-12-26,Organic,Delivered,Ahmedabad
506031,12922,2025-02-03,Social,Delivered,Kolkata
506032,10575,2024-11-16,Email,Delivered,Pune
506033,12225,2025-10-08,Paid Search,Delivered,Bhopal
506034,11513,2025-08-06,Direct,Delivered,Mumbai
506035,10440,2025-05-19,Social,Delivered,Indore
506036,14255,2024-08-15,Affiliate,Delivered,Delhi
506037,10646,2024-08-13,Paid Search,Delivered,Ghaziabad
506038,13583,2025-11-18,Affiliate,Delivered,Lucknow
506039,13726,2025-11-10,Direct,Delivered,Gurugram
506040,13061,2024-07-25,Paid Search,Delivered,Bhopal
506041,14202,2024-09-02,Direct,Delivered,Indore
506042,10570,2024-08-30,Organic,Delivered,Indore
506043,10081,2025-07-27,Direct,Delivered,Noida
506044,14254,2025-11-24,Social,Delivered,Lucknow
506045,10917,2025-10-10,Organic,Delivered,Gurugram
506046,11491,2025-09-06,Email,Delivered,Ghaziabad
506047,13450,2024-09-11,Organic,Delivered,Lucknow
506048,12675,2024-08-19,Direct,Delivered,Kochi
506049,11005,2025-10-11,Affiliate,Delivered,Pune
506050,11168,2024-10-15,Email,Delivered,Kochi
506051,14181,2024-06-06,Paid Search,Delivered,Gurugram
506052,12604,2025-09-07,Direct,Delivered,Kochi
506053,14613,2024-12-16,Direct,Delivered,Chennai
506054,12811,2024-03-03,Email,Delivered,Delhi
506055,13318,2025-10-17,Paid Search,Delivered,Kolkata
506056,11703,2024-08-03,Social,Delivered,Ghaziabad
506057,10150,2024-08-13,Paid Search,Delivered,Patna
506058,12530,2025-01-23,Direct,Delivered,Chandigarh
506059,13652,2024-07-16,Paid Search,Delivered,Chennai
506060,12031,2025-08-28,Paid Search,Delivered,Mumbai
506061,14301,2025-05-20,Organic,Delivered,Noida
506062,13488,2025-02-16,Paid Search,Cancelled,Kolkata
506063,12532,2024-05-26,Email,Delivered,Kolkata
506064,12720,2024-12-24,Direct,Delivered,Bengaluru
506065,11137,2024-07-18,Direct,Delivered,Lucknow
506066,14391,2025-12-04,Organic,Delivered,Kolkata
506067,10298,2025-08-02,Organic,Delivered,Bengaluru
506068,10249,2024-03-26,Paid Search,Delivered,Ahmedabad
506069,13921,2025-01-20,Affiliate,Delivered,Mumbai
506070,10134,2025-07-24,Direct,Delivered,Hyderabad
506071,12547,2025-01-17,Organic,Delivered,Ghaziabad
506072,10943,2024-04-02,Paid Search,Delivered,Jaipur
506073,13406,2024-04-12,Direct,Delivered,Mumbai
506074,10593,2025-06-19,Social,Delivered,Hyderabad
506075,11324,2025-01-18,Paid Search,Delivered,Delhi
506076,12630,2025-01-31,Paid Search,Delivered,Patna
506077,11889,2024-07-16,Organic,Delivered,Ahmedabad
506078,11001,2024-07-12,Organic,Delivered,Hyderabad
506079,10312,2024-10-24,Email,Delivered,Kolkata
506080,10081,2025-02-01,Email,Delivered,Lucknow
506081,10960,2024-12-08,Paid Search,Delivered,Delhi
506082,11414,2025-10-04,Social,Delivered,Kolkata
506083,10600,2024-05-18,Organic,Delivered,Jaipur
506084,12547,2024-12-11,Organic,Delivered,Ahmedabad
506085,14429,2024-06-20,Organic,Delivered,Kochi
506086,13572,2024-01-05,Organic,Delivered,Ahmedabad
506087,11536,2024-10-30,Direct,Delivered,Hyderabad
506088,12192,2024-02-11,Paid Search,Delivered,Kochi
506089,13848,2024-09-29,Organic,Delivered,Kochi
506090,14814,2025-04-07,Affiliate,Delivered,Ghaziabad
506091,12757,2024-10-01,Paid Search,Delivered,Indore
506092,10998,2025-05-10,Organic,Delivered,Delhi
506093,14338,2024-08-03,Organic,Delivered,Noida
506094,12571,2024-10-20,Organic,Delivered,Bhopal
506095,10149,2025-10-01,Organic,Delivered,Delhi
506096,11266,2024-06-26,Email,Delivered,Lucknow
506097,12664,2025-01-01,Paid Search,Delivered,Bengaluru
506098,14034,2025-06-07,Organic,Delivered,Bengaluru
506099,14261,2024-09-21,Affiliate,Delivered,Ghaziabad
506100,10939,2024-08-10,Organic,Delivered,Jaipur
506101,13615,2025-05-25,Paid Search,Delivered,Ahmedabad
506102,14809,2024-02-24,Organic,Delivered,Bengaluru
506103,13995,2024-07-13,Organic,Delivered,Pune
506104,13584,2024-10-26,Social,Delivered,Noida
506105,13980,2024-06-07,Organic,Cancelled,Ahmedabad
506106,12785,2025-01-29,Organic,Delivered,Kolkata
506107,13033,2025-03-28,Social,Delivered,Kochi
506108,12662,2025-12-06,Direct,Delivered,Mumbai
506109,14779,2025-03-15,Social,Cancelled,Ahmedabad
506110,11813,2025-03-08,Organic,Cancelled,Ghaziabad
506111,13884,2025-06-14,Paid Search,Delivered,Noida
506112,10106,2024-06-01,Paid Search,Delivered,Chennai
506113,12094,2024-12-09,Paid Search,Delivered,Noida
506114,14576,2025-08-31,Paid Search,Delivered,Chandigarh
506115,11217,2024-05-08,Social,Delivered,Lucknow
506116,13975,2024-08-01,Direct,Delivered,Patna
506117,12513,2024-06-09,Affiliate,Delivered,Gurugram
506118,10675,2025-12-02,Organic,Delivered,Chennai
506119,10533,2024-09-15,Affiliate,Delivered,Ghaziabad
506120,10611,2024-08-25,Paid Search,Delivered,Pune
506121,12328,2025-08-19,Affiliate,Delivered,Chennai
506122,11541,2025-10-26,Email,Delivered,Delhi
506123,14474,2024-01-04,Email,Delivered,Chandigarh
506124,13816,2025-10-04,Paid Search,Delivered,Jaipur
506125,10716,2025-05-31,Email,Delivered,Indore
506126,12516,2025-09-23,Social,Delivered,Bhopal
506127,13829,2024-03-04,Email,Delivered,Chennai
506128,13272,2024-01-29,Social,Delivered,Mumbai
506129,10047,2024-09-02,Organic,Delivered,Chandigarh
506130,10031,2025-09-13,Social,Delivered,Hyderabad
506131,12919,2024-12-30,Organic,Delivered,Gurugram
506132,14619,2025-06-11,Organic,Delivered,Chandigarh
506133,10253,2024-06-28,Social,Delivered,Gurugram
506134,10829,2024-09-01,Paid Search,Delivered,Ghaziabad
506135,10944,2025-10-03,Organic,Delivered,Hyderabad
506136,11595,2024-12-24,Organic,Delivered,Hyderabad
506137,14452,2025-07-23,Social,Delivered,Ghaziabad
506138,14736,2025-04-12,Direct,Delivered,Hyderabad
506139,11533,2024-05-08,Social,Delivered,Jaipur
506140,13665,2025-11-20,Affiliate,Delivered,Mumbai
506141,10051,2025-11-22,Paid Search,Cancelled,Chennai
506142,12556,2025-07-24,Organic,Delivered,Delhi
506143,13139,2024-12-09,Organic,Delivered,Pune
506144,14315,2024-11-09,Paid Search,Delivered,Ahmedabad
506145,14109,2024-08-05,Direct,Delivered,Mumbai
506146,10307,2025-04-16,Paid Search,Delivered,Mumbai
506147,12066,2024-08-14,Paid Search,Delivered,Chandigarh
506148,10382,2024-05-15,Email,Delivered,Pune
506149,10048,2024-02-14,Affiliate,Delivered,Ahmedabad
506150,10776,2024-11-05,Social,Delivered,Bhopal
506151,14666,2025-08-19,Paid Search,Delivered,Delhi
506152,11323,2025-08-01,Direct,Delivered,Delhi
506153,13698,2025-09-12,Paid Search,Delivered,Kolkata
506154,13546,2025-03-19,Paid Search,Cancelled,Indore
506155,14338,2025-09-26,Direct,Delivered,Kochi
506156,12663,2025-07-26,Direct,Delivered,Kolkata
506157,14876,2025-08-12,Direct,Delivered,Pune
506158,12131,2025-01-07,Social,Delivered,Ahmedabad
506159,13938,2024-03-03,Direct,Delivered,Lucknow
506160,13913,2024-10-04,Organic,Delivered,Kochi
506161,12718,2025-09-11,Direct,Delivered,Chennai
506162,11586,2025-06-26,Affiliate,Delivered,Noida
506163,10795,2024-01-10,Paid Search,Delivered,Bhopal
506164,10428,2024-03-09,Paid Search,Delivered,Delhi
506165,12497,2025-04-26,Affiliate,Delivered,Ghaziabad
506166,11984,2025-12-16,Paid Search,Delivered,Indore
506167,11046,2025-06-18,Direct,Delivered,Kolkata
506168,13833,2025-11-24,Direct,Delivered,Lucknow
506169,10813,2024-02-18,Affiliate,Delivered,Bhopal
506170,12371,2025-10-05,Paid Search,Delivered,Chandigarh
506171,12144,2024-04-03,Email,Delivered,Ghaziabad
506172,14886,2025-10-08,Affiliate,Delivered,Bengaluru
506173,10522,2025-12-13,Paid Search,Delivered,Hyderabad
506174,14281,2025-01-08,Organic,Delivered,Chennai
506175,13423,2025-01-24,Affiliate,Delivered,Gurugram
506176,13955,2024-12-29,Paid Search,Delivered,Patna
506177,13890,2025-02-08,Organic,Delivered,Lucknow
506178,13866,2025-08-22,Organic,Delivered,Ahmedabad
506179,12176,2024-07-24,Paid Search,Delivered,Kochi
506180,12906,2024-07-26,Social,Delivered,Lucknow
506181,11825,2025-12-08,Organic,Delivered,Gurugram
506182,14506,2025-09-13,Social,Delivered,Ghaziabad
506183,11129,2025-01-29,Direct,Delivered,Bhopal
506184,12950,2024-05-26,Social,Delivered,Lucknow
506185,11056,2025-11-29,Social,Delivered,Kolkata
506186,11863,2025-10-04,Paid Search,Cancelled,Chandigarh
506187,14817,2024-08-28,Paid Search,Delivered,Mumbai
506188,10980,2025-01-30,Social,Delivered,Chennai
506189,14430,2024-11-02,Direct,Delivered,Bengaluru
506190,14066,2025-09-08,Direct,Delivered,Patna
506191,11832,2025-05-17,Social,Delivered,Bhopal
506192,11856,2024-12-26,Organic,Delivered,Delhi
506193,10028,2025-12-08,Email,Delivered,Chennai
506194,13955,2025-03-20,Direct,Delivered,Jaipur
506195,13331,2024-12-19,Direct,Delivered,Kochi
506196,14916,2025-11-08,Direct,Delivered,Kochi
506197,11458,2024-11-24,Paid Search,Delivered,Noida
506198,11994,2024-11-01,Direct,Delivered,Ghaziabad
506199,13434,2024-10-11,Organic,Delivered,Pune
506200,11704,2024-06-10,Organic,Delivered,Jaipur
506201,11594,2024-07-23,Email,Delivered,Patna
506202,10851,2024-03-07,Organic,Delivered,Kochi
506203,14941,2025-06-16,Paid Search,Delivered,Lucknow
506204,12377,2025-03-07,Organic,Delivered,Mumbai
506205,13848,2025-11-12,Organic,Delivered,Pune
506206,13271,2025-03-22,Organic,Delivered,Ahmedabad
506207,12998,2024-02-28,Social,Delivered,Pune
506208,11564,2025-03-29,Paid Search,Cancelled,Patna
506209,11577,2024-05-08,Social,Delivered,Lucknow
506210,12429,2024-01-28,Email,Delivered,Gurugram
506211,10677,2025-04-29,Organic,Delivered,Indore
506212,12686,2024-01-21,Direct,Delivered,Kolkata
506213,10455,2024-10-26,Organic,Delivered,Indore
506214,11377,2025-10-16,Direct,Delivered,Kochi
506215,13166,2024-07-06,Direct,Delivered,Kolkata
506216,10118,2025-05-23,Direct,Delivered,Chandigarh
506217,10225,2024-10-02,Social,Delivered,Noida
506218,11079,2024-03-23,Affiliate,Delivered,Kochi
506219,13780,2024-05-24,Organic,Delivered,Gurugram
506220,14016,2024-02-24,Direct,Delivered,Noida
506221,10005,2024-04-20,Organic,Delivered,Indore
506222,11391,2024-04-28,Social,Delivered,Delhi
506223,10284,2025-10-07,Social,Delivered,Bhopal
506224,10070,2025-08-12,Affiliate,Delivered,Kochi
506225,14711,2024-09-15,Affiliate,Delivered,Indore
506226,12125,2025-06-12,Paid Search,Delivered,Indore
506227,13977,2024-05-29,Organic,Delivered,Kolkata
506228,13413,2025-04-11,Affiliate,Delivered,Lucknow
506229,12248,2024-05-27,Direct,Delivered,Bengaluru
506230,13763,2025-04-13,Organic,Delivered,Bengaluru
506231,11244,2024-09-18,Affiliate,Delivered,Jaipur
506232,12070,2025-09-19,Social,Delivered,Bhopal
506233,11894,2025-09-02,Paid Search,Delivered,Noida
506234,12860,2024-08-31,Organic,Delivered,Ghaziabad
506235,11053,2024-01-31,Email,Delivered,Kochi
506236,13728,2024-08-23,Organic,Cancelled,Delhi
506237,14210,2024-07-25,Direct,Cancelled,Delhi
506238,14447,2024-11-06,Paid Search,Delivered,Jaipur
506239,14471,2025-02-23,Social,Delivered,Hyderabad
506240,13200,2025-12-24,Paid Search,Delivered,Kochi
506241,13990,2024-02-15,Email,Delivered,Pune
506242,13455,2025-02-09,Organic,Delivered,Noida
506243,14767,2024-05-05,Paid Search,Delivered,Delhi
506244,10494,2025-02-03,Social,Delivered,Gurugram
506245,10993,2025-04-10,Social,Delivered,Kochi
506246,12103,2025-08-14,Social,Delivered,Ghaziabad
506247,13105,2025-02-13,Organic,Delivered,Jaipur
506248,14445,2024-05-10,Organic,Delivered,Lucknow
506249,10474,2025-10-29,Paid Search,Delivered,Ahmedabad
506250,10804,2024-10-23,Organic,Delivered,Gurugram
506251,14304,2024-12-16,Organic,Delivered,Bengaluru
506252,11550,2025-04-13,Organic,Delivered,Hyderabad
506253,10085,2024-07-12,Social,Delivered,Noida
506254,13390,2025-12-23,Organic,Delivered,Kolkata
506255,14389,2024-02-02,Paid Search,Delivered,Bhopal
506256,14511,2024-04-22,Affiliate,Delivered,Patna
506257,14272,2025-12-24,Affiliate,Delivered,Patna
506258,10296,2024-11-26,Social,Delivered,Chennai
506259,10675,2025-10-14,Organic,Delivered,Pune
506260,14353,2025-10-23,Social,Delivered,Ahmedabad
506261,13465,2025-12-24,Paid Search,Delivered,Indore
506262,11102,2025-06-14,Social,Delivered,Mumbai
506263,11939,2025-05-14,Direct,Delivered,Gurugram
506264,14305,2025-03-24,Social,Delivered,Patna
506265,14645,2025-05-14,Direct,Delivered,Bhopal
506266,14447,2024-07-06,Organic,Delivered,Chennai
506267,12303,2025-08-18,Paid Search,Delivered,Ahmedabad
506268,13878,2024-05-16,Organic,Delivered,Noida
506269,10226,2024-12-16,Organic,Delivered,Pune
506270,14620,2024-09-30,Organic,Delivered,Ahmedabad
506271,11110,2025-07-10,Direct,Delivered,Kolkata
506272,14806,2024-07-05,Social,Delivered,Kolkata
506273,10082,2024-05-30,Direct,Delivered,Kolkata
506274,14626,2025-08-13,Direct,Delivered,Hyderabad
506275,12634,2024-12-21,Affiliate,Delivered,Jaipur
506276,12566,2025-06-10,Direct,Delivered,Kochi
506277,13383,2025-10-04,Paid Search,Delivered,Chennai
506278,12319,2025-09-02,Direct,Delivered,Pune
506279,14755,2024-10-19,Email,Delivered,Chennai
506280,10527,2024-05-05,Social,Delivered,Ahmedabad
506281,13281,2025-12-02,Email,Delivered,Mumbai
506282,11081,2024-08-14,Direct,Delivered,Hyderabad
506283,10187,2025-07-16,Direct,Delivered,Pune
506284,13262,2025-07-15,Organic,Delivered,Ghaziabad
506285,13390,2024-11-19,Organic,Delivered,Kolkata
506286,10637,2024-04-29,Paid Search,Delivered,Mumbai
506287,13634,2024-12-11,Affiliate,Delivered,Lucknow
506288,14712,2024-04-16,Organic,Delivered,Ghaziabad
506289,13478,2024-09-14,Email,Delivered,Ghaziabad
506290,11136,2024-10-07,Paid Search,Delivered,Lucknow
506291,10424,2025-01-13,Direct,Delivered,Hyderabad
506292,10440,2024-05-16,Affiliate,Delivered,Ghaziabad
506293,13094,2025-09-10,Social,Delivered,Bhopal
506294,11177,2024-02-27,Paid Search,Delivered,Delhi
506295,11857,2025-12-21,Direct,Delivered,Chandigarh
506296,10245,2024-08-16,Paid Search,Delivered,Gurugram
506297,12204,2024-12-23,Social,Delivered,Pune
506298,10831,2025-10-02,Direct,Delivered,Delhi
506299,12140,2025-04-23,Social,Delivered,Lucknow
506300,12939,2024-02-11,Direct,Delivered,Patna
506301,14805,2025-03-17,Paid Search,Delivered,Chandigarh
506302,11446,2025-02-17,Email,Delivered,Indore
506303,11606,2025-11-12,Direct,Delivered,Ahmedabad
506304,14006,2025-02-15,Affiliate,Delivered,Bengaluru
506305,14765,2025-12-26,Direct,Delivered,Noida
506306,12024,2025-01-23,Direct,Delivered,Noida
506307,11729,2024-05-20,Organic,Delivered,Noida
506308,13570,2025-01-04,Paid Search,Delivered,Kochi
506309,13759,2025-11-01,Affiliate,Delivered,Chandigarh
506310,13542,2024-01-13,Direct,Delivered,Chennai
506311,13200,2024-10-18,Affiliate,Delivered,Chandigarh
506312,10679,2024-02-04,Paid Search,Delivered,Mumbai
506313,11312,2025-09-07,Email,Delivered,Kolkata
506314,10283,2025-01-08,Email,Delivered,Ahmedabad
506315,11950,2025-06-07,Paid Search,Delivered,Ahmedabad
506316,14210,2025-12-08,Social,Delivered,Bengaluru
506317,11119,2025-08-31,Direct,Delivered,Chennai
506318,13505,2024-10-25,Social,Delivered,Chandigarh
506319,12105,2025-11-14,Organic,Delivered,Delhi
506320,10875,2024-12-11,Social,Delivered,Patna
506321,11116,2025-12-16,Organic,Delivered,Indore
506322,13400,2025-12-18,Email,Delivered,Jaipur
506323,13955,2024-06-11,Direct,Delivered,Hyderabad
506324,11648,2025-07-23,Email,Delivered,Kochi
506325,14589,2025-05-25,Direct,Cancelled,Kochi
506326,10284,2025-07-16,Email,Delivered,Hyderabad
506327,12874,2024-05-02,Paid Search,Delivered,Indore
506328,11144,2025-01-03,Social,Delivered,Patna
506329,14460,2024-04-20,Social,Delivered,Bhopal
506330,13780,2025-10-18,Paid Search,Delivered,Pune
506331,10294,2025-09-30,Organic,Delivered,Ghaziabad
506332,11954,2025-02-28,Email,Delivered,Patna
506333,13730,2024-04-04,Organic,Cancelled,Noida
506334,12725,2025-04-25,Organic,Delivered,Patna
506335,12449,2024-11-17,Social,Delivered,Hyderabad
506336,10683,2025-07-29,Direct,Delivered,Kolkata
506337,12854,2024-03-13,Paid Search,Delivered,Kochi
506338,10464,2024-10-24,Affiliate,Delivered,Delhi
506339,11594,2024-09-21,Paid Search,Delivered,Bhopal
506340,11197,2025-11-27,Organic,Delivered,Pune
506341,13285,2024-08-06,Organic,Delivered,Bengaluru
506342,12363,2025-12-23,Organic,Delivered,Ahmedabad
506343,12127,2025-11-04,Paid Search,Delivered,Ahmedabad
506344,14235,2025-03-05,Paid Search,Delivered,Kochi
506345,11949,2024-05-07,Email,Delivered,Kolkata
506346,13817,2024-06-11,Organic,Delivered,Gurugram
506347,14441,2024-01-13,Paid Search,Delivered,Pune
506348,10801,2025-07-20,Organic,Delivered,Ghaziabad
506349,13723,2025-06-14,Direct,Delivered,Indore
506350,10358,2024-08-23,Paid Search,Delivered,Ghaziabad
506351,13206,2025-06-18,Social,Delivered,Ghaziabad
506352,11128,2025-02-25,Email,Delivered,Ahmedabad
506353,11280,2025-08-19,Paid Search,Delivered,Chandigarh
506354,14262,2024-03-04,Organic,Delivered,Gurugram
506355,10933,2024-05-25,Social,Delivered,Pune
506356,12580,2025-08-13,Direct,Delivered,Pune
506357,13906,2024-09-27,Direct,Cancelled,Delhi
506358,14035,2025-12-02,Paid Search,Cancelled,Chandigarh
506359,11024,2025-10-05,Paid Search,Delivered,Delhi
506360,11848,2024-03-09,Paid Search,Delivered,Ghaziabad
506361,12810,2024-10-22,Paid Search,Delivered,Ahmedabad
506362,12953,2025-06-18,Direct,Delivered,Chandigarh
506363,10818,2024-04-09,Organic,Delivered,Mumbai
506364,12974,2025-09-21,Organic,Delivered,Bengaluru
506365,10007,2024-03-12,Organic,Cancelled,Chandigarh
506366,13134,2024-03-21,Direct,Delivered,Lucknow
506367,13679,2025-02-01,Social,Delivered,Patna
506368,12351,2024-06-29,Organic,Delivered,Hyderabad
506369,11227,2025-04-12,Paid Search,Delivered,Delhi
506370,11197,2024-10-13,Organic,Delivered,Pune
506371,13451,2024-07-16,Organic,Delivered,Hyderabad
506372,12143,2025-09-03,Direct,Delivered,Indore
506373,14645,2024-04-26,Email,Delivered,Noida
506374,14874,2024-12-26,Email,Delivered,Ahmedabad
506375,12172,2024-05-03,Social,Delivered,Kochi
506376,11361,2024-04-10,Social,Delivered,Delhi
506377,14061,2024-05-29,Affiliate,Delivered,Indore
506378,13625,2024-07-06,Organic,Delivered,Patna
506379,10823,2024-10-28,Email,Delivered,Delhi
506380,14724,2024-12-07,Social,Delivered,Mumbai
506381,11002,2024-04-11,Paid Search,Delivered,Hyderabad
506382,12832,2024-01-29,Organic,Delivered,Jaipur
506383,10935,2024-03-10,Direct,Delivered,Ahmedabad
506384,12447,2025-04-06,Direct,Delivered,Jaipur
506385,13124,2025-12-12,Organic,Delivered,Indore
506386,10605,2024-01-19,Organic,Delivered,Ahmedabad
506387,11297,2024-01-26,Email,Delivered,Kochi
506388,13767,2025-07-24,Affiliate,Delivered,Delhi
506389,14780,2025-06-13,Social,Delivered,Hyderabad
506390,14558,2025-06-20,Direct,Delivered,Chennai
506391,13760,2024-05-06,Direct,Delivered,Mumbai
506392,14904,2025-09-24,Organic,Delivered,Bengaluru
506393,10825,2025-03-31,Organic,Delivered,Mumbai
506394,11009,2024-04-25,Organic,Delivered,Bengaluru
506395,12028,2024-03-25,Direct,Delivered,Ahmedabad
506396,14601,2025-03-16,Social,Delivered,Bengaluru
506397,13995,2025-07-23,Direct,Delivered,Jaipur
506398,11852,2025-07-24,Email,Delivered,Indore
506399,10082,2025-03-05,Affiliate,Delivered,Jaipur
506400,13096,2025-01-12,Organic,Delivered,Mumbai
506401,11545,2025-05-23,Organic,Delivered,Lucknow
506402,11119,2024-04-05,Direct,Delivered,Pune
506403,11071,2024-09-23,Social,Delivered,Bhopal
506404,11242,2024-03-13,Direct,Delivered,Noida
506405,11596,2025-09-05,Paid Search,Delivered,Chennai
506406,13095,2025-03-18,Email,Delivered,Delhi
506407,10819,2025-07-22,Social,Delivered,Ahmedabad
506408,12425,2024-12-29,Organic,Delivered,Lucknow
506409,14606,2025-11-10,Social,Delivered,Mumbai
506410,14822,2025-11-10,Direct,Delivered,Jaipur
506411,14148,2025-03-26,Social,Delivered,Chandigarh
506412,11323,2025-09-01,Social,Delivered,Bhopal
506413,10732,2025-04-27,Email,Delivered,Gurugram
506414,14391,2025-06-13,Affiliate,Delivered,Bengaluru
506415,12020,2024-06-29,Affiliate,Delivered,Chennai
506416,12303,2025-12-19,Social,Delivered,Mumbai
506417,12132,2024-05-14,Paid Search,Delivered,Lucknow
506418,10673,2025-05-22,Social,Delivered,Bengaluru
506419,13607,2025-03-19,Direct,Delivered,Mumbai
506420,11196,2024-03-08,Direct,Delivered,Jaipur
506421,11166,2025-07-20,Email,Delivered,Gurugram
506422,13779,2024-02-26,Paid Search,Delivered,Mumbai
506423,13565,2025-01-07,Direct,Delivered,Hyderabad
506424,14134,2025-08-19,Organic,Delivered,Ghaziabad
506425,13531,2024-04-01,Organic,Cancelled,Lucknow
506426,10198,2024-09-20,Paid Search,Delivered,Indore
506427,12087,2025-01-06,Email,Delivered,Mumbai
506428,12051,2025-11-06,Organic,Delivered,Lucknow
506429,11608,2024-10-06,Paid Search,Delivered,Jaipur
506430,12471,2024-03-27,Affiliate,Delivered,Kolkata
506431,12486,2024-04-06,Email,Delivered,Ghaziabad
506432,13076,2024-05-25,Organic,Delivered,Jaipur
506433,14800,2025-09-25,Organic,Delivered,Patna
506434,13254,2025-07-19,Email,Delivered,Chennai
506435,14664,2024-11-01,Organic,Delivered,Indore
506436,14153,2025-09-11,Organic,Delivered,Bhopal
506437,13671,2025-11-02,Direct,Delivered,Patna
506438,11367,2025-09-25,Email,Delivered,Pune
506439,12890,2024-01-04,Paid Search,Delivered,Kolkata
506440,10560,2024-03-13,Social,Delivered,Bhopal
506441,14620,2025-06-14,Email,Delivered,Gurugram
506442,10933,2024-10-06,Social,Delivered,Kochi
506443,11193,2024-04-26,Email,Delivered,Kolkata
506444,14685,2025-04-17,Email,Cancelled,Chennai
506445,10609,2024-09-16,Organic,Delivered,Gurugram
506446,12734,2025-11-02,Paid Search,Delivered,Bhopal
506447,12873,2025-02-25,Paid Search,Delivered,Patna
506448,11096,2024-06-23,Affiliate,Delivered,Bhopal
506449,11949,2025-11-14,Affiliate,Delivered,Kochi
506450,13930,2025-03-14,Affiliate,Delivered,Ghaziabad
506451,13558,2024-08-04,Paid Search,Delivered,Delhi
506452,12936,2024-04-14,Social,Delivered,Bhopal
506453,12720,2025-02-09,Email,Delivered,Pune
506454,11837,2025-06-30,Paid Search,Delivered,Ahmedabad
506455,13118,2025-09-03,Direct,Delivered,Chandigarh
506456,10092,2024-04-03,Paid Search,Delivered,Noida
506457,10352,2024-11-11,Social,Delivered,Ghaziabad
506458,13914,2025-12-31,Affiliate,Delivered,Ahmedabad
506459,10872,2025-04-28,Affiliate,Delivered,Chennai
506460,13588,2024-03-08,Social,Delivered,Kochi
506461,10081,2025-11-01,Paid Search,Delivered,Gurugram
506462,11311,2025-05-15,Email,Delivered,Lucknow
506463,14691,2024-12-02,Paid Search,Delivered,Pune
506464,11329,2025-07-22,Social,Delivered,Chennai
506465,14914,2025-04-18,Affiliate,Delivered,Ghaziabad
506466,11358,2024-07-07,Organic,Delivered,Gurugram
506467,13181,2025-08-05,Email,Delivered,Indore
506468,13353,2024-07-05,Organic,Delivered,Chandigarh
506469,13169,2024-06-16,Affiliate,Delivered,Lucknow
506470,11471,2025-03-11,Organic,Delivered,Bhopal
506471,13795,2024-01-14,Social,Delivered,Noida
506472,11552,2025-04-05,Paid Search,Delivered,Delhi
506473,14072,2025-02-06,Paid Search,Delivered,Bengaluru
506474,11884,2025-06-10,Email,Delivered,Chandigarh
506475,14185,2024-04-26,Paid Search,Delivered,Bhopal
506476,14902,2025-02-28,Social,Delivered,Lucknow
506477,13775,2024-11-18,Direct,Delivered,Kochi
506478,12301,2024-05-07,Organic,Delivered,Chandigarh
506479,12115,2024-11-26,Paid Search,Delivered,Indore
506480,11887,2025-11-06,Social,Delivered,Lucknow
506481,11757,2025-08-25,Affiliate,Delivered,Gurugram
506482,12351,2024-05-01,Paid Search,Delivered,Pune
506483,12429,2025-09-10,Paid Search,Delivered,Patna
506484,13597,2025-02-17,Affiliate,Delivered,Delhi
506485,14449,2024-02-04,Social,Delivered,Delhi
506486,14419,2025-11-03,Direct,Delivered,Pune
506487,13022,2025-01-19,Organic,Delivered,Hyderabad
506488,14955,2025-10-29,Paid Search,Delivered,Ghaziabad
506489,14469,2024-03-12,Social,Delivered,Gurugram
506490,12431,2024-05-02,Organic,Delivered,Delhi
506491,12062,2025-10-21,Social,Delivered,Hyderabad
506492,12301,2024-06-23,Organic,Delivered,Patna
506493,10118,2025-02-05,Social,Delivered,Ghaziabad
506494,11652,2025-03-15,Direct,Delivered,Ahmedabad
506495,11915,2025-11-24,Direct,Delivered,Kolkata
506496,13896,2024-09-03,Paid Search,Delivered,Mumbai
506497,11313,2025-07-04,Organic,Delivered,Ahmedabad
506498,13278,2025-06-18,Direct,Delivered,Bhopal
506499,11611,2025-05-27,Social,Delivered,Lucknow
506500,11817,2025-01-16,Social,Delivered,Hyderabad
506501,10345,2024-02-21,Affiliate,Delivered,Kochi
506502,12593,2024-07-13,Paid Search,Delivered,Mumbai
506503,10487,2025-02-14,Paid Search,Delivered,Delhi
506504,11030,2024-10-27,Direct,Delivered,Mumbai
506505,12509,2024-05-14,Social,Delivered,Mumbai
506506,13470,2025-05-20,Affiliate,Delivered,Lucknow
506507,12021,2024-12-03,Direct,Delivered,Indore
506508,11261,2025-07-27,Paid Search,Delivered,Pune
506509,14487,2025-02-04,Direct,Delivered,Gurugram
506510,11748,2024-09-27,Paid Search,Delivered,Bhopal
506511,11605,2024-03-20,Direct,Cancelled,Ghaziabad
506512,10341,2024-03-17,Paid Search,Cancelled,Lucknow
506513,11760,2025-01-05,Paid Search,Delivered,Delhi
506514,11100,2024-09-15,Email,Delivered,Pune
506515,11770,2025-06-09,Direct,Delivered,Patna
506516,10975,2025-04-05,Affiliate,Delivered,Noida
506517,10984,2024-07-26,Affiliate,Delivered,Jaipur
506518,13677,2025-07-09,Direct,Delivered,Patna
506519,12373,2025-02-17,Social,Delivered,Ghaziabad
506520,13473,2025-10-05,Direct,Delivered,Bhopal
506521,12884,2025-11-27,Organic,Delivered,Bengaluru
506522,12691,2025-12-04,Organic,Delivered,Bengaluru
506523,12333,2024-04-02,Paid Search,Delivered,Bhopal
506524,11936,2025-01-21,Direct,Delivered,Bhopal
506525,11311,2024-01-22,Organic,Delivered,Pune
506526,14448,2025-10-05,Paid Search,Delivered,Kolkata
506527,12046,2025-05-28,Organic,Delivered,Chennai
506528,14421,2024-07-10,Organic,Delivered,Kolkata
506529,13841,2025-03-19,Social,Delivered,Delhi
506530,13015,2025-02-13,Organic,Delivered,Lucknow
506531,14215,2025-02-01,Direct,Delivered,Chandigarh
506532,13290,2025-01-29,Direct,Delivered,Chandigarh
506533,14079,2025-12-20,Email,Delivered,Lucknow
506534,13983,2025-07-15,Paid Search,Delivered,Ahmedabad
506535,13230,2024-10-21,Direct,Delivered,Bengaluru
506536,13614,2025-07-19,Social,Delivered,Ghaziabad
506537,14088,2024-04-13,Organic,Delivered,Jaipur
506538,11125,2024-07-27,Paid Search,Delivered,Hyderabad
506539,14384,2024-03-26,Paid Search,Delivered,Jaipur
506540,12517,2025-10-09,Social,Delivered,Pune
506541,10612,2024-01-18,Paid Search,Delivered,Mumbai
506542,10760,2025-10-13,Affiliate,Delivered,Kochi
506543,13752,2025-08-31,Email,Delivered,Bhopal
506544,14047,2025-11-24,Paid Search,Delivered,Ahmedabad
506545,13271,2025-07-13,Paid Search,Cancelled,Patna
506546,13268,2024-11-30,Email,Delivered,Chandigarh
506547,14329,2025-08-16,Paid Search,Delivered,Ahmedabad
506548,14896,2025-12-22,Organic,Delivered,Mumbai
506549,14160,2025-10-14,Email,Delivered,Kochi
506550,10683,2025-07-27,Paid Search,Delivered,Delhi
506551,14012,2025-07-14,Organic,Delivered,Patna
506552,12551,2025-04-22,Social,Delivered,Delhi
506553,13993,2025-10-13,Social,Delivered,Indore
506554,13621,2024-11-11,Organic,Delivered,Gurugram
506555,13390,2025-01-01,Affiliate,Delivered,Chandigarh
506556,14337,2025-09-07,Social,Delivered,Mumbai
506557,10757,2024-07-10,Organic,Delivered,Patna
506558,14267,2025-07-12,Direct,Delivered,Noida
506559,11738,2024-03-21,Social,Delivered,Bhopal
506560,11010,2025-03-04,Direct,Delivered,Chennai
506561,13601,2024-01-26,Paid Search,Delivered,Jaipur
506562,14912,2025-12-29,Paid Search,Delivered,Bengaluru
506563,10440,2025-09-07,Email,Delivered,Gurugram
506564,14907,2024-07-01,Direct,Delivered,Gurugram
506565,11713,2024-04-19,Affiliate,Delivered,Bengaluru
506566,14846,2025-04-14,Email,Delivered,Lucknow
506567,10247,2025-10-21,Affiliate,Delivered,Noida
506568,13069,2024-08-22,Organic,Delivered,Patna
506569,12673,2025-12-03,Email,Delivered,Mumbai
506570,14160,2024-11-30,Social,Delivered,Chandigarh
506571,12360,2024-11-18,Paid Search,Delivered,Ghaziabad
506572,10381,2024-09-04,Paid Search,Delivered,Pune
506573,10920,2024-07-16,Paid Search,Delivered,Hyderabad
506574,11278,2024-09-01,Organic,Delivered,Bengaluru
506575,14357,2024-05-06,Paid Search,Delivered,Mumbai
506576,10460,2024-10-02,Organic,Delivered,Ghaziabad
506577,14196,2024-07-30,Email,Delivered,Gurugram
506578,12528,2024-02-11,Social,Delivered,Kolkata
506579,12827,2024-09-22,Organic,Cancelled,Patna
506580,14824,2024-01-30,Email,Delivered,Bengaluru
506581,13836,2024-05-12,Organic,Delivered,Bengaluru
506582,13246,2025-06-13,Social,Delivered,Noida
506583,14122,2024-01-19,Direct,Delivered,Chandigarh
506584,12307,2024-08-15,Affiliate,Delivered,Ghaziabad
506585,14656,2025-05-15,Social,Delivered,Kochi
506586,13965,2024-01-16,Social,Delivered,Pune
506587,14885,2025-06-22,Organic,Delivered,Kolkata
506588,12752,2024-02-29,Paid Search,Delivered,Gurugram
506589,13214,2024-02-10,Paid Search,Delivered,Chennai
506590,12289,2024-05-23,Social,Delivered,Mumbai
506591,14626,2025-09-20,Direct,Delivered,Chandigarh
506592,13147,2024-02-05,Affiliate,Delivered,Chandigarh
506593,10793,2024-03-13,Social,Delivered,Hyderabad
506594,12560,2025-11-22,Email,Delivered,Mumbai
506595,10666,2025-03-21,Affiliate,Delivered,Mumbai
506596,13208,2025-02-19,Social,Delivered,Gurugram
506597,13498,2024-01-30,Direct,Delivered,Mumbai
506598,14014,2024-10-15,Email,Delivered,Ahmedabad
506599,10768,2025-02-25,Affiliate,Delivered,Delhi
506600,12313,2025-01-24,Organic,Delivered,Bengaluru
506601,11772,2025-01-16,Social,Delivered,Bhopal
506602,12076,2024-03-23,Paid Search,Delivered,Delhi
506603,14699,2025-12-23,Organic,Delivered,Patna
506604,12794,2025-05-28,Email,Delivered,Bhopal
506605,12217,2024-06-25,Direct,Delivered,Ghaziabad
506606,14524,2025-12-09,Affiliate,Delivered,Bhopal
506607,12660,2024-08-08,Organic,Delivered,Indore
506608,12115,2024-04-05,Organic,Delivered,Kolkata
506609,12702,2025-10-14,Paid Search,Delivered,Jaipur
506610,14239,2024-04-21,Paid Search,Delivered,Ghaziabad
506611,12264,2024-02-14,Organic,Delivered,Indore
506612,13086,2025-04-04,Organic,Delivered,Bhopal
506613,10894,2024-07-12,Paid Search,Delivered,Pune
506614,10062,2024-04-21,Organic,Delivered,Mumbai
506615,10337,2024-03-15,Organic,Delivered,Lucknow
506616,12382,2024-04-02,Direct,Delivered,Lucknow
506617,13593,2025-12-03,Direct,Delivered,Bhopal
506618,11053,2025-05-05,Affiliate,Delivered,Ahmedabad
506619,14716,2025-09-08,Paid Search,Delivered,Pune
506620,10752,2025-03-28,Organic,Delivered,Hyderabad
506621,13482,2025-02-01,Social,Delivered,Mumbai
506622,11173,2024-06-08,Affiliate,Delivered,Chennai
506623,10296,2025-12-08,Email,Delivered,Kolkata
506624,13563,2025-08-24,Affiliate,Delivered,Patna
506625,12591,2025-01-21,Social,Delivered,Chandigarh
506626,13137,2024-03-17,Direct,Delivered,Gurugram
506627,14708,2025-07-09,Affiliate,Delivered,Delhi
506628,12685,2024-08-31,Organic,Delivered,Ghaziabad
506629,14207,2024-06-01,Paid Search,Delivered,Mumbai
506630,12477,2025-06-24,Social,Delivered,Ghaziabad
506631,11746,2025-09-03,Organic,Delivered,Ahmedabad
506632,11946,2025-03-24,Paid Search,Delivered,Ahmedabad
506633,11725,2024-02-24,Email,Delivered,Kolkata
506634,14433,2025-03-14,Social,Delivered,Indore
506635,12557,2025-11-02,Direct,Delivered,Delhi
506636,14663,2025-05-16,Paid Search,Delivered,Chandigarh
506637,11257,2024-07-13,Direct,Delivered,Pune
506638,13823,2025-04-17,Paid Search,Delivered,Ahmedabad
506639,10578,2024-07-01,Direct,Delivered,Gurugram
506640,11442,2025-10-01,Paid Search,Delivered,Bengaluru
506641,10167,2025-09-10,Social,Delivered,Bengaluru
506642,14570,2025-02-19,Direct,Delivered,Mumbai
506643,11492,2024-04-08,Paid Search,Delivered,Chennai
506644,14096,2024-10-20,Direct,Delivered,Indore
506645,12129,2024-03-29,Social,Delivered,Bengaluru
506646,10621,2025-07-14,Paid Search,Delivered,Gurugram
506647,11719,2025-05-12,Email,Delivered,Lucknow
506648,11709,2024-07-08,Organic,Delivered,Jaipur
506649,12545,2025-09-17,Email,Delivered,Indore
506650,11639,2025-07-09,Organic,Delivered,Bengaluru
506651,13381,2025-11-15,Email,Delivered,Delhi
506652,13651,2024-07-23,Email,Delivered,Chandigarh
506653,10777,2024-05-07,Organic,Delivered,Bengaluru
506654,12620,2024-12-17,Organic,Delivered,Kolkata
506655,12894,2024-07-12,Social,Delivered,Gurugram
506656,11335,2025-06-24,Organic,Delivered,Chandigarh
506657,13859,2024-11-07,Email,Delivered,Gurugram
506658,11154,2025-04-03,Direct,Delivered,Gurugram
506659,14358,2024-05-05,Organic,Delivered,Kolkata
506660,12288,2024-03-03,Social,Delivered,Patna
506661,11831,2025-11-16,Direct,Delivered,Chennai
506662,13330,2024-11-22,Direct,Delivered,Mumbai
506663,13099,2024-04-11,Organic,Delivered,Bhopal
506664,12544,2025-08-16,Affiliate,Delivered,Ghaziabad
506665,13434,2024-04-07,Paid Search,Delivered,Lucknow
506666,11306,2025-12-29,Affiliate,Delivered,Indore
506667,14045,2024-10-09,Paid Search,Delivered,Chandigarh
506668,13100,2024-12-07,Organic,Delivered,Pune
506669,11065,2024-07-08,Social,Delivered,Delhi
506670,14995,2024-03-03,Organic,Delivered,Chandigarh
506671,14328,2024-10-25,Paid Search,Delivered,Gurugram
506672,10884,2024-09-24,Paid Search,Delivered,Pune
506673,13923,2024-11-23,Direct,Delivered,Kolkata
506674,12642,2024-12-24,Social,Delivered,Ghaziabad
506675,13848,2025-04-05,Email,Delivered,Mumbai
506676,11879,2024-02-23,Organic,Delivered,Gurugram
506677,11222,2024-09-22,Direct,Delivered,Hyderabad
506678,11093,2025-09-23,Social,Delivered,Patna
506679,10331,2025-11-26,Organic,Delivered,Bengaluru
506680,14378,2025-01-28,Social,Delivered,Kochi
506681,11563,2024-09-24,Paid Search,Delivered,Jaipur
506682,14789,2024-10-31,Paid Search,Delivered,Kochi
506683,11130,2025-07-25,Paid Search,Delivered,Indore
506684,11751,2024-10-17,Social,Delivered,Gurugram
506685,14395,2025-11-21,Paid Search,Delivered,Hyderabad
506686,11737,2024-01-21,Affiliate,Delivered,Noida
506687,13793,2025-03-18,Organic,Delivered,Hyderabad
506688,10459,2025-01-14,Organic,Delivered,Gurugram
506689,14771,2024-11-26,Organic,Delivered,Kolkata
506690,13089,2024-12-13,Paid Search,Delivered,Chandigarh
506691,13752,2024-04-26,Organic,Delivered,Pune
506692,10133,2024-09-09,Organic,Delivered,Indore
506693,14823,2024-09-15,Paid Search,Delivered,Jaipur
506694,12482,2025-04-26,Direct,Delivered,Pune
506695,11060,2025-03-13,Organic,Delivered,Kochi
506696,10765,2024-10-27,Organic,Delivered,Gurugram
506697,10436,2025-01-13,Social,Delivered,Hyderabad
506698,13362,2025-02-21,Social,Delivered,Hyderabad
506699,11065,2024-02-04,Organic,Delivered,Indore
506700,14645,2025-10-08,Direct,Delivered,Mumbai
506701,11139,2025-10-14,Email,Delivered,Bengaluru
506702,10444,2024-09-23,Social,Delivered,Indore
506703,14264,2025-07-10,Social,Delivered,Bengaluru
506704,13889,2024-10-17,Affiliate,Delivered,Noida
506705,12595,2024-02-19,Organic,Delivered,Patna
506706,14153,2025-09-24,Direct,Delivered,Jaipur
506707,13630,2024-07-14,Organic,Delivered,Kochi
506708,10882,2024-09-18,Social,Delivered,Ahmedabad
506709,12079,2025-02-24,Paid Search,Delivered,Chandigarh
506710,14614,2024-11-17,Email,Delivered,Chennai
506711,13391,2024-07-13,Direct,Delivered,Kolkata
506712,13105,2025-08-08,Email,Delivered,Noida
506713,10887,2024-09-17,Organic,Delivered,Kolkata
506714,12675,2025-03-08,Affiliate,Delivered,Mumbai
506715,10829,2025-05-01,Direct,Delivered,Kolkata
506716,13358,2025-11-13,Organic,Delivered,Gurugram
506717,11111,2024-12-16,Paid Search,Delivered,Jaipur
506718,11441,2024-12-10,Social,Delivered,Jaipur
506719,12869,2025-10-29,Affiliate,Delivered,Hyderabad
506720,10128,2024-12-16,Organic,Delivered,Ghaziabad
506721,13498,2024-08-05,Organic,Delivered,Jaipur
506722,12211,2024-02-01,Social,Delivered,Delhi
506723,12562,2024-08-25,Affiliate,Delivered,Ghaziabad
506724,13717,2024-05-24,Paid Search,Delivered,Kolkata
506725,13852,2024-08-10,Social,Delivered,Mumbai
506726,14594,2025-01-29,Affiliate,Delivered,Ahmedabad
506727,10900,2025-01-18,Organic,Delivered,Lucknow
506728,12151,2024-05-16,Paid Search,Delivered,Noida
506729,10477,2024-12-05,Paid Search,Delivered,Noida
506730,11319,2024-11-27,Email,Delivered,Patna
506731,12759,2024-02-01,Email,Delivered,Jaipur
506732,10657,2024-07-26,Affiliate,Delivered,Gurugram
506733,12229,2025-06-12,Social,Delivered,Gurugram
506734,14678,2024-01-16,Organic,Delivered,Indore
506735,10355,2024-08-07,Paid Search,Delivered,Patna
506736,11155,2024-12-13,Paid Search,Delivered,Chandigarh
506737,11414,2024-05-01,Email,Delivered,Kochi
506738,14556,2025-04-17,Direct,Cancelled,Hyderabad
506739,13673,2025-06-07,Social,Delivered,Chandigarh
506740,10919,2024-09-04,Email,Delivered,Lucknow
506741,13504,2024-06-17,Organic,Delivered,Pune
506742,10091,2025-07-21,Social,Delivered,Chandigarh
506743,13991,2024-06-06,Email,Delivered,Kochi
506744,11122,2024-04-16,Affiliate,Delivered,Lucknow
506745,13560,2024-01-25,Direct,Delivered,Chandigarh
506746,12464,2024-03-07,Direct,Delivered,Kochi
506747,13668,2025-09-29,Social,Delivered,Delhi
506748,11744,2025-11-14,Direct,Delivered,Lucknow
506749,12655,2025-02-03,Affiliate,Delivered,Kochi
506750,14539,2025-11-04,Social,Delivered,Lucknow
506751,14014,2025-05-31,Organic,Delivered,Bengaluru
506752,12726,2024-10-24,Direct,Delivered,Bengaluru
506753,14614,2025-06-05,Direct,Delivered,Pune
506754,10589,2024-11-02,Social,Delivered,Mumbai
506755,13502,2025-12-04,Paid Search,Delivered,Bengaluru
506756,13127,2025-09-14,Organic,Delivered,Mumbai
506757,11284,2025-09-09,Organic,Delivered,Ahmedabad
506758,11945,2025-01-22,Affiliate,Delivered,Bengaluru
506759,12029,2025-01-13,Paid Search,Delivered,Bengaluru
506760,13395,2024-03-26,Social,Delivered,Gurugram
506761,13124,2025-04-22,Paid Search,Delivered,Bengaluru
506762,13931,2024-03-24,Email,Delivered,Hyderabad
506763,13287,2025-01-30,Affiliate,Delivered,Jaipur
506764,14928,2024-04-05,Direct,Delivered,Mumbai
506765,14150,2024-12-13,Social,Delivered,Delhi
506766,12884,2025-07-24,Paid Search,Delivered,Ghaziabad
506767,10093,2024-08-13,Organic,Delivered,Indore
506768,11834,2025-03-15,Direct,Delivered,Bhopal
506769,10639,2024-07-09,Direct,Delivered,Delhi
506770,12169,2024-08-07,Paid Search,Delivered,Delhi
506771,14967,2024-05-13,Organic,Delivered,Mumbai
506772,12014,2024-04-28,Email,Delivered,Lucknow
506773,14087,2024-09-28,Affiliate,Delivered,Chandigarh
506774,12253,2024-03-31,Email,Delivered,Hyderabad
506775,12884,2025-10-13,Organic,Delivered,Bhopal
506776,10151,2025-06-25,Direct,Delivered,Patna
506777,13439,2024-06-11,Social,Delivered,Bhopal
506778,11237,2025-10-09,Social,Delivered,Ahmedabad
506779,12301,2024-09-24,Organic,Delivered,Pune
506780,14939,2025-01-23,Organic,Delivered,Ghaziabad
506781,11117,2025-05-25,Organic,Delivered,Patna
506782,14641,2025-07-18,Paid Search,Delivered,Ahmedabad
506783,14145,2024-01-06,Direct,Delivered,Jaipur
506784,10242,2024-07-25,Email,Delivered,Indore
506785,11847,2024-09-03,Direct,Delivered,Bhopal
506786,14898,2025-03-04,Email,Delivered,Jaipur
506787,12271,2025-09-29,Organic,Delivered,Kochi
506788,13960,2024-11-16,Email,Cancelled,Kochi
506789,14595,2024-12-04,Email,Delivered,Ghaziabad
506790,10014,2024-03-05,Direct,Delivered,Kolkata
506791,13657,2025-01-19,Social,Delivered,Patna
506792,14568,2024-12-22,Paid Search,Delivered,Gurugram
506793,12889,2025-04-10,Affiliate,Delivered,Kolkata
506794,14802,2025-09-11,Affiliate,Delivered,Mumbai
506795,13497,2025-02-18,Social,Delivered,Noida
506796,13144,2024-02-07,Organic,Delivered,Bengaluru
506797,10619,2025-08-20,Paid Search,Delivered,Pune
506798,13942,2024-12-14,Direct,Delivered,Lucknow
506799,14278,2024-12-21,Paid Search,Delivered,Bhopal
506800,11663,2025-09-30,Affiliate,Delivered,Chennai
506801,10791,2025-03-07,Paid Search,Delivered,Indore
506802,12862,2025-07-31,Paid Search,Delivered,Mumbai
506803,14694,2025-10-05,Paid Search,Delivered,Gurugram
506804,13658,2024-12-26,Organic,Delivered,Chennai
506805,14053,2025-12-19,Paid Search,Delivered,Ghaziabad
506806,12807,2024-05-05,Email,Delivered,Chennai
506807,12089,2025-09-28,Paid Search,Delivered,Jaipur
506808,11524,2025-09-12,Paid Search,Delivered,Ghaziabad
506809,14038,2024-03-13,Email,Delivered,Mumbai
506810,13247,2024-04-21,Social,Delivered,Bengaluru
506811,13740,2024-01-28,Paid Search,Delivered,Bhopal
506812,14193,2024-07-21,Affiliate,Delivered,Patna
506813,14897,2025-12-25,Paid Search,Delivered,Lucknow
506814,14181,2024-03-31,Social,Delivered,Pune
506815,12233,2024-01-25,Organic,Delivered,Chennai
506816,10661,2024-12-01,Paid Search,Delivered,Kochi
506817,12797,2024-09-15,Paid Search,Delivered,Chandigarh
506818,12228,2025-04-04,Direct,Delivered,Ahmedabad
506819,14676,2025-03-19,Organic,Delivered,Jaipur
506820,10194,2025-08-27,Email,Delivered,Chandigarh
506821,14281,2024-10-30,Affiliate,Delivered,Ahmedabad
506822,13164,2024-12-03,Paid Search,Delivered,Gurugram
506823,10352,2024-01-17,Paid Search,Delivered,Chandigarh
506824,11211,2025-12-10,Organic,Delivered,Pune
506825,10312,2024-06-04,Paid Search,Delivered,Chandigarh
506826,14652,2025-03-11,Direct,Delivered,Ahmedabad
506827,13225,2025-10-05,Organic,Delivered,Kochi
506828,13092,2025-03-17,Social,Delivered,Chennai
506829,12601,2025-04-02,Paid Search,Delivered,Ahmedabad
506830,12004,2024-05-08,Email,Delivered,Bhopal
506831,10857,2025-06-02,Paid Search,Delivered,Noida
506832,13658,2024-05-18,Paid Search,Delivered,Bhopal
506833,10660,2025-05-20,Organic,Delivered,Bengaluru
506834,11037,2025-02-25,Direct,Delivered,Kolkata
506835,14885,2024-12-23,Social,Delivered,Patna
506836,10458,2025-06-10,Organic,Delivered,Ahmedabad
506837,14755,2025-06-10,Affiliate,Delivered,Pune
506838,10437,2024-05-29,Affiliate,Delivered,Pune
506839,12433,2024-10-01,Social,Delivered,Patna
506840,12915,2024-12-19,Direct,Delivered,Pune
506841,10568,2024-04-20,Organic,Delivered,Bengaluru
506842,14445,2024-09-17,Direct,Delivered,Mumbai
506843,14787,2024-01-31,Direct,Delivered,Kochi
506844,11114,2024-11-16,Social,Delivered,Ghaziabad
506845,11109,2024-05-30,Social,Delivered,Kochi
506846,13801,2024-06-11,Organic,Delivered,Chandigarh
506847,11859,2025-08-21,Organic,Delivered,Jaipur
506848,10189,2024-04-12,Paid Search,Delivered,Kolkata
506849,13751,2024-03-29,Direct,Delivered,Chennai
506850,11767,2024-08-22,Organic,Delivered,Lucknow
506851,12036,2024-01-18,Social,Delivered,Delhi
506852,13269,2025-09-27,Organic,Delivered,Delhi
506853,12886,2025-12-22,Paid Search,Delivered,Bhopal
506854,14132,2025-08-11,Paid Search,Delivered,Ghaziabad
506855,13990,2025-08-07,Direct,Delivered,Gurugram
506856,14716,2024-03-15,Organic,Delivered,Pune
506857,14591,2025-02-09,Organic,Delivered,Noida
506858,13163,2024-03-05,Organic,Delivered,Bengaluru
506859,12783,2024-08-07,Social,Cancelled,Lucknow
506860,12314,2024-12-26,Social,Delivered,Delhi
506861,13323,2025-05-13,Organic,Delivered,Lucknow
506862,10304,2024-07-21,Paid Search,Delivered,Ahmedabad
506863,12012,2024-07-06,Paid Search,Delivered,Kolkata
506864,11379,2025-08-24,Organic,Delivered,Gurugram
506865,12783,2024-06-12,Affiliate,Delivered,Noida
506866,14616,2024-12-21,Affiliate,Delivered,Chennai
506867,12405,2024-07-28,Paid Search,Delivered,Delhi
506868,12915,2025-09-15,Social,Delivered,Hyderabad
506869,12014,2025-01-25,Paid Search,Delivered,Bhopal
506870,11714,2024-03-20,Organic,Delivered,Ghaziabad
506871,13406,2024-04-18,Social,Delivered,Gurugram
506872,11245,2025-12-10,Email,Delivered,Noida
506873,14396,2025-11-18,Paid Search,Delivered,Indore
506874,10569,2025-07-14,Paid Search,Delivered,Pune
506875,11112,2024-02-26,Paid Search,Delivered,Ahmedabad
506876,13759,2025-06-19,Paid Search,Delivered,Bhopal
506877,10415,2025-04-28,Social,Delivered,Bengaluru
506878,12062,2025-11-18,Affiliate,Delivered,Noida
506879,11889,2024-12-21,Organic,Delivered,Indore
506880,14683,2024-12-09,Email,Delivered,Indore
506881,10795,2025-04-07,Direct,Delivered,Kolkata
506882,12272,2024-04-18,Organic,Delivered,Patna
506883,12299,2025-06-28,Social,Delivered,Chennai
506884,14092,2024-12-29,Paid Search,Delivered,Gurugram
506885,12705,2024-05-17,Social,Delivered,Hyderabad
506886,10652,2025-08-18,Direct,Delivered,Pune
506887,14353,2024-07-12,Direct,Delivered,Lucknow
506888,10755,2025-09-20,Paid Search,Delivered,Gurugram
506889,13475,2024-07-18,Affiliate,Delivered,Pune
506890,11367,2024-12-23,Social,Delivered,Ahmedabad
506891,10610,2024-11-15,Affiliate,Delivered,Kolkata
506892,10957,2025-06-19,Direct,Delivered,Hyderabad
506893,14721,2024-05-16,Email,Delivered,Noida
506894,14884,2024-06-29,Organic,Delivered,Hyderabad
506895,13002,2024-05-20,Paid Search,Delivered,Lucknow
506896,14041,2024-06-17,Affiliate,Delivered,Bengaluru
506897,14515,2024-11-27,Organic,Delivered,Noida
506898,11743,2025-03-04,Social,Delivered,Jaipur
506899,13788,2025-09-23,Email,Delivered,Kochi
506900,12600,2024-11-04,Affiliate,Delivered,Noida
506901,10866,2024-10-26,Affiliate,Delivered,Ghaziabad
506902,12667,2024-04-27,Organic,Delivered,Kochi
506903,10230,2024-03-13,Email,Delivered,Pune
506904,13037,2025-07-10,Affiliate,Delivered,Gurugram
506905,11301,2025-04-07,Organic,Delivered,Chennai
506906,10519,2025-01-23,Social,Delivered,Chennai
506907,13527,2024-11-20,Email,Delivered,Delhi
506908,11745,2025-01-15,Paid Search,Delivered,Bhopal
506909,12236,2025-09-10,Paid Search,Delivered,Lucknow
506910,10430,2024-05-18,Organic,Delivered,Kochi
506911,10400,2024-12-30,Affiliate,Delivered,Mumbai
506912,14596,2024-06-25,Paid Search,Delivered,Ahmedabad
506913,13000,2024-03-17,Paid Search,Delivered,Kochi
506914,12018,2025-05-21,Social,Delivered,Bhopal
506915,13330,2025-05-30,Organic,Delivered,Chandigarh
506916,13636,2025-09-14,Paid Search,Delivered,Chandigarh
506917,10569,2024-01-16,Organic,Delivered,Hyderabad
506918,14605,2024-05-09,Paid Search,Delivered,Pune
506919,13278,2025-02-23,Paid Search,Cancelled,Gurugram
506920,11548,2025-08-16,Social,Delivered,Delhi
506921,11344,2025-11-18,Paid Search,Delivered,Kochi
506922,10440,2025-07-30,Organic,Delivered,Gurugram
506923,11283,2025-10-23,Paid Search,Delivered,Bhopal
506924,11682,2025-08-18,Organic,Delivered,Kochi
506925,11066,2024-08-18,Paid Search,Delivered,Ghaziabad
506926,13355,2025-03-01,Organic,Delivered,Bengaluru
506927,11263,2025-04-09,Organic,Delivered,Bengaluru
506928,12499,2024-09-14,Social,Delivered,Patna
506929,12794,2025-10-09,Direct,Delivered,Jaipur
506930,10375,2025-07-17,Organic,Delivered,Hyderabad
506931,10844,2025-01-12,Affiliate,Delivered,Bengaluru
506932,10351,2024-12-16,Organic,Delivered,Lucknow
506933,13455,2025-08-02,Paid Search,Delivered,Noida
506934,13498,2024-06-11,Paid Search,Delivered,Lucknow
506935,10647,2024-06-08,Organic,Delivered,Ahmedabad
506936,13683,2024-10-21,Email,Delivered,Hyderabad
506937,14057,2024-04-03,Organic,Delivered,Bengaluru
506938,10548,2024-11-30,Affiliate,Delivered,Delhi
506939,10585,2024-11-12,Social,Delivered,Hyderabad
506940,13974,2025-01-04,Affiliate,Delivered,Hyderabad
506941,11544,2024-12-03,Organic,Delivered,Bengaluru
506942,11728,2025-10-18,Paid Search,Delivered,Ahmedabad
506943,12943,2024-07-19,Email,Delivered,Lucknow
506944,10342,2024-10-27,Social,Delivered,Hyderabad
506945,12190,2025-06-23,Email,Delivered,Lucknow
506946,11670,2024-07-27,Paid Search,Delivered,Gurugram
506947,14114,2025-04-24,Email,Delivered,Ahmedabad
506948,13653,2025-12-04,Email,Delivered,Jaipur
506949,11434,2024-10-01,Paid Search,Delivered,Noida
506950,13279,2024-06-25,Direct,Delivered,Kolkata
506951,12014,2024-05-18,Affiliate,Delivered,Kolkata
506952,12408,2024-01-09,Organic,Delivered,Chennai
506953,13677,2024-07-26,Organic,Delivered,Ghaziabad
506954,11399,2025-09-13,Email,Delivered,Ghaziabad
506955,12891,2024-07-05,Email,Delivered,Noida
506956,12090,2025-11-28,Direct,Delivered,Patna
506957,13251,2025-11-27,Email,Delivered,Hyderabad
506958,11909,2025-05-13,Organic,Delivered,Ghaziabad
506959,14677,2025-12-18,Organic,Delivered,Chennai
506960,11951,2024-10-24,Social,Delivered,Ahmedabad
506961,10548,2025-11-30,Social,Delivered,Pune
506962,12449,2025-02-01,Direct,Delivered,Delhi
506963,11194,2024-02-29,Email,Delivered,Lucknow
506964,12277,2025-08-31,Direct,Delivered,Indore
506965,14604,2025-11-25,Affiliate,Delivered,Kochi
506966,10513,2025-10-09,Email,Delivered,Lucknow
506967,10213,2024-10-31,Social,Delivered,Gurugram
506968,11451,2024-03-15,Social,Delivered,Mumbai
506969,12180,2025-03-03,Social,Delivered,Delhi
506970,10646,2025-09-26,Direct,Delivered,Chandigarh
506971,13480,2025-09-06,Paid Search,Delivered,Jaipur
506972,13011,2025-03-27,Direct,Delivered,Chennai
506973,13509,2025-07-28,Social,Delivered,Jaipur
506974,12115,2024-01-24,Paid Search,Delivered,Pune
506975,14654,2025-03-31,Organic,Delivered,Chennai
506976,13360,2024-03-20,Paid Search,Delivered,Ghaziabad
506977,14604,2025-07-01,Social,Delivered,Ghaziabad
506978,10439,2024-02-03,Organic,Delivered,Hyderabad
506979,13337,2025-03-10,Organic,Delivered,Bhopal
506980,11725,2025-11-24,Paid Search,Delivered,Pune
506981,10965,2024-03-22,Paid Search,Delivered,Ghaziabad
506982,10902,2024-11-07,Direct,Delivered,Gurugram
506983,10983,2024-01-30,Social,Delivered,Lucknow
506984,10461,2025-06-07,Paid Search,Delivered,Pune
506985,12273,2025-11-07,Direct,Delivered,Patna
506986,13868,2024-01-02,Paid Search,Delivered,Mumbai
506987,12318,2025-02-03,Direct,Delivered,Kolkata
506988,10655,2025-08-02,Direct,Delivered,Mumbai
506989,13536,2024-01-19,Email,Delivered,Noida
506990,10875,2024-12-18,Social,Delivered,Lucknow
506991,14345,2024-04-04,Affiliate,Delivered,Jaipur
506992,11834,2025-11-06,Paid Search,Delivered,Kochi
506993,10007,2025-01-07,Paid Search,Delivered,Chandigarh
506994,11464,2025-01-15,Organic,Delivered,Lucknow
506995,14163,2025-12-29,Paid Search,Delivered,Chandigarh
506996,14600,2025-07-30,Organic,Delivered,Kochi
506997,12110,2024-08-17,Direct,Delivered,Ghaziabad
506998,14944,2025-04-05,Organic,Cancelled,Patna
506999,11159,2024-08-05,Paid Search,Delivered,Lucknow
507000,12113,2025-01-15,Paid Search,Delivered,Bhopal
507001,12293,2025-08-16,Paid Search,Delivered,Pune
507002,11006,2025-11-24,Direct,Delivered,Jaipur
507003,11916,2025-11-26,Affiliate,Delivered,Chandigarh
507004,12491,2024-12-28,Email,Delivered,Noida
507005,13498,2025-10-16,Email,Delivered,Kolkata
507006,12479,2025-10-14,Affiliate,Delivered,Ghaziabad
507007,10518,2025-02-03,Paid Search,Delivered,Bengaluru
507008,12331,2024-01-27,Social,Cancelled,Delhi
507009,14243,2024-03-28,Paid Search,Delivered,Lucknow
507010,10102,2025-04-25,Paid Search,Delivered,Delhi
507011,14991,2025-08-29,Direct,Delivered,Delhi
507012,10642,2025-10-28,Affiliate,Delivered,Kochi
507013,10046,2024-06-26,Social,Delivered,Kolkata
507014,10706,2025-10-19,Organic,Cancelled,Ahmedabad
507015,11252,2025-08-27,Affiliate,Delivered,Kolkata
507016,11759,2024-12-20,Direct,Delivered,Bhopal
507017,14149,2024-09-30,Direct,Cancelled,Ahmedabad
507018,12904,2024-12-11,Email,Delivered,Bengaluru
507019,13194,2025-05-08,Email,Delivered,Chandigarh
507020,14390,2025-08-15,Organic,Delivered,Chennai
507021,10658,2024-05-05,Organic,Delivered,Pune
507022,11117,2024-09-01,Paid Search,Delivered,Delhi
507023,14841,2024-03-28,Social,Delivered,Bhopal
507024,13857,2025-11-16,Direct,Delivered,Chandigarh
507025,10297,2024-10-24,Direct,Delivered,Mumbai
507026,11132,2024-07-02,Paid Search,Delivered,Chennai
507027,11868,2024-05-28,Paid Search,Delivered,Kochi
507028,10164,2024-02-24,Paid Search,Delivered,Indore
507029,12915,2024-12-10,Social,Delivered,Kolkata
507030,13250,2025-07-18,Affiliate,Delivered,Indore
507031,11680,2024-08-24,Affiliate,Delivered,Kolkata
507032,11074,2024-10-22,Direct,Delivered,Mumbai
507033,12128,2025-04-10,Social,Delivered,Lucknow
507034,14599,2024-09-17,Email,Delivered,Pune
507035,13593,2025-06-24,Direct,Cancelled,Kochi
507036,14668,2024-08-22,Email,Delivered,Lucknow
507037,12765,2024-11-22,Organic,Delivered,Chennai
507038,10526,2025-12-17,Paid Search,Delivered,Indore
507039,10300,2025-09-03,Organic,Delivered,Bhopal
507040,10974,2025-02-21,Organic,Delivered,Indore
507041,12606,2024-10-13,Social,Delivered,Kochi
507042,11053,2025-12-26,Affiliate,Delivered,Lucknow
507043,11587,2024-12-04,Organic,Delivered,Kolkata
507044,14558,2024-09-08,Paid Search,Delivered,Gurugram
507045,10218,2025-03-11,Paid Search,Delivered,Mumbai
507046,10391,2024-10-29,Direct,Delivered,Patna
507047,11949,2025-10-12,Organic,Delivered,Indore
507048,13756,2024-06-03,Organic,Delivered,Ahmedabad
507049,14119,2024-02-06,Email,Delivered,Kolkata
507050,11439,2024-11-10,Social,Delivered,Bengaluru
507051,11454,2025-11-24,Organic,Delivered,Jaipur
507052,12913,2024-02-15,Affiliate,Delivered,Bengaluru
507053,14330,2025-08-13,Paid Search,Delivered,Bengaluru
507054,10887,2024-01-01,Social,Delivered,Kolkata
507055,14462,2025-02-11,Email,Delivered,Gurugram
507056,14033,2024-11-27,Organic,Delivered,Bengaluru
507057,11339,2024-04-26,Organic,Delivered,Bengaluru
507058,13354,2025-06-29,Social,Delivered,Bhopal
507059,13145,2024-05-08,Organic,Delivered,Patna
507060,10106,2024-11-15,Organic,Delivered,Lucknow
507061,12009,2025-02-12,Paid Search,Delivered,Chennai
507062,11186,2025-01-13,Paid Search,Delivered,Chandigarh
507063,10341,2024-01-24,Direct,Delivered,Bengaluru
507064,12332,2024-11-21,Social,Delivered,Kochi
507065,13514,2025-04-23,Direct,Delivered,Mumbai
507066,12656,2025-01-20,Social,Delivered,Ahmedabad
507067,10444,2025-06-17,Social,Delivered,Kolkata
507068,14137,2025-07-20,Paid Search,Delivered,Indore
507069,10353,2024-05-11,Organic,Cancelled,Kochi
507070,11935,2025-08-10,Organic,Delivered,Chandigarh
507071,12842,2025-10-16,Organic,Delivered,Hyderabad
507072,14635,2025-09-04,Email,Delivered,Chennai
507073,13770,2025-09-14,Paid Search,Delivered,Delhi
507074,10970,2024-06-04,Organic,Delivered,Bengaluru
507075,12139,2025-04-21,Affiliate,Delivered,Chennai
507076,14289,2024-11-30,Paid Search,Delivered,Delhi
507077,11239,2025-12-20,Direct,Delivered,Chennai
507078,14522,2025-08-30,Affiliate,Delivered,Indore
507079,12668,2024-04-28,Paid Search,Delivered,Hyderabad
507080,13134,2025-11-19,Paid Search,Delivered,Kochi
507081,13315,2025-05-24,Direct,Delivered,Chennai
507082,14838,2025-01-31,Affiliate,Delivered,Kolkata
507083,13439,2024-11-22,Direct,Delivered,Ghaziabad
507084,12053,2024-12-26,Organic,Delivered,Lucknow
507085,12951,2025-07-17,Social,Delivered,Hyderabad
507086,13497,2025-07-12,Paid Search,Delivered,Hyderabad
507087,12991,2025-02-07,Paid Search,Delivered,Chennai
507088,10051,2025-12-25,Organic,Delivered,Chandigarh
507089,14510,2024-06-18,Affiliate,Delivered,Gurugram
507090,11374,2024-11-07,Social,Delivered,Delhi
507091,13255,2025-03-13,Affiliate,Delivered,Chennai
507092,12832,2024-04-30,Organic,Cancelled,Bengaluru
507093,10601,2024-12-30,Direct,Delivered,Chandigarh
507094,14380,2025-09-01,Paid Search,Delivered,Patna
507095,10417,2025-05-08,Direct,Delivered,Delhi
507096,14765,2025-06-03,Email,Delivered,Pune
507097,14609,2024-04-28,Organic,Cancelled,Kochi
507098,12898,2024-04-16,Affiliate,Delivered,Lucknow
507099,14772,2024-11-19,Social,Delivered,Jaipur
507100,14280,2024-08-24,Organic,Delivered,Jaipur
507101,14500,2024-01-08,Organic,Delivered,Hyderabad
507102,13997,2025-02-08,Direct,Delivered,Hyderabad
507103,14646,2025-07-05,Direct,Delivered,Kolkata
507104,13869,2025-06-18,Social,Delivered,Gurugram
507105,14402,2024-03-16,Organic,Delivered,Chandigarh
507106,10558,2025-07-24,Paid Search,Delivered,Patna
507107,12135,2024-10-05,Organic,Delivered,Noida
507108,12394,2024-04-23,Social,Delivered,Noida
507109,14548,2024-12-11,Paid Search,Delivered,Pune
507110,12432,2024-06-07,Paid Search,Delivered,Chennai
507111,12200,2025-05-06,Affiliate,Delivered,Gurugram
507112,13938,2025-06-27,Direct,Delivered,Bhopal
507113,13251,2025-06-14,Organic,Delivered,Indore
507114,12931,2024-03-25,Paid Search,Delivered,Pune
507115,14569,2024-09-11,Social,Delivered,Jaipur
507116,14100,2024-12-30,Paid Search,Delivered,Indore
507117,13557,2025-12-20,Paid Search,Delivered,Chennai
507118,14783,2025-02-03,Organic,Delivered,Bhopal
507119,10242,2025-04-22,Organic,Cancelled,Chennai
507120,12774,2024-09-05,Affiliate,Delivered,Bhopal
507121,10156,2024-08-03,Paid Search,Delivered,Bhopal
507122,13959,2025-08-05,Email,Delivered,Gurugram
507123,10636,2025-09-02,Organic,Delivered,Chennai
507124,12803,2024-02-10,Email,Delivered,Kochi
507125,13913,2025-01-28,Email,Delivered,Indore
507126,13129,2025-07-22,Affiliate,Delivered,Patna
507127,10294,2024-04-25,Organic,Delivered,Ghaziabad
507128,12381,2025-04-17,Social,Delivered,Patna
507129,13899,2024-12-12,Direct,Cancelled,Bengaluru
507130,14798,2025-01-05,Organic,Delivered,Ahmedabad
507131,14491,2025-03-10,Organic,Delivered,Delhi
507132,14088,2025-09-29,Paid Search,Delivered,Chennai
507133,11535,2024-03-04,Direct,Delivered,Delhi
507134,13760,2024-05-27,Organic,Delivered,Kochi
507135,10835,2024-09-09,Organic,Delivered,Bengaluru
507136,11648,2025-08-08,Direct,Cancelled,Bengaluru
507137,11418,2025-03-08,Paid Search,Delivered,Mumbai
507138,12428,2024-05-17,Organic,Delivered,Noida
507139,14377,2024-01-18,Social,Delivered,Kochi
507140,14315,2025-12-25,Organic,Delivered,Gurugram
507141,14464,2024-04-10,Paid Search,Delivered,Indore
507142,14682,2024-01-24,Organic,Delivered,Kolkata
507143,10141,2024-10-24,Social,Delivered,Bengaluru
507144,14988,2025-02-08,Email,Delivered,Pune
507145,14388,2024-07-08,Organic,Delivered,Chandigarh
507146,13673,2024-05-02,Social,Delivered,Bengaluru
507147,10403,2024-03-04,Direct,Delivered,Jaipur
507148,13655,2024-10-25,Paid Search,Delivered,Delhi
507149,13378,2025-11-26,Direct,Delivered,Mumbai
507150,10470,2024-04-18,Direct,Delivered,Kochi
507151,11010,2025-02-22,Paid Search,Delivered,Ahmedabad
507152,13758,2024-05-21,Social,Delivered,Ahmedabad
507153,10836,2025-05-07,Direct,Delivered,Pune
507154,11734,2024-02-14,Email,Delivered,Pune
507155,13041,2024-05-28,Affiliate,Delivered,Gurugram
507156,14324,2024-01-06,Paid Search,Delivered,Hyderabad
507157,11423,2025-04-19,Direct,Delivered,Lucknow
507158,10057,2025-06-09,Paid Search,Delivered,Chennai
507159,14257,2024-05-05,Email,Delivered,Delhi
507160,14672,2024-11-27,Direct,Delivered,Lucknow
507161,14273,2024-08-02,Paid Search,Delivered,Hyderabad
507162,12420,2024-02-03,Social,Delivered,Chennai
507163,13601,2024-01-28,Email,Delivered,Indore
507164,10640,2025-11-17,Direct,Delivered,Chennai
507165,13187,2025-04-18,Paid Search,Delivered,Ghaziabad
507166,13005,2025-05-01,Social,Delivered,Kochi
507167,13178,2024-08-03,Organic,Delivered,Ahmedabad
507168,13461,2024-07-12,Organic,Delivered,Noida
507169,14448,2025-08-03,Organic,Delivered,Mumbai
507170,13899,2024-11-16,Social,Cancelled,Mumbai
507171,10184,2024-03-15,Social,Delivered,Chandigarh
507172,13510,2024-12-23,Organic,Delivered,Chandigarh
507173,13648,2025-01-16,Organic,Delivered,Chennai
507174,12767,2025-02-20,Paid Search,Delivered,Mumbai
507175,13119,2025-01-27,Direct,Delivered,Pune
507176,10410,2025-09-18,Organic,Delivered,Pune
507177,11309,2024-06-27,Social,Delivered,Kolkata
507178,14315,2025-03-07,Affiliate,Delivered,Kolkata
507179,10012,2025-10-10,Direct,Delivered,Patna
507180,14918,2025-12-16,Email,Delivered,Gurugram
507181,11114,2025-12-06,Paid Search,Delivered,Bengaluru
507182,13891,2025-06-15,Organic,Delivered,Mumbai
507183,11100,2024-03-18,Organic,Delivered,Patna
507184,10174,2025-12-23,Affiliate,Delivered,Noida
507185,13024,2024-01-24,Paid Search,Delivered,Hyderabad
507186,13779,2025-02-06,Paid Search,Delivered,Lucknow
507187,10427,2024-11-22,Organic,Delivered,Hyderabad
507188,11349,2025-05-10,Paid Search,Delivered,Kolkata
507189,11523,2025-07-26,Paid Search,Delivered,Kolkata
507190,14811,2025-06-23,Paid Search,Delivered,Jaipur
507191,11552,2024-06-14,Organic,Delivered,Gurugram
507192,10318,2025-07-05,Social,Delivered,Jaipur
507193,14926,2025-07-07,Organic,Delivered,Bengaluru
507194,10462,2024-01-18,Social,Delivered,Kochi
507195,12437,2025-04-10,Email,Cancelled,Pune
507196,10907,2024-04-03,Social,Delivered,Gurugram
507197,11262,2025-02-14,Organic,Delivered,Ahmedabad
507198,13766,2024-06-15,Email,Delivered,Pune
507199,10681,2024-09-18,Paid Search,Delivered,Noida
507200,13258,2024-07-17,Paid Search,Delivered,Indore
507201,12832,2025-09-22,Organic,Delivered,Jaipur
507202,13637,2025-10-23,Direct,Delivered,Jaipur
507203,10801,2025-08-06,Paid Search,Delivered,Noida
507204,11770,2025-06-12,Social,Delivered,Mumbai
507205,10018,2024-09-22,Organic,Delivered,Hyderabad
507206,14398,2024-04-14,Email,Delivered,Bengaluru
507207,14946,2025-02-19,Paid Search,Delivered,Kolkata
507208,12232,2024-11-07,Affiliate,Delivered,Noida
507209,12650,2024-07-25,Organic,Delivered,Lucknow
507210,10671,2024-06-26,Paid Search,Delivered,Bengaluru
507211,14381,2024-04-27,Affiliate,Delivered,Gurugram
507212,13838,2025-08-29,Paid Search,Delivered,Indore
507213,10575,2024-08-22,Organic,Delivered,Indore
507214,12648,2025-11-01,Affiliate,Delivered,Bengaluru
507215,10859,2025-05-04,Direct,Delivered,Pune
507216,12968,2024-04-30,Paid Search,Delivered,Kolkata
507217,13284,2024-02-15,Email,Delivered,Bengaluru
507218,11926,2024-10-31,Paid Search,Delivered,Noida
507219,12208,2024-02-29,Social,Delivered,Patna
507220,13554,2025-11-27,Affiliate,Delivered,Kochi
507221,10780,2025-10-25,Email,Delivered,Jaipur
507222,10178,2025-04-25,Paid Search,Delivered,Delhi
507223,12083,2024-08-02,Organic,Delivered,Indore
507224,12456,2025-09-26,Social,Delivered,Ghaziabad
507225,11432,2025-04-18,Email,Delivered,Indore
507226,12136,2024-09-18,Social,Delivered,Jaipur
507227,10512,2025-10-05,Organic,Delivered,Ghaziabad
507228,13733,2024-06-02,Paid Search,Delivered,Jaipur
507229,13833,2025-02-19,Affiliate,Delivered,Chennai
507230,11330,2025-05-20,Organic,Delivered,Chennai
507231,13259,2025-10-25,Direct,Delivered,Chandigarh
507232,11169,2024-04-10,Social,Delivered,Delhi
507233,11977,2024-07-29,Affiliate,Delivered,Bhopal
507234,11600,2025-09-05,Paid Search,Delivered,Indore
507235,14855,2024-12-31,Paid Search,Delivered,Chandigarh
507236,12403,2025-07-05,Direct,Delivered,Chandigarh
507237,13165,2025-07-19,Social,Delivered,Bhopal
507238,11050,2024-08-10,Organic,Delivered,Bengaluru
507239,14637,2024-08-30,Direct,Delivered,Jaipur
507240,13422,2024-12-30,Paid Search,Delivered,Lucknow
507241,10529,2024-01-21,Email,Delivered,Jaipur
507242,11659,2025-08-07,Organic,Delivered,Kolkata
507243,12530,2024-03-25,Direct,Delivered,Bhopal
507244,12108,2025-11-14,Direct,Delivered,Mumbai
507245,14004,2025-07-23,Paid Search,Delivered,Kolkata
507246,12788,2024-09-14,Organic,Delivered,Jaipur
507247,12786,2024-02-22,Social,Delivered,Hyderabad
507248,11885,2025-07-31,Organic,Delivered,Delhi
507249,14222,2024-11-23,Paid Search,Delivered,Indore
507250,13507,2024-05-22,Email,Delivered,Jaipur
507251,13530,2024-11-10,Organic,Delivered,Delhi
507252,13281,2025-10-22,Direct,Delivered,Bengaluru
507253,13325,2025-05-18,Email,Delivered,Chennai
507254,13785,2025-05-16,Paid Search,Delivered,Kolkata
507255,11171,2025-01-11,Paid Search,Delivered,Pune
507256,12616,2024-04-21,Direct,Delivered,Kolkata
507257,10657,2025-11-25,Social,Delivered,Chennai
507258,11838,2025-06-24,Direct,Delivered,Mumbai
507259,11457,2025-01-11,Organic,Delivered,Kochi
507260,11006,2025-06-13,Paid Search,Delivered,Ghaziabad
507261,12737,2024-09-22,Social,Delivered,Hyderabad
507262,12185,2025-06-26,Organic,Delivered,Lucknow
507263,12271,2025-12-08,Paid Search,Delivered,Ahmedabad
507264,14366,2024-09-09,Social,Delivered,Ghaziabad
507265,11810,2024-01-07,Paid Search,Delivered,Lucknow
507266,10606,2025-06-24,Organic,Delivered,Indore
507267,13956,2025-09-14,Paid Search,Delivered,Bengaluru
507268,11078,2025-08-27,Organic,Delivered,Pune
507269,14868,2025-12-13,Organic,Delivered,Noida
507270,13327,2024-09-10,Organic,Delivered,Lucknow
507271,11279,2025-11-02,Direct,Delivered,Kolkata
507272,12875,2024-06-01,Organic,Delivered,Chandigarh
507273,14663,2025-03-05,Organic,Delivered,Kolkata
507274,14581,2025-10-11,Direct,Delivered,Kolkata
507275,11985,2025-10-31,Affiliate,Delivered,Jaipur
507276,10146,2025-03-29,Paid Search,Delivered,Lucknow
507277,10399,2025-02-03,Direct,Delivered,Hyderabad
507278,14393,2024-12-02,Direct,Delivered,Noida
507279,13306,2025-09-26,Affiliate,Delivered,Chennai
507280,13628,2025-10-05,Social,Delivered,Chennai
507281,13608,2024-06-24,Social,Delivered,Ghaziabad
507282,13878,2024-04-09,Direct,Delivered,Lucknow
507283,12544,2025-08-17,Social,Delivered,Patna
507284,11894,2025-08-15,Affiliate,Delivered,Chennai
507285,11176,2024-03-13,Organic,Delivered,Lucknow
507286,11537,2024-12-24,Email,Delivered,Bengaluru
507287,13752,2025-01-05,Direct,Delivered,Kolkata
507288,10072,2024-02-01,Organic,Delivered,Indore
507289,10728,2025-04-30,Paid Search,Delivered,Lucknow
507290,13938,2025-12-11,Affiliate,Delivered,Bhopal
507291,13243,2024-06-03,Affiliate,Delivered,Ghaziabad
507292,10808,2025-07-22,Affiliate,Delivered,Indore
507293,10182,2024-02-29,Direct,Delivered,Bengaluru
507294,11131,2024-06-05,Organic,Delivered,Ghaziabad
507295,10593,2025-02-17,Email,Delivered,Bhopal
507296,11383,2025-11-06,Email,Delivered,Mumbai
507297,14166,2025-10-09,Organic,Delivered,Bengaluru
507298,14349,2025-11-14,Organic,Delivered,Lucknow
507299,11434,2025-12-22,Email,Delivered,Chandigarh
507300,11440,2025-08-08,Email,Delivered,Kochi
507301,14133,2024-09-22,Social,Delivered,Noida
507302,12129,2024-04-02,Social,Delivered,Patna
507303,11068,2025-08-24,Email,Delivered,Jaipur
507304,13737,2024-05-16,Paid Search,Delivered,Indore
507305,12454,2025-01-15,Paid Search,Delivered,Bengaluru
507306,14462,2025-07-05,Social,Delivered,Gurugram
507307,14386,2024-01-26,Email,Delivered,Pune
507308,13956,2025-10-29,Affiliate,Delivered,Lucknow
507309,14862,2024-08-09,Paid Search,Delivered,Bhopal
507310,12678,2024-06-06,Affiliate,Delivered,Ahmedabad
507311,12737,2024-09-28,Direct,Delivered,Mumbai
507312,10011,2024-12-02,Paid Search,Delivered,Noida
507313,10842,2024-11-28,Social,Delivered,Delhi
507314,10790,2024-04-23,Direct,Delivered,Jaipur
507315,14608,2024-05-18,Paid Search,Delivered,Hyderabad
507316,11269,2024-12-15,Email,Delivered,Ahmedabad
507317,13111,2024-06-14,Social,Delivered,Gurugram
507318,12069,2025-04-14,Paid Search,Delivered,Noida
507319,13825,2025-10-19,Direct,Delivered,Chennai
507320,11811,2024-01-14,Organic,Delivered,Patna
507321,14690,2024-01-27,Organic,Delivered,Hyderabad
507322,12573,2025-04-14,Organic,Delivered,Hyderabad
507323,11220,2024-01-21,Direct,Delivered,Ghaziabad
507324,12061,2025-04-12,Paid Search,Delivered,Bengaluru
507325,11826,2024-12-24,Email,Delivered,Kochi
507326,13631,2024-11-28,Paid Search,Delivered,Bengaluru
507327,11620,2025-03-19,Social,Cancelled,Kolkata
507328,10262,2025-10-16,Social,Delivered,Gurugram
507329,13920,2024-04-03,Paid Search,Delivered,Chandigarh
507330,14974,2024-04-08,Paid Search,Delivered,Bhopal
507331,11255,2025-05-24,Paid Search,Delivered,Lucknow
507332,14216,2024-02-07,Organic,Delivered,Chandigarh
507333,10197,2024-11-09,Paid Search,Delivered,Gurugram
507334,11675,2024-12-28,Social,Delivered,Ahmedabad
507335,10059,2024-10-13,Organic,Delivered,Hyderabad
507336,11985,2025-01-24,Paid Search,Delivered,Noida
507337,13047,2024-03-23,Social,Delivered,Indore
507338,14819,2024-07-13,Direct,Delivered,Delhi
507339,14204,2024-01-04,Email,Delivered,Noida
507340,14680,2025-12-03,Direct,Delivered,Jaipur
507341,13262,2025-08-31,Social,Delivered,Patna
507342,11966,2024-07-04,Affiliate,Delivered,Chandigarh
507343,14533,2024-01-27,Organic,Delivered,Indore
507344,10299,2024-07-16,Social,Delivered,Indore
507345,14076,2025-11-29,Paid Search,Delivered,Kolkata
507346,14940,2025-08-15,Email,Delivered,Ghaziabad
507347,10111,2025-04-26,Direct,Delivered,Chennai
507348,13269,2025-11-05,Email,Delivered,Indore
507349,14380,2024-05-09,Organic,Delivered,Kolkata
507350,13466,2025-01-26,Email,Delivered,Kolkata
507351,14879,2025-08-03,Affiliate,Delivered,Indore
507352,11373,2024-01-14,Organic,Delivered,Mumbai
507353,13194,2024-11-14,Organic,Delivered,Indore
507354,14094,2024-09-16,Email,Delivered,Lucknow
507355,10348,2024-05-09,Paid Search,Delivered,Delhi
507356,12788,2024-06-12,Organic,Delivered,Kochi
507357,14802,2025-12-08,Direct,Delivered,Bhopal
507358,12352,2025-01-08,Direct,Delivered,Patna
507359,14080,2024-02-29,Paid Search,Delivered,Bhopal
507360,13707,2025-05-13,Direct,Delivered,Bhopal
507361,11348,2025-03-08,Direct,Delivered,Mumbai
507362,11860,2024-10-13,Social,Delivered,Noida
507363,12454,2024-10-17,Affiliate,Delivered,Lucknow
507364,12148,2025-01-27,Direct,Delivered,Kochi
507365,12977,2025-11-09,Email,Delivered,Pune
507366,13262,2025-07-09,Paid Search,Delivered,Noida
507367,12066,2024-10-19,Organic,Delivered,Chennai
507368,13198,2024-06-28,Paid Search,Delivered,Ahmedabad
507369,13296,2024-03-20,Organic,Delivered,Hyderabad
507370,14856,2024-05-23,Organic,Delivered,Ghaziabad
507371,14082,2024-04-10,Social,Delivered,Bengaluru
507372,12815,2025-08-11,Paid Search,Delivered,Lucknow
507373,10885,2025-02-24,Organic,Delivered,Ghaziabad
507374,11605,2024-01-28,Direct,Delivered,Gurugram
507375,11658,2025-11-08,Organic,Cancelled,Bengaluru
507376,11438,2024-04-20,Email,Delivered,Kolkata
507377,14732,2025-04-16,Social,Delivered,Ahmedabad
507378,12671,2024-01-10,Direct,Delivered,Kochi
507379,14947,2025-03-06,Paid Search,Delivered,Chennai
507380,10598,2025-02-09,Paid Search,Delivered,Patna
507381,13565,2025-10-26,Email,Delivered,Chennai
507382,12941,2025-03-14,Social,Delivered,Indore
507383,13815,2024-12-23,Affiliate,Delivered,Chandigarh
507384,11952,2025-01-23,Organic,Delivered,Delhi
507385,12597,2025-04-07,Paid Search,Delivered,Noida
507386,11760,2024-10-29,Organic,Delivered,Chennai
507387,13485,2025-06-05,Email,Delivered,Delhi
507388,10963,2025-01-21,Paid Search,Delivered,Patna
507389,13301,2025-12-09,Paid Search,Delivered,Chandigarh
507390,12478,2024-05-21,Social,Delivered,Indore
507391,13987,2025-06-17,Paid Search,Delivered,Ghaziabad
507392,10189,2025-08-26,Organic,Delivered,Chennai
507393,10912,2025-06-08,Paid Search,Delivered,Ghaziabad
507394,13036,2025-12-17,Direct,Delivered,Noida
507395,11870,2024-11-13,Social,Delivered,Ghaziabad
507396,11428,2025-01-30,Social,Delivered,Delhi
507397,14665,2024-04-22,Social,Delivered,Jaipur
507398,14526,2024-09-30,Direct,Delivered,Indore
507399,10460,2024-04-26,Organic,Delivered,Ahmedabad
507400,12632,2025-08-01,Organic,Delivered,Jaipur
507401,13335,2025-07-25,Direct,Delivered,Patna
507402,13903,2024-05-21,Social,Delivered,Jaipur
507403,11014,2025-08-09,Direct,Delivered,Jaipur
507404,14256,2024-08-22,Email,Delivered,Bengaluru
507405,13277,2025-06-17,Email,Delivered,Ahmedabad
507406,14395,2025-11-18,Social,Delivered,Delhi
507407,13403,2025-08-29,Organic,Delivered,Bhopal
507408,14354,2024-05-16,Direct,Delivered,Patna
507409,10149,2024-05-11,Social,Delivered,Lucknow
507410,11128,2024-03-22,Organic,Delivered,Chandigarh
507411,12661,2025-09-07,Organic,Delivered,Noida
507412,11517,2025-02-03,Paid Search,Delivered,Chennai
507413,10990,2024-04-23,Paid Search,Delivered,Hyderabad
507414,13540,2025-03-05,Organic,Delivered,Delhi
507415,14965,2025-01-22,Paid Search,Delivered,Chandigarh
507416,12689,2025-03-12,Direct,Delivered,Ghaziabad
507417,13043,2025-04-08,Social,Delivered,Hyderabad
507418,13047,2024-04-30,Paid Search,Delivered,Bhopal
507419,12085,2024-10-10,Organic,Delivered,Mumbai
507420,13389,2025-06-11,Affiliate,Delivered,Jaipur
507421,14033,2025-10-26,Email,Delivered,Delhi
507422,10572,2024-06-26,Organic,Delivered,Ghaziabad
507423,11378,2025-02-21,Direct,Delivered,Jaipur
507424,10842,2025-11-24,Paid Search,Delivered,Kochi
507425,13963,2025-03-15,Paid Search,Delivered,Ghaziabad
507426,13190,2024-06-15,Paid Search,Delivered,Jaipur
507427,13359,2025-03-02,Direct,Delivered,Ahmedabad
507428,13127,2024-01-13,Direct,Delivered,Indore
507429,12662,2024-12-23,Email,Delivered,Indore
507430,14088,2025-02-19,Social,Delivered,Kolkata
507431,10787,2024-02-11,Paid Search,Delivered,Patna
507432,13469,2024-05-28,Paid Search,Delivered,Delhi
507433,14173,2025-12-23,Paid Search,Delivered,Bhopal
507434,11039,2025-04-04,Direct,Delivered,Bhopal
507435,13548,2024-12-01,Email,Delivered,Kolkata
507436,10351,2024-06-16,Paid Search,Delivered,Kochi
507437,10818,2024-03-31,Direct,Delivered,Jaipur
507438,11956,2024-11-08,Organic,Delivered,Mumbai
507439,15000,2025-02-02,Organic,Delivered,Kolkata
507440,11857,2024-05-11,Paid Search,Delivered,Ghaziabad
507441,12145,2025-08-08,Direct,Delivered,Jaipur
507442,13838,2024-11-09,Organic,Delivered,Gurugram
507443,13992,2024-02-10,Organic,Delivered,Bhopal
507444,13358,2024-04-09,Paid Search,Delivered,Bhopal
507445,10152,2025-09-21,Direct,Delivered,Ghaziabad
507446,14362,2024-09-04,Paid Search,Delivered,Gurugram
507447,11305,2024-09-29,Email,Delivered,Hyderabad
507448,12522,2024-05-25,Direct,Delivered,Indore
507449,13659,2025-08-13,Email,Delivered,Noida
507450,11444,2025-08-19,Organic,Delivered,Chandigarh
507451,13428,2024-06-26,Organic,Delivered,Ahmedabad
507452,12522,2025-06-17,Paid Search,Delivered,Kolkata
507453,10782,2024-11-26,Affiliate,Delivered,Chandigarh
507454,11078,2024-05-01,Affiliate,Delivered,Bengaluru
507455,13815,2025-08-04,Organic,Delivered,Hyderabad
507456,10303,2024-03-01,Paid Search,Delivered,Patna
507457,11909,2025-10-01,Organic,Delivered,Jaipur
507458,12499,2024-01-19,Social,Delivered,Kochi
507459,11920,2024-08-24,Paid Search,Delivered,Lucknow
507460,12069,2024-06-14,Direct,Delivered,Delhi
507461,14860,2024-06-21,Paid Search,Delivered,Ghaziabad
507462,10162,2024-12-17,Organic,Delivered,Gurugram
507463,14908,2025-07-03,Social,Delivered,Indore
507464,13607,2024-10-19,Direct,Delivered,Mumbai
507465,14590,2025-01-12,Paid Search,Delivered,Noida
507466,13222,2025-12-11,Affiliate,Delivered,Gurugram
507467,14720,2024-12-29,Paid Search,Delivered,Mumbai
507468,10370,2025-08-02,Social,Delivered,Hyderabad
507469,13593,2024-10-08,Social,Delivered,Bhopal
507470,13551,2024-02-27,Direct,Delivered,Kochi
507471,14659,2024-07-06,Social,Delivered,Hyderabad
507472,10415,2024-04-26,Paid Search,Delivered,Chandigarh
507473,12541,2025-10-25,Affiliate,Delivered,Noida
507474,12589,2024-01-20,Organic,Delivered,Gurugram
507475,10472,2025-08-24,Paid Search,Delivered,Ghaziabad
507476,13112,2024-04-11,Paid Search,Delivered,Hyderabad
507477,12405,2024-04-20,Social,Delivered,Delhi
507478,12495,2025-01-22,Direct,Cancelled,Chennai
507479,13412,2024-02-29,Social,Delivered,Pune
507480,13738,2024-02-26,Social,Delivered,Noida
507481,13312,2025-07-20,Organic,Delivered,Ahmedabad
507482,11928,2024-02-13,Direct,Delivered,Bengaluru
507483,14818,2025-03-12,Paid Search,Delivered,Kochi
507484,11065,2024-03-27,Organic,Delivered,Pune
507485,11700,2024-03-03,Direct,Delivered,Jaipur
507486,12433,2025-05-04,Direct,Delivered,Patna
507487,11563,2024-10-13,Paid Search,Delivered,Ghaziabad
507488,11712,2024-01-15,Social,Delivered,Jaipur
507489,14636,2025-05-13,Affiliate,Delivered,Bengaluru
507490,10757,2025-12-09,Organic,Delivered,Kolkata
507491,12559,2025-02-14,Direct,Delivered,Kochi
507492,12356,2024-10-05,Paid Search,Delivered,Bhopal
507493,10435,2025-09-08,Social,Delivered,Kolkata
507494,11008,2024-09-03,Organic,Delivered,Gurugram
507495,11364,2025-03-24,Organic,Delivered,Chennai
507496,12352,2024-12-13,Organic,Delivered,Jaipur
507497,12082,2025-06-14,Paid Search,Delivered,Noida
507498,12963,2025-01-13,Direct,Delivered,Chandigarh
507499,11883,2024-12-18,Social,Delivered,Kolkata
507500,13911,2024-11-03,Paid Search,Delivered,Hyderabad
507501,11834,2024-08-04,Social,Delivered,Chennai
507502,14266,2024-12-21,Paid Search,Delivered,Mumbai
507503,15000,2024-02-14,Email,Delivered,Kolkata
507504,13341,2024-09-05,Social,Delivered,Pune
507505,10510,2024-02-25,Paid Search,Delivered,Kochi
507506,14468,2024-08-23,Email,Delivered,Pune
507507,14084,2024-09-14,Paid Search,Delivered,Ghaziabad
507508,12789,2024-01-20,Affiliate,Delivered,Patna
507509,11700,2024-08-04,Social,Delivered,Bengaluru
507510,13553,2025-05-06,Organic,Delivered,Kochi
507511,13078,2025-12-09,Organic,Delivered,Noida
507512,13852,2025-03-27,Paid Search,Delivered,Delhi
507513,13227,2025-06-04,Direct,Delivered,Delhi
507514,14125,2025-05-03,Affiliate,Delivered,Patna
507515,14837,2025-11-21,Direct,Delivered,Jaipur
507516,13760,2025-11-18,Affiliate,Delivered,Indore
507517,11590,2024-03-24,Direct,Delivered,Chennai
507518,14513,2024-12-11,Paid Search,Delivered,Hyderabad
507519,14134,2025-10-25,Email,Delivered,Bhopal
507520,12365,2025-10-06,Paid Search,Delivered,Jaipur
507521,10300,2025-01-25,Direct,Delivered,Mumbai
507522,14768,2024-11-20,Direct,Delivered,Jaipur
507523,12703,2024-02-12,Affiliate,Delivered,Pune
507524,12002,2024-12-15,Affiliate,Delivered,Hyderabad
507525,13036,2025-01-05,Direct,Delivered,Gurugram
507526,10351,2025-04-07,Organic,Delivered,Kolkata
507527,14129,2025-01-16,Social,Delivered,Pune
507528,10911,2024-06-06,Affiliate,Delivered,Bengaluru
507529,11289,2025-12-08,Social,Delivered,Indore
507530,12792,2024-06-07,Social,Delivered,Noida
507531,13322,2024-10-06,Paid Search,Delivered,Patna
507532,10073,2025-01-07,Organic,Delivered,Kolkata
507533,12906,2024-08-02,Direct,Delivered,Delhi
507534,10787,2024-02-20,Affiliate,Delivered,Jaipur
507535,14771,2025-03-22,Email,Delivered,Kolkata
507536,11871,2024-06-21,Organic,Delivered,Jaipur
507537,12453,2025-10-04,Organic,Delivered,Jaipur
507538,13122,2025-08-02,Paid Search,Delivered,Lucknow
507539,10784,2024-11-09,Organic,Delivered,Indore
507540,10828,2024-12-04,Organic,Delivered,Hyderabad
507541,14796,2025-11-25,Organic,Delivered,Kochi
507542,12875,2024-01-20,Paid Search,Delivered,Delhi
507543,11135,2024-10-03,Organic,Delivered,Lucknow
507544,13316,2024-02-14,Affiliate,Delivered,Noida
507545,14465,2024-04-11,Social,Delivered,Indore
507546,13819,2025-11-03,Social,Delivered,Pune
507547,12002,2024-03-15,Direct,Delivered,Gurugram
507548,13303,2025-11-30,Social,Delivered,Mumbai
507549,14479,2025-07-26,Direct,Delivered,Ahmedabad
507550,11251,2025-04-13,Organic,Delivered,Kolkata
507551,13952,2025-06-26,Paid Search,Delivered,Kochi
507552,14987,2024-05-15,Paid Search,Delivered,Kochi
507553,11726,2024-03-26,Direct,Delivered,Bhopal
507554,14442,2024-09-26,Direct,Delivered,Ghaziabad
507555,10111,2025-07-12,Paid Search,Delivered,Delhi
507556,11868,2024-08-11,Direct,Delivered,Chandigarh
507557,11383,2024-05-08,Paid Search,Delivered,Hyderabad
507558,10146,2025-07-27,Social,Delivered,Bhopal
507559,13014,2025-04-08,Organic,Delivered,Kolkata
507560,12644,2025-01-27,Social,Delivered,Gurugram
507561,11897,2024-10-28,Organic,Delivered,Noida
507562,14326,2025-07-23,Social,Delivered,Ahmedabad
507563,11242,2025-06-20,Paid Search,Delivered,Ghaziabad
507564,14110,2024-09-20,Social,Delivered,Bhopal
507565,13179,2024-04-04,Organic,Delivered,Chandigarh
507566,14488,2025-09-27,Social,Delivered,Pune
507567,10035,2024-04-10,Paid Search,Delivered,Hyderabad
507568,14848,2024-11-09,Organic,Delivered,Chennai
507569,10012,2025-10-16,Social,Delivered,Lucknow
507570,13566,2024-11-01,Organic,Delivered,Chennai
507571,13763,2025-08-30,Paid Search,Delivered,Indore
507572,10812,2024-12-23,Paid Search,Delivered,Kolkata
507573,10177,2025-06-28,Social,Delivered,Hyderabad
507574,10183,2025-03-08,Social,Delivered,Chandigarh
507575,10648,2024-07-23,Organic,Delivered,Chandigarh
507576,10758,2025-10-15,Paid Search,Delivered,Mumbai
507577,14836,2024-12-07,Social,Delivered,Lucknow
507578,11006,2024-11-30,Direct,Delivered,Lucknow
507579,14027,2025-04-26,Organic,Delivered,Kolkata
507580,10307,2025-11-10,Organic,Delivered,Noida
507581,13272,2025-09-29,Affiliate,Delivered,Lucknow
507582,12268,2024-10-14,Paid Search,Delivered,Patna
507583,12702,2024-06-18,Paid Search,Delivered,Bengaluru
507584,13920,2024-08-25,Organic,Delivered,Kolkata
507585,11049,2024-07-10,Direct,Delivered,Ahmedabad
507586,10022,2024-08-03,Social,Delivered,Jaipur
507587,11105,2024-11-10,Organic,Delivered,Chandigarh
507588,14019,2024-01-16,Paid Search,Delivered,Gurugram
507589,12958,2025-01-24,Paid Search,Delivered,Patna
507590,14627,2025-09-12,Organic,Delivered,Bengaluru
507591,14173,2024-11-10,Direct,Delivered,Chennai
507592,10760,2024-02-27,Paid Search,Delivered,Ahmedabad
507593,10289,2024-10-11,Email,Delivered,Chandigarh
507594,10107,2024-09-01,Direct,Delivered,Delhi
507595,10946,2025-03-10,Organic,Delivered,Chennai
507596,12397,2024-07-02,Organic,Delivered,Delhi
507597,10083,2024-08-07,Paid Search,Delivered,Mumbai
507598,14343,2025-06-28,Email,Delivered,Ahmedabad
507599,12393,2024-05-08,Paid Search,Delivered,Chennai
507600,13685,2025-11-12,Social,Delivered,Indore
507601,14365,2024-08-05,Organic,Delivered,Mumbai
507602,10174,2025-08-20,Organic,Delivered,Kolkata
507603,12170,2024-02-29,Paid Search,Delivered,Mumbai
507604,13367,2024-08-21,Organic,Delivered,Lucknow
507605,14984,2024-10-02,Affiliate,Delivered,Ghaziabad
507606,14089,2024-11-29,Direct,Delivered,Jaipur
507607,11085,2024-03-08,Direct,Delivered,Bengaluru
507608,11356,2024-06-29,Social,Delivered,Ahmedabad
507609,13998,2025-10-03,Paid Search,Delivered,Bhopal
507610,13268,2025-11-06,Social,Delivered,Ghaziabad
507611,11249,2024-11-18,Organic,Delivered,Noida
507612,12470,2024-03-27,Direct,Delivered,Kochi
507613,14645,2024-07-20,Email,Delivered,Hyderabad
507614,11029,2025-11-26,Paid Search,Delivered,Lucknow
507615,11649,2025-11-02,Affiliate,Delivered,Pune
507616,14508,2025-08-17,Paid Search,Delivered,Bhopal
507617,13365,2025-09-22,Affiliate,Delivered,Chandigarh
507618,11116,2025-06-04,Paid Search,Delivered,Kolkata
507619,11436,2025-03-31,Direct,Delivered,Bhopal
507620,14203,2025-07-19,Direct,Delivered,Pune
507621,11402,2025-04-17,Paid Search,Delivered,Ahmedabad
507622,13509,2024-09-05,Social,Delivered,Mumbai
507623,12479,2025-04-13,Paid Search,Delivered,Ahmedabad
507624,11105,2024-08-04,Affiliate,Delivered,Noida
507625,11842,2025-04-01,Social,Cancelled,Ghaziabad
507626,13557,2024-10-05,Direct,Delivered,Chandigarh
507627,14011,2024-12-22,Direct,Delivered,Chandigarh
507628,10131,2024-05-12,Paid Search,Delivered,Ghaziabad
507629,14529,2025-11-30,Organic,Delivered,Ahmedabad
507630,11182,2025-06-29,Email,Delivered,Bhopal
507631,13244,2024-03-19,Paid Search,Delivered,Pune
507632,11428,2024-12-13,Paid Search,Delivered,Hyderabad
507633,11339,2024-11-28,Social,Delivered,Pune
507634,14446,2025-10-09,Social,Delivered,Ghaziabad
507635,13505,2025-07-06,Social,Delivered,Ghaziabad
507636,14577,2025-10-04,Paid Search,Delivered,Jaipur
507637,10105,2024-12-07,Organic,Delivered,Patna
507638,11355,2024-04-23,Organic,Delivered,Pune
507639,10243,2025-06-11,Email,Delivered,Bengaluru
507640,12374,2024-06-08,Social,Delivered,Jaipur
507641,12309,2025-04-10,Social,Delivered,Pune
507642,14909,2024-10-27,Direct,Delivered,Gurugram
507643,11155,2024-09-12,Direct,Delivered,Lucknow
507644,13330,2024-03-27,Organic,Delivered,Patna
507645,14972,2025-08-07,Affiliate,Delivered,Chandigarh
507646,10349,2025-05-18,Paid Search,Cancelled,Noida
507647,12227,2024-09-06,Email,Delivered,Ahmedabad
507648,11958,2025-06-23,Organic,Delivered,Ghaziabad
507649,10132,2025-12-22,Organic,Delivered,Kolkata
507650,12108,2025-06-11,Direct,Delivered,Patna
507651,11268,2025-11-25,Social,Cancelled,Noida
507652,11532,2024-12-09,Paid Search,Delivered,Chandigarh
507653,11064,2024-10-02,Direct,Delivered,Hyderabad
507654,12600,2025-09-08,Paid Search,Delivered,Hyderabad
507655,11993,2025-04-29,Organic,Delivered,Jaipur
507656,13681,2025-03-18,Paid Search,Delivered,Chandigarh
507657,11768,2025-04-14,Email,Delivered,Patna
507658,13458,2025-12-27,Email,Delivered,Bengaluru
507659,12638,2025-05-17,Social,Delivered,Mumbai
507660,11758,2025-08-19,Social,Delivered,Bengaluru
507661,14118,2024-01-27,Social,Delivered,Mumbai
507662,13684,2025-06-11,Paid Search,Delivered,Kochi
507663,12630,2024-08-20,Organic,Delivered,Bengaluru
507664,12671,2024-03-31,Organic,Delivered,Bengaluru
507665,13819,2024-07-21,Email,Delivered,Pune
507666,13848,2025-08-31,Affiliate,Delivered,Indore
507667,13562,2025-08-20,Paid Search,Delivered,Patna
507668,10570,2024-08-11,Paid Search,Delivered,Gurugram
507669,11151,2024-05-20,Social,Delivered,Noida
507670,12024,2024-11-02,Organic,Delivered,Chandigarh
507671,12877,2024-08-30,Social,Delivered,Mumbai
507672,11974,2024-12-04,Social,Delivered,Noida
507673,14144,2025-07-27,Paid Search,Delivered,Mumbai
507674,11760,2024-08-30,Organic,Delivered,Chandigarh
507675,12721,2024-05-06,Direct,Delivered,Jaipur
507676,13491,2024-03-20,Organic,Delivered,Kochi
507677,11888,2025-05-15,Organic,Delivered,Noida
507678,12786,2024-05-25,Paid Search,Delivered,Chandigarh
507679,13634,2024-06-09,Affiliate,Cancelled,Mumbai
507680,11930,2025-08-10,Affiliate,Delivered,Pune
507681,14855,2024-03-08,Social,Delivered,Jaipur
507682,12682,2025-04-21,Social,Delivered,Patna
507683,13933,2024-01-09,Social,Delivered,Gurugram
507684,13522,2025-11-20,Organic,Delivered,Jaipur
507685,14072,2025-06-05,Paid Search,Delivered,Ghaziabad
507686,13376,2025-08-23,Paid Search,Delivered,Bengaluru
507687,12694,2025-05-02,Social,Delivered,Gurugram
507688,13804,2024-10-21,Email,Delivered,Patna
507689,12333,2025-12-28,Direct,Delivered,Kolkata
507690,14258,2025-07-28,Social,Delivered,Ahmedabad
507691,12509,2024-03-05,Email,Delivered,Kochi
507692,13697,2025-02-25,Direct,Delivered,Chennai
507693,11034,2025-01-31,Paid Search,Delivered,Gurugram
507694,10901,2024-07-28,Social,Delivered,Ghaziabad
507695,12824,2024-11-29,Email,Delivered,Hyderabad
507696,14233,2025-12-13,Social,Delivered,Kochi
507697,13670,2024-03-04,Direct,Delivered,Kochi
507698,11661,2025-11-09,Social,Delivered,Bhopal
507699,14280,2025-05-26,Direct,Delivered,Ghaziabad
507700,13330,2024-03-23,Organic,Delivered,Chennai
507701,12783,2024-08-11,Affiliate,Delivered,Delhi
507702,14955,2025-09-05,Organic,Delivered,Gurugram
507703,13896,2025-05-29,Organic,Delivered,Gurugram
507704,11474,2024-02-26,Organic,Delivered,Chennai
507705,10326,2024-04-17,Social,Delivered,Bengaluru
507706,11352,2025-11-09,Paid Search,Delivered,Lucknow
507707,10884,2024-04-25,Organic,Delivered,Kochi
507708,10911,2025-04-01,Email,Delivered,Bengaluru
507709,12614,2025-12-28,Social,Delivered,Pune
507710,14921,2024-05-01,Paid Search,Delivered,Pune
507711,13246,2024-02-02,Social,Delivered,Hyderabad
507712,12135,2025-08-20,Direct,Delivered,Kochi
507713,11242,2025-11-25,Email,Delivered,Bhopal
507714,13920,2025-01-12,Social,Delivered,Jaipur
507715,12744,2024-06-19,Affiliate,Cancelled,Kolkata
507716,10247,2024-02-13,Direct,Delivered,Chandigarh
507717,12331,2025-10-28,Paid Search,Delivered,Kochi
507718,10903,2025-08-06,Organic,Delivered,Ahmedabad
507719,12491,2025-10-17,Organic,Delivered,Bhopal
507720,10316,2025-07-30,Email,Delivered,Delhi
507721,11068,2024-11-12,Direct,Delivered,Ghaziabad
507722,14079,2024-12-18,Organic,Delivered,Ghaziabad
507723,10846,2024-10-06,Social,Delivered,Ahmedabad
507724,10533,2025-06-18,Organic,Delivered,Ahmedabad
507725,11105,2024-03-14,Social,Delivered,Bengaluru
507726,14616,2024-01-30,Direct,Delivered,Chennai
507727,14741,2025-12-03,Affiliate,Delivered,Ghaziabad
507728,13319,2024-08-20,Direct,Delivered,Hyderabad
507729,13903,2024-01-26,Social,Cancelled,Pune
507730,14548,2025-05-07,Email,Delivered,Jaipur
507731,11480,2024-10-18,Direct,Delivered,Mumbai
507732,12045,2024-06-17,Email,Delivered,Patna
507733,10140,2024-11-13,Direct,Delivered,Patna
507734,12629,2024-11-25,Paid Search,Delivered,Kolkata
507735,14630,2025-03-23,Organic,Delivered,Pune
507736,10138,2025-11-12,Organic,Delivered,Noida
507737,13558,2025-10-06,Direct,Delivered,Bhopal
507738,12330,2025-08-27,Organic,Delivered,Delhi
507739,14826,2024-12-25,Affiliate,Delivered,Delhi
507740,12954,2025-02-11,Social,Delivered,Chandigarh
507741,12027,2024-04-06,Email,Cancelled,Gurugram
507742,10503,2025-02-25,Affiliate,Delivered,Indore
507743,12805,2025-05-05,Paid Search,Delivered,Noida
507744,14907,2025-10-10,Organic,Delivered,Kolkata
507745,10065,2024-02-03,Email,Delivered,Delhi
507746,10022,2025-09-22,Direct,Delivered,Ahmedabad
507747,14452,2025-01-13,Organic,Delivered,Mumbai
507748,11338,2024-03-05,Organic,Delivered,Mumbai
507749,13040,2025-12-28,Direct,Delivered,Noida
507750,13079,2024-12-06,Organic,Delivered,Patna
507751,12401,2024-10-27,Organic,Delivered,Chandigarh
507752,12489,2024-05-19,Direct,Cancelled,Lucknow
507753,13440,2024-02-23,Affiliate,Delivered,Hyderabad
507754,11196,2024-03-01,Paid Search,Delivered,Bengaluru
507755,10899,2024-07-14,Direct,Delivered,Mumbai
507756,14934,2024-08-01,Email,Delivered,Chandigarh
507757,10044,2024-12-04,Organic,Delivered,Indore
507758,10945,2025-03-22,Social,Delivered,Indore
507759,13648,2025-12-26,Direct,Delivered,Delhi
507760,12842,2025-08-03,Email,Delivered,Hyderabad
507761,11612,2024-12-21,Social,Delivered,Jaipur
507762,10580,2025-10-29,Paid Search,Delivered,Jaipur
507763,11835,2025-02-11,Paid Search,Delivered,Bengaluru
507764,10281,2024-11-05,Email,Delivered,Ahmedabad
507765,12769,2024-06-07,Organic,Delivered,Noida
507766,12440,2024-11-04,Affiliate,Delivered,Kolkata
507767,14599,2024-01-30,Organic,Delivered,Lucknow
507768,14024,2024-04-22,Organic,Delivered,Bhopal
507769,12349,2025-11-21,Organic,Delivered,Bengaluru
507770,12657,2024-05-22,Affiliate,Delivered,Gurugram
507771,13447,2025-02-18,Social,Delivered,Chandigarh
507772,11469,2024-03-15,Paid Search,Delivered,Bhopal
507773,13005,2025-03-15,Social,Delivered,Chennai
507774,10084,2025-12-14,Social,Delivered,Lucknow
507775,14694,2024-11-30,Direct,Delivered,Ahmedabad
507776,14703,2024-04-03,Paid Search,Delivered,Indore
507777,14448,2024-01-17,Organic,Delivered,Hyderabad
507778,11060,2025-07-07,Direct,Delivered,Chennai
507779,13942,2024-03-16,Social,Delivered,Pune
507780,12873,2024-08-20,Social,Delivered,Pune
507781,14917,2025-09-08,Organic,Delivered,Bhopal
507782,10078,2025-01-27,Direct,Delivered,Jaipur
507783,11987,2025-09-30,Direct,Cancelled,Gurugram
507784,10487,2025-09-29,Paid Search,Delivered,Jaipur
507785,14731,2025-04-28,Organic,Delivered,Chandigarh
507786,10851,2025-11-15,Organic,Delivered,Delhi
507787,10194,2024-01-27,Paid Search,Delivered,Chennai
507788,10562,2024-06-24,Social,Delivered,Noida
507789,14826,2024-07-21,Paid Search,Delivered,Chennai
507790,12654,2025-10-28,Social,Delivered,Delhi
507791,10539,2025-03-30,Paid Search,Delivered,Chandigarh
507792,11986,2024-07-03,Organic,Delivered,Hyderabad
507793,12129,2024-06-01,Direct,Delivered,Bhopal
507794,14007,2025-08-11,Paid Search,Delivered,Pune
507795,11099,2025-09-19,Direct,Delivered,Lucknow
507796,10582,2024-01-12,Social,Delivered,Bhopal
507797,13749,2024-09-24,Organic,Delivered,Kolkata
507798,12156,2025-01-26,Social,Delivered,Hyderabad
507799,10621,2024-06-20,Direct,Delivered,Ahmedabad
507800,12142,2025-06-14,Direct,Delivered,Ahmedabad
507801,12131,2025-07-08,Paid Search,Delivered,Noida
507802,11155,2025-09-05,Organic,Delivered,Ghaziabad
507803,11003,2025-07-28,Social,Delivered,Kochi
507804,10480,2025-09-06,Organic,Delivered,Bengaluru
507805,14203,2024-09-24,Paid Search,Delivered,Hyderabad
507806,10054,2024-08-06,Direct,Delivered,Mumbai
507807,12541,2024-08-19,Email,Delivered,Mumbai
507808,10095,2025-09-15,Affiliate,Delivered,Delhi
507809,14021,2025-04-19,Social,Delivered,Kolkata
507810,11994,2024-08-24,Organic,Delivered,Kochi
507811,14907,2025-06-11,Organic,Delivered,Delhi
507812,10272,2024-06-19,Affiliate,Delivered,Delhi
507813,11661,2024-07-13,Paid Search,Delivered,Pune
507814,11973,2024-01-02,Social,Delivered,Ghaziabad
507815,10344,2025-12-07,Organic,Delivered,Ghaziabad
507816,12188,2024-06-21,Paid Search,Delivered,Delhi
507817,12296,2025-07-03,Organic,Delivered,Delhi
507818,12227,2024-03-27,Organic,Delivered,Indore
507819,12668,2024-01-27,Direct,Delivered,Indore
507820,10959,2025-05-08,Email,Delivered,Gurugram
507821,11194,2024-03-12,Direct,Delivered,Bengaluru
507822,12494,2024-04-15,Direct,Delivered,Kochi
507823,13221,2024-08-29,Social,Delivered,Chandigarh
507824,11962,2025-03-03,Paid Search,Delivered,Patna
507825,12285,2024-01-14,Social,Delivered,Ghaziabad
507826,14948,2024-04-02,Organic,Delivered,Kochi
507827,13230,2024-09-04,Affiliate,Delivered,Bengaluru
507828,10227,2025-05-29,Affiliate,Delivered,Mumbai
507829,11804,2024-03-12,Social,Delivered,Kochi
507830,10270,2024-07-27,Paid Search,Delivered,Noida
507831,14377,2024-05-20,Organic,Delivered,Noida
507832,14123,2024-08-13,Organic,Delivered,Chandigarh
507833,12329,2024-07-07,Paid Search,Delivered,Patna
507834,11331,2025-04-13,Direct,Delivered,Bengaluru
507835,13596,2024-02-19,Organic,Delivered,Chennai
507836,10919,2025-11-17,Direct,Delivered,Hyderabad
507837,13851,2024-06-27,Social,Delivered,Chennai
507838,14373,2025-12-25,Paid Search,Delivered,Ahmedabad
507839,10899,2025-06-17,Organic,Delivered,Noida
507840,12664,2024-09-18,Organic,Delivered,Bhopal
507841,10773,2024-08-08,Social,Delivered,Chennai
507842,13079,2025-11-22,Social,Delivered,Indore
507843,13375,2025-12-29,Paid Search,Delivered,Noida
507844,10040,2025-03-23,Paid Search,Delivered,Indore
507845,14725,2024-02-04,Organic,Delivered,Indore
507846,11304,2025-10-24,Paid Search,Delivered,Chennai
507847,12318,2024-12-14,Email,Delivered,Indore
507848,11297,2024-01-21,Social,Delivered,Chandigarh
507849,14527,2025-08-09,Organic,Delivered,Noida
507850,13805,2024-01-25,Affiliate,Delivered,Mumbai
507851,14949,2024-09-28,Organic,Delivered,Kochi
507852,11928,2024-02-24,Affiliate,Delivered,Kochi
507853,12813,2024-11-15,Social,Delivered,Kolkata
507854,12888,2025-08-11,Email,Delivered,Jaipur
507855,11151,2024-04-04,Organic,Delivered,Ahmedabad
507856,14660,2024-04-10,Affiliate,Delivered,Gurugram
507857,14322,2025-11-30,Email,Delivered,Pune
507858,14924,2024-05-09,Organic,Delivered,Kochi
507859,12286,2024-03-23,Organic,Delivered,Mumbai
507860,10637,2025-03-03,Affiliate,Delivered,Ahmedabad
507861,10795,2024-07-21,Paid Search,Delivered,Jaipur
507862,12780,2025-11-30,Email,Delivered,Pune
507863,14093,2024-04-29,Organic,Delivered,Jaipur
507864,13496,2025-02-18,Organic,Cancelled,Pune
507865,13663,2025-11-04,Affiliate,Delivered,Kolkata
507866,13911,2025-06-19,Organic,Delivered,Mumbai
507867,14214,2024-01-22,Organic,Delivered,Ahmedabad
507868,14601,2024-05-17,Organic,Delivered,Gurugram
507869,11816,2024-04-01,Direct,Delivered,Patna
507870,13642,2025-10-30,Paid Search,Delivered,Kochi
507871,11393,2024-05-27,Social,Delivered,Indore
507872,13450,2024-02-10,Social,Delivered,Bhopal
507873,10278,2024-10-06,Paid Search,Delivered,Kolkata
507874,10271,2024-07-25,Organic,Delivered,Kochi
507875,10999,2024-04-29,Paid Search,Delivered,Bhopal
507876,12725,2024-11-27,Organic,Delivered,Hyderabad
507877,14553,2025-10-20,Direct,Delivered,Chandigarh
507878,12994,2024-06-14,Affiliate,Delivered,Mumbai
507879,12807,2025-12-18,Affiliate,Delivered,Pune
507880,13483,2025-04-30,Affiliate,Delivered,Chennai
507881,14432,2024-10-06,Organic,Delivered,Indore
507882,12917,2025-05-11,Affiliate,Delivered,Noida
507883,13690,2024-09-11,Social,Delivered,Pune
507884,12048,2024-06-03,Affiliate,Delivered,Chandigarh
507885,14976,2024-06-20,Direct,Delivered,Mumbai
507886,12438,2024-01-07,Paid Search,Delivered,Indore
507887,14465,2025-04-19,Social,Delivered,Bhopal
507888,14837,2024-02-24,Paid Search,Delivered,Delhi
507889,14414,2024-05-25,Direct,Delivered,Chandigarh
507890,11646,2024-01-01,Paid Search,Delivered,Noida
507891,11867,2024-02-17,Paid Search,Delivered,Chennai
507892,13923,2025-10-23,Direct,Delivered,Chennai
507893,14644,2024-01-18,Organic,Delivered,Hyderabad
507894,13038,2025-03-30,Social,Delivered,Chennai
507895,13887,2024-08-27,Social,Delivered,Pune
507896,12220,2024-04-11,Social,Delivered,Indore
507897,14286,2024-08-07,Organic,Delivered,Pune
507898,12072,2024-03-08,Organic,Delivered,Patna
507899,13110,2024-08-16,Paid Search,Delivered,Lucknow
507900,12687,2025-08-20,Social,Delivered,Noida
507901,14182,2025-03-29,Direct,Delivered,Patna
507902,13999,2025-08-15,Affiliate,Delivered,Delhi
507903,14197,2025-05-24,Social,Delivered,Ahmedabad
507904,10611,2025-11-08,Organic,Delivered,Pune
507905,11228,2024-03-19,Direct,Delivered,Indore
507906,14554,2024-04-26,Organic,Delivered,Patna
507907,10652,2024-10-27,Direct,Delivered,Kochi
507908,13871,2025-01-16,Direct,Delivered,Ghaziabad
507909,13172,2025-07-27,Direct,Delivered,Chennai
507910,11746,2024-03-29,Paid Search,Delivered,Bhopal
507911,10190,2024-03-21,Organic,Delivered,Noida
507912,10051,2025-08-04,Email,Delivered,Jaipur
507913,14462,2025-02-05,Paid Search,Delivered,Jaipur
507914,10527,2024-10-28,Paid Search,Delivered,Jaipur
507915,13725,2024-06-11,Social,Delivered,Bhopal
507916,10722,2025-05-23,Email,Delivered,Lucknow
507917,11985,2025-08-09,Paid Search,Delivered,Bhopal
507918,10518,2024-01-23,Paid Search,Delivered,Bhopal
507919,13185,2024-02-09,Email,Delivered,Chennai
507920,10514,2025-07-22,Organic,Cancelled,Kochi
507921,13132,2025-10-08,Email,Delivered,Kolkata
507922,14801,2024-06-16,Affiliate,Delivered,Lucknow
507923,13710,2025-05-31,Direct,Delivered,Patna
507924,13293,2025-09-08,Affiliate,Delivered,Kochi
507925,14531,2024-03-23,Social,Delivered,Bengaluru
507926,14104,2024-05-15,Direct,Delivered,Indore
507927,13665,2024-04-05,Social,Delivered,Lucknow
507928,12815,2025-07-31,Affiliate,Delivered,Chandigarh
507929,11951,2025-07-17,Organic,Delivered,Bhopal
507930,13098,2024-04-08,Email,Delivered,Kochi
507931,10533,2024-05-07,Organic,Delivered,Mumbai
507932,14405,2025-04-29,Organic,Delivered,Bengaluru
507933,14426,2025-10-17,Social,Delivered,Ghaziabad
507934,11310,2025-07-23,Organic,Delivered,Delhi
507935,13786,2024-05-02,Paid Search,Delivered,Ghaziabad
507936,13473,2024-10-09,Affiliate,Delivered,Bengaluru
507937,14270,2024-02-18,Social,Delivered,Gurugram
507938,14497,2024-06-27,Affiliate,Delivered,Noida
507939,13719,2025-02-15,Affiliate,Delivered,Patna
507940,14682,2024-09-08,Social,Delivered,Bhopal
507941,11626,2025-03-19,Direct,Delivered,Pune
507942,12221,2024-08-04,Organic,Delivered,Delhi
507943,10746,2025-02-15,Organic,Delivered,Noida
507944,14284,2025-04-07,Paid Search,Delivered,Lucknow
507945,11388,2024-05-22,Affiliate,Delivered,Ahmedabad
507946,12520,2024-02-02,Organic,Delivered,Ghaziabad
507947,10814,2024-09-04,Social,Delivered,Gurugram
507948,11290,2024-01-31,Social,Delivered,Noida
507949,13376,2024-04-26,Affiliate,Delivered,Kochi
507950,11255,2024-07-29,Direct,Delivered,Pune
507951,12578,2024-09-04,Paid Search,Delivered,Lucknow
507952,12259,2024-07-21,Paid Search,Delivered,Chennai
507953,13074,2024-02-09,Email,Delivered,Gurugram
507954,11290,2024-05-09,Direct,Delivered,Delhi
507955,12424,2025-10-07,Organic,Delivered,Ghaziabad
507956,10150,2025-06-07,Email,Delivered,Bengaluru
507957,12592,2024-11-20,Paid Search,Delivered,Delhi
507958,10528,2024-01-18,Organic,Delivered,Delhi
507959,13642,2024-09-18,Paid Search,Delivered,Ghaziabad
507960,14247,2025-11-06,Affiliate,Delivered,Jaipur
507961,12008,2025-08-14,Affiliate,Delivered,Noida
507962,14413,2025-07-07,Social,Delivered,Ghaziabad
507963,11962,2024-06-30,Email,Delivered,Hyderabad
507964,14366,2024-10-21,Paid Search,Delivered,Noida
507965,12599,2024-01-21,Organic,Cancelled,Jaipur
507966,12769,2025-09-19,Direct,Delivered,Gurugram
507967,12043,2024-03-23,Organic,Delivered,Jaipur
507968,14677,2025-03-27,Direct,Delivered,Mumbai
507969,13532,2024-07-25,Affiliate,Delivered,Bengaluru
507970,12496,2025-02-20,Email,Delivered,Noida
507971,13979,2025-08-27,Social,Delivered,Delhi
507972,12313,2024-08-16,Affiliate,Delivered,Hyderabad
507973,14382,2024-01-13,Organic,Delivered,Patna
507974,12372,2025-04-29,Social,Delivered,Ghaziabad
507975,14050,2025-01-23,Paid Search,Delivered,Indore
507976,11271,2024-04-12,Email,Delivered,Indore
507977,12832,2024-02-05,Email,Delivered,Indore
507978,13068,2025-01-18,Organic,Delivered,Ghaziabad
507979,12637,2025-03-24,Organic,Delivered,Lucknow
507980,12245,2024-03-25,Social,Delivered,Ahmedabad
507981,10007,2025-03-13,Direct,Delivered,Gurugram
507982,14874,2024-11-21,Email,Delivered,Kolkata
507983,11080,2024-04-10,Social,Delivered,Ghaziabad
507984,10860,2025-03-26,Direct,Delivered,Noida
507985,14057,2025-04-16,Affiliate,Delivered,Pune
507986,10384,2024-04-23,Affiliate,Delivered,Patna
507987,13818,2025-05-07,Paid Search,Delivered,Patna
507988,11756,2024-06-11,Social,Delivered,Ghaziabad
507989,13601,2025-03-12,Paid Search,Delivered,Kolkata
507990,11078,2025-08-17,Affiliate,Delivered,Mumbai
507991,13515,2025-11-16,Paid Search,Delivered,Chandigarh
507992,14960,2024-07-05,Email,Delivered,Indore
507993,12522,2024-09-04,Direct,Delivered,Noida
507994,12793,2024-03-10,Social,Delivered,Delhi
507995,13065,2025-12-09,Organic,Delivered,Bhopal
507996,11799,2024-08-29,Organic,Delivered,Kolkata
507997,12755,2025-08-09,Email,Delivered,Mumbai
507998,13214,2025-11-14,Organic,Delivered,Kolkata
507999,10124,2024-12-13,Organic,Cancelled,Lucknow
508000,12266,2025-05-22,Paid Search,Delivered,Ghaziabad
508001,12635,2024-12-11,Social,Delivered,Kochi
508002,11045,2025-02-24,Social,Delivered,Bhopal
508003,12354,2024-07-01,Organic,Delivered,Hyderabad
508004,11973,2025-09-06,Social,Delivered,Chennai
508005,12771,2024-03-30,Paid Search,Delivered,Kochi
508006,11432,2025-04-27,Social,Delivered,Ghaziabad
508007,14491,2025-11-03,Direct,Delivered,Bhopal
508008,13188,2025-08-15,Organic,Delivered,Noida
508009,13134,2025-07-08,Social,Delivered,Pune
508010,14083,2025-04-25,Organic,Delivered,Noida
508011,10107,2025-11-22,Organic,Delivered,Indore
508012,11313,2025-09-23,Email,Delivered,Delhi
508013,10904,2024-07-19,Email,Delivered,Mumbai
508014,13107,2025-04-01,Social,Delivered,Lucknow
508015,11712,2024-11-09,Direct,Delivered,Kochi
508016,13543,2024-07-12,Affiliate,Delivered,Patna
508017,14711,2025-08-21,Organic,Delivered,Kolkata
508018,11851,2024-01-31,Email,Delivered,Chennai
508019,11654,2024-04-03,Email,Delivered,Kolkata
508020,12438,2024-03-17,Email,Delivered,Indore
508021,12446,2024-05-27,Paid Search,Delivered,Gurugram
508022,11795,2025-01-09,Direct,Delivered,Gurugram
508023,11731,2025-11-19,Social,Delivered,Ghaziabad
508024,11865,2025-12-11,Affiliate,Delivered,Kochi
508025,12437,2025-10-20,Social,Delivered,Bhopal
508026,12232,2025-07-09,Affiliate,Delivered,Pune
508027,12283,2024-12-02,Paid Search,Delivered,Indore
508028,11478,2025-07-20,Organic,Delivered,Bhopal
508029,13169,2024-07-15,Social,Delivered,Patna
508030,12442,2025-04-30,Social,Delivered,Chennai
508031,11147,2024-01-07,Organic,Delivered,Kolkata
508032,13762,2025-10-22,Email,Delivered,Jaipur
508033,14404,2025-12-11,Direct,Delivered,Lucknow
508034,11972,2025-06-21,Direct,Delivered,Jaipur
508035,12613,2024-05-07,Paid Search,Delivered,Patna
508036,14728,2024-07-07,Paid Search,Delivered,Gurugram
508037,11579,2025-06-24,Direct,Delivered,Ahmedabad
508038,11090,2024-12-31,Direct,Delivered,Chennai
508039,11731,2025-02-04,Organic,Delivered,Mumbai
508040,12248,2024-10-22,Organic,Delivered,Kolkata
508041,12220,2025-09-02,Organic,Delivered,Patna
508042,13009,2024-04-30,Social,Delivered,Kochi
508043,11383,2024-11-18,Affiliate,Delivered,Indore
508044,12717,2024-06-11,Organic,Delivered,Ghaziabad
508045,10538,2025-05-20,Email,Delivered,Delhi
508046,14735,2024-07-27,Organic,Delivered,Lucknow
508047,11474,2024-08-06,Organic,Delivered,Delhi
508048,11622,2024-05-06,Social,Delivered,Delhi
508049,10807,2025-09-23,Social,Delivered,Pune
508050,11889,2024-06-07,Paid Search,Delivered,Kochi
508051,14873,2025-09-26,Paid Search,Delivered,Jaipur
508052,12979,2025-10-31,Paid Search,Delivered,Chandigarh
508053,13336,2025-12-05,Direct,Delivered,Indore
508054,12982,2024-09-07,Direct,Delivered,Kochi
508055,11671,2025-04-23,Social,Delivered,Patna
508056,13938,2025-08-27,Direct,Delivered,Kolkata
508057,11715,2024-02-27,Social,Delivered,Patna
508058,13973,2024-02-17,Organic,Delivered,Bengaluru
508059,14930,2024-05-31,Social,Delivered,Noida
508060,10055,2025-12-18,Direct,Delivered,Chandigarh
508061,10837,2024-03-06,Email,Delivered,Chandigarh
508062,13821,2025-07-13,Direct,Delivered,Chandigarh
508063,10606,2025-09-05,Social,Delivered,Bhopal
508064,13590,2025-10-24,Direct,Cancelled,Bhopal
508065,11231,2025-01-21,Affiliate,Cancelled,Ghaziabad
508066,12929,2025-01-19,Affiliate,Delivered,Delhi
508067,13262,2025-06-26,Direct,Cancelled,Bengaluru
508068,11585,2025-04-08,Paid Search,Delivered,Noida
508069,14289,2025-07-29,Email,Delivered,Gurugram
508070,14536,2024-09-20,Paid Search,Delivered,Bengaluru
508071,11093,2025-11-13,Direct,Delivered,Mumbai
508072,13692,2024-11-11,Social,Delivered,Jaipur
508073,13366,2024-06-30,Organic,Delivered,Patna
508074,11287,2025-07-02,Paid Search,Delivered,Kochi
508075,14080,2025-03-29,Organic,Delivered,Hyderabad
508076,11527,2024-02-06,Social,Delivered,Chandigarh
508077,11280,2024-05-01,Organic,Delivered,Chandigarh
508078,13553,2024-01-27,Direct,Delivered,Chennai
508079,10597,2025-02-25,Social,Delivered,Indore
508080,14589,2025-10-01,Direct,Delivered,Ghaziabad
508081,11923,2024-08-23,Organic,Delivered,Patna
508082,12453,2024-03-21,Paid Search,Delivered,Jaipur
508083,13398,2025-09-14,Direct,Delivered,Chennai
508084,14396,2025-06-11,Email,Delivered,Jaipur
508085,13851,2025-02-02,Organic,Delivered,Kolkata
508086,11911,2024-05-25,Direct,Delivered,Mumbai
508087,13750,2025-05-06,Organic,Delivered,Mumbai
508088,11976,2024-09-24,Paid Search,Delivered,Ghaziabad
508089,12584,2024-06-28,Affiliate,Delivered,Ghaziabad
508090,13430,2024-08-02,Email,Delivered,Ghaziabad
508091,12753,2024-02-14,Email,Delivered,Chennai
508092,10253,2024-12-24,Organic,Delivered,Mumbai
508093,10224,2025-07-04,Paid Search,Delivered,Bhopal
508094,10695,2025-08-27,Paid Search,Delivered,Bengaluru
508095,10419,2025-06-13,Paid Search,Delivered,Patna
508096,13643,2025-10-02,Organic,Delivered,Jaipur
508097,10962,2025-12-05,Email,Delivered,Jaipur
508098,11211,2024-06-11,Direct,Delivered,Lucknow
508099,11572,2024-11-12,Direct,Delivered,Chandigarh
508100,10876,2024-09-03,Affiliate,Delivered,Hyderabad
508101,14339,2025-05-15,Organic,Delivered,Bengaluru
508102,10446,2025-09-03,Social,Delivered,Indore
508103,10959,2025-10-12,Direct,Delivered,Mumbai
508104,11125,2024-03-06,Organic,Delivered,Gurugram
508105,10422,2025-01-11,Organic,Delivered,Mumbai
508106,11253,2024-03-26,Paid Search,Delivered,Chennai
508107,10932,2024-08-29,Social,Delivered,Ghaziabad
508108,11706,2024-12-16,Direct,Delivered,Indore
508109,10766,2025-03-29,Social,Delivered,Mumbai
508110,14692,2025-07-31,Social,Delivered,Noida
508111,13932,2025-12-28,Email,Delivered,Delhi
508112,13224,2024-09-02,Direct,Delivered,Pune
508113,12965,2025-02-12,Paid Search,Delivered,Bhopal
508114,13467,2024-02-20,Email,Delivered,Indore
508115,14707,2024-03-22,Direct,Delivered,Lucknow
508116,10664,2025-12-08,Direct,Delivered,Lucknow
508117,12657,2025-11-16,Paid Search,Delivered,Hyderabad
508118,10964,2025-11-17,Organic,Delivered,Ahmedabad
508119,12263,2024-07-10,Direct,Delivered,Mumbai
508120,14494,2025-04-21,Direct,Delivered,Delhi
508121,13157,2024-06-16,Organic,Delivered,Chennai
508122,13172,2025-05-13,Organic,Delivered,Indore
508123,10480,2024-12-20,Organic,Delivered,Ahmedabad
508124,14049,2025-11-13,Email,Delivered,Chennai
508125,13574,2024-09-30,Paid Search,Delivered,Mumbai
508126,11788,2025-04-15,Paid Search,Delivered,Pune
508127,11668,2025-04-26,Affiliate,Delivered,Ahmedabad
508128,12887,2025-07-30,Paid Search,Delivered,Bhopal
508129,13793,2024-02-08,Direct,Delivered,Bengaluru
508130,12512,2024-12-04,Paid Search,Delivered,Mumbai
508131,14283,2024-11-26,Paid Search,Delivered,Mumbai
508132,11028,2024-06-15,Direct,Delivered,Kochi
508133,13451,2025-08-11,Organic,Delivered,Kochi
508134,14124,2025-08-31,Organic,Delivered,Pune
508135,13536,2024-02-29,Paid Search,Delivered,Pune
508136,11669,2025-05-15,Social,Delivered,Kolkata
508137,12320,2025-09-21,Social,Cancelled,Mumbai
508138,12335,2024-07-30,Direct,Delivered,Gurugram
508139,11544,2025-04-07,Direct,Delivered,Kochi
508140,10665,2025-03-31,Organic,Delivered,Kolkata
508141,10934,2024-01-14,Organic,Delivered,Chennai
508142,13192,2025-08-19,Social,Delivered,Chennai
508143,11125,2025-07-02,Direct,Delivered,Chennai
508144,13956,2024-07-16,Paid Search,Delivered,Bengaluru
508145,13963,2024-08-17,Paid Search,Delivered,Chandigarh
508146,12052,2025-07-15,Paid Search,Delivered,Pune
508147,11824,2025-08-09,Direct,Delivered,Lucknow
508148,14891,2024-02-22,Organic,Delivered,Kochi
508149,10064,2024-09-19,Social,Delivered,Ahmedabad
508150,11288,2025-04-01,Organic,Delivered,Bengaluru
508151,13454,2024-04-02,Social,Delivered,Hyderabad
508152,14366,2025-12-31,Paid Search,Delivered,Patna
508153,12296,2024-06-01,Social,Delivered,Gurugram
508154,13607,2025-09-25,Organic,Delivered,Noida
508155,11089,2024-02-17,Organic,Delivered,Mumbai
508156,14637,2025-10-02,Organic,Delivered,Gurugram
508157,12913,2024-01-30,Direct,Delivered,Bengaluru
508158,13704,2025-05-12,Email,Delivered,Indore
508159,10882,2024-09-20,Organic,Delivered,Kolkata
508160,12475,2024-12-03,Paid Search,Delivered,Delhi
508161,13641,2024-03-20,Paid Search,Delivered,Bhopal
508162,12068,2025-05-10,Organic,Delivered,Kochi
508163,14803,2025-03-30,Direct,Delivered,Gurugram
508164,14147,2024-08-22,Paid Search,Delivered,Chandigarh
508165,10645,2024-12-11,Email,Delivered,Jaipur
508166,14202,2025-02-08,Email,Delivered,Indore
508167,11915,2025-05-17,Direct,Delivered,Hyderabad
508168,12945,2025-01-29,Affiliate,Delivered,Ahmedabad
508169,12043,2024-02-13,Organic,Delivered,Patna
508170,13511,2025-02-01,Organic,Delivered,Noida
508171,12148,2024-09-11,Paid Search,Delivered,Ghaziabad
508172,12315,2024-10-28,Organic,Delivered,Noida
508173,12914,2024-09-28,Paid Search,Delivered,Bengaluru
508174,11092,2024-09-14,Direct,Delivered,Mumbai
508175,12134,2024-06-21,Organic,Delivered,Delhi
508176,10250,2024-08-29,Email,Delivered,Hyderabad
508177,10293,2025-06-04,Paid Search,Delivered,Bengaluru
508178,13269,2024-06-13,Organic,Delivered,Chandigarh
508179,11391,2025-07-08,Organic,Delivered,Ghaziabad
508180,13347,2024-11-16,Organic,Delivered,Jaipur
508181,13800,2025-03-22,Paid Search,Delivered,Kolkata
508182,13327,2024-03-27,Direct,Delivered,Hyderabad
508183,12105,2024-05-31,Email,Delivered,Gurugram
508184,12813,2025-10-21,Organic,Delivered,Bhopal
508185,13915,2025-08-30,Organic,Delivered,Noida
508186,11713,2024-02-20,Direct,Delivered,Hyderabad
508187,12088,2025-10-22,Organic,Delivered,Jaipur
508188,11211,2025-09-04,Paid Search,Delivered,Patna
508189,11006,2024-04-10,Direct,Delivered,Chandigarh
508190,10329,2024-06-25,Social,Delivered,Chandigarh
508191,10354,2024-05-09,Organic,Delivered,Chennai
508192,10741,2025-09-15,Email,Cancelled,Indore
508193,13845,2025-09-16,Paid Search,Delivered,Chandigarh
508194,13142,2025-06-10,Social,Delivered,Lucknow
508195,10441,2024-07-01,Organic,Delivered,Kochi
508196,13841,2025-11-04,Direct,Delivered,Lucknow
508197,13751,2025-09-11,Social,Delivered,Hyderabad
508198,14539,2025-09-28,Organic,Delivered,Bengaluru
508199,14843,2024-09-20,Social,Delivered,Bengaluru
508200,10420,2025-05-27,Paid Search,Delivered,Patna
508201,12617,2025-05-08,Direct,Delivered,Noida
508202,14071,2024-04-20,Organic,Delivered,Ahmedabad
508203,11198,2025-03-01,Paid Search,Delivered,Pune
508204,12988,2025-02-05,Affiliate,Delivered,Noida
508205,10455,2025-03-03,Organic,Delivered,Patna
508206,11507,2024-09-05,Paid Search,Delivered,Mumbai
508207,14899,2025-05-04,Affiliate,Delivered,Gurugram
508208,13629,2025-10-09,Email,Delivered,Hyderabad
508209,11306,2025-03-17,Paid Search,Delivered,Ahmedabad
508210,14947,2025-09-29,Social,Delivered,Bhopal
508211,11014,2025-07-18,Social,Delivered,Gurugram
508212,11898,2024-08-17,Direct,Delivered,Ahmedabad
508213,12222,2025-06-21,Email,Delivered,Patna
508214,13138,2025-05-06,Social,Delivered,Kolkata
508215,11312,2025-11-20,Affiliate,Delivered,Pune
508216,11305,2024-09-04,Paid Search,Delivered,Chennai
508217,13354,2024-04-29,Paid Search,Delivered,Indore
508218,11026,2025-05-10,Email,Delivered,Kochi
508219,10713,2025-04-07,Paid Search,Delivered,Pune
508220,10746,2025-03-24,Social,Delivered,Gurugram
508221,11641,2025-06-24,Organic,Delivered,Noida
508222,10161,2025-01-08,Email,Delivered,Jaipur
508223,10176,2024-01-23,Email,Delivered,Jaipur
508224,13620,2025-10-04,Direct,Delivered,Kochi
508225,12707,2024-07-21,Organic,Delivered,Bhopal
508226,10730,2024-06-28,Direct,Delivered,Noida
508227,11277,2025-08-18,Organic,Delivered,Lucknow
508228,13382,2025-08-05,Affiliate,Delivered,Patna
508229,14011,2025-01-04,Social,Delivered,Chennai
508230,14349,2025-05-19,Paid Search,Delivered,Bengaluru
508231,11088,2024-02-29,Direct,Delivered,Chandigarh
508232,14233,2024-07-24,Social,Delivered,Ahmedabad
508233,12134,2024-06-26,Organic,Cancelled,Delhi
508234,11495,2024-11-04,Social,Delivered,Lucknow
508235,12885,2024-09-18,Social,Delivered,Kochi
508236,10623,2024-02-20,Affiliate,Delivered,Hyderabad
508237,12318,2025-05-18,Paid Search,Delivered,Patna
508238,12216,2025-03-12,Organic,Delivered,Ghaziabad
508239,12980,2024-10-04,Paid Search,Cancelled,Kochi
508240,10907,2025-10-11,Social,Delivered,Chandigarh
508241,10310,2024-09-20,Social,Delivered,Kochi
508242,11868,2024-03-27,Direct,Delivered,Chennai
508243,14918,2025-09-11,Paid Search,Delivered,Jaipur
508244,12845,2024-04-06,Social,Delivered,Ahmedabad
508245,12739,2024-02-22,Direct,Delivered,Ghaziabad
508246,13222,2024-12-12,Paid Search,Delivered,Patna
508247,12541,2025-02-27,Paid Search,Delivered,Noida
508248,11092,2024-07-24,Direct,Delivered,Noida
508249,14925,2025-09-05,Organic,Delivered,Indore
508250,11137,2024-07-21,Social,Cancelled,Gurugram
508251,13201,2025-12-05,Paid Search,Delivered,Bengaluru
508252,14330,2025-04-11,Organic,Delivered,Indore
508253,13292,2024-05-14,Affiliate,Delivered,Noida
508254,14725,2024-10-26,Organic,Delivered,Hyderabad
508255,10890,2024-02-25,Direct,Delivered,Hyderabad
508256,13213,2025-09-09,Paid Search,Delivered,Gurugram
508257,10462,2025-04-18,Organic,Delivered,Indore
508258,12785,2024-11-09,Paid Search,Delivered,Bhopal
508259,10918,2025-05-11,Direct,Delivered,Chennai
508260,13291,2025-03-25,Paid Search,Delivered,Kochi
508261,11632,2025-03-14,Paid Search,Delivered,Chennai
508262,10644,2024-10-17,Paid Search,Delivered,Mumbai
508263,14331,2024-09-13,Social,Delivered,Hyderabad
508264,14486,2024-07-06,Paid Search,Delivered,Hyderabad
508265,10853,2025-07-28,Direct,Delivered,Mumbai
508266,11043,2024-12-10,Organic,Delivered,Delhi
508267,10190,2024-12-08,Organic,Delivered,Delhi
508268,13349,2025-06-10,Paid Search,Delivered,Ahmedabad
508269,14468,2025-01-23,Organic,Delivered,Mumbai
508270,11110,2025-11-27,Affiliate,Delivered,Pune
508271,12258,2024-06-24,Direct,Delivered,Jaipur
508272,13529,2024-01-31,Social,Delivered,Noida
508273,12213,2024-11-03,Direct,Delivered,Hyderabad
508274,13768,2025-01-23,Affiliate,Delivered,Chennai
508275,13771,2025-08-23,Organic,Delivered,Indore
508276,13706,2025-04-09,Organic,Delivered,Gurugram
508277,13574,2025-11-17,Email,Delivered,Ahmedabad
508278,12144,2024-03-03,Direct,Delivered,Kochi
508279,11968,2025-01-27,Direct,Delivered,Lucknow
508280,13036,2025-08-29,Email,Delivered,Mumbai
508281,10537,2025-01-02,Organic,Delivered,Mumbai
508282,12990,2024-07-20,Affiliate,Delivered,Hyderabad
508283,10163,2025-07-15,Email,Delivered,Pune
508284,13602,2025-10-01,Direct,Delivered,Hyderabad
508285,13027,2024-07-08,Email,Delivered,Chandigarh
508286,12496,2025-02-07,Organic,Delivered,Kochi
508287,11515,2025-08-11,Social,Delivered,Lucknow
508288,12537,2024-04-21,Paid Search,Delivered,Noida
508289,13178,2024-01-09,Paid Search,Delivered,Patna
508290,13423,2025-06-24,Email,Delivered,Pune
508291,14615,2025-07-03,Direct,Delivered,Noida
508292,10851,2024-04-24,Affiliate,Delivered,Kolkata
508293,10221,2025-03-12,Organic,Delivered,Patna
508294,13263,2025-06-10,Organic,Delivered,Indore
508295,10815,2025-12-04,Paid Search,Delivered,Ghaziabad
508296,10742,2025-08-13,Email,Delivered,Chandigarh
508297,11374,2024-06-09,Email,Delivered,Indore
508298,13625,2025-02-24,Social,Delivered,Ahmedabad
508299,10313,2025-06-19,Paid Search,Delivered,Lucknow
508300,11945,2024-07-17,Affiliate,Delivered,Pune
508301,10528,2024-04-29,Organic,Delivered,Bengaluru
508302,14198,2024-11-15,Social,Delivered,Kochi
508303,13811,2025-06-09,Affiliate,Delivered,Bengaluru
508304,10443,2025-01-20,Paid Search,Delivered,Bhopal
508305,11370,2025-03-17,Organic,Delivered,Noida
508306,12303,2025-05-01,Email,Delivered,Delhi
508307,12286,2025-11-29,Organic,Delivered,Indore
508308,10837,2025-04-08,Social,Delivered,Lucknow
508309,12334,2024-04-08,Direct,Delivered,Hyderabad
508310,14345,2024-10-19,Organic,Delivered,Delhi
508311,11105,2024-05-04,Direct,Delivered,Chandigarh
508312,10627,2025-07-08,Organic,Delivered,Lucknow
508313,11929,2025-12-29,Social,Delivered,Jaipur
508314,12426,2025-07-17,Organic,Delivered,Patna
508315,11425,2024-06-28,Email,Delivered,Patna
508316,10527,2025-05-24,Direct,Delivered,Delhi
508317,10427,2024-01-16,Paid Search,Delivered,Chennai
508318,13989,2024-07-17,Direct,Cancelled,Pune
508319,10659,2024-08-09,Email,Delivered,Ahmedabad
508320,11411,2024-12-09,Direct,Delivered,Lucknow
508321,13812,2024-08-22,Email,Cancelled,Gurugram
508322,12971,2024-11-12,Email,Delivered,Chennai
508323,10125,2024-01-08,Direct,Delivered,Pune
508324,10851,2025-08-20,Email,Delivered,Bengaluru
508325,12356,2024-10-16,Direct,Cancelled,Delhi
508326,11759,2025-08-13,Paid Search,Delivered,Chennai
508327,14945,2024-02-12,Organic,Delivered,Ghaziabad
508328,10569,2025-09-25,Email,Delivered,Kolkata
508329,10132,2025-04-02,Paid Search,Delivered,Chennai
508330,12755,2024-06-17,Paid Search,Delivered,Pune
508331,14795,2025-07-04,Direct,Delivered,Kochi
508332,10018,2025-07-01,Email,Delivered,Kochi
508333,14145,2025-06-15,Direct,Delivered,Noida
508334,14966,2025-09-28,Paid Search,Delivered,Kochi
508335,12082,2025-11-28,Paid Search,Delivered,Kochi
508336,12082,2024-05-01,Organic,Delivered,Ghaziabad
508337,14963,2024-07-25,Direct,Delivered,Indore
508338,13148,2024-01-30,Paid Search,Delivered,Delhi
508339,12734,2024-02-18,Direct,Delivered,Hyderabad
508340,11434,2024-03-18,Paid Search,Delivered,Mumbai
508341,14659,2025-05-20,Paid Search,Delivered,Chandigarh
508342,11267,2025-03-19,Affiliate,Delivered,Gurugram
508343,11964,2024-01-26,Email,Delivered,Jaipur
508344,14231,2024-11-04,Social,Delivered,Gurugram
508345,12553,2024-03-21,Paid Search,Delivered,Patna
508346,13791,2024-05-22,Social,Delivered,Hyderabad
508347,14975,2024-02-10,Direct,Delivered,Gurugram
508348,13217,2025-01-21,Organic,Delivered,Bhopal
508349,10814,2024-02-29,Organic,Delivered,Chandigarh
508350,13762,2025-07-28,Organic,Delivered,Gurugram
508351,12999,2025-11-12,Social,Delivered,Chandigarh
508352,10877,2025-09-17,Affiliate,Delivered,Hyderabad
508353,10554,2025-08-25,Email,Delivered,Hyderabad
508354,14671,2025-07-03,Direct,Delivered,Patna
508355,10530,2025-10-27,Social,Delivered,Chennai
508356,12274,2025-10-09,Social,Delivered,Chandigarh
508357,14926,2024-06-07,Social,Delivered,Jaipur
508358,14344,2025-03-17,Direct,Delivered,Patna
508359,14196,2024-08-11,Organic,Delivered,Pune
508360,13681,2025-09-03,Social,Delivered,Patna
508361,12387,2024-01-08,Paid Search,Delivered,Bhopal
508362,11430,2024-10-31,Direct,Delivered,Delhi
508363,14487,2024-10-04,Organic,Delivered,Ghaziabad
508364,12847,2025-09-15,Organic,Delivered,Lucknow
508365,11980,2024-08-03,Email,Delivered,Jaipur
508366,14834,2025-10-16,Email,Delivered,Mumbai
508367,11850,2024-12-28,Paid Search,Delivered,Ghaziabad
508368,10186,2025-05-16,Social,Delivered,Kolkata
508369,13005,2025-01-22,Social,Delivered,Lucknow
508370,12133,2024-11-11,Paid Search,Delivered,Pune
508371,13114,2024-08-10,Paid Search,Delivered,Bhopal
508372,13103,2024-07-24,Organic,Delivered,Lucknow
508373,13150,2025-04-13,Affiliate,Delivered,Jaipur
508374,11700,2024-08-25,Paid Search,Delivered,Bhopal
508375,11261,2025-09-23,Email,Delivered,Mumbai
508376,11590,2024-04-06,Paid Search,Cancelled,Bengaluru
508377,14826,2024-06-06,Organic,Delivered,Hyderabad
508378,13744,2024-02-04,Email,Delivered,Jaipur
508379,11963,2025-09-23,Paid Search,Delivered,Bengaluru
508380,14582,2024-10-29,Organic,Delivered,Bhopal
508381,13824,2024-01-26,Direct,Delivered,Gurugram
508382,12689,2024-02-01,Direct,Delivered,Jaipur
508383,14001,2025-11-02,Email,Delivered,Kolkata
508384,14742,2025-10-05,Social,Delivered,Chennai
508385,12840,2024-07-21,Email,Delivered,Kochi
508386,10507,2025-04-20,Paid Search,Delivered,Noida
508387,12155,2024-07-03,Paid Search,Delivered,Ahmedabad
508388,11138,2025-09-08,Social,Delivered,Delhi
508389,13497,2025-06-06,Affiliate,Delivered,Chennai
508390,10439,2024-11-20,Social,Cancelled,Jaipur
508391,12340,2025-11-09,Direct,Delivered,Jaipur
508392,12178,2024-06-12,Paid Search,Delivered,Lucknow
508393,11930,2025-12-29,Paid Search,Delivered,Mumbai
508394,13134,2024-07-31,Paid Search,Delivered,Hyderabad
508395,12728,2025-10-11,Email,Delivered,Ahmedabad
508396,11003,2025-09-16,Organic,Delivered,Chennai
508397,14002,2025-02-15,Paid Search,Delivered,Bengaluru
508398,12243,2024-03-30,Affiliate,Delivered,Mumbai
508399,10785,2025-07-03,Social,Delivered,Bhopal
508400,13422,2025-05-25,Paid Search,Delivered,Patna
508401,11964,2025-09-24,Email,Delivered,Indore
508402,13198,2024-06-13,Direct,Delivered,Delhi
508403,13774,2024-06-23,Social,Delivered,Gurugram
508404,13147,2024-09-15,Affiliate,Delivered,Patna
508405,14706,2024-09-26,Organic,Cancelled,Bengaluru
508406,13031,2024-01-03,Social,Delivered,Kochi
508407,11906,2024-04-22,Paid Search,Delivered,Gurugram
508408,14934,2024-12-16,Direct,Delivered,Noida
508409,12574,2025-12-07,Organic,Delivered,Bengaluru
508410,13570,2024-04-03,Direct,Delivered,Patna
508411,11656,2024-06-25,Paid Search,Delivered,Kochi
508412,14539,2025-09-20,Social,Delivered,Lucknow
508413,14700,2024-01-29,Social,Delivered,Lucknow
508414,14759,2024-03-12,Paid Search,Delivered,Delhi
508415,11941,2025-10-12,Paid Search,Delivered,Mumbai
508416,14299,2024-07-02,Paid Search,Delivered,Chennai
508417,13361,2024-08-13,Affiliate,Cancelled,Mumbai
508418,10476,2024-01-11,Email,Cancelled,Kochi
508419,14587,2024-10-24,Direct,Delivered,Ahmedabad
508420,12647,2025-12-26,Organic,Delivered,Indore
508421,12663,2025-12-21,Affiliate,Delivered,Kolkata
508422,11908,2025-04-13,Organic,Delivered,Kochi
508423,14266,2025-05-08,Social,Delivered,Noida
508424,10486,2025-04-15,Organic,Delivered,Ahmedabad
508425,11923,2025-05-23,Direct,Delivered,Delhi
508426,12822,2025-01-14,Social,Delivered,Chennai
508427,10981,2024-05-30,Social,Delivered,Pune
508428,11065,2025-09-26,Paid Search,Delivered,Chennai
508429,13080,2025-10-04,Paid Search,Delivered,Pune
508430,12909,2024-04-15,Organic,Delivered,Indore
508431,14090,2024-03-10,Email,Delivered,Gurugram
508432,14087,2025-08-02,Social,Delivered,Hyderabad
508433,10091,2024-02-04,Organic,Delivered,Jaipur
508434,11970,2025-08-13,Organic,Delivered,Noida
508435,14235,2025-12-18,Paid Search,Delivered,Indore
508436,14750,2024-01-27,Social,Delivered,Patna
508437,10474,2025-08-07,Organic,Delivered,Kolkata
508438,13833,2024-04-06,Organic,Delivered,Indore
508439,11162,2024-07-31,Organic,Delivered,Hyderabad
508440,14022,2025-02-03,Paid Search,Delivered,Ahmedabad
508441,12231,2025-05-12,Email,Delivered,Pune
508442,10562,2024-03-06,Email,Delivered,Ahmedabad
508443,11021,2024-03-20,Paid Search,Delivered,Hyderabad
508444,14710,2024-07-25,Paid Search,Delivered,Noida
508445,13839,2025-05-13,Email,Delivered,Bhopal
508446,10173,2024-10-22,Paid Search,Delivered,Ahmedabad
508447,14741,2024-07-20,Direct,Delivered,Pune
508448,14220,2024-04-24,Email,Delivered,Chennai
508449,12727,2025-12-08,Social,Delivered,Lucknow
508450,10149,2025-05-29,Social,Delivered,Bengaluru
508451,12175,2025-12-21,Social,Delivered,Hyderabad
508452,10813,2024-12-27,Paid Search,Delivered,Pune
508453,11828,2025-08-21,Organic,Delivered,Noida
508454,11577,2025-04-12,Direct,Delivered,Bengaluru
508455,13565,2025-01-18,Direct,Delivered,Patna
508456,13689,2024-12-12,Direct,Cancelled,Mumbai
508457,10864,2024-12-31,Paid Search,Delivered,Indore
508458,14498,2024-10-28,Direct,Delivered,Patna
508459,13352,2025-04-12,Email,Delivered,Kochi
508460,13333,2024-12-25,Paid Search,Delivered,Ghaziabad
508461,13881,2025-12-10,Direct,Delivered,Bhopal
508462,13639,2025-10-19,Direct,Delivered,Kochi
508463,13945,2024-12-05,Social,Delivered,Pune
508464,11449,2024-10-16,Affiliate,Delivered,Chandigarh
508465,13434,2025-07-08,Affiliate,Delivered,Mumbai
508466,14877,2025-04-14,Social,Delivered,Chandigarh
508467,13772,2024-06-18,Paid Search,Delivered,Chandigarh
508468,12039,2025-09-01,Organic,Delivered,Jaipur
508469,13161,2025-05-13,Direct,Delivered,Bengaluru
508470,14565,2025-03-30,Organic,Delivered,Ghaziabad
508471,13278,2025-07-25,Organic,Delivered,Mumbai
508472,13897,2024-06-14,Paid Search,Delivered,Mumbai
508473,14450,2025-08-07,Paid Search,Delivered,Noida
508474,11837,2024-03-30,Paid Search,Cancelled,Ghaziabad
508475,11677,2025-08-03,Organic,Delivered,Ahmedabad
508476,11716,2025-03-07,Direct,Delivered,Ghaziabad
508477,11845,2025-03-01,Social,Cancelled,Ghaziabad
508478,13398,2025-06-15,Direct,Delivered,Jaipur
508479,12430,2024-08-15,Direct,Delivered,Noida
508480,14703,2025-07-15,Social,Delivered,Ghaziabad
508481,13433,2024-01-19,Paid Search,Delivered,Ghaziabad
508482,13362,2025-05-22,Paid Search,Delivered,Indore
508483,14751,2025-08-03,Direct,Delivered,Ghaziabad
508484,14288,2024-01-03,Social,Delivered,Ahmedabad
508485,10163,2025-05-22,Direct,Delivered,Hyderabad
508486,14832,2025-07-19,Direct,Delivered,Pune
508487,14410,2025-01-16,Organic,Delivered,Jaipur
508488,11651,2025-03-17,Direct,Delivered,Pune
508489,11179,2024-02-13,Affiliate,Delivered,Delhi
508490,12693,2025-12-23,Social,Delivered,Bhopal
508491,14997,2025-12-07,Direct,Delivered,Gurugram
508492,13046,2025-07-12,Social,Delivered,Kochi
508493,12895,2024-01-12,Paid Search,Delivered,Bhopal
508494,11086,2024-11-10,Organic,Delivered,Indore
508495,14489,2025-08-20,Email,Delivered,Kochi
508496,13988,2025-05-09,Affiliate,Delivered,Gurugram
508497,10285,2025-10-23,Organic,Delivered,Kochi
508498,11309,2025-03-26,Paid Search,Delivered,Bhopal
508499,14407,2025-06-05,Organic,Delivered,Lucknow
508500,13535,2024-09-03,Social,Delivered,Chandigarh
508501,12018,2025-08-17,Social,Delivered,Lucknow
508502,12620,2025-01-25,Direct,Delivered,Pune
508503,10631,2025-08-07,Organic,Delivered,Bengaluru
508504,14184,2024-05-29,Organic,Delivered,Chennai
508505,13156,2024-07-15,Organic,Delivered,Indore
508506,12558,2024-03-05,Direct,Delivered,Bhopal
508507,13060,2025-05-08,Social,Delivered,Kochi
508508,12934,2025-06-19,Paid Search,Delivered,Bhopal
508509,12171,2024-07-26,Organic,Delivered,Mumbai
508510,10906,2024-10-07,Organic,Delivered,Pune
508511,12404,2025-02-20,Email,Delivered,Ghaziabad
508512,14041,2025-07-06,Social,Delivered,Chennai
508513,10268,2024-08-09,Affiliate,Delivered,Chennai
508514,12011,2024-12-22,Paid Search,Delivered,Kochi
508515,14105,2024-05-15,Paid Search,Delivered,Indore
508516,12899,2025-08-14,Email,Delivered,Noida
508517,10124,2025-09-30,Organic,Delivered,Mumbai
508518,14231,2025-06-24,Paid Search,Cancelled,Chandigarh
508519,10268,2025-08-19,Organic,Delivered,Noida
508520,12397,2025-07-12,Email,Delivered,Delhi
508521,10571,2025-09-02,Social,Delivered,Gurugram
508522,11373,2024-11-09,Paid Search,Delivered,Lucknow
508523,11968,2024-05-30,Social,Delivered,Ghaziabad
508524,11328,2025-12-03,Organic,Cancelled,Ahmedabad
508525,14379,2024-01-02,Affiliate,Delivered,Lucknow
508526,12832,2024-10-23,Affiliate,Delivered,Chennai
508527,11807,2025-06-14,Organic,Delivered,Kolkata
508528,11457,2025-08-02,Direct,Delivered,Pune
508529,12489,2025-05-16,Paid Search,Delivered,Hyderabad
508530,11693,2024-12-23,Social,Delivered,Bhopal
508531,14032,2025-11-05,Social,Delivered,Pune
508532,11175,2024-06-20,Affiliate,Delivered,Delhi
508533,13450,2024-04-13,Organic,Cancelled,Ahmedabad
508534,12232,2025-04-04,Paid Search,Delivered,Gurugram
508535,11320,2024-08-22,Direct,Delivered,Chandigarh
508536,12331,2024-12-08,Direct,Delivered,Lucknow
508537,10599,2024-11-29,Affiliate,Delivered,Delhi
508538,12630,2024-07-12,Organic,Delivered,Kolkata
508539,13586,2025-12-30,Social,Delivered,Ghaziabad
508540,12965,2024-10-06,Paid Search,Delivered,Patna
508541,10077,2025-05-05,Organic,Delivered,Ghaziabad
508542,12940,2024-04-26,Organic,Delivered,Chandigarh
508543,10128,2025-12-25,Direct,Delivered,Patna
508544,11837,2025-12-22,Organic,Delivered,Noida
508545,13175,2024-02-20,Paid Search,Delivered,Lucknow
508546,14504,2025-04-15,Organic,Delivered,Ahmedabad
508547,14883,2025-03-10,Social,Delivered,Kolkata
508548,12559,2024-05-06,Affiliate,Delivered,Patna
508549,11067,2025-07-16,Paid Search,Delivered,Bengaluru
508550,14161,2025-07-12,Affiliate,Delivered,Patna
508551,11780,2025-09-09,Organic,Delivered,Ghaziabad
508552,12787,2025-03-15,Paid Search,Delivered,Chandigarh
508553,10991,2025-05-31,Paid Search,Cancelled,Ghaziabad
508554,11854,2025-06-12,Social,Cancelled,Ahmedabad
508555,12399,2025-07-14,Direct,Delivered,Indore
508556,13694,2025-03-03,Affiliate,Delivered,Kochi
508557,14499,2025-06-28,Organic,Delivered,Pune
508558,10885,2024-02-14,Direct,Delivered,Delhi
508559,12797,2025-03-27,Email,Delivered,Ahmedabad
508560,14849,2024-05-28,Social,Delivered,Bhopal
508561,10083,2024-10-24,Direct,Delivered,Bengaluru
508562,12862,2025-07-15,Affiliate,Delivered,Pune
508563,13839,2024-03-24,Email,Delivered,Indore
508564,10521,2025-07-05,Organic,Delivered,Jaipur
508565,13341,2024-07-08,Organic,Delivered,Lucknow
508566,12107,2025-07-05,Direct,Delivered,Mumbai
508567,13006,2025-07-14,Email,Delivered,Indore
508568,13563,2024-01-12,Affiliate,Delivered,Jaipur
508569,10722,2024-06-19,Affiliate,Delivered,Lucknow
508570,10341,2025-08-11,Direct,Delivered,Chennai
508571,11582,2024-09-07,Paid Search,Delivered,Delhi
508572,11307,2024-11-17,Paid Search,Delivered,Pune
508573,11444,2024-01-12,Paid Search,Delivered,Hyderabad
508574,14622,2025-05-22,Organic,Delivered,Noida
508575,13438,2024-03-09,Social,Delivered,Pune
508576,11782,2024-07-17,Social,Delivered,Kochi
508577,13028,2024-12-14,Organic,Delivered,Chennai
508578,10796,2025-07-16,Social,Delivered,Chennai
508579,10916,2024-12-30,Paid Search,Delivered,Pune
508580,10492,2025-12-19,Social,Delivered,Kolkata
508581,12132,2025-01-16,Social,Delivered,Chandigarh
508582,13096,2024-07-04,Paid Search,Delivered,Chennai
508583,12543,2024-05-19,Email,Delivered,Chandigarh
508584,12791,2025-07-27,Social,Delivered,Lucknow
508585,10816,2024-12-01,Paid Search,Delivered,Indore
508586,13239,2025-03-18,Paid Search,Delivered,Chennai
508587,12764,2024-09-27,Organic,Delivered,Jaipur
508588,14791,2024-07-18,Affiliate,Delivered,Hyderabad
508589,11236,2025-03-14,Direct,Delivered,Ahmedabad
508590,10301,2024-08-03,Organic,Cancelled,Ghaziabad
508591,12276,2025-12-31,Paid Search,Delivered,Lucknow
508592,10989,2025-06-18,Direct,Delivered,Hyderabad
508593,10875,2025-08-22,Email,Cancelled,Gurugram
508594,11170,2024-07-26,Paid Search,Delivered,Noida
508595,13400,2024-01-22,Email,Delivered,Lucknow
508596,12136,2024-02-04,Direct,Delivered,Delhi
508597,14371,2025-09-19,Organic,Delivered,Kolkata
508598,10606,2025-09-30,Email,Delivered,Gurugram
508599,14660,2025-05-11,Affiliate,Delivered,Ahmedabad
508600,12050,2025-03-06,Organic,Delivered,Delhi
508601,12669,2024-06-01,Direct,Delivered,Chennai
508602,14081,2025-07-08,Direct,Delivered,Gurugram
508603,12459,2025-01-12,Affiliate,Delivered,Hyderabad
508604,10819,2025-03-16,Social,Delivered,Bengaluru
508605,11203,2024-01-18,Social,Delivered,Chandigarh
508606,14583,2025-01-12,Email,Delivered,Gurugram
508607,10349,2025-05-22,Organic,Delivered,Noida
508608,14557,2025-07-16,Paid Search,Delivered,Mumbai
508609,13376,2024-04-16,Organic,Delivered,Pune
508610,12565,2024-01-24,Paid Search,Delivered,Pune
508611,11581,2025-09-17,Affiliate,Delivered,Ahmedabad
508612,14301,2024-08-15,Direct,Delivered,Gurugram
508613,10163,2024-12-11,Paid Search,Delivered,Patna
508614,13558,2025-04-03,Email,Delivered,Ghaziabad
508615,11050,2024-12-25,Social,Delivered,Bengaluru
508616,11784,2025-11-21,Social,Delivered,Pune
508617,10320,2025-09-07,Email,Delivered,Mumbai
508618,12809,2024-10-14,Organic,Delivered,Jaipur
508619,10738,2024-05-19,Organic,Delivered,Chennai
508620,10584,2025-12-13,Paid Search,Cancelled,Pune
508621,11644,2025-06-01,Direct,Delivered,Ahmedabad
508622,12479,2025-07-06,Direct,Delivered,Delhi
508623,14725,2024-12-05,Email,Delivered,Noida
508624,14150,2024-12-20,Social,Delivered,Noida
508625,12003,2024-05-12,Email,Delivered,Jaipur
508626,12927,2024-11-09,Paid Search,Delivered,Kochi
508627,13851,2025-01-31,Paid Search,Delivered,Ahmedabad
508628,11911,2024-04-04,Organic,Delivered,Lucknow
508629,13840,2025-04-09,Organic,Delivered,Lucknow
508630,13318,2025-03-25,Direct,Delivered,Kolkata
508631,13516,2025-09-06,Affiliate,Delivered,Patna
508632,14885,2024-02-08,Email,Delivered,Jaipur
508633,11883,2024-06-13,Direct,Delivered,Kochi
508634,10338,2024-11-09,Social,Delivered,Gurugram
508635,12682,2025-10-05,Email,Delivered,Patna
508636,11652,2024-06-22,Affiliate,Delivered,Mumbai
508637,10295,2025-12-11,Organic,Delivered,Ghaziabad
508638,10780,2025-11-30,Organic,Delivered,Jaipur
508639,12669,2024-03-10,Social,Delivered,Jaipur
508640,14785,2024-09-22,Organic,Delivered,Hyderabad
508641,11693,2024-07-08,Email,Delivered,Indore
508642,12730,2024-12-23,Direct,Delivered,Ghaziabad
508643,10887,2025-11-06,Direct,Delivered,Jaipur
508644,10649,2024-10-01,Paid Search,Delivered,Kochi
508645,13912,2025-04-29,Organic,Delivered,Ahmedabad
508646,13061,2024-04-10,Direct,Delivered,Chennai
508647,10948,2025-02-20,Direct,Delivered,Noida
508648,12503,2024-09-14,Paid Search,Delivered,Ahmedabad
508649,12901,2025-11-01,Direct,Delivered,Jaipur
508650,10297,2025-07-23,Direct,Delivered,Chennai
508651,11501,2024-06-06,Paid Search,Delivered,Noida
508652,14323,2025-03-30,Paid Search,Delivered,Kolkata
508653,11815,2024-09-07,Direct,Delivered,Patna
508654,13546,2024-11-15,Affiliate,Delivered,Jaipur
508655,13027,2024-12-04,Email,Delivered,Mumbai
508656,10027,2025-08-22,Direct,Delivered,Indore
508657,14739,2024-07-31,Direct,Delivered,Noida
508658,14799,2024-01-04,Organic,Delivered,Noida
508659,13342,2024-05-21,Social,Delivered,Bengaluru
508660,10797,2025-08-27,Direct,Delivered,Lucknow
508661,14223,2024-08-04,Organic,Delivered,Chandigarh
508662,10002,2024-02-13,Organic,Delivered,Delhi
508663,12550,2024-10-19,Direct,Delivered,Lucknow
508664,12137,2025-09-28,Affiliate,Delivered,Delhi
508665,13489,2025-09-30,Organic,Delivered,Bengaluru
508666,10704,2025-11-23,Organic,Delivered,Bhopal
508667,14377,2025-05-14,Direct,Delivered,Noida
508668,12851,2025-08-21,Organic,Delivered,Indore
508669,11302,2025-07-19,Organic,Delivered,Pune
508670,11558,2024-01-15,Direct,Delivered,Bengaluru
508671,13433,2024-11-01,Affiliate,Delivered,Mumbai
508672,10926,2025-01-19,Paid Search,Delivered,Bhopal
508673,11484,2024-12-05,Email,Delivered,Bhopal
508674,14927,2025-08-28,Paid Search,Delivered,Kochi
508675,14400,2025-12-18,Paid Search,Delivered,Lucknow
508676,11664,2025-02-02,Direct,Delivered,Gurugram
508677,12779,2024-03-11,Social,Delivered,Hyderabad
508678,12074,2024-09-20,Email,Delivered,Jaipur
508679,11004,2024-05-24,Paid Search,Delivered,Jaipur
508680,11472,2024-12-10,Social,Delivered,Hyderabad
508681,10541,2024-06-20,Paid Search,Delivered,Bengaluru
508682,14185,2024-02-28,Paid Search,Delivered,Bhopal
508683,11232,2024-05-05,Email,Delivered,Ahmedabad
508684,10984,2024-12-28,Affiliate,Delivered,Kolkata
508685,13190,2024-04-13,Affiliate,Delivered,Lucknow
508686,10639,2024-01-21,Organic,Delivered,Chennai
508687,14782,2024-07-23,Social,Delivered,Bengaluru
508688,14408,2025-04-15,Paid Search,Delivered,Noida
508689,12064,2025-04-06,Social,Delivered,Bhopal
508690,10917,2024-10-12,Direct,Delivered,Patna
508691,10701,2025-04-29,Affiliate,Delivered,Hyderabad
508692,14290,2024-05-19,Paid Search,Delivered,Bhopal
508693,12205,2025-06-12,Affiliate,Delivered,Kolkata
508694,12891,2024-01-13,Organic,Delivered,Indore
508695,10621,2024-04-08,Organic,Delivered,Pune
508696,14117,2025-11-05,Organic,Cancelled,Pune
508697,12589,2024-12-07,Paid Search,Delivered,Ahmedabad
508698,10351,2025-02-10,Social,Delivered,Chandigarh
508699,10381,2024-10-17,Paid Search,Delivered,Ahmedabad
508700,14819,2025-04-17,Email,Delivered,Patna
508701,10285,2025-06-30,Organic,Delivered,Patna
508702,11499,2025-07-23,Social,Delivered,Bhopal
508703,10065,2024-07-01,Paid Search,Delivered,Hyderabad
508704,10294,2025-04-03,Paid Search,Delivered,Ghaziabad
508705,14064,2025-07-27,Social,Delivered,Chennai
508706,13825,2024-10-28,Organic,Delivered,Noida
508707,11656,2024-10-06,Paid Search,Delivered,Mumbai
508708,10893,2025-04-03,Affiliate,Delivered,Bhopal
508709,11244,2025-02-23,Paid Search,Delivered,Kolkata
508710,11756,2024-07-03,Affiliate,Delivered,Lucknow
508711,13884,2025-12-01,Paid Search,Delivered,Pune
508712,12974,2025-02-14,Affiliate,Delivered,Chennai
508713,12221,2025-02-16,Organic,Delivered,Chennai
508714,10344,2024-05-30,Direct,Delivered,Jaipur
508715,10578,2025-05-08,Organic,Delivered,Chandigarh
508716,11010,2025-11-01,Direct,Delivered,Bhopal
508717,11061,2025-06-14,Organic,Delivered,Chennai
508718,12446,2025-01-07,Email,Delivered,Delhi
508719,14315,2025-04-10,Paid Search,Delivered,Hyderabad
508720,12110,2024-06-19,Organic,Delivered,Ahmedabad
508721,11645,2024-02-14,Organic,Delivered,Noida
508722,12788,2025-04-12,Organic,Delivered,Bhopal
508723,10380,2024-05-12,Paid Search,Delivered,Jaipur
508724,13644,2024-03-07,Social,Delivered,Lucknow
508725,10278,2025-07-20,Social,Delivered,Ahmedabad
508726,11765,2024-11-13,Email,Delivered,Ahmedabad
508727,14765,2025-09-15,Organic,Delivered,Chandigarh
508728,12023,2025-09-25,Email,Delivered,Gurugram
508729,13739,2024-03-30,Affiliate,Delivered,Gurugram
508730,11362,2025-07-15,Paid Search,Delivered,Ghaziabad
508731,14261,2024-09-01,Affiliate,Delivered,Indore
508732,11699,2025-05-29,Paid Search,Delivered,Noida
508733,11137,2024-02-02,Paid Search,Delivered,Kochi
508734,10256,2024-12-10,Affiliate,Delivered,Chennai
508735,11533,2025-04-04,Email,Delivered,Ghaziabad
508736,12901,2024-11-22,Social,Delivered,Patna
508737,10318,2025-02-07,Paid Search,Delivered,Hyderabad
508738,10864,2024-01-09,Social,Delivered,Mumbai
508739,11735,2024-01-06,Social,Delivered,Delhi
508740,13582,2025-03-14,Direct,Delivered,Gurugram
508741,12985,2024-10-31,Affiliate,Delivered,Delhi
508742,10211,2025-02-25,Organic,Delivered,Gurugram
508743,10183,2024-09-19,Paid Search,Delivered,Lucknow
508744,10300,2024-01-04,Social,Delivered,Bengaluru
508745,11654,2025-05-26,Email,Delivered,Pune
508746,11424,2024-04-10,Organic,Delivered,Mumbai
508747,10585,2025-07-27,Direct,Delivered,Pune
508748,12193,2024-01-10,Email,Delivered,Kolkata
508749,12957,2025-11-10,Organic,Cancelled,Indore
508750,13469,2024-07-04,Organic,Delivered,Mumbai
508751,14977,2025-10-14,Email,Delivered,Ghaziabad
508752,13461,2024-01-03,Affiliate,Delivered,Kochi
508753,14930,2024-11-25,Paid Search,Delivered,Chennai
508754,14867,2024-11-01,Organic,Delivered,Bhopal
508755,14235,2024-04-30,Organic,Delivered,Indore
508756,11759,2024-12-14,Paid Search,Delivered,Kochi
508757,10218,2024-06-06,Email,Delivered,Pune
508758,10297,2024-11-15,Organic,Delivered,Kochi
508759,14354,2024-09-30,Affiliate,Delivered,Indore
508760,14307,2024-05-25,Paid Search,Delivered,Hyderabad
508761,11548,2025-07-30,Affiliate,Delivered,Indore
508762,13654,2025-01-17,Direct,Delivered,Chandigarh
508763,12272,2025-09-04,Organic,Delivered,Mumbai
508764,10341,2025-08-18,Direct,Delivered,Jaipur
508765,13271,2024-07-10,Email,Delivered,Bhopal
508766,10417,2024-07-31,Direct,Delivered,Delhi
508767,10654,2025-11-26,Paid Search,Delivered,Kochi
508768,12384,2024-08-16,Direct,Delivered,Lucknow
508769,10351,2024-03-10,Social,Delivered,Kolkata
508770,11709,2025-01-31,Organic,Delivered,Mumbai
508771,13765,2025-12-07,Direct,Delivered,Noida
508772,12982,2024-06-19,Direct,Delivered,Kochi
508773,10278,2025-04-11,Organic,Delivered,Ahmedabad
508774,11096,2024-09-03,Social,Delivered,Indore
508775,14969,2024-10-08,Direct,Delivered,Pune
508776,14797,2024-11-26,Social,Cancelled,Indore
508777,14596,2024-04-14,Social,Delivered,Kochi
508778,12561,2024-10-09,Organic,Delivered,Mumbai
508779,12153,2024-07-18,Paid Search,Delivered,Chennai
508780,13754,2025-08-21,Social,Delivered,Delhi
508781,14785,2024-06-15,Email,Delivered,Chandigarh
508782,10629,2025-09-12,Social,Delivered,Chennai
508783,14477,2024-01-13,Email,Delivered,Kochi
508784,13085,2024-10-21,Organic,Delivered,Indore
508785,10705,2024-07-15,Affiliate,Delivered,Bengaluru
508786,14326,2024-11-23,Organic,Delivered,Noida
508787,10161,2025-07-17,Email,Delivered,Jaipur
508788,10115,2025-11-30,Affiliate,Delivered,Ghaziabad
508789,11839,2025-06-16,Affiliate,Delivered,Noida
508790,12700,2025-01-02,Organic,Delivered,Bengaluru
508791,12139,2025-01-09,Direct,Delivered,Ghaziabad
508792,11234,2025-12-26,Organic,Delivered,Jaipur
508793,13287,2025-12-25,Organic,Delivered,Pune
508794,12392,2025-07-11,Affiliate,Delivered,Jaipur
508795,10599,2024-04-30,Organic,Delivered,Patna
508796,14080,2024-07-12,Paid Search,Delivered,Kochi
508797,11546,2024-07-18,Direct,Delivered,Pune
508798,13451,2024-06-16,Organic,Delivered,Chandigarh
508799,11756,2025-12-08,Affiliate,Delivered,Indore
508800,13773,2024-04-26,Social,Delivered,Bengaluru
508801,11411,2025-09-15,Paid Search,Delivered,Lucknow
508802,11059,2025-08-12,Social,Delivered,Jaipur
508803,10371,2025-01-21,Paid Search,Delivered,Jaipur
508804,14163,2024-08-12,Affiliate,Delivered,Chandigarh
508805,13608,2024-07-13,Affiliate,Delivered,Kochi
508806,13070,2025-05-09,Paid Search,Delivered,Indore
508807,13039,2025-05-05,Email,Delivered,Mumbai
508808,10347,2025-01-29,Social,Delivered,Jaipur
508809,12061,2025-02-19,Affiliate,Delivered,Kochi
508810,14314,2025-08-26,Organic,Delivered,Indore
508811,11447,2025-07-05,Paid Search,Delivered,Patna
508812,10279,2025-07-02,Paid Search,Delivered,Jaipur
508813,14197,2024-07-23,Social,Delivered,Indore
508814,10144,2024-02-16,Organic,Delivered,Delhi
508815,13445,2024-12-01,Social,Delivered,Jaipur
508816,14169,2024-09-04,Direct,Delivered,Indore
508817,13727,2024-09-01,Organic,Delivered,Lucknow
508818,10066,2025-01-15,Social,Delivered,Kochi
508819,14482,2025-11-07,Organic,Delivered,Delhi
508820,10443,2025-08-10,Social,Delivered,Pune
508821,14259,2025-05-08,Paid Search,Delivered,Ahmedabad
508822,10085,2025-06-05,Direct,Delivered,Ghaziabad
508823,12455,2024-10-29,Paid Search,Delivered,Pune
508824,14402,2025-02-05,Direct,Delivered,Ahmedabad
508825,11316,2024-11-13,Organic,Delivered,Lucknow
508826,10224,2025-08-13,Direct,Delivered,Ahmedabad
508827,10443,2025-12-24,Paid Search,Delivered,Lucknow
508828,11864,2024-11-13,Organic,Delivered,Patna
508829,11803,2025-06-10,Direct,Delivered,Noida
508830,11085,2024-02-10,Paid Search,Delivered,Kochi
508831,12287,2024-10-20,Social,Delivered,Kolkata
508832,11709,2025-09-28,Affiliate,Delivered,Mumbai
508833,12953,2025-05-16,Paid Search,Delivered,Chandigarh
508834,11453,2025-01-19,Organic,Delivered,Chandigarh
508835,11573,2024-06-05,Direct,Delivered,Hyderabad
508836,14440,2025-08-13,Email,Delivered,Hyderabad
508837,13924,2025-12-10,Direct,Delivered,Mumbai
508838,13844,2024-10-13,Affiliate,Delivered,Lucknow
508839,11898,2025-08-14,Affiliate,Delivered,Kolkata
508840,14426,2025-03-06,Social,Delivered,Indore
508841,11706,2024-10-17,Organic,Delivered,Patna
508842,13601,2024-08-30,Direct,Delivered,Chennai
508843,13757,2025-01-02,Direct,Delivered,Jaipur
508844,11652,2024-10-26,Email,Delivered,Pune
508845,13078,2025-03-27,Direct,Delivered,Hyderabad
508846,10930,2024-04-17,Organic,Delivered,Patna
508847,11921,2024-12-14,Paid Search,Delivered,Chandigarh
508848,12649,2025-06-26,Organic,Delivered,Ahmedabad
508849,13330,2025-09-09,Email,Delivered,Bengaluru
508850,11784,2024-07-23,Paid Search,Delivered,Mumbai
508851,13560,2025-03-14,Organic,Delivered,Gurugram
508852,13218,2024-08-08,Social,Delivered,Ahmedabad
508853,14320,2025-07-31,Paid Search,Delivered,Delhi
508854,10195,2024-09-15,Social,Delivered,Jaipur
508855,12568,2025-05-07,Paid Search,Delivered,Ahmedabad
508856,13565,2024-11-11,Organic,Delivered,Indore
508857,12112,2024-07-14,Social,Delivered,Lucknow
508858,11498,2025-02-25,Organic,Delivered,Kolkata
508859,12909,2025-04-01,Paid Search,Delivered,Delhi
508860,12312,2025-05-14,Paid Search,Delivered,Bengaluru
508861,12149,2025-08-01,Direct,Delivered,Noida
508862,14894,2025-05-08,Organic,Delivered,Indore
508863,12115,2025-09-14,Paid Search,Delivered,Hyderabad
508864,11078,2024-11-05,Affiliate,Delivered,Kolkata
508865,10084,2025-01-06,Paid Search,Delivered,Mumbai
508866,10589,2024-12-18,Social,Delivered,Delhi
508867,12685,2025-02-26,Affiliate,Delivered,Gurugram
508868,11050,2024-04-12,Organic,Delivered,Indore
508869,10548,2025-09-16,Direct,Delivered,Indore
508870,11758,2025-01-16,Social,Delivered,Kochi
508871,11203,2025-02-08,Affiliate,Delivered,Gurugram
508872,12682,2025-10-03,Direct,Delivered,Kochi
508873,10282,2024-12-05,Direct,Delivered,Pune
508874,14902,2024-12-02,Organic,Delivered,Ghaziabad
508875,14557,2025-02-17,Social,Delivered,Pune
508876,14350,2025-11-16,Paid Search,Delivered,Chennai
508877,10858,2024-07-04,Social,Delivered,Pune
508878,13575,2024-04-23,Affiliate,Delivered,Bhopal
508879,10069,2024-03-19,Paid Search,Delivered,Chandigarh
508880,13603,2025-06-22,Social,Delivered,Hyderabad
508881,13989,2024-01-08,Social,Delivered,Lucknow
508882,11419,2025-06-01,Paid Search,Delivered,Chandigarh
508883,12319,2025-10-08,Social,Delivered,Chandigarh
508884,14640,2025-05-13,Organic,Delivered,Bhopal
508885,10992,2024-05-04,Email,Delivered,Gurugram
508886,12698,2025-04-29,Organic,Delivered,Patna
508887,11520,2024-11-19,Affiliate,Delivered,Chandigarh
508888,10813,2024-01-17,Organic,Delivered,Noida
508889,13409,2024-05-24,Email,Delivered,Bengaluru
508890,14752,2025-06-26,Social,Delivered,Kochi
508891,12827,2025-02-14,Paid Search,Cancelled,Jaipur
508892,12533,2024-12-31,Email,Delivered,Delhi
508893,12669,2025-07-21,Direct,Delivered,Jaipur
508894,10778,2025-01-18,Organic,Delivered,Delhi
508895,11007,2025-12-08,Email,Delivered,Chennai
508896,13677,2024-02-07,Paid Search,Delivered,Chandigarh
508897,12930,2024-07-28,Email,Delivered,Chandigarh
508898,11169,2024-05-17,Direct,Delivered,Kochi
508899,10098,2024-10-29,Email,Delivered,Hyderabad
508900,10939,2025-10-27,Organic,Delivered,Bengaluru
508901,12526,2024-10-26,Paid Search,Delivered,Pune
508902,11338,2024-08-18,Social,Delivered,Kolkata
508903,13655,2024-03-02,Organic,Delivered,Chennai
508904,12892,2024-10-14,Email,Delivered,Kochi
508905,10738,2024-06-16,Email,Delivered,Indore
508906,11463,2024-05-18,Affiliate,Delivered,Bhopal
508907,10179,2024-04-07,Organic,Delivered,Ghaziabad
508908,10205,2025-04-07,Email,Delivered,Ahmedabad
508909,13762,2025-06-02,Paid Search,Delivered,Pune
508910,11938,2025-06-25,Organic,Delivered,Patna
508911,14409,2024-02-09,Social,Delivered,Bengaluru
508912,11172,2025-11-04,Social,Delivered,Jaipur
508913,11608,2025-01-05,Social,Delivered,Mumbai
508914,12558,2025-02-14,Direct,Delivered,Kolkata
508915,11405,2025-10-03,Organic,Delivered,Patna
508916,12298,2024-07-20,Paid Search,Delivered,Noida
508917,10613,2025-01-02,Paid Search,Delivered,Mumbai
508918,10391,2024-02-21,Organic,Delivered,Pune
508919,14304,2024-12-25,Paid Search,Delivered,Bengaluru
508920,11227,2024-07-13,Email,Delivered,Ghaziabad
508921,10511,2024-05-13,Social,Delivered,Ahmedabad
508922,11408,2025-03-28,Paid Search,Delivered,Pune
508923,12098,2024-04-05,Social,Delivered,Gurugram
508924,12424,2025-12-13,Paid Search,Delivered,Lucknow
508925,13830,2024-06-18,Organic,Delivered,Gurugram
508926,14112,2024-02-27,Social,Delivered,Chandigarh
508927,11460,2024-11-22,Affiliate,Delivered,Hyderabad
508928,11094,2024-10-10,Affiliate,Delivered,Bhopal
508929,10619,2025-04-25,Paid Search,Delivered,Mumbai
508930,10791,2025-05-02,Paid Search,Delivered,Delhi
508931,10143,2025-03-08,Social,Delivered,Delhi
508932,10006,2025-02-24,Affiliate,Delivered,Chandigarh
508933,12092,2025-07-22,Organic,Delivered,Mumbai
508934,13033,2025-04-21,Organic,Delivered,Bhopal
508935,14097,2024-04-11,Direct,Delivered,Chandigarh
508936,11629,2024-12-04,Organic,Delivered,Chandigarh
508937,11446,2025-05-17,Direct,Delivered,Pune
508938,13351,2024-07-14,Social,Delivered,Chennai
508939,13184,2025-09-23,Social,Delivered,Pune
508940,13451,2024-12-18,Organic,Delivered,Chandigarh
508941,10851,2024-08-22,Direct,Cancelled,Hyderabad
508942,10224,2024-10-05,Organic,Delivered,Indore
508943,12725,2025-03-28,Paid Search,Delivered,Kolkata
508944,12093,2025-06-02,Organic,Delivered,Hyderabad
508945,11292,2024-07-05,Organic,Delivered,Ahmedabad
508946,14840,2024-05-05,Email,Delivered,Patna
508947,10796,2024-03-07,Organic,Delivered,Pune
508948,11376,2024-12-28,Social,Delivered,Chennai
508949,13750,2025-11-08,Email,Delivered,Chandigarh
508950,12648,2025-12-02,Social,Delivered,Kochi
508951,11157,2025-02-13,Email,Delivered,Chennai
508952,12690,2025-01-23,Paid Search,Delivered,Jaipur
508953,12097,2025-01-02,Affiliate,Delivered,Indore
508954,11303,2024-06-22,Organic,Delivered,Bengaluru
508955,13356,2024-10-31,Social,Delivered,Hyderabad
508956,13897,2025-11-15,Direct,Delivered,Gurugram
508957,10343,2025-03-26,Affiliate,Delivered,Pune
508958,10019,2024-06-27,Organic,Delivered,Noida
508959,14517,2024-03-05,Paid Search,Delivered,Jaipur
508960,11134,2025-07-03,Direct,Delivered,Chandigarh
508961,10432,2025-10-22,Direct,Delivered,Jaipur
508962,12963,2024-03-21,Email,Delivered,Pune
508963,11613,2024-10-01,Organic,Delivered,Pune
508964,14587,2025-09-14,Paid Search,Cancelled,Mumbai
508965,14803,2024-07-04,Direct,Delivered,Bengaluru
508966,10048,2024-05-12,Organic,Delivered,Hyderabad
508967,10958,2024-10-15,Affiliate,Delivered,Bhopal
508968,13005,2024-10-15,Paid Search,Delivered,Jaipur
508969,11681,2024-12-17,Affiliate,Delivered,Kochi
508970,10017,2025-12-06,Organic,Delivered,Delhi
508971,12313,2025-12-11,Organic,Delivered,Kochi
508972,13115,2025-02-27,Paid Search,Delivered,Ghaziabad
508973,14950,2024-02-25,Direct,Delivered,Jaipur
508974,12058,2024-07-11,Email,Delivered,Lucknow
508975,13948,2024-05-12,Email,Delivered,Kochi
508976,12173,2024-01-01,Direct,Delivered,Hyderabad
508977,13358,2024-10-06,Paid Search,Delivered,Pune
508978,14838,2024-01-05,Direct,Delivered,Indore
508979,14063,2025-02-23,Organic,Delivered,Delhi
508980,13412,2024-07-19,Organic,Delivered,Ghaziabad
508981,14138,2025-06-13,Social,Delivered,Ghaziabad
508982,10983,2025-01-20,Direct,Delivered,Lucknow
508983,13981,2025-11-26,Email,Delivered,Ahmedabad
508984,14987,2024-12-20,Organic,Delivered,Chandigarh
508985,14866,2024-04-24,Direct,Delivered,Patna
508986,11284,2025-11-04,Affiliate,Delivered,Noida
508987,12138,2024-08-13,Affiliate,Delivered,Indore
508988,13430,2025-07-12,Social,Delivered,Delhi
508989,10369,2025-07-26,Paid Search,Delivered,Bengaluru
508990,13402,2025-11-06,Organic,Cancelled,Lucknow
508991,11378,2025-04-12,Email,Delivered,Indore
508992,14249,2025-01-09,Organic,Delivered,Chennai
508993,13070,2024-10-08,Social,Delivered,Chandigarh
508994,11995,2024-11-22,Social,Delivered,Chandigarh
508995,10251,2025-07-24,Social,Delivered,Ghaziabad
508996,13480,2025-02-17,Affiliate,Delivered,Ghaziabad
508997,12682,2024-02-05,Paid Search,Delivered,Hyderabad
508998,13130,2024-09-29,Paid Search,Delivered,Noida
508999,10090,2025-10-30,Organic,Delivered,Bengaluru
509000,12183,2024-06-03,Paid Search,Delivered,Lucknow
509001,13781,2024-12-11,Organic,Delivered,Patna
509002,14580,2025-09-03,Organic,Delivered,Chennai
509003,11756,2024-07-31,Paid Search,Delivered,Indore
509004,11260,2025-05-12,Paid Search,Delivered,Ghaziabad
509005,13531,2025-07-27,Direct,Delivered,Noida
509006,11122,2024-08-26,Organic,Delivered,Indore
509007,14442,2025-10-16,Organic,Delivered,Ghaziabad
509008,13152,2024-11-22,Affiliate,Delivered,Ahmedabad
509009,14628,2024-08-04,Organic,Delivered,Bengaluru
509010,10952,2024-06-13,Email,Delivered,Kolkata
509011,10420,2024-07-13,Affiliate,Delivered,Ghaziabad
509012,14150,2025-02-15,Email,Delivered,Patna
509013,11445,2024-06-13,Paid Search,Delivered,Patna
509014,11699,2024-09-18,Organic,Delivered,Indore
509015,11341,2025-06-03,Direct,Delivered,Chandigarh
509016,12106,2025-10-02,Direct,Delivered,Mumbai
509017,14495,2025-05-11,Affiliate,Delivered,Noida
509018,13412,2025-01-21,Organic,Delivered,Chennai
509019,10361,2025-05-23,Paid Search,Cancelled,Ahmedabad
509020,14426,2024-10-27,Email,Delivered,Bhopal
509021,12207,2024-07-17,Organic,Cancelled,Hyderabad
509022,13450,2025-07-01,Direct,Delivered,Chandigarh
509023,11827,2024-04-08,Direct,Delivered,Delhi
509024,10472,2025-10-23,Organic,Delivered,Hyderabad
509025,12099,2024-11-09,Organic,Delivered,Jaipur
509026,11691,2025-08-20,Paid Search,Delivered,Jaipur
509027,10090,2024-03-13,Social,Delivered,Pune
509028,13751,2024-12-27,Paid Search,Delivered,Hyderabad
509029,14309,2024-11-04,Email,Delivered,Jaipur
509030,14539,2024-09-17,Social,Delivered,Noida
509031,11222,2025-01-09,Organic,Delivered,Lucknow
509032,13170,2025-04-29,Paid Search,Delivered,Mumbai
509033,12661,2025-11-19,Paid Search,Delivered,Ghaziabad
509034,12981,2025-08-20,Social,Delivered,Chennai
509035,13990,2024-06-18,Direct,Delivered,Ghaziabad
509036,11897,2025-12-16,Organic,Delivered,Mumbai
509037,11375,2024-12-30,Affiliate,Delivered,Mumbai
509038,12391,2024-11-30,Paid Search,Delivered,Patna
509039,13329,2024-01-09,Email,Delivered,Bengaluru
509040,12162,2025-05-03,Paid Search,Delivered,Hyderabad
509041,11518,2025-10-10,Paid Search,Delivered,Chennai
509042,10276,2024-08-02,Paid Search,Delivered,Lucknow
509043,12866,2025-09-26,Affiliate,Delivered,Kolkata
509044,10110,2024-03-04,Organic,Cancelled,Hyderabad
509045,12354,2025-12-07,Paid Search,Cancelled,Noida
509046,13088,2024-07-03,Social,Delivered,Bengaluru
509047,12306,2024-12-17,Email,Delivered,Ghaziabad
509048,12550,2024-01-11,Organic,Delivered,Delhi
509049,11388,2025-10-18,Organic,Delivered,Ahmedabad
509050,11225,2025-01-07,Email,Delivered,Mumbai
509051,14225,2025-12-10,Paid Search,Delivered,Chennai
509052,14464,2024-09-29,Organic,Delivered,Lucknow
509053,10802,2024-02-13,Paid Search,Delivered,Mumbai
509054,11033,2025-05-10,Social,Delivered,Lucknow
509055,11786,2024-04-29,Direct,Delivered,Pune
509056,13503,2025-03-25,Affiliate,Delivered,Chennai
509057,10310,2024-01-26,Affiliate,Delivered,Kolkata
509058,13942,2024-05-02,Social,Delivered,Patna
509059,10035,2025-04-11,Paid Search,Delivered,Gurugram
509060,14202,2025-05-07,Direct,Delivered,Ahmedabad
509061,10205,2024-04-21,Organic,Delivered,Hyderabad
509062,14198,2024-05-16,Affiliate,Delivered,Indore
509063,14719,2025-09-19,Paid Search,Delivered,Lucknow
509064,13971,2024-01-05,Social,Delivered,Lucknow
509065,14921,2024-06-17,Direct,Delivered,Bhopal
509066,12290,2025-12-10,Direct,Delivered,Chennai
509067,13209,2025-02-04,Direct,Delivered,Kochi
509068,13120,2024-01-20,Affiliate,Delivered,Bengaluru
509069,10059,2025-10-14,Social,Delivered,Gurugram
509070,14289,2024-09-06,Paid Search,Delivered,Hyderabad
509071,13526,2025-06-06,Social,Cancelled,Mumbai
509072,12102,2025-04-11,Paid Search,Delivered,Gurugram
509073,11074,2024-09-25,Social,Delivered,Ghaziabad
509074,13355,2024-09-27,Organic,Delivered,Chandigarh
509075,14908,2025-02-06,Direct,Delivered,Delhi
509076,10798,2024-10-05,Affiliate,Delivered,Hyderabad
509077,14601,2024-05-07,Organic,Delivered,Kolkata
509078,12824,2025-06-12,Email,Delivered,Kochi
509079,13944,2025-05-07,Affiliate,Delivered,Patna
509080,10706,2025-03-16,Direct,Delivered,Patna
509081,10523,2025-06-26,Paid Search,Delivered,Gurugram
509082,13302,2025-01-13,Email,Delivered,Chennai
509083,11418,2025-11-09,Paid Search,Delivered,Chandigarh
509084,11885,2025-10-09,Direct,Delivered,Pune
509085,13112,2025-12-18,Direct,Delivered,Kolkata
509086,11140,2024-03-20,Organic,Delivered,Kochi
509087,11708,2024-03-15,Paid Search,Delivered,Chennai
509088,11804,2024-12-09,Organic,Delivered,Kochi
509089,11764,2025-05-21,Paid Search,Delivered,Indore
509090,13508,2024-06-23,Organic,Delivered,Ahmedabad
509091,10759,2024-03-25,Affiliate,Delivered,Pune
509092,14541,2024-01-27,Paid Search,Delivered,Bhopal
509093,13581,2025-02-09,Social,Delivered,Patna
509094,10057,2025-12-16,Affiliate,Delivered,Patna
509095,12826,2024-12-05,Email,Delivered,Pune
509096,10840,2025-06-20,Paid Search,Delivered,Bhopal
509097,10764,2024-02-07,Affiliate,Delivered,Kolkata
509098,13529,2024-06-07,Email,Delivered,Gurugram
509099,11247,2025-05-12,Organic,Delivered,Noida
509100,12844,2024-10-21,Organic,Delivered,Ahmedabad
509101,11422,2024-01-20,Affiliate,Delivered,Kolkata
509102,11596,2024-06-14,Organic,Delivered,Lucknow
509103,13354,2025-08-02,Organic,Delivered,Mumbai
509104,13259,2025-05-15,Paid Search,Delivered,Gurugram
509105,10108,2025-08-14,Direct,Delivered,Delhi
509106,14336,2024-09-13,Email,Delivered,Chennai
509107,12935,2025-11-10,Affiliate,Delivered,Ghaziabad
509108,11290,2025-11-03,Paid Search,Delivered,Gurugram
509109,10564,2024-09-25,Direct,Delivered,Chandigarh
509110,12429,2024-05-31,Paid Search,Delivered,Lucknow
509111,13479,2025-12-04,Direct,Delivered,Noida
509112,10104,2024-09-12,Social,Delivered,Noida
509113,11450,2024-12-28,Social,Delivered,Bhopal
509114,14730,2025-11-12,Direct,Delivered,Bhopal
509115,10502,2024-07-15,Direct,Delivered,Jaipur
509116,14009,2025-10-08,Organic,Delivered,Patna
509117,11192,2024-04-27,Paid Search,Delivered,Chennai
509118,12526,2024-08-02,Email,Delivered,Pune
509119,13817,2024-10-10,Organic,Delivered,Bengaluru
509120,14960,2024-12-19,Paid Search,Delivered,Chandigarh
509121,13018,2024-06-26,Organic,Delivered,Noida
509122,11102,2025-10-07,Social,Delivered,Noida
509123,10409,2025-04-30,Social,Delivered,Indore
509124,13720,2025-05-05,Organic,Delivered,Pune
509125,12893,2025-06-18,Social,Delivered,Chennai
509126,13848,2025-04-10,Paid Search,Delivered,Ghaziabad
509127,14937,2025-04-15,Direct,Delivered,Delhi
509128,14155,2025-04-27,Organic,Delivered,Ghaziabad
509129,12509,2025-06-10,Direct,Delivered,Hyderabad
509130,13426,2025-11-04,Direct,Delivered,Indore
509131,13126,2024-05-23,Social,Delivered,Chennai
509132,10953,2025-01-13,Email,Delivered,Ahmedabad
509133,11545,2024-05-14,Organic,Delivered,Gurugram
509134,10457,2024-05-12,Paid Search,Delivered,Indore
509135,11843,2025-11-25,Organic,Delivered,Bhopal
509136,10902,2024-12-11,Social,Delivered,Chennai
509137,14485,2025-05-29,Direct,Delivered,Bhopal
509138,14292,2025-06-16,Organic,Delivered,Jaipur
509139,13639,2024-01-24,Social,Delivered,Ahmedabad
509140,12010,2024-12-25,Email,Delivered,Ghaziabad
509141,10038,2024-05-11,Paid Search,Delivered,Kochi
509142,12731,2024-08-16,Social,Delivered,Noida
509143,10124,2024-05-17,Social,Delivered,Kolkata
509144,10127,2025-05-02,Social,Delivered,Delhi
509145,10774,2024-04-06,Organic,Delivered,Bhopal
509146,12458,2024-11-25,Social,Delivered,Kolkata
509147,13746,2024-08-11,Social,Delivered,Indore
509148,12047,2025-12-04,Organic,Delivered,Pune
509149,13876,2025-07-30,Social,Delivered,Mumbai
509150,12673,2024-09-14,Social,Delivered,Kochi
509151,14469,2024-08-02,Social,Delivered,Mumbai
509152,11877,2025-06-08,Social,Delivered,Kochi
509153,11502,2025-04-06,Paid Search,Delivered,Hyderabad
509154,10378,2025-02-09,Affiliate,Delivered,Kolkata
509155,11096,2024-02-22,Paid Search,Delivered,Bengaluru
509156,10220,2024-02-26,Social,Delivered,Indore
509157,10869,2025-04-10,Paid Search,Delivered,Mumbai
509158,14749,2024-12-09,Social,Delivered,Lucknow
509159,12723,2025-08-29,Affiliate,Delivered,Kochi
509160,13020,2024-01-22,Email,Delivered,Ahmedabad
509161,11924,2024-05-16,Organic,Delivered,Hyderabad
509162,13217,2025-07-31,Social,Delivered,Indore
509163,12812,2025-12-16,Organic,Delivered,Ghaziabad
509164,14578,2025-06-20,Email,Delivered,Kochi
509165,13978,2024-01-10,Direct,Delivered,Ahmedabad
509166,12755,2024-02-06,Email,Delivered,Kolkata
509167,13909,2025-10-04,Paid Search,Delivered,Pune
509168,13078,2024-12-31,Organic,Delivered,Hyderabad
509169,14974,2024-12-29,Paid Search,Delivered,Lucknow
509170,12616,2025-12-03,Social,Delivered,Kochi
509171,14256,2024-06-30,Direct,Delivered,Ghaziabad
509172,10880,2024-07-27,Social,Delivered,Gurugram
509173,10842,2025-05-16,Direct,Delivered,Chandigarh
509174,11558,2025-10-23,Paid Search,Delivered,Hyderabad
509175,14118,2024-09-24,Organic,Delivered,Indore
509176,14422,2024-04-20,Email,Delivered,Delhi
509177,12006,2024-02-11,Organic,Delivered,Jaipur
509178,12220,2024-01-05,Paid Search,Delivered,Ghaziabad
509179,12447,2024-09-30,Organic,Delivered,Bengaluru
509180,11021,2025-01-22,Social,Delivered,Ghaziabad
509181,12686,2024-12-23,Paid Search,Delivered,Mumbai
509182,14141,2024-06-23,Direct,Delivered,Chennai
509183,13756,2025-05-09,Direct,Delivered,Chandigarh
509184,10437,2025-10-04,Email,Cancelled,Ghaziabad
509185,11769,2024-06-19,Paid Search,Delivered,Kochi
509186,13198,2025-05-07,Organic,Delivered,Bengaluru
509187,12966,2025-02-02,Email,Delivered,Bhopal
509188,13501,2025-05-17,Organic,Delivered,Ahmedabad
509189,13737,2024-01-11,Paid Search,Cancelled,Indore
509190,11519,2025-05-07,Organic,Delivered,Pune
509191,12349,2025-06-30,Social,Delivered,Chandigarh
509192,10835,2025-05-11,Social,Delivered,Bhopal
509193,13586,2025-09-06,Social,Delivered,Chandigarh
509194,12242,2025-06-30,Email,Delivered,Pune
509195,11744,2025-12-20,Organic,Delivered,Bhopal
509196,13776,2025-05-04,Paid Search,Delivered,Pune
509197,14690,2024-11-22,Paid Search,Delivered,Bengaluru
509198,14434,2025-09-01,Email,Delivered,Chandigarh
509199,10675,2025-05-22,Organic,Delivered,Hyderabad
509200,14077,2025-02-11,Direct,Delivered,Delhi
509201,12836,2025-02-26,Paid Search,Delivered,Mumbai
509202,10548,2024-09-13,Organic,Delivered,Gurugram
509203,11940,2025-03-24,Social,Delivered,Delhi
509204,11114,2024-12-07,Paid Search,Delivered,Delhi
509205,11291,2024-04-05,Paid Search,Delivered,Kochi
509206,13085,2024-11-17,Organic,Delivered,Mumbai
509207,12018,2025-11-25,Social,Delivered,Gurugram
509208,13550,2024-08-31,Paid Search,Delivered,Jaipur
509209,14031,2025-05-10,Organic,Delivered,Kolkata
509210,10044,2024-10-30,Paid Search,Delivered,Kochi
509211,14123,2024-07-27,Affiliate,Delivered,Kolkata
509212,10713,2024-10-08,Affiliate,Delivered,Bengaluru
509213,10030,2025-12-02,Paid Search,Delivered,Ahmedabad
509214,10471,2024-03-22,Direct,Delivered,Pune
509215,10255,2025-05-03,Organic,Delivered,Chandigarh
509216,11706,2025-08-30,Direct,Delivered,Gurugram
509217,14198,2024-05-15,Direct,Delivered,Mumbai
509218,13405,2025-07-06,Social,Delivered,Patna
509219,12211,2025-04-10,Organic,Delivered,Bhopal
509220,14716,2024-09-03,Direct,Delivered,Jaipur
509221,12437,2024-05-09,Paid Search,Delivered,Ahmedabad
509222,10448,2025-11-21,Organic,Delivered,Jaipur
509223,10099,2024-05-24,Direct,Delivered,Lucknow
509224,12531,2025-11-24,Paid Search,Delivered,Pune
509225,11125,2025-04-18,Social,Delivered,Ahmedabad
509226,11863,2025-09-18,Social,Delivered,Kolkata
509227,11548,2024-08-04,Direct,Delivered,Kochi
509228,11992,2024-01-22,Social,Delivered,Bengaluru
509229,14812,2025-04-24,Direct,Delivered,Mumbai
509230,10341,2024-09-28,Organic,Delivered,Bengaluru
509231,10546,2025-02-06,Email,Delivered,Bengaluru
509232,11442,2024-11-30,Social,Delivered,Chandigarh
509233,13714,2024-08-23,Paid Search,Delivered,Kolkata
509234,11263,2025-06-09,Organic,Delivered,Jaipur
509235,11246,2025-01-01,Organic,Delivered,Indore
509236,13592,2025-04-09,Paid Search,Delivered,Chandigarh
509237,13009,2025-05-06,Email,Delivered,Patna
509238,13210,2025-05-10,Paid Search,Delivered,Ghaziabad
509239,13298,2024-08-29,Email,Delivered,Chandigarh
509240,13182,2025-07-14,Direct,Delivered,Delhi
509241,12778,2024-06-09,Email,Delivered,Pune
509242,12597,2025-11-24,Affiliate,Delivered,Lucknow
509243,13836,2025-08-14,Social,Delivered,Patna
509244,11711,2025-02-07,Direct,Delivered,Lucknow
509245,11611,2024-05-11,Affiliate,Delivered,Gurugram
509246,11219,2025-10-22,Paid Search,Delivered,Bengaluru
509247,14152,2025-02-09,Email,Delivered,Chandigarh
509248,10057,2025-08-18,Email,Delivered,Kochi
509249,11047,2024-01-21,Affiliate,Delivered,Kolkata
509250,10740,2024-09-04,Paid Search,Delivered,Indore
509251,11868,2024-08-07,Social,Delivered,Hyderabad
509252,11100,2025-08-17,Direct,Delivered,Patna
509253,12527,2024-12-05,Direct,Delivered,Gurugram
509254,14878,2024-03-26,Paid Search,Delivered,Noida
509255,12137,2025-03-25,Social,Delivered,Noida
509256,14853,2024-04-26,Paid Search,Delivered,Indore
509257,11545,2024-11-22,Email,Delivered,Chennai
509258,13839,2025-12-26,Organic,Delivered,Hyderabad
509259,10691,2024-11-13,Direct,Delivered,Noida
509260,13052,2024-11-09,Social,Delivered,Bhopal
509261,13758,2024-01-30,Paid Search,Delivered,Patna
509262,13345,2024-12-02,Organic,Delivered,Patna
509263,14689,2025-12-01,Social,Delivered,Bengaluru
509264,13003,2025-11-26,Social,Delivered,Delhi
509265,12932,2025-12-05,Email,Delivered,Hyderabad
509266,13235,2024-09-21,Social,Delivered,Ghaziabad
509267,11769,2024-02-17,Social,Delivered,Ahmedabad
509268,11097,2024-06-22,Paid Search,Delivered,Mumbai
509269,14528,2024-06-03,Organic,Delivered,Ahmedabad
509270,14884,2024-02-26,Paid Search,Delivered,Ghaziabad
509271,14658,2025-06-02,Paid Search,Delivered,Delhi
509272,13784,2025-01-17,Affiliate,Delivered,Patna
509273,11118,2025-06-11,Organic,Delivered,Ahmedabad
509274,11172,2024-05-25,Email,Delivered,Hyderabad
509275,11548,2025-05-23,Organic,Delivered,Ahmedabad
509276,12569,2024-02-17,Organic,Delivered,Jaipur
509277,11180,2025-06-11,Paid Search,Delivered,Indore
509278,13947,2025-08-17,Paid Search,Delivered,Mumbai
509279,10423,2024-07-04,Organic,Delivered,Jaipur
509280,14556,2024-08-28,Direct,Delivered,Ghaziabad
509281,12263,2024-11-14,Paid Search,Delivered,Indore
509282,11920,2025-02-27,Social,Delivered,Bengaluru
509283,12251,2025-01-21,Direct,Delivered,Bengaluru
509284,12419,2024-03-17,Paid Search,Delivered,Kochi
509285,12758,2024-10-03,Email,Delivered,Patna
509286,11550,2025-01-04,Affiliate,Delivered,Pune
509287,11521,2025-03-24,Paid Search,Delivered,Jaipur
509288,11883,2025-04-06,Organic,Delivered,Hyderabad
509289,10781,2025-05-01,Affiliate,Delivered,Indore
509290,11139,2024-11-24,Paid Search,Delivered,Kochi
509291,12094,2025-01-02,Paid Search,Delivered,Lucknow
509292,10150,2024-09-03,Paid Search,Delivered,Ghaziabad
509293,12100,2024-07-17,Organic,Delivered,Gurugram
509294,12082,2024-08-15,Direct,Delivered,Jaipur
509295,10014,2024-11-16,Direct,Delivered,Ahmedabad
509296,12353,2024-03-20,Direct,Delivered,Chandigarh
509297,13309,2024-06-08,Organic,Delivered,Pune
509298,13900,2024-03-25,Direct,Delivered,Bhopal
509299,11937,2024-10-25,Email,Delivered,Ahmedabad
509300,12614,2024-12-28,Social,Delivered,Indore
509301,10392,2024-04-29,Email,Delivered,Jaipur
509302,11632,2024-04-11,Affiliate,Delivered,Kolkata
509303,13319,2025-01-19,Paid Search,Delivered,Bengaluru
509304,12317,2024-06-12,Social,Delivered,Ahmedabad
509305,14771,2025-09-26,Social,Delivered,Gurugram
509306,13981,2024-04-30,Organic,Delivered,Lucknow
509307,14536,2024-12-18,Organic,Delivered,Noida
509308,12405,2025-08-09,Social,Delivered,Noida
509309,10384,2024-03-16,Social,Delivered,Jaipur
509310,12776,2024-11-24,Email,Delivered,Pune
509311,14730,2024-12-10,Affiliate,Delivered,Hyderabad
509312,10865,2025-02-07,Social,Delivered,Bengaluru
509313,14802,2025-10-09,Paid Search,Delivered,Chandigarh
509314,10039,2025-03-02,Email,Delivered,Ahmedabad
509315,13071,2024-10-02,Paid Search,Delivered,Mumbai
509316,14649,2024-10-16,Affiliate,Delivered,Indore
509317,11056,2025-04-01,Paid Search,Delivered,Kolkata
509318,11340,2024-08-06,Direct,Delivered,Chennai
509319,14037,2025-05-15,Organic,Delivered,Jaipur
509320,11738,2024-10-06,Email,Delivered,Kolkata
509321,13277,2024-02-14,Paid Search,Delivered,Ahmedabad
509322,10575,2025-01-25,Organic,Delivered,Chennai
509323,13361,2024-07-02,Social,Delivered,Delhi
509324,12565,2024-09-19,Organic,Delivered,Noida
509325,12504,2024-08-24,Paid Search,Delivered,Chandigarh
509326,13686,2024-04-09,Social,Delivered,Kochi
509327,12239,2024-07-30,Paid Search,Delivered,Bengaluru
509328,13431,2025-10-29,Paid Search,Delivered,Hyderabad
509329,12131,2024-08-22,Paid Search,Delivered,Ahmedabad
509330,14279,2025-06-19,Organic,Delivered,Indore
509331,12780,2024-10-25,Paid Search,Delivered,Ghaziabad
509332,11433,2024-02-18,Paid Search,Delivered,Ghaziabad
509333,14395,2025-09-04,Social,Delivered,Lucknow
509334,11574,2025-10-24,Social,Delivered,Kochi
509335,14712,2024-06-21,Organic,Delivered,Ahmedabad
509336,14828,2024-05-04,Social,Delivered,Mumbai
509337,12790,2025-11-11,Organic,Delivered,Jaipur
509338,12283,2024-03-12,Paid Search,Delivered,Patna
509339,11329,2025-10-11,Email,Delivered,Lucknow
509340,14173,2024-05-06,Email,Delivered,Indore
509341,11344,2025-09-25,Organic,Delivered,Gurugram
509342,13058,2025-11-13,Paid Search,Delivered,Patna
509343,14021,2024-06-24,Social,Delivered,Noida
509344,10905,2024-06-10,Paid Search,Delivered,Chandigarh
509345,10864,2024-03-18,Email,Delivered,Ghaziabad
509346,14788,2025-07-29,Affiliate,Delivered,Pune
509347,14938,2024-09-12,Organic,Delivered,Delhi
509348,11623,2025-04-15,Affiliate,Delivered,Ahmedabad
509349,11162,2025-03-24,Direct,Delivered,Patna
509350,13209,2025-01-13,Direct,Delivered,Mumbai
509351,12918,2024-06-26,Organic,Delivered,Chennai
509352,11273,2024-09-24,Direct,Delivered,Delhi
509353,11078,2025-01-01,Organic,Delivered,Ahmedabad
509354,12879,2024-03-08,Paid Search,Delivered,Kochi
509355,11375,2024-10-22,Paid Search,Delivered,Ahmedabad
509356,12706,2025-06-03,Paid Search,Delivered,Indore
509357,13438,2024-11-04,Paid Search,Delivered,Noida
509358,11306,2024-10-15,Organic,Delivered,Mumbai
509359,12859,2025-09-06,Email,Delivered,Pune
509360,14944,2025-01-26,Social,Delivered,Jaipur
509361,12689,2025-06-22,Email,Delivered,Pune
509362,10704,2024-02-07,Social,Delivered,Pune
509363,13675,2025-11-09,Organic,Delivered,Noida
509364,12216,2025-07-21,Social,Delivered,Pune
509365,13583,2025-08-27,Email,Delivered,Bhopal
509366,10157,2025-05-21,Organic,Delivered,Patna
509367,13559,2025-01-28,Direct,Delivered,Delhi
509368,13414,2025-01-21,Social,Delivered,Kochi
509369,10019,2025-04-01,Email,Delivered,Noida
509370,12311,2024-12-28,Social,Delivered,Ahmedabad
509371,12350,2025-06-17,Email,Delivered,Lucknow
509372,12801,2024-09-03,Email,Delivered,Indore
509373,13082,2025-07-16,Affiliate,Delivered,Bengaluru
509374,13493,2024-09-07,Organic,Delivered,Bengaluru
509375,14568,2024-12-13,Organic,Delivered,Delhi
509376,13821,2024-02-20,Organic,Delivered,Chandigarh
509377,11554,2025-10-20,Direct,Delivered,Indore
509378,14830,2025-05-16,Paid Search,Delivered,Delhi
509379,12392,2024-07-01,Paid Search,Delivered,Indore
509380,14320,2024-02-02,Organic,Delivered,Kolkata
509381,12427,2025-09-14,Social,Delivered,Delhi
509382,11620,2024-01-02,Direct,Delivered,Noida
509383,13615,2024-12-18,Email,Delivered,Gurugram
509384,13637,2024-01-23,Organic,Delivered,Mumbai
509385,10604,2025-05-21,Direct,Delivered,Chennai
509386,10380,2024-05-28,Direct,Delivered,Bengaluru
509387,13790,2024-11-08,Email,Delivered,Chennai
509388,10682,2025-02-20,Social,Delivered,Pune
509389,12296,2024-09-27,Email,Delivered,Patna
509390,12299,2025-05-12,Affiliate,Delivered,Jaipur
509391,12198,2025-01-06,Direct,Delivered,Ghaziabad
509392,12299,2024-11-03,Email,Delivered,Hyderabad
509393,14754,2024-08-23,Social,Delivered,Noida
509394,12529,2024-10-25,Organic,Delivered,Pune
509395,14339,2024-08-22,Paid Search,Delivered,Ahmedabad
509396,12376,2025-02-25,Organic,Delivered,Hyderabad
509397,12359,2025-07-12,Email,Delivered,Ghaziabad
509398,13207,2025-03-12,Direct,Delivered,Mumbai
509399,11170,2024-01-24,Organic,Delivered,Ahmedabad
509400,14772,2025-09-09,Paid Search,Delivered,Ahmedabad
509401,14660,2025-07-28,Email,Delivered,Kolkata
509402,10864,2025-08-21,Organic,Delivered,Hyderabad
509403,10734,2024-02-06,Paid Search,Delivered,Bengaluru
509404,11788,2025-08-24,Affiliate,Delivered,Ghaziabad
509405,10952,2024-12-07,Paid Search,Delivered,Patna
509406,10372,2025-09-09,Email,Delivered,Chennai
509407,14042,2025-07-25,Social,Delivered,Bengaluru
509408,11000,2025-10-05,Email,Delivered,Hyderabad
509409,11843,2024-03-30,Paid Search,Delivered,Pune
509410,14937,2025-02-09,Organic,Delivered,Kolkata
509411,11995,2025-06-16,Organic,Delivered,Pune
509412,10198,2025-03-11,Social,Delivered,Mumbai
509413,11218,2025-08-16,Organic,Delivered,Chandigarh
509414,11069,2025-06-15,Email,Delivered,Delhi
509415,12781,2024-01-27,Social,Delivered,Pune
509416,12133,2024-05-25,Direct,Delivered,Chandigarh
509417,10385,2025-04-08,Affiliate,Cancelled,Noida
509418,11464,2024-09-20,Paid Search,Delivered,Hyderabad
509419,12342,2024-09-17,Paid Search,Delivered,Bengaluru
509420,12727,2025-10-29,Organic,Delivered,Ghaziabad
509421,12088,2024-03-06,Affiliate,Delivered,Delhi
509422,14953,2025-01-17,Social,Delivered,Pune
509423,12458,2024-08-15,Paid Search,Delivered,Bhopal
509424,13520,2024-02-07,Email,Delivered,Pune
509425,12859,2024-10-01,Paid Search,Delivered,Kolkata
509426,12030,2024-10-23,Social,Delivered,Bengaluru
509427,10142,2024-11-28,Paid Search,Delivered,Jaipur
509428,13415,2024-04-27,Paid Search,Delivered,Chennai
509429,14297,2025-06-16,Affiliate,Delivered,Delhi
509430,14362,2024-09-17,Email,Delivered,Noida
509431,13967,2025-02-23,Social,Delivered,Delhi
509432,11146,2025-02-02,Email,Delivered,Noida
509433,12258,2025-02-16,Organic,Delivered,Hyderabad
509434,13585,2025-01-04,Paid Search,Delivered,Pune
509435,13659,2024-08-08,Social,Delivered,Mumbai
509436,13070,2024-12-24,Paid Search,Delivered,Hyderabad
509437,10247,2025-01-22,Email,Delivered,Kolkata
509438,13670,2024-01-14,Social,Delivered,Kolkata
509439,12828,2025-06-13,Paid Search,Delivered,Kochi
509440,10421,2024-11-21,Paid Search,Delivered,Mumbai
509441,12695,2024-08-01,Email,Delivered,Jaipur
509442,13665,2024-01-22,Organic,Delivered,Lucknow
509443,14678,2024-08-10,Direct,Delivered,Kochi
509444,13941,2024-10-22,Organic,Delivered,Indore
509445,11310,2025-09-03,Organic,Delivered,Ghaziabad
509446,13437,2025-04-17,Affiliate,Delivered,Ghaziabad
509447,13376,2024-11-01,Paid Search,Delivered,Patna
509448,10987,2024-04-02,Social,Delivered,Delhi
509449,14150,2024-07-19,Paid Search,Delivered,Indore
509450,10807,2025-11-01,Organic,Delivered,Chennai
509451,13751,2024-04-03,Social,Delivered,Ghaziabad
509452,13692,2025-04-05,Email,Delivered,Jaipur
509453,14807,2025-01-13,Organic,Delivered,Jaipur
509454,13239,2024-06-08,Affiliate,Delivered,Patna
509455,10361,2025-09-30,Organic,Delivered,Bhopal
509456,14919,2024-10-15,Affiliate,Delivered,Hyderabad
509457,11918,2025-04-28,Email,Delivered,Ahmedabad
509458,12274,2024-03-11,Direct,Delivered,Mumbai
509459,14339,2025-12-06,Affiliate,Delivered,Chennai
509460,11147,2024-01-17,Direct,Delivered,Lucknow
509461,13312,2024-08-14,Direct,Delivered,Chennai
509462,13849,2025-10-31,Direct,Delivered,Noida
509463,12649,2025-04-11,Affiliate,Delivered,Noida
509464,13743,2025-05-08,Organic,Delivered,Kochi
509465,13566,2024-08-17,Affiliate,Delivered,Chandigarh
509466,12614,2025-07-23,Email,Delivered,Lucknow
509467,10458,2025-11-11,Direct,Delivered,Bengaluru
509468,13731,2025-03-30,Email,Delivered,Delhi
509469,13949,2024-06-08,Paid Search,Delivered,Indore
509470,11553,2025-10-24,Organic,Delivered,Gurugram
509471,14093,2024-01-04,Paid Search,Delivered,Patna
509472,11079,2025-10-16,Social,Delivered,Hyderabad
509473,10856,2024-01-07,Email,Delivered,Lucknow
509474,10631,2024-02-12,Organic,Delivered,Indore
509475,12762,2024-01-31,Paid Search,Delivered,Kolkata
509476,11453,2024-05-18,Paid Search,Delivered,Ahmedabad
509477,13473,2025-06-15,Affiliate,Delivered,Indore
509478,13273,2024-10-16,Paid Search,Delivered,Bhopal
509479,12134,2024-02-27,Organic,Delivered,Jaipur
509480,11293,2024-09-06,Social,Delivered,Hyderabad
509481,14577,2025-12-30,Organic,Delivered,Bhopal
509482,14418,2025-01-19,Email,Delivered,Noida
509483,11736,2025-06-17,Direct,Delivered,Ahmedabad
509484,11249,2024-07-13,Organic,Delivered,Gurugram
509485,14020,2025-01-15,Direct,Delivered,Kolkata
509486,13423,2025-08-05,Email,Delivered,Delhi
509487,12284,2025-05-08,Organic,Delivered,Lucknow
509488,12638,2024-01-06,Organic,Delivered,Jaipur
509489,13626,2025-03-19,Organic,Delivered,Patna
509490,11058,2025-08-01,Organic,Delivered,Gurugram
509491,14983,2024-04-08,Paid Search,Delivered,Patna
509492,12781,2024-10-14,Direct,Delivered,Ghaziabad
509493,10636,2025-04-16,Organic,Delivered,Ahmedabad
509494,14774,2024-01-04,Direct,Delivered,Mumbai
509495,14983,2025-06-03,Social,Delivered,Bhopal
509496,14721,2025-09-11,Social,Delivered,Delhi
509497,13493,2025-01-19,Email,Delivered,Kochi
509498,11458,2024-11-22,Affiliate,Delivered,Hyderabad
509499,12653,2024-03-08,Direct,Delivered,Noida
509500,12683,2025-06-13,Organic,Delivered,Chennai
509501,12546,2025-11-20,Paid Search,Delivered,Jaipur
509502,10755,2025-10-04,Organic,Delivered,Noida
509503,11556,2025-02-05,Organic,Delivered,Chandigarh
509504,12346,2024-01-26,Organic,Delivered,Delhi
509505,12643,2024-07-28,Email,Delivered,Kochi
509506,11608,2024-07-10,Organic,Delivered,Chennai
509507,13653,2024-01-06,Direct,Delivered,Gurugram
509508,14648,2024-03-27,Affiliate,Delivered,Chennai
509509,12334,2025-02-24,Paid Search,Delivered,Kochi
509510,13164,2024-03-12,Paid Search,Delivered,Bhopal
509511,10963,2024-01-29,Email,Delivered,Bengaluru
509512,10925,2025-11-22,Organic,Delivered,Kolkata
509513,10365,2025-03-18,Paid Search,Delivered,Ahmedabad
509514,14962,2025-08-11,Organic,Delivered,Gurugram
509515,11509,2024-06-30,Organic,Delivered,Patna
509516,13471,2024-09-23,Social,Delivered,Indore
509517,13120,2025-03-22,Paid Search,Delivered,Pune
509518,10674,2025-05-17,Paid Search,Delivered,Gurugram
509519,10833,2024-09-26,Email,Delivered,Patna
509520,13998,2025-11-03,Email,Delivered,Bengaluru
509521,13979,2025-05-29,Paid Search,Delivered,Hyderabad
509522,12788,2024-06-10,Organic,Delivered,Chandigarh
509523,11722,2024-03-12,Organic,Delivered,Kolkata
509524,12002,2024-01-11,Social,Delivered,Bhopal
509525,13955,2025-09-09,Paid Search,Delivered,Bhopal
509526,10982,2025-08-25,Affiliate,Delivered,Kolkata
509527,10440,2024-12-16,Organic,Delivered,Kochi
509528,11390,2025-06-12,Direct,Delivered,Bhopal
509529,10949,2025-10-07,Organic,Delivered,Chennai
509530,10837,2024-04-27,Paid Search,Delivered,Gurugram
509531,12320,2025-12-17,Direct,Delivered,Ahmedabad
509532,14017,2024-12-23,Direct,Delivered,Gurugram
509533,13459,2024-11-16,Social,Delivered,Lucknow
509534,11365,2024-04-27,Organic,Cancelled,Lucknow
509535,12121,2025-05-06,Social,Delivered,Noida
509536,12350,2025-03-16,Affiliate,Delivered,Kolkata
509537,11947,2024-01-22,Paid Search,Delivered,Lucknow
509538,14840,2025-04-18,Organic,Delivered,Pune
509539,14750,2024-04-13,Social,Delivered,Indore
509540,14973,2024-07-21,Affiliate,Delivered,Indore
509541,12096,2025-03-23,Social,Delivered,Pune
509542,13957,2025-07-24,Paid Search,Delivered,Bhopal
509543,13679,2024-04-08,Direct,Delivered,Lucknow
509544,13995,2024-12-12,Direct,Delivered,Pune
509545,10808,2024-07-27,Email,Delivered,Pune
509546,14725,2025-05-31,Organic,Delivered,Ghaziabad
509547,14693,2025-08-28,Paid Search,Delivered,Indore
509548,13985,2025-04-12,Email,Delivered,Chandigarh
509549,12864,2025-08-04,Affiliate,Delivered,Ghaziabad
509550,12255,2024-11-25,Social,Delivered,Hyderabad
509551,11241,2025-03-13,Paid Search,Delivered,Pune
509552,10302,2024-08-01,Direct,Delivered,Ghaziabad
509553,14807,2025-12-23,Paid Search,Delivered,Chennai
509554,11042,2024-05-29,Direct,Delivered,Kolkata
509555,11708,2025-11-04,Social,Delivered,Kolkata
509556,12223,2025-06-29,Email,Delivered,Chennai
509557,13382,2025-12-22,Organic,Delivered,Indore
509558,11328,2025-04-14,Paid Search,Delivered,Pune
509559,11078,2024-09-14,Direct,Delivered,Kolkata
509560,11646,2024-07-24,Email,Delivered,Pune
509561,11650,2024-05-11,Social,Delivered,Kochi
509562,10295,2025-12-07,Social,Delivered,Jaipur
509563,11957,2024-03-18,Organic,Delivered,Delhi
509564,12761,2025-08-15,Affiliate,Cancelled,Kolkata
509565,12236,2025-05-25,Organic,Delivered,Indore
509566,11758,2024-04-02,Paid Search,Delivered,Gurugram
509567,14587,2025-10-31,Paid Search,Delivered,Hyderabad
509568,11295,2024-04-28,Social,Delivered,Patna
509569,14216,2024-04-27,Paid Search,Delivered,Jaipur
509570,13052,2025-02-01,Direct,Delivered,Chandigarh
509571,13261,2024-03-16,Affiliate,Delivered,Kolkata
509572,11384,2024-03-15,Direct,Delivered,Lucknow
509573,14831,2025-04-01,Social,Delivered,Ghaziabad
509574,12382,2025-12-05,Paid Search,Delivered,Gurugram
509575,12535,2024-02-08,Direct,Delivered,Gurugram
509576,11233,2025-04-11,Organic,Delivered,Patna
509577,12393,2025-03-15,Direct,Delivered,Chandigarh
509578,13403,2024-02-18,Organic,Delivered,Noida
509579,14685,2024-04-19,Affiliate,Delivered,Kolkata
509580,14271,2024-11-20,Affiliate,Delivered,Delhi
509581,10783,2025-05-21,Email,Delivered,Chennai
509582,10409,2024-06-11,Affiliate,Delivered,Pune
509583,14763,2024-11-13,Organic,Delivered,Bhopal
509584,14100,2024-12-24,Paid Search,Delivered,Pune
509585,10757,2025-06-04,Paid Search,Delivered,Delhi
509586,14259,2024-06-29,Direct,Delivered,Kochi
509587,13809,2025-05-18,Social,Delivered,Jaipur
509588,14825,2025-08-31,Organic,Delivered,Chandigarh
509589,10804,2025-03-01,Paid Search,Delivered,Mumbai
509590,14140,2025-06-11,Direct,Delivered,Ahmedabad
509591,11826,2024-05-02,Direct,Delivered,Bhopal
509592,12762,2025-10-24,Direct,Delivered,Kolkata
509593,11294,2024-08-08,Organic,Delivered,Jaipur
509594,10352,2024-05-24,Email,Delivered,Kochi
509595,13485,2025-02-04,Paid Search,Delivered,Bengaluru
509596,10373,2024-10-08,Affiliate,Delivered,Chandigarh
509597,12327,2024-12-03,Affiliate,Delivered,Ahmedabad
509598,10984,2025-08-11,Paid Search,Cancelled,Hyderabad
509599,14599,2025-01-26,Social,Delivered,Chennai
509600,12236,2024-09-30,Paid Search,Delivered,Jaipur
509601,10930,2025-08-07,Social,Delivered,Lucknow
509602,14778,2024-10-04,Paid Search,Delivered,Chennai
509603,13441,2025-12-01,Paid Search,Delivered,Bengaluru
509604,10877,2025-12-21,Paid Search,Delivered,Kochi
509605,11774,2024-12-09,Paid Search,Delivered,Chandigarh
509606,12694,2025-07-17,Social,Delivered,Noida
509607,13888,2025-06-01,Social,Delivered,Indore
509608,14991,2025-09-21,Direct,Delivered,Mumbai
509609,14205,2024-12-03,Paid Search,Delivered,Bhopal
509610,10069,2024-10-24,Email,Delivered,Pune
509611,12381,2024-07-21,Direct,Delivered,Hyderabad
509612,10235,2025-03-04,Social,Delivered,Lucknow
509613,11511,2025-03-26,Affiliate,Delivered,Patna
509614,11350,2024-11-25,Direct,Delivered,Lucknow
509615,11331,2024-08-14,Affiliate,Delivered,Chennai
509616,11126,2024-11-25,Organic,Delivered,Hyderabad
509617,12001,2025-01-02,Organic,Delivered,Kolkata
509618,12494,2024-04-03,Paid Search,Delivered,Gurugram
509619,14774,2025-04-27,Email,Delivered,Ghaziabad
509620,12103,2025-09-07,Email,Delivered,Chennai
509621,10118,2024-08-23,Organic,Delivered,Noida
509622,12919,2024-10-12,Paid Search,Delivered,Kochi
509623,11503,2024-03-08,Paid Search,Delivered,Bhopal
509624,10736,2025-03-01,Email,Delivered,Indore
509625,13353,2024-11-08,Paid Search,Delivered,Lucknow
509626,13430,2025-09-18,Paid Search,Delivered,Jaipur
509627,11745,2025-10-25,Social,Delivered,Bhopal
509628,11074,2025-07-19,Organic,Delivered,Kolkata
509629,12451,2024-06-02,Email,Delivered,Jaipur
509630,12260,2024-05-24,Paid Search,Delivered,Hyderabad
509631,14847,2024-12-21,Social,Delivered,Lucknow
509632,10167,2025-03-28,Affiliate,Delivered,Mumbai
509633,10898,2024-01-24,Organic,Delivered,Ahmedabad
509634,13990,2024-12-28,Organic,Delivered,Chandigarh
509635,14742,2024-03-04,Direct,Delivered,Hyderabad
509636,13136,2024-07-09,Affiliate,Delivered,Bhopal
509637,11581,2024-09-19,Paid Search,Delivered,Ghaziabad
509638,11044,2024-01-30,Email,Delivered,Jaipur
509639,14221,2024-07-10,Social,Delivered,Kolkata
509640,13009,2025-04-05,Email,Delivered,Patna
509641,12041,2025-12-30,Affiliate,Delivered,Bhopal
509642,12186,2025-07-24,Organic,Delivered,Kochi
509643,10744,2024-08-11,Email,Delivered,Ghaziabad
509644,14132,2025-11-19,Paid Search,Delivered,Noida
509645,10244,2024-11-17,Social,Delivered,Kolkata
509646,14919,2024-09-16,Paid Search,Delivered,Chennai
509647,10839,2025-09-11,Direct,Delivered,Bhopal
509648,10623,2024-10-18,Social,Delivered,Indore
509649,10363,2025-06-24,Direct,Delivered,Kolkata
509650,12451,2024-04-29,Paid Search,Delivered,Hyderabad
509651,10282,2024-08-30,Paid Search,Cancelled,Lucknow
509652,11291,2025-12-20,Affiliate,Delivered,Patna
509653,13995,2024-06-27,Paid Search,Delivered,Bhopal
509654,13749,2025-09-13,Direct,Delivered,Hyderabad
509655,11714,2024-12-06,Email,Delivered,Gurugram
509656,10173,2025-12-01,Direct,Delivered,Kolkata
509657,10792,2024-10-31,Organic,Delivered,Noida
509658,12723,2024-12-28,Paid Search,Delivered,Bengaluru
509659,12334,2024-10-15,Paid Search,Delivered,Delhi
509660,14286,2024-06-02,Direct,Delivered,Pune
509661,12417,2025-09-08,Organic,Delivered,Gurugram
509662,11947,2025-02-22,Affiliate,Delivered,Lucknow
509663,13128,2025-01-04,Email,Delivered,Kolkata
509664,14190,2024-09-28,Direct,Delivered,Kolkata
509665,14087,2025-07-18,Direct,Delivered,Mumbai
509666,10735,2024-09-11,Affiliate,Delivered,Ghaziabad
509667,12094,2024-06-22,Paid Search,Delivered,Kolkata
509668,14592,2024-03-01,Direct,Cancelled,Kolkata
509669,14041,2025-09-30,Social,Delivered,Gurugram
509670,13958,2024-02-23,Email,Delivered,Noida
509671,10577,2025-09-09,Paid Search,Delivered,Hyderabad
509672,11956,2024-10-03,Affiliate,Delivered,Ghaziabad
509673,14161,2024-01-02,Paid Search,Delivered,Delhi
509674,10654,2025-11-08,Affiliate,Delivered,Patna
509675,13589,2025-06-25,Paid Search,Delivered,Lucknow
509676,12603,2025-06-12,Email,Delivered,Bhopal
509677,13643,2025-02-04,Organic,Delivered,Kochi
509678,13353,2025-07-09,Organic,Delivered,Chennai
509679,10474,2024-04-07,Direct,Delivered,Bhopal
509680,10645,2024-06-20,Email,Delivered,Jaipur
509681,11684,2025-02-01,Organic,Delivered,Chandigarh
509682,14666,2025-06-20,Social,Delivered,Mumbai
509683,14685,2025-03-06,Affiliate,Delivered,Chennai
509684,13814,2024-10-24,Social,Delivered,Chennai
509685,11199,2025-05-06,Paid Search,Delivered,Pune
509686,14759,2024-02-13,Direct,Delivered,Pune
509687,13587,2025-01-06,Organic,Delivered,Ahmedabad
509688,11497,2024-10-15,Email,Delivered,Kochi
509689,13556,2024-12-30,Social,Delivered,Delhi
509690,12168,2024-04-05,Email,Delivered,Chandigarh
509691,12392,2025-10-22,Paid Search,Delivered,Bhopal
509692,11201,2025-09-16,Organic,Delivered,Patna
509693,13217,2025-11-20,Direct,Cancelled,Kolkata
509694,11369,2025-09-06,Direct,Delivered,Pune
509695,14616,2025-04-30,Direct,Delivered,Chennai
509696,10727,2024-07-29,Affiliate,Delivered,Bhopal
509697,11259,2024-03-24,Organic,Delivered,Chandigarh
509698,10627,2025-03-23,Email,Delivered,Chandigarh
509699,11205,2025-11-22,Paid Search,Delivered,Indore
509700,13354,2024-09-22,Paid Search,Delivered,Bengaluru
509701,14729,2025-12-26,Paid Search,Delivered,Patna
509702,10785,2024-04-22,Organic,Delivered,Pune
509703,11115,2024-07-26,Organic,Delivered,Chandigarh
509704,10668,2025-04-19,Organic,Delivered,Gurugram
509705,14041,2024-12-26,Email,Delivered,Kolkata
509706,12673,2025-07-09,Direct,Delivered,Pune
509707,11819,2024-09-09,Paid Search,Delivered,Ghaziabad
509708,13520,2025-07-20,Organic,Delivered,Chennai
509709,10424,2024-08-08,Organic,Delivered,Noida
509710,13891,2024-04-19,Affiliate,Delivered,Kochi
509711,10475,2025-02-19,Paid Search,Delivered,Pune
509712,12902,2025-01-09,Email,Delivered,Jaipur
509713,10157,2025-02-18,Organic,Delivered,Pune
509714,11008,2024-01-18,Affiliate,Delivered,Kolkata
509715,13124,2024-10-27,Email,Delivered,Delhi
509716,12867,2024-03-06,Organic,Delivered,Kolkata
509717,12239,2025-08-11,Direct,Delivered,Lucknow
509718,13129,2024-02-29,Social,Delivered,Ghaziabad
509719,14184,2025-11-12,Organic,Delivered,Ahmedabad
509720,11291,2024-02-11,Social,Delivered,Ghaziabad
509721,14862,2025-03-22,Paid Search,Delivered,Delhi
509722,10723,2024-08-31,Direct,Cancelled,Bhopal
509723,14892,2024-03-21,Paid Search,Delivered,Hyderabad
509724,14629,2024-09-18,Direct,Delivered,Ghaziabad
509725,12140,2024-01-30,Affiliate,Delivered,Bengaluru
509726,10480,2025-05-25,Email,Delivered,Patna
509727,12035,2025-09-28,Organic,Delivered,Ahmedabad
509728,11386,2024-08-29,Organic,Delivered,Noida
509729,12898,2024-11-16,Direct,Delivered,Ahmedabad
509730,11158,2024-04-12,Social,Delivered,Jaipur
509731,10339,2024-12-18,Direct,Delivered,Indore
509732,14460,2025-11-23,Social,Delivered,Indore
509733,14332,2025-01-28,Social,Delivered,Bengaluru
509734,12510,2025-10-01,Direct,Delivered,Hyderabad
509735,14257,2025-07-24,Email,Delivered,Kolkata
509736,14783,2024-03-31,Paid Search,Delivered,Ghaziabad
509737,14601,2024-02-08,Affiliate,Delivered,Noida
509738,14142,2024-09-22,Paid Search,Delivered,Ahmedabad
509739,10220,2025-11-18,Social,Delivered,Chennai
509740,13775,2024-05-02,Paid Search,Delivered,Bengaluru
509741,14594,2024-02-02,Direct,Delivered,Mumbai
509742,10884,2025-12-02,Direct,Delivered,Pune
509743,10332,2024-05-24,Direct,Delivered,Indore
509744,11722,2024-09-17,Paid Search,Delivered,Ghaziabad
509745,14118,2025-07-24,Email,Delivered,Ahmedabad
509746,14102,2024-03-12,Paid Search,Delivered,Patna
509747,12921,2024-05-05,Paid Search,Delivered,Kochi
509748,14918,2025-06-15,Affiliate,Delivered,Lucknow
509749,10818,2024-01-05,Organic,Delivered,Lucknow
509750,14390,2025-06-04,Organic,Delivered,Ahmedabad
509751,14354,2025-01-31,Email,Delivered,Indore
509752,14743,2024-06-25,Affiliate,Delivered,Patna
509753,11461,2025-03-24,Paid Search,Delivered,Chandigarh
509754,13210,2024-08-22,Email,Delivered,Hyderabad
509755,11380,2025-11-24,Direct,Delivered,Ghaziabad
509756,12415,2024-10-30,Organic,Delivered,Mumbai
509757,14803,2025-07-01,Direct,Delivered,Hyderabad
509758,12574,2024-07-14,Social,Delivered,Pune
509759,13845,2025-09-01,Paid Search,Delivered,Delhi
509760,12293,2024-07-30,Organic,Delivered,Mumbai
509761,10003,2025-01-06,Paid Search,Delivered,Chennai
509762,10775,2025-08-08,Affiliate,Delivered,Ahmedabad
509763,13362,2025-11-07,Social,Delivered,Bengaluru
509764,11529,2025-07-03,Organic,Delivered,Chennai
509765,11561,2025-05-02,Paid Search,Delivered,Ahmedabad
509766,10452,2025-05-21,Direct,Delivered,Hyderabad
509767,14106,2024-10-23,Paid Search,Delivered,Kochi
509768,10443,2025-05-17,Organic,Delivered,Hyderabad
509769,12688,2025-02-24,Direct,Delivered,Pune
509770,11560,2025-01-16,Paid Search,Delivered,Chennai
509771,14532,2024-08-17,Affiliate,Delivered,Kolkata
509772,13331,2024-09-13,Organic,Delivered,Lucknow
509773,10342,2024-03-31,Paid Search,Delivered,Kolkata
509774,13069,2025-06-10,Paid Search,Delivered,Delhi
509775,10828,2024-01-17,Direct,Delivered,Ghaziabad
509776,12798,2024-03-26,Affiliate,Delivered,Ghaziabad
509777,11218,2024-08-02,Paid Search,Delivered,Patna
509778,13745,2024-04-13,Affiliate,Delivered,Gurugram
509779,12366,2025-07-02,Affiliate,Delivered,Patna
509780,12114,2024-04-02,Social,Delivered,Gurugram
509781,14392,2024-11-29,Social,Delivered,Indore
509782,12211,2025-06-19,Social,Delivered,Lucknow
509783,11176,2025-03-06,Organic,Delivered,Gurugram
509784,12591,2025-03-08,Affiliate,Delivered,Jaipur
509785,14050,2024-09-08,Email,Delivered,Pune
509786,10333,2024-11-25,Direct,Delivered,Noida
509787,11413,2025-07-14,Affiliate,Delivered,Jaipur
509788,12909,2024-12-14,Affiliate,Delivered,Pune
509789,11207,2025-05-26,Affiliate,Delivered,Kochi
509790,13752,2025-08-27,Direct,Delivered,Bengaluru
509791,10284,2024-06-28,Social,Delivered,Bengaluru
509792,11319,2024-03-29,Affiliate,Delivered,Lucknow
509793,12941,2024-12-04,Affiliate,Delivered,Delhi
509794,14275,2024-10-07,Paid Search,Delivered,Bhopal
509795,11767,2024-04-19,Social,Delivered,Pune
509796,11332,2025-07-09,Email,Delivered,Jaipur
509797,14638,2025-04-01,Organic,Delivered,Noida
509798,12567,2025-04-25,Social,Cancelled,Pune
509799,11013,2025-06-02,Organic,Delivered,Bengaluru
509800,14373,2024-11-14,Paid Search,Delivered,Hyderabad
509801,10143,2025-01-08,Social,Delivered,Mumbai
509802,13691,2024-06-12,Paid Search,Delivered,Mumbai
509803,14530,2025-06-18,Affiliate,Delivered,Gurugram
509804,12881,2025-11-22,Email,Delivered,Patna
509805,14576,2025-09-30,Paid Search,Delivered,Ahmedabad
509806,13114,2024-10-25,Organic,Delivered,Pune
509807,12988,2024-02-06,Paid Search,Delivered,Kolkata
509808,10545,2025-10-03,Social,Delivered,Patna
509809,10893,2025-02-24,Affiliate,Delivered,Pune
509810,13497,2025-07-22,Social,Delivered,Kochi
509811,13409,2024-08-08,Organic,Delivered,Pune
509812,13060,2025-09-21,Social,Delivered,Jaipur
509813,11046,2025-09-04,Direct,Delivered,Pune
509814,10423,2024-01-13,Direct,Delivered,Ahmedabad
509815,10427,2025-02-16,Affiliate,Delivered,Gurugram
509816,10622,2024-12-14,Paid Search,Delivered,Pune
509817,11091,2025-04-25,Organic,Delivered,Delhi
509818,14856,2024-07-08,Social,Delivered,Ghaziabad
509819,13900,2024-03-12,Paid Search,Delivered,Gurugram
509820,10891,2024-07-19,Email,Delivered,Hyderabad
509821,11536,2025-01-19,Organic,Delivered,Gurugram
509822,14479,2024-07-16,Direct,Delivered,Kolkata
509823,12248,2024-12-05,Affiliate,Delivered,Gurugram
509824,11380,2024-10-11,Direct,Delivered,Pune
509825,11642,2025-05-22,Direct,Delivered,Mumbai
509826,11981,2024-10-27,Paid Search,Delivered,Kolkata
509827,12715,2024-04-15,Email,Delivered,Mumbai
509828,12778,2025-04-08,Direct,Delivered,Mumbai
509829,12663,2024-06-04,Organic,Delivered,Hyderabad
509830,13130,2024-08-07,Organic,Delivered,Lucknow
509831,11486,2025-05-31,Paid Search,Delivered,Bengaluru
509832,12489,2024-07-18,Paid Search,Cancelled,Mumbai
509833,14148,2024-02-15,Email,Delivered,Kolkata
509834,11743,2024-09-20,Paid Search,Delivered,Indore
509835,14913,2024-10-10,Paid Search,Delivered,Pune
509836,12494,2025-05-16,Email,Delivered,Ahmedabad
509837,11880,2025-06-02,Affiliate,Delivered,Bhopal
509838,13504,2024-01-01,Organic,Delivered,Chandigarh
509839,11957,2025-07-07,Affiliate,Delivered,Ahmedabad
509840,11983,2025-06-30,Direct,Delivered,Bengaluru
509841,11873,2024-05-06,Paid Search,Delivered,Ghaziabad
509842,12727,2024-09-04,Social,Delivered,Noida
509843,10209,2025-07-14,Organic,Cancelled,Pune
509844,11896,2025-02-25,Email,Delivered,Hyderabad
509845,13841,2024-09-05,Direct,Delivered,Pune
509846,11650,2025-07-10,Organic,Delivered,Noida
509847,12696,2025-04-06,Direct,Delivered,Ahmedabad
509848,11495,2025-01-08,Organic,Delivered,Ahmedabad
509849,14708,2024-01-05,Direct,Delivered,Indore
509850,11120,2025-04-18,Social,Delivered,Ghaziabad
509851,13887,2024-05-11,Paid Search,Delivered,Indore
509852,13804,2025-11-03,Direct,Delivered,Mumbai
509853,12030,2024-05-18,Email,Delivered,Gurugram
509854,14920,2024-01-22,Organic,Delivered,Patna
509855,14933,2024-10-02,Affiliate,Delivered,Kolkata
509856,10145,2024-09-12,Organic,Delivered,Jaipur
509857,12844,2024-09-14,Direct,Delivered,Pune
509858,10981,2025-11-08,Organic,Delivered,Gurugram
509859,14993,2024-07-19,Social,Delivered,Lucknow
509860,14822,2025-09-04,Social,Delivered,Chennai
509861,12116,2024-04-28,Social,Delivered,Delhi
509862,11709,2025-03-26,Social,Delivered,Chandigarh
509863,14094,2024-04-05,Paid Search,Delivered,Lucknow
509864,11945,2024-06-16,Email,Delivered,Patna
509865,13654,2024-04-18,Organic,Delivered,Chennai
509866,13315,2024-08-29,Affiliate,Delivered,Kochi
509867,11421,2024-12-02,Organic,Delivered,Jaipur
509868,11764,2025-09-19,Direct,Delivered,Indore
509869,14664,2025-07-06,Affiliate,Delivered,Kolkata
509870,12464,2025-05-25,Affiliate,Cancelled,Ahmedabad
509871,12088,2024-12-23,Paid Search,Delivered,Ghaziabad
509872,14504,2024-07-27,Direct,Delivered,Hyderabad
509873,12862,2024-08-04,Email,Delivered,Bhopal
509874,12824,2024-04-06,Direct,Delivered,Chennai
509875,11944,2025-04-30,Organic,Delivered,Noida
509876,13335,2025-07-24,Affiliate,Delivered,Chandigarh
509877,10221,2025-02-04,Email,Cancelled,Kolkata
509878,11086,2025-02-25,Direct,Delivered,Pune
509879,14101,2024-09-29,Paid Search,Delivered,Ghaziabad
509880,11308,2025-12-05,Paid Search,Delivered,Pune
509881,14922,2025-10-10,Direct,Delivered,Jaipur
509882,14458,2024-10-24,Paid Search,Delivered,Chennai
509883,11909,2025-07-05,Email,Delivered,Noida
509884,14588,2024-09-12,Paid Search,Delivered,Pune
509885,13576,2024-03-31,Direct,Delivered,Gurugram
509886,14035,2024-07-31,Social,Delivered,Lucknow
509887,12351,2025-09-02,Paid Search,Delivered,Mumbai
509888,10611,2024-12-18,Affiliate,Delivered,Gurugram
509889,12734,2025-09-24,Organic,Delivered,Gurugram
509890,14093,2024-08-23,Organic,Delivered,Ahmedabad
509891,10453,2024-12-02,Direct,Delivered,Lucknow
509892,10097,2024-02-23,Paid Search,Delivered,Kolkata
509893,14105,2025-07-24,Organic,Delivered,Lucknow
509894,12983,2024-08-16,Social,Cancelled,Indore
509895,12610,2024-03-07,Paid Search,Delivered,Mumbai
509896,13377,2024-06-09,Direct,Delivered,Hyderabad
509897,13422,2025-05-01,Affiliate,Delivered,Noida
509898,12133,2025-08-19,Direct,Delivered,Noida
509899,13054,2025-11-28,Direct,Delivered,Gurugram
509900,12397,2024-06-21,Direct,Delivered,Lucknow
509901,11035,2025-03-07,Paid Search,Delivered,Ghaziabad
509902,13710,2024-12-01,Email,Delivered,Jaipur
509903,11880,2025-06-06,Direct,Delivered,Delhi
509904,14475,2025-05-06,Email,Delivered,Patna
509905,11986,2024-02-21,Direct,Delivered,Kolkata
509906,10947,2024-04-19,Direct,Delivered,Delhi
509907,14142,2025-03-07,Organic,Cancelled,Ghaziabad
509908,10693,2025-01-23,Social,Delivered,Indore
509909,14936,2025-10-09,Paid Search,Delivered,Pune
509910,13150,2025-09-11,Direct,Delivered,Ahmedabad
509911,12409,2024-02-12,Direct,Delivered,Kochi
509912,11154,2025-03-02,Social,Delivered,Indore
509913,11009,2024-10-24,Organic,Delivered,Chandigarh
509914,10972,2024-12-18,Paid Search,Delivered,Jaipur
509915,14166,2024-02-17,Organic,Delivered,Bengaluru
509916,11018,2025-09-05,Social,Delivered,Hyderabad
509917,10179,2024-04-30,Direct,Delivered,Bhopal
509918,10985,2025-11-23,Paid Search,Delivered,Noida
509919,13051,2025-11-11,Affiliate,Delivered,Ahmedabad
509920,12386,2025-08-23,Direct,Delivered,Kochi
509921,11866,2024-03-26,Direct,Delivered,Hyderabad
509922,14822,2024-10-25,Organic,Delivered,Mumbai
509923,11718,2024-01-18,Paid Search,Delivered,Pune
509924,14141,2025-03-23,Organic,Delivered,Bhopal
509925,10621,2025-09-23,Paid Search,Cancelled,Bhopal
509926,12717,2025-01-19,Organic,Delivered,Ghaziabad
509927,10655,2024-01-17,Social,Delivered,Bengaluru
509928,10406,2024-08-09,Affiliate,Cancelled,Indore
509929,13400,2024-05-04,Paid Search,Delivered,Bhopal
509930,13365,2024-11-14,Email,Delivered,Indore
509931,12873,2024-09-28,Social,Delivered,Indore
509932,12256,2025-08-29,Organic,Delivered,Bengaluru
509933,11354,2024-06-10,Paid Search,Delivered,Patna
509934,13892,2024-08-07,Paid Search,Delivered,Ahmedabad
509935,10947,2024-06-22,Social,Delivered,Indore
509936,12470,2025-10-12,Email,Delivered,Noida
509937,14714,2024-08-03,Paid Search,Delivered,Kolkata
509938,13342,2025-12-25,Organic,Delivered,Indore
509939,14225,2025-05-02,Paid Search,Delivered,Pune
509940,11001,2024-08-12,Organic,Delivered,Pune
509941,10129,2025-03-10,Affiliate,Delivered,Hyderabad
509942,14167,2024-03-30,Email,Delivered,Kochi
509943,12815,2025-10-22,Email,Delivered,Bengaluru
509944,13898,2025-11-30,Email,Delivered,Delhi
509945,14213,2024-08-02,Paid Search,Delivered,Delhi
509946,11871,2024-05-05,Organic,Cancelled,Noida
509947,10554,2024-11-09,Social,Delivered,Mumbai
509948,14819,2025-07-17,Affiliate,Delivered,Ghaziabad
509949,11525,2025-04-03,Affiliate,Delivered,Pune
509950,10802,2024-01-29,Email,Delivered,Noida
509951,12855,2024-01-07,Email,Delivered,Kochi
509952,10101,2024-06-21,Affiliate,Delivered,Mumbai
509953,10299,2025-07-05,Affiliate,Delivered,Lucknow
509954,13816,2024-07-09,Direct,Delivered,Jaipur
509955,10442,2025-10-15,Organic,Delivered,Delhi
509956,13003,2024-08-05,Organic,Delivered,Hyderabad
509957,12268,2025-10-14,Social,Delivered,Noida
509958,10555,2025-11-03,Paid Search,Delivered,Lucknow
509959,14715,2025-06-16,Paid Search,Delivered,Gurugram
509960,10798,2024-05-08,Affiliate,Delivered,Kolkata
509961,13254,2024-02-22,Social,Delivered,Delhi
509962,10655,2024-05-06,Social,Cancelled,Indore
509963,12952,2025-04-07,Organic,Delivered,Hyderabad
509964,10835,2025-05-20,Social,Delivered,Mumbai
509965,14443,2025-12-21,Social,Delivered,Hyderabad
509966,12308,2025-11-27,Paid Search,Delivered,Ahmedabad
509967,10045,2024-08-13,Paid Search,Delivered,Chennai
509968,10255,2024-10-11,Social,Delivered,Bhopal
509969,12715,2025-07-18,Direct,Delivered,Noida
509970,12597,2025-07-19,Organic,Delivered,Ghaziabad
509971,11654,2024-08-17,Paid Search,Delivered,Mumbai
509972,13027,2024-01-23,Organic,Delivered,Hyderabad
509973,13986,2024-03-11,Paid Search,Delivered,Noida
509974,13637,2025-08-25,Email,Delivered,Indore
509975,13747,2024-09-11,Paid Search,Delivered,Patna
509976,14731,2025-06-12,Paid Search,Delivered,Kolkata
509977,11033,2025-08-08,Direct,Delivered,Patna
509978,10413,2025-10-17,Paid Search,Delivered,Lucknow
509979,10606,2024-12-25,Social,Delivered,Gurugram
509980,10176,2025-04-10,Direct,Delivered,Noida
509981,11467,2024-05-22,Social,Delivered,Kochi
509982,10696,2025-11-19,Organic,Delivered,Bengaluru
509983,14607,2025-10-07,Organic,Delivered,Noida
509984,11687,2024-10-11,Direct,Cancelled,Ghaziabad
509985,11092,2024-09-25,Direct,Delivered,Lucknow
509986,12627,2025-06-19,Paid Search,Delivered,Gurugram
509987,12153,2024-10-29,Email,Delivered,Delhi
509988,10022,2025-06-14,Organic,Delivered,Ghaziabad
509989,14799,2024-03-07,Paid Search,Delivered,Noida
509990,13462,2024-07-15,Direct,Delivered,Gurugram
509991,14126,2025-07-24,Paid Search,Delivered,Noida
509992,14785,2025-11-03,Organic,Delivered,Chennai
509993,14428,2024-01-20,Social,Delivered,Bhopal
509994,11249,2025-07-23,Direct,Delivered,Chennai
509995,13817,2024-02-20,Direct,Delivered,Chandigarh
509996,10044,2025-09-25,Email,Delivered,Chennai
509997,11808,2024-07-04,Affiliate,Delivered,Gurugram
509998,13767,2024-09-22,Affiliate,Delivered,Chennai
509999,13499,2025-06-08,Direct,Delivered,Bhopal
510000,13851,2025-09-06,Email,Delivered,Kolkata
510001,13786,2024-10-30,Social,Delivered,Ahmedabad
510002,10218,2024-08-18,Direct,Delivered,Chennai
510003,12917,2025-12-17,Paid Search,Delivered,Pune
510004,13087,2025-12-05,Social,Delivered,Kochi
510005,10777,2025-01-18,Direct,Delivered,Patna
510006,11215,2024-01-18,Direct,Delivered,Mumbai
510007,12438,2025-12-09,Paid Search,Delivered,Ghaziabad
510008,13165,2025-03-28,Social,Delivered,Bhopal
510009,14251,2025-02-08,Direct,Delivered,Noida
510010,13632,2024-03-23,Social,Delivered,Kolkata
510011,14878,2025-12-27,Paid Search,Delivered,Indore
510012,11114,2025-06-09,Organic,Delivered,Noida
510013,11963,2024-06-08,Organic,Delivered,Hyderabad
510014,11304,2024-09-22,Paid Search,Delivered,Pune
510015,14454,2024-09-08,Paid Search,Delivered,Mumbai
510016,13058,2025-09-28,Affiliate,Delivered,Patna
510017,12540,2024-12-13,Organic,Delivered,Hyderabad
510018,12912,2025-09-29,Organic,Delivered,Mumbai
510019,11635,2025-05-17,Social,Delivered,Patna
510020,14431,2024-09-26,Organic,Delivered,Chennai
510021,13075,2024-10-23,Direct,Delivered,Ghaziabad
510022,12552,2025-08-15,Paid Search,Delivered,Kochi
510023,13524,2024-12-31,Direct,Delivered,Bengaluru
510024,13999,2025-05-12,Paid Search,Delivered,Kolkata
510025,11977,2024-03-30,Direct,Delivered,Hyderabad
510026,13661,2024-11-07,Social,Delivered,Chennai
510027,13992,2025-02-25,Direct,Delivered,Patna
510028,13329,2024-09-07,Social,Delivered,Pune
510029,10584,2025-09-11,Email,Delivered,Chennai
510030,10959,2024-06-02,Organic,Delivered,Bengaluru
510031,10156,2025-09-12,Paid Search,Delivered,Chandigarh
510032,11382,2024-02-16,Paid Search,Delivered,Kolkata
510033,10824,2024-11-08,Affiliate,Delivered,Mumbai
510034,12834,2025-01-13,Social,Delivered,Pune
510035,14548,2024-07-04,Email,Delivered,Bhopal
510036,10330,2025-01-29,Paid Search,Delivered,Pune
510037,11423,2025-10-20,Organic,Delivered,Indore
510038,10226,2024-11-20,Email,Delivered,Mumbai
510039,10419,2025-01-29,Paid Search,Delivered,Kolkata
510040,10250,2025-11-25,Paid Search,Delivered,Noida
510041,13034,2025-11-06,Direct,Delivered,Delhi
510042,14607,2024-01-11,Organic,Delivered,Gurugram
510043,13624,2025-06-14,Email,Delivered,Kochi
510044,13445,2025-09-13,Organic,Delivered,Gurugram
510045,10784,2025-11-19,Email,Delivered,Indore
510046,14184,2025-08-08,Social,Delivered,Bengaluru
510047,12897,2024-03-01,Email,Delivered,Jaipur
510048,14818,2025-07-08,Affiliate,Delivered,Ghaziabad
510049,11953,2025-09-09,Organic,Delivered,Jaipur
510050,13505,2025-01-18,Paid Search,Delivered,Patna
510051,12403,2024-01-16,Paid Search,Delivered,Chandigarh
510052,12577,2024-05-19,Social,Delivered,Kochi
510053,10531,2024-07-20,Paid Search,Delivered,Chandigarh
510054,12396,2025-09-22,Social,Delivered,Patna
510055,10836,2024-04-01,Paid Search,Delivered,Indore
510056,13731,2025-06-28,Social,Cancelled,Bengaluru
510057,13544,2024-05-10,Paid Search,Delivered,Bhopal
510058,14340,2025-08-31,Direct,Delivered,Kochi
510059,12305,2024-01-09,Direct,Cancelled,Ghaziabad
510060,14149,2024-06-21,Paid Search,Delivered,Pune
510061,14452,2024-03-15,Direct,Delivered,Ahmedabad
510062,12465,2025-02-09,Affiliate,Delivered,Delhi
510063,14735,2025-07-24,Organic,Delivered,Delhi
510064,13868,2024-10-31,Social,Cancelled,Kolkata
510065,11452,2025-01-25,Paid Search,Delivered,Pune
510066,12383,2025-04-12,Affiliate,Delivered,Pune
510067,10505,2024-11-28,Direct,Delivered,Chennai
510068,11922,2025-07-04,Email,Delivered,Gurugram
510069,11803,2024-07-26,Email,Delivered,Kolkata
510070,11489,2024-05-06,Email,Delivered,Kochi
510071,11778,2024-05-16,Social,Delivered,Patna
510072,10273,2024-05-07,Social,Delivered,Chandigarh
510073,12268,2024-01-28,Social,Delivered,Indore
510074,11006,2024-02-01,Affiliate,Delivered,Gurugram
510075,11146,2024-02-08,Email,Delivered,Hyderabad
510076,13651,2024-04-24,Organic,Delivered,Hyderabad
510077,14442,2025-04-08,Organic,Delivered,Lucknow
510078,10859,2024-06-24,Paid Search,Delivered,Gurugram
510079,12807,2025-03-03,Email,Delivered,Lucknow
510080,14506,2024-02-23,Paid Search,Delivered,Chennai
510081,13040,2025-08-08,Paid Search,Delivered,Mumbai
510082,10393,2024-09-17,Direct,Delivered,Pune
510083,13875,2024-11-18,Direct,Delivered,Patna
510084,10256,2025-05-08,Social,Delivered,Ahmedabad
510085,13085,2025-12-30,Email,Delivered,Patna
510086,12406,2025-08-02,Social,Delivered,Patna
510087,12639,2024-10-20,Social,Delivered,Bengaluru
510088,11114,2024-09-09,Paid Search,Delivered,Hyderabad
510089,14432,2024-09-04,Social,Delivered,Lucknow
510090,10515,2024-03-02,Email,Delivered,Patna
510091,14688,2024-09-03,Paid Search,Delivered,Chennai
510092,10300,2025-07-09,Affiliate,Delivered,Jaipur
510093,11518,2024-07-20,Paid Search,Delivered,Ahmedabad
510094,12637,2024-10-12,Organic,Delivered,Mumbai
510095,12582,2024-02-20,Direct,Delivered,Lucknow
510096,11298,2024-07-02,Paid Search,Delivered,Gurugram
510097,11441,2024-02-20,Paid Search,Delivered,Ghaziabad
510098,12779,2024-12-10,Social,Delivered,Gurugram
510099,10109,2024-08-05,Paid Search,Delivered,Indore
510100,10742,2025-12-09,Affiliate,Delivered,Kochi
510101,11978,2025-03-07,Paid Search,Delivered,Kochi
510102,10123,2024-09-29,Direct,Delivered,Pune
510103,10433,2025-01-27,Paid Search,Delivered,Bengaluru
510104,10137,2025-12-02,Paid Search,Delivered,Mumbai
510105,14088,2024-05-11,Social,Delivered,Indore
510106,10564,2024-07-04,Organic,Delivered,Ahmedabad
510107,10922,2025-02-02,Organic,Delivered,Jaipur
510108,13981,2024-03-18,Paid Search,Delivered,Pune
510109,12164,2025-01-14,Organic,Delivered,Chennai
510110,12243,2024-04-24,Affiliate,Delivered,Lucknow
510111,13283,2025-09-23,Direct,Delivered,Chennai
510112,13120,2025-07-19,Paid Search,Delivered,Noida
510113,12067,2024-02-05,Social,Delivered,Chandigarh
510114,14375,2025-01-27,Email,Delivered,Kolkata
510115,11140,2024-06-02,Organic,Delivered,Noida
510116,11064,2025-03-01,Social,Delivered,Kochi
510117,12574,2025-02-02,Direct,Delivered,Chandigarh
510118,14357,2025-12-08,Organic,Delivered,Hyderabad
510119,14485,2024-05-09,Organic,Delivered,Pune
510120,13729,2025-01-04,Paid Search,Delivered,Hyderabad
510121,10018,2025-12-06,Social,Delivered,Lucknow
510122,13646,2024-03-26,Direct,Delivered,Kolkata
510123,10820,2024-07-04,Paid Search,Delivered,Pune
510124,14354,2025-06-09,Paid Search,Delivered,Lucknow
510125,10568,2024-03-20,Paid Search,Delivered,Noida
510126,10630,2024-05-31,Direct,Delivered,Lucknow
510127,12577,2025-11-30,Social,Delivered,Ahmedabad
510128,12703,2025-03-01,Paid Search,Delivered,Gurugram
510129,11698,2024-02-11,Organic,Delivered,Chennai
510130,12418,2025-09-16,Organic,Delivered,Mumbai
510131,13574,2025-01-17,Direct,Delivered,Mumbai
510132,13320,2024-12-14,Social,Delivered,Patna
510133,13562,2025-12-26,Organic,Delivered,Chennai
510134,11190,2024-08-17,Direct,Delivered,Delhi
510135,12797,2024-10-03,Direct,Delivered,Bengaluru
510136,10637,2025-02-24,Paid Search,Delivered,Ghaziabad
510137,11214,2024-06-25,Paid Search,Delivered,Pune
510138,14868,2024-04-02,Direct,Delivered,Lucknow
510139,10214,2024-04-10,Organic,Delivered,Chandigarh
510140,12329,2024-08-12,Paid Search,Delivered,Chennai
510141,12465,2024-02-28,Paid Search,Delivered,Hyderabad
510142,11161,2025-01-03,Affiliate,Delivered,Kolkata
510143,10252,2025-12-27,Paid Search,Delivered,Ahmedabad
510144,10644,2024-07-04,Paid Search,Delivered,Jaipur
510145,13654,2024-01-30,Email,Delivered,Bhopal
510146,12968,2024-01-29,Direct,Delivered,Delhi
510147,12788,2024-05-01,Organic,Delivered,Indore
510148,10739,2025-03-03,Organic,Delivered,Kolkata
510149,12723,2024-12-10,Email,Delivered,Bhopal
510150,10916,2024-10-20,Paid Search,Cancelled,Ahmedabad
510151,11562,2025-07-05,Email,Delivered,Bengaluru
510152,14761,2024-10-12,Organic,Delivered,Jaipur
510153,12238,2025-03-26,Affiliate,Delivered,Indore
510154,10146,2025-12-29,Paid Search,Delivered,Jaipur
510155,12972,2024-05-03,Paid Search,Delivered,Delhi
510156,10935,2024-03-22,Organic,Delivered,Kochi
510157,10026,2024-06-08,Organic,Delivered,Chandigarh
510158,13357,2024-04-22,Social,Delivered,Bhopal
510159,13168,2025-08-29,Social,Delivered,Patna
510160,11085,2025-10-02,Affiliate,Delivered,Gurugram
510161,13706,2025-02-13,Email,Delivered,Jaipur
510162,10910,2024-04-05,Paid Search,Delivered,Kochi
510163,12510,2025-09-14,Affiliate,Delivered,Delhi
510164,12783,2025-11-01,Organic,Delivered,Pune
510165,10563,2024-10-25,Email,Delivered,Kolkata
510166,13480,2025-05-06,Social,Delivered,Pune
510167,12519,2025-03-20,Organic,Delivered,Bengaluru
510168,12154,2025-01-21,Email,Delivered,Jaipur
510169,13688,2024-09-15,Direct,Delivered,Chennai
510170,13907,2024-07-22,Paid Search,Delivered,Gurugram
510171,12468,2024-07-20,Email,Delivered,Indore
510172,14077,2024-09-19,Paid Search,Delivered,Gurugram
510173,10264,2025-07-09,Paid Search,Delivered,Ghaziabad
510174,13116,2025-08-26,Paid Search,Delivered,Ghaziabad
510175,11393,2024-03-23,Organic,Delivered,Kolkata
510176,12890,2024-02-12,Paid Search,Delivered,Hyderabad
510177,13125,2024-12-15,Affiliate,Delivered,Pune
510178,14082,2025-07-15,Paid Search,Delivered,Hyderabad
510179,12790,2025-02-14,Social,Delivered,Noida
510180,10076,2025-08-28,Organic,Delivered,Pune
510181,14891,2025-06-05,Organic,Delivered,Jaipur
510182,12554,2025-05-31,Social,Delivered,Ahmedabad
510183,10612,2025-01-28,Social,Delivered,Ghaziabad
510184,10644,2024-02-09,Social,Delivered,Kolkata
510185,10159,2024-05-11,Email,Delivered,Ghaziabad
510186,11108,2025-06-26,Email,Delivered,Gurugram
510187,11337,2024-08-13,Organic,Delivered,Lucknow
510188,14745,2025-06-12,Organic,Delivered,Gurugram
510189,14065,2024-09-05,Paid Search,Delivered,Chennai
510190,10019,2024-01-10,Paid Search,Delivered,Pune
510191,11686,2025-05-09,Organic,Delivered,Gurugram
510192,11536,2025-10-14,Social,Delivered,Chandigarh
510193,12251,2024-11-22,Organic,Delivered,Lucknow
510194,10772,2024-04-06,Social,Delivered,Kolkata
510195,11340,2024-10-30,Paid Search,Delivered,Delhi
510196,12853,2025-12-03,Direct,Delivered,Delhi
510197,12598,2024-08-20,Direct,Delivered,Chandigarh
510198,14222,2024-02-21,Direct,Delivered,Ghaziabad
510199,14626,2025-07-15,Email,Delivered,Ahmedabad
510200,11955,2024-06-23,Direct,Delivered,Indore
510201,14076,2024-01-28,Organic,Delivered,Noida
510202,14186,2025-05-19,Social,Delivered,Gurugram
510203,11730,2024-09-04,Affiliate,Delivered,Jaipur
510204,12202,2024-04-10,Social,Delivered,Hyderabad
510205,13137,2024-02-09,Organic,Delivered,Chandigarh
510206,14546,2024-05-15,Email,Delivered,Ahmedabad
510207,13872,2024-04-19,Direct,Delivered,Chandigarh
510208,14235,2024-01-09,Social,Delivered,Indore
510209,13967,2024-09-27,Paid Search,Delivered,Ahmedabad
510210,10895,2025-08-27,Organic,Delivered,Mumbai
510211,11070,2024-10-16,Organic,Delivered,Kochi
510212,14426,2024-01-28,Affiliate,Delivered,Patna
510213,12243,2025-10-06,Social,Delivered,Patna
510214,10963,2025-04-07,Organic,Delivered,Delhi
510215,11493,2025-12-05,Direct,Delivered,Ahmedabad
510216,12452,2025-03-01,Paid Search,Delivered,Hyderabad
510217,12779,2024-12-14,Affiliate,Cancelled,Ghaziabad
510218,10981,2025-01-08,Affiliate,Delivered,Ghaziabad
510219,11259,2024-01-05,Email,Delivered,Indore
510220,11933,2024-10-01,Direct,Delivered,Jaipur
510221,11069,2024-11-19,Direct,Delivered,Ghaziabad
510222,14929,2024-08-06,Organic,Delivered,Noida
510223,10102,2025-09-03,Paid Search,Delivered,Bhopal
510224,13826,2025-11-30,Direct,Delivered,Jaipur
510225,11466,2024-12-15,Email,Delivered,Delhi
510226,12771,2025-07-28,Paid Search,Delivered,Bhopal
510227,11540,2024-06-12,Direct,Delivered,Chennai
510228,14678,2025-11-05,Email,Delivered,Kochi
510229,14864,2025-05-29,Paid Search,Delivered,Kochi
510230,11799,2025-06-20,Paid Search,Delivered,Chandigarh
510231,10143,2025-03-10,Direct,Delivered,Kolkata
510232,10867,2025-08-29,Direct,Delivered,Noida
510233,13582,2025-01-25,Direct,Delivered,Patna
510234,14145,2025-12-05,Affiliate,Delivered,Kolkata
510235,10201,2025-04-29,Organic,Delivered,Chennai
510236,10061,2024-11-27,Paid Search,Delivered,Ghaziabad
510237,12457,2024-06-01,Paid Search,Delivered,Patna
510238,14023,2025-10-24,Paid Search,Delivered,Indore
510239,13835,2024-02-11,Affiliate,Delivered,Kolkata
510240,10110,2024-02-01,Organic,Delivered,Indore
510241,14942,2024-01-23,Social,Delivered,Bhopal
510242,11422,2024-03-19,Direct,Delivered,Delhi
510243,11146,2024-06-29,Affiliate,Delivered,Gurugram
510244,11778,2024-12-24,Paid Search,Delivered,Gurugram
510245,13782,2024-07-21,Organic,Delivered,Lucknow
510246,11593,2024-11-27,Paid Search,Delivered,Hyderabad
510247,13235,2024-11-23,Social,Delivered,Indore
510248,11218,2024-11-16,Direct,Delivered,Lucknow
510249,10590,2024-02-13,Social,Delivered,Patna
510250,10541,2025-01-27,Paid Search,Delivered,Chandigarh
510251,12196,2024-08-07,Email,Delivered,Pune
510252,10016,2025-01-28,Paid Search,Delivered,Kochi
510253,12796,2024-02-14,Affiliate,Delivered,Kolkata
510254,13874,2025-09-28,Organic,Delivered,Delhi
510255,12816,2025-06-11,Paid Search,Delivered,Delhi
510256,12285,2024-09-09,Paid Search,Delivered,Pune
510257,10852,2024-09-19,Social,Delivered,Chennai
510258,10810,2024-08-19,Paid Search,Delivered,Mumbai
510259,10582,2025-12-25,Paid Search,Delivered,Bhopal
510260,10411,2025-05-28,Affiliate,Delivered,Chandigarh
510261,12815,2024-12-02,Organic,Delivered,Delhi
510262,11393,2025-04-19,Paid Search,Delivered,Hyderabad
510263,13311,2024-02-17,Organic,Delivered,Bhopal
510264,11772,2025-08-29,Paid Search,Delivered,Bengaluru
510265,11611,2025-03-11,Social,Delivered,Mumbai
510266,12308,2024-08-14,Organic,Delivered,Mumbai
510267,11815,2025-05-21,Organic,Cancelled,Indore
510268,10506,2024-01-05,Direct,Delivered,Gurugram
510269,10128,2024-12-24,Social,Delivered,Lucknow
510270,14900,2025-11-21,Direct,Delivered,Mumbai
510271,10538,2025-07-09,Affiliate,Delivered,Noida
510272,11344,2024-02-02,Organic,Delivered,Jaipur
510273,12029,2025-03-07,Social,Cancelled,Chennai
510274,12207,2025-05-12,Social,Delivered,Bengaluru
510275,13749,2025-01-19,Organic,Delivered,Delhi
510276,13546,2024-08-23,Organic,Delivered,Ghaziabad
510277,13032,2025-05-11,Paid Search,Delivered,Gurugram
510278,11551,2024-11-05,Paid Search,Delivered,Bengaluru
510279,14765,2025-11-24,Paid Search,Cancelled,Pune
510280,10413,2025-09-04,Paid Search,Delivered,Chennai
510281,11553,2025-10-26,Social,Delivered,Kochi
510282,11883,2024-11-02,Paid Search,Delivered,Bhopal
510283,11749,2025-05-10,Affiliate,Cancelled,Mumbai
510284,12765,2024-04-15,Organic,Delivered,Delhi
510285,10256,2025-07-04,Email,Delivered,Patna
510286,14209,2025-07-05,Affiliate,Delivered,Delhi
510287,10801,2025-07-20,Paid Search,Delivered,Hyderabad
510288,11840,2024-01-15,Paid Search,Delivered,Chandigarh
510289,12906,2024-11-29,Paid Search,Delivered,Bengaluru
510290,14448,2024-07-19,Paid Search,Delivered,Hyderabad
510291,12789,2025-10-30,Organic,Delivered,Gurugram
510292,12731,2025-01-28,Social,Delivered,Chennai
510293,11235,2025-03-22,Email,Delivered,Ghaziabad
510294,13588,2024-11-16,Paid Search,Delivered,Delhi
510295,12801,2024-03-24,Direct,Delivered,Kochi
510296,10151,2025-03-29,Direct,Delivered,Lucknow
510297,12098,2025-03-22,Paid Search,Delivered,Lucknow
510298,14479,2024-10-05,Affiliate,Cancelled,Ahmedabad
510299,14291,2025-04-05,Organic,Cancelled,Lucknow
510300,11068,2024-10-12,Affiliate,Delivered,Bhopal
510301,13703,2025-04-27,Affiliate,Delivered,Kochi
510302,11630,2024-09-11,Paid Search,Delivered,Mumbai
510303,13807,2025-07-19,Paid Search,Delivered,Jaipur
510304,12619,2025-10-10,Social,Delivered,Kochi
510305,11605,2024-12-20,Paid Search,Delivered,Chandigarh
510306,14800,2024-01-13,Social,Delivered,Delhi
510307,11209,2025-05-13,Direct,Delivered,Patna
510308,11729,2025-11-17,Paid Search,Delivered,Hyderabad
510309,14666,2025-06-02,Organic,Delivered,Bengaluru
510310,11103,2024-09-18,Social,Delivered,Bengaluru
510311,10988,2025-02-16,Email,Delivered,Chennai
510312,14804,2024-09-23,Social,Delivered,Chandigarh
510313,12418,2025-07-19,Organic,Delivered,Chennai
510314,14043,2025-06-14,Email,Delivered,Pune
510315,10445,2025-04-01,Organic,Delivered,Noida
510316,13318,2024-10-10,Paid Search,Delivered,Delhi
510317,10520,2024-05-06,Paid Search,Delivered,Kolkata
510318,12049,2025-03-26,Direct,Delivered,Lucknow
510319,11016,2024-09-03,Direct,Delivered,Ghaziabad
510320,12103,2025-10-22,Affiliate,Delivered,Chennai
510321,11959,2024-02-16,Affiliate,Delivered,Hyderabad
510322,14754,2025-09-10,Organic,Delivered,Ghaziabad
510323,13313,2025-07-23,Email,Delivered,Chennai
510324,10345,2025-01-11,Affiliate,Delivered,Jaipur
510325,12436,2025-12-27,Affiliate,Delivered,Kochi
510326,13788,2025-06-07,Affiliate,Delivered,Mumbai
510327,12463,2024-01-31,Organic,Delivered,Patna
510328,13006,2024-10-13,Paid Search,Delivered,Patna
510329,12565,2025-09-06,Affiliate,Delivered,Kochi
510330,14843,2025-07-21,Organic,Delivered,Chennai
510331,13285,2024-04-27,Organic,Delivered,Ahmedabad
510332,12793,2024-05-04,Direct,Delivered,Delhi
510333,14712,2025-11-06,Direct,Cancelled,Ahmedabad
510334,11403,2024-02-03,Paid Search,Delivered,Noida
510335,13773,2025-11-25,Organic,Delivered,Indore
510336,13900,2025-01-30,Paid Search,Delivered,Indore
510337,11851,2025-08-13,Organic,Delivered,Hyderabad
510338,14929,2024-06-06,Organic,Delivered,Jaipur
510339,11477,2024-09-08,Organic,Delivered,Delhi
510340,14538,2025-06-16,Direct,Delivered,Bhopal
510341,10094,2024-04-28,Paid Search,Delivered,Chandigarh
510342,11474,2024-03-15,Organic,Delivered,Mumbai
510343,11528,2025-03-21,Email,Delivered,Patna
510344,11732,2024-01-07,Organic,Delivered,Pune
510345,12183,2025-11-17,Direct,Delivered,Bhopal
510346,13775,2025-05-08,Paid Search,Delivered,Ghaziabad
510347,12151,2025-06-05,Paid Search,Delivered,Ghaziabad
510348,12991,2025-01-01,Paid Search,Delivered,Chandigarh
510349,10573,2025-03-31,Organic,Delivered,Chennai
510350,10059,2025-11-26,Organic,Delivered,Mumbai
510351,11972,2024-01-04,Direct,Delivered,Chandigarh
510352,10710,2024-06-29,Direct,Delivered,Ghaziabad
510353,10546,2025-05-24,Direct,Delivered,Ghaziabad
510354,10428,2024-03-31,Email,Delivered,Chandigarh
510355,11364,2024-06-28,Organic,Delivered,Chandigarh
510356,10894,2024-01-17,Direct,Delivered,Bengaluru
510357,10725,2024-02-10,Email,Delivered,Bengaluru
510358,11525,2024-11-20,Paid Search,Delivered,Bengaluru
510359,11274,2025-04-27,Affiliate,Delivered,Kolkata
510360,14836,2024-03-14,Social,Delivered,Lucknow
510361,13196,2025-12-19,Email,Delivered,Gurugram
510362,13383,2025-07-20,Affiliate,Delivered,Ahmedabad
510363,13432,2025-04-29,Direct,Delivered,Delhi
510364,10274,2024-02-22,Affiliate,Delivered,Ahmedabad
510365,12469,2025-01-14,Direct,Delivered,Lucknow
510366,13037,2025-11-04,Social,Delivered,Bhopal
510367,14696,2024-06-22,Paid Search,Delivered,Chennai
510368,12184,2025-01-30,Email,Delivered,Mumbai
510369,11370,2025-02-16,Social,Delivered,Lucknow
510370,13771,2025-05-24,Organic,Delivered,Chandigarh
510371,10924,2025-11-02,Social,Delivered,Jaipur
510372,14420,2024-04-05,Paid Search,Delivered,Indore
510373,11784,2024-02-15,Paid Search,Delivered,Chennai
510374,10327,2024-03-06,Email,Delivered,Kolkata
510375,11762,2024-07-14,Direct,Delivered,Kochi
510376,14900,2024-09-15,Organic,Delivered,Gurugram
510377,12164,2025-10-04,Affiliate,Delivered,Bhopal
510378,10290,2025-01-15,Organic,Delivered,Noida
510379,11864,2025-06-28,Social,Delivered,Chennai
510380,13662,2025-02-24,Direct,Delivered,Chennai
510381,10272,2025-11-27,Direct,Delivered,Chennai
510382,14516,2024-08-29,Paid Search,Delivered,Lucknow
510383,13765,2025-05-04,Affiliate,Delivered,Kolkata
510384,13759,2024-07-18,Direct,Delivered,Mumbai
510385,13765,2024-06-19,Organic,Delivered,Kolkata
510386,10754,2025-12-18,Paid Search,Delivered,Indore
510387,14009,2024-01-18,Affiliate,Delivered,Noida
510388,11040,2024-07-18,Organic,Delivered,Mumbai
510389,10769,2024-10-09,Email,Delivered,Kolkata
510390,10206,2024-04-10,Paid Search,Delivered,Pune
510391,10718,2025-07-18,Social,Delivered,Delhi
510392,10656,2024-09-19,Paid Search,Delivered,Ahmedabad
510393,14421,2024-12-01,Organic,Delivered,Ahmedabad
510394,10306,2024-08-10,Paid Search,Cancelled,Jaipur
510395,13237,2025-10-13,Direct,Delivered,Chandigarh
510396,10269,2024-11-04,Email,Delivered,Lucknow
510397,14807,2025-07-29,Social,Delivered,Chennai
510398,12811,2025-03-31,Email,Delivered,Noida
510399,12574,2025-11-29,Organic,Delivered,Hyderabad
510400,10384,2025-03-16,Organic,Delivered,Patna
510401,14341,2025-12-21,Social,Delivered,Noida
510402,12126,2025-05-25,Organic,Cancelled,Jaipur
510403,10701,2024-02-13,Organic,Delivered,Chennai
510404,13549,2024-04-24,Email,Cancelled,Ghaziabad
510405,14721,2025-07-31,Direct,Delivered,Bengaluru
510406,10076,2024-02-03,Paid Search,Delivered,Mumbai
510407,11010,2024-05-18,Paid Search,Delivered,Ghaziabad
510408,13195,2025-08-01,Email,Delivered,Bhopal
510409,10312,2024-09-16,Affiliate,Delivered,Bhopal
510410,13786,2024-06-07,Paid Search,Delivered,Kolkata
510411,13051,2024-05-24,Affiliate,Delivered,Noida
510412,12684,2024-08-18,Direct,Delivered,Noida
510413,11640,2025-09-04,Organic,Delivered,Pune
510414,12378,2024-11-29,Organic,Delivered,Kochi
510415,10414,2025-11-28,Email,Delivered,Bengaluru
510416,13655,2025-06-07,Organic,Delivered,Chandigarh
510417,13071,2024-07-15,Paid Search,Delivered,Bhopal
510418,12649,2024-04-29,Direct,Delivered,Ahmedabad
510419,13918,2025-11-20,Email,Delivered,Noida
510420,12547,2025-10-21,Email,Cancelled,Jaipur
510421,12016,2024-03-30,Email,Delivered,Mumbai
510422,14010,2024-08-23,Social,Delivered,Bengaluru
510423,14675,2025-06-27,Affiliate,Delivered,Pune
510424,14188,2025-12-19,Direct,Delivered,Ghaziabad
510425,12556,2025-10-22,Affiliate,Delivered,Indore
510426,11843,2024-07-27,Social,Delivered,Lucknow
510427,10654,2025-10-17,Affiliate,Delivered,Gurugram
510428,12078,2025-06-14,Affiliate,Delivered,Noida
510429,14159,2024-12-04,Social,Delivered,Gurugram
510430,14004,2024-10-02,Paid Search,Delivered,Chennai
510431,10642,2025-08-17,Paid Search,Delivered,Hyderabad
510432,12725,2025-09-03,Social,Delivered,Gurugram
510433,13346,2025-10-30,Organic,Delivered,Noida
510434,13435,2024-12-04,Organic,Delivered,Pune
510435,14377,2024-07-13,Organic,Cancelled,Bengaluru
510436,10376,2025-09-28,Organic,Delivered,Jaipur
510437,12324,2024-08-09,Social,Delivered,Lucknow
510438,10477,2025-07-05,Email,Delivered,Bengaluru
510439,13625,2025-01-07,Email,Delivered,Kochi
510440,12660,2025-03-04,Email,Delivered,Gurugram
510441,12163,2024-06-02,Paid Search,Delivered,Gurugram
510442,14097,2024-07-01,Affiliate,Delivered,Hyderabad
510443,14232,2025-04-22,Affiliate,Delivered,Chandigarh
510444,11583,2024-07-08,Email,Delivered,Noida
510445,14079,2025-05-04,Affiliate,Delivered,Gurugram
510446,14804,2025-12-25,Paid Search,Cancelled,Indore
510447,10260,2024-03-01,Social,Delivered,Lucknow
510448,13802,2025-11-07,Affiliate,Delivered,Noida
510449,10578,2024-05-05,Organic,Delivered,Bengaluru
510450,13909,2024-04-11,Paid Search,Delivered,Noida
510451,13399,2025-09-01,Social,Delivered,Patna
510452,14171,2024-05-29,Paid Search,Delivered,Bhopal
510453,12871,2025-04-18,Direct,Delivered,Hyderabad
510454,11273,2024-03-19,Affiliate,Delivered,Kochi
510455,13478,2024-03-04,Organic,Delivered,Ahmedabad
510456,11652,2024-05-27,Social,Cancelled,Hyderabad
510457,10156,2025-01-15,Affiliate,Delivered,Noida
510458,10593,2024-07-31,Email,Delivered,Jaipur
510459,14352,2024-06-12,Social,Delivered,Ahmedabad
510460,11902,2025-09-04,Organic,Delivered,Kolkata
510461,10720,2024-05-07,Direct,Delivered,Chandigarh
510462,10180,2024-03-10,Paid Search,Delivered,Mumbai
510463,10206,2024-03-21,Organic,Delivered,Jaipur
510464,13758,2025-10-06,Organic,Delivered,Kolkata
510465,10653,2024-12-13,Affiliate,Delivered,Gurugram
510466,14013,2025-12-11,Email,Delivered,Gurugram
510467,12796,2025-08-13,Paid Search,Delivered,Patna
510468,11069,2024-07-24,Social,Delivered,Bhopal
510469,14505,2025-07-31,Direct,Delivered,Patna
510470,12450,2024-11-29,Social,Delivered,Indore
510471,11972,2025-02-13,Paid Search,Delivered,Ghaziabad
510472,13360,2025-01-21,Paid Search,Delivered,Delhi
510473,13290,2025-07-08,Organic,Delivered,Bhopal
510474,13713,2024-05-30,Direct,Delivered,Ahmedabad
510475,13073,2024-02-13,Organic,Delivered,Kolkata
510476,14848,2025-06-18,Organic,Delivered,Kochi
510477,12080,2025-11-28,Organic,Delivered,Lucknow
510478,11004,2025-02-27,Organic,Delivered,Lucknow
510479,10635,2024-03-26,Paid Search,Delivered,Pune
510480,11234,2024-03-23,Direct,Delivered,Kochi
510481,13867,2025-02-02,Organic,Delivered,Kolkata
510482,14270,2025-10-16,Organic,Delivered,Kolkata
510483,11459,2025-03-24,Paid Search,Delivered,Chandigarh
510484,10487,2024-08-08,Direct,Delivered,Ahmedabad
510485,13601,2025-03-29,Direct,Delivered,Patna
510486,13930,2024-04-24,Direct,Delivered,Jaipur
510487,10276,2024-12-16,Organic,Delivered,Gurugram
510488,10667,2025-12-18,Email,Delivered,Bhopal
510489,11677,2025-04-05,Email,Delivered,Kochi
510490,12323,2024-03-16,Organic,Delivered,Pune
510491,10553,2024-05-27,Email,Delivered,Kolkata
510492,12962,2024-02-13,Email,Delivered,Ahmedabad
510493,12484,2024-10-20,Email,Delivered,Jaipur
510494,13840,2024-06-22,Organic,Delivered,Indore
510495,14765,2025-12-17,Paid Search,Delivered,Kochi
510496,10573,2024-08-21,Social,Delivered,Pune
510497,12262,2024-01-26,Organic,Delivered,Delhi
510498,14121,2024-11-13,Organic,Delivered,Ahmedabad
510499,10047,2025-06-22,Email,Delivered,Mumbai
510500,14253,2025-05-15,Organic,Delivered,Bhopal
510501,11984,2025-12-15,Organic,Delivered,Chandigarh
510502,13968,2024-09-24,Organic,Delivered,Kolkata
510503,13007,2025-01-17,Organic,Delivered,Ahmedabad
510504,14687,2025-02-12,Paid Search,Delivered,Lucknow
510505,10752,2024-01-18,Affiliate,Delivered,Chandigarh
510506,14362,2024-01-05,Affiliate,Delivered,Mumbai
510507,12832,2025-08-04,Organic,Delivered,Kolkata
510508,13840,2024-10-08,Social,Delivered,Kochi
510509,13865,2025-05-18,Organic,Delivered,Ahmedabad
510510,12897,2025-11-21,Organic,Delivered,Ghaziabad
510511,12264,2024-06-27,Affiliate,Delivered,Chennai
510512,14044,2025-07-20,Direct,Delivered,Kochi
510513,12530,2024-06-05,Paid Search,Delivered,Ghaziabad
510514,14877,2025-06-25,Affiliate,Delivered,Indore
510515,13334,2024-04-26,Paid Search,Delivered,Kochi
510516,13187,2024-08-10,Affiliate,Delivered,Chandigarh
510517,12914,2024-12-09,Social,Delivered,Hyderabad
510518,11214,2024-12-22,Social,Delivered,Bengaluru
510519,13744,2024-01-23,Affiliate,Delivered,Pune
510520,11240,2025-09-09,Email,Delivered,Jaipur
510521,13077,2024-01-05,Direct,Delivered,Pune
510522,13980,2025-10-05,Paid Search,Delivered,Delhi
510523,12256,2024-05-30,Direct,Delivered,Bengaluru
510524,14948,2025-06-03,Affiliate,Delivered,Noida
510525,10819,2025-06-04,Social,Delivered,Delhi
510526,11052,2024-11-29,Social,Delivered,Kochi
510527,11517,2025-01-27,Direct,Delivered,Chennai
510528,14851,2024-02-23,Social,Delivered,Kolkata
510529,12671,2025-10-20,Paid Search,Delivered,Pune
510530,11342,2024-03-28,Organic,Delivered,Kolkata
510531,14829,2025-04-26,Paid Search,Delivered,Ghaziabad
510532,12065,2024-01-01,Organic,Delivered,Pune
510533,11333,2025-06-29,Organic,Delivered,Lucknow
510534,14541,2024-09-19,Email,Delivered,Noida
510535,10773,2024-12-18,Paid Search,Delivered,Indore
510536,14810,2024-01-18,Organic,Delivered,Patna
510537,10228,2024-06-09,Paid Search,Delivered,Chennai
510538,12835,2024-11-14,Organic,Delivered,Noida
510539,12912,2025-06-08,Social,Delivered,Mumbai
510540,14751,2025-03-12,Paid Search,Delivered,Chandigarh
510541,14649,2024-07-09,Direct,Delivered,Ahmedabad
510542,14213,2025-03-11,Social,Delivered,Kolkata
510543,14580,2024-06-12,Affiliate,Delivered,Bhopal
510544,14332,2025-02-09,Paid Search,Delivered,Kolkata
510545,12565,2025-01-30,Affiliate,Delivered,Pune
510546,14342,2024-06-14,Affiliate,Delivered,Chennai
510547,13857,2024-05-26,Direct,Delivered,Gurugram
510548,11932,2025-01-14,Email,Delivered,Mumbai
510549,14402,2025-03-05,Direct,Delivered,Patna
510550,10154,2025-12-17,Direct,Delivered,Bhopal
510551,10515,2024-12-28,Direct,Delivered,Mumbai
510552,10824,2024-11-21,Social,Delivered,Chandigarh
510553,12675,2024-12-13,Organic,Delivered,Delhi
510554,10373,2025-10-01,Social,Delivered,Bengaluru
510555,11125,2024-08-12,Direct,Delivered,Ghaziabad
510556,11212,2024-10-05,Direct,Delivered,Lucknow
510557,11213,2024-09-26,Direct,Delivered,Indore
510558,10277,2025-03-31,Paid Search,Delivered,Ghaziabad
510559,11122,2025-05-26,Affiliate,Delivered,Mumbai
510560,11385,2024-12-18,Social,Delivered,Bhopal
510561,13794,2024-07-11,Email,Delivered,Pune
510562,12945,2025-05-18,Paid Search,Delivered,Bengaluru
510563,11574,2024-07-20,Paid Search,Delivered,Ahmedabad
510564,10706,2025-10-17,Paid Search,Delivered,Bengaluru
510565,12568,2025-04-01,Paid Search,Delivered,Chennai
510566,11579,2024-11-18,Paid Search,Delivered,Chennai
510567,13486,2024-06-19,Email,Delivered,Patna
510568,11121,2025-07-07,Organic,Delivered,Chennai
510569,14985,2025-03-21,Email,Delivered,Noida
510570,10476,2025-10-07,Organic,Cancelled,Bengaluru
510571,14175,2025-05-31,Organic,Delivered,Bengaluru
510572,13381,2025-07-31,Paid Search,Delivered,Bhopal
510573,13366,2024-03-08,Organic,Delivered,Ahmedabad
510574,14466,2024-01-18,Direct,Delivered,Kochi
510575,12258,2025-04-26,Affiliate,Delivered,Chennai
510576,13580,2024-01-01,Email,Delivered,Ghaziabad
510577,12642,2025-10-13,Email,Delivered,Delhi
510578,13422,2025-10-07,Email,Delivered,Chandigarh
510579,12765,2025-03-03,Affiliate,Delivered,Bhopal
510580,14916,2025-06-17,Social,Delivered,Lucknow
510581,11617,2024-11-04,Organic,Delivered,Gurugram
510582,13657,2025-12-01,Direct,Delivered,Ghaziabad
510583,10832,2024-01-27,Social,Delivered,Lucknow
510584,10236,2024-08-01,Direct,Delivered,Bhopal
510585,13517,2025-05-25,Direct,Delivered,Chandigarh
510586,11092,2025-07-30,Paid Search,Delivered,Bhopal
510587,10079,2024-06-26,Direct,Delivered,Chennai
510588,13188,2025-08-08,Organic,Delivered,Pune
510589,13060,2024-12-02,Email,Delivered,Mumbai
510590,13196,2025-09-18,Email,Delivered,Indore
510591,12271,2024-07-14,Direct,Delivered,Ahmedabad
510592,14163,2025-05-20,Social,Delivered,Delhi
510593,10065,2024-05-31,Paid Search,Delivered,Kochi
510594,10795,2024-04-11,Organic,Delivered,Bengaluru
510595,11883,2025-05-30,Social,Delivered,Kochi
510596,14907,2025-05-12,Social,Cancelled,Pune
510597,13603,2024-08-02,Paid Search,Delivered,Ghaziabad
510598,12582,2025-03-17,Email,Delivered,Jaipur
510599,14747,2025-11-19,Social,Cancelled,Jaipur
510600,14603,2024-08-31,Organic,Delivered,Chennai
510601,10526,2025-01-01,Organic,Delivered,Ahmedabad
510602,12647,2024-06-01,Direct,Delivered,Bhopal
510603,14757,2025-01-13,Affiliate,Delivered,Pune
510604,10935,2025-10-09,Social,Delivered,Lucknow
510605,10790,2025-04-09,Social,Delivered,Patna
510606,11756,2024-04-13,Organic,Delivered,Ahmedabad
510607,14846,2025-06-25,Paid Search,Delivered,Kochi
510608,11106,2024-11-04,Affiliate,Delivered,Indore
510609,13178,2024-01-14,Organic,Delivered,Noida
510610,11322,2025-03-31,Organic,Delivered,Gurugram
510611,13685,2024-08-06,Social,Delivered,Chandigarh
510612,14452,2025-12-11,Direct,Delivered,Chandigarh
510613,10204,2025-12-28,Paid Search,Delivered,Chennai
510614,11887,2025-05-05,Email,Delivered,Pune
510615,12895,2025-04-06,Direct,Delivered,Patna
510616,10914,2024-08-10,Direct,Delivered,Pune
510617,13175,2024-02-21,Social,Delivered,Gurugram
510618,11823,2024-02-14,Paid Search,Delivered,Pune
510619,10177,2024-12-05,Social,Delivered,Kolkata
510620,13087,2024-08-20,Direct,Delivered,Indore
510621,10191,2025-12-03,Email,Delivered,Ghaziabad
510622,11005,2024-08-02,Direct,Delivered,Kolkata
510623,10819,2024-06-05,Social,Cancelled,Ghaziabad
510624,10255,2025-08-21,Organic,Delivered,Bengaluru
510625,12057,2025-09-02,Paid Search,Delivered,Pune
510626,14361,2024-10-02,Direct,Delivered,Lucknow
510627,11528,2024-02-29,Organic,Delivered,Bhopal
510628,11197,2024-03-12,Email,Delivered,Hyderabad
510629,14035,2025-01-15,Paid Search,Delivered,Ahmedabad
510630,14682,2025-09-27,Paid Search,Delivered,Noida
510631,11507,2024-10-09,Social,Delivered,Chennai
510632,10236,2024-01-14,Paid Search,Delivered,Lucknow
510633,13803,2024-10-01,Direct,Delivered,Gurugram
510634,13255,2024-01-03,Paid Search,Delivered,Chennai
510635,14988,2024-11-05,Affiliate,Delivered,Chennai
510636,13327,2024-12-13,Organic,Delivered,Patna
510637,14650,2025-06-18,Paid Search,Delivered,Gurugram
510638,10781,2024-02-20,Organic,Delivered,Ahmedabad
510639,10825,2024-12-17,Organic,Delivered,Pune
510640,13327,2024-05-09,Social,Delivered,Lucknow
510641,13740,2024-12-06,Paid Search,Delivered,Bhopal
510642,11939,2025-12-21,Organic,Delivered,Gurugram
510643,12155,2025-06-25,Direct,Delivered,Lucknow
510644,11909,2025-09-09,Email,Delivered,Ghaziabad
510645,10240,2024-01-29,Direct,Delivered,Bengaluru
510646,14388,2025-07-12,Affiliate,Delivered,Delhi
510647,14537,2025-09-25,Social,Delivered,Gurugram
510648,14763,2025-05-05,Social,Delivered,Jaipur
510649,12522,2025-07-25,Direct,Delivered,Patna
510650,10851,2024-02-04,Paid Search,Delivered,Patna
510651,12021,2025-06-24,Social,Delivered,Kochi
510652,13421,2025-09-03,Paid Search,Delivered,Patna
510653,10867,2024-06-17,Paid Search,Delivered,Noida
510654,10774,2024-12-10,Direct,Delivered,Bengaluru
510655,14963,2024-11-04,Paid Search,Delivered,Ghaziabad
510656,10176,2024-03-12,Organic,Delivered,Pune
510657,12992,2024-04-03,Email,Delivered,Bhopal
510658,10748,2024-08-07,Direct,Delivered,Chennai
510659,10110,2024-03-20,Direct,Delivered,Bhopal
510660,13174,2025-01-01,Email,Delivered,Patna
510661,10920,2024-02-10,Paid Search,Delivered,Jaipur
510662,13633,2024-01-11,Social,Delivered,Kochi
510663,14123,2025-04-04,Organic,Delivered,Ahmedabad
510664,12536,2024-07-03,Organic,Delivered,Ahmedabad
510665,10835,2024-10-03,Direct,Delivered,Patna
510666,14759,2024-09-02,Direct,Delivered,Gurugram
510667,11862,2024-12-08,Paid Search,Delivered,Hyderabad
510668,13821,2024-12-05,Paid Search,Delivered,Hyderabad
510669,10965,2024-04-07,Direct,Delivered,Lucknow
510670,10809,2024-01-02,Paid Search,Delivered,Ghaziabad
510671,13372,2024-11-19,Paid Search,Delivered,Noida
510672,11040,2025-02-17,Organic,Delivered,Delhi
510673,12665,2025-07-15,Paid Search,Delivered,Bengaluru
510674,12981,2024-05-24,Paid Search,Delivered,Mumbai
510675,10612,2024-03-02,Affiliate,Delivered,Indore
510676,11667,2025-03-12,Paid Search,Delivered,Ahmedabad
510677,10967,2025-10-21,Social,Delivered,Kolkata
510678,10005,2024-06-23,Paid Search,Delivered,Bhopal
510679,14746,2024-03-03,Paid Search,Delivered,Kochi
510680,10122,2024-10-21,Paid Search,Delivered,Delhi
510681,14148,2025-02-13,Social,Delivered,Bhopal
510682,12041,2025-03-31,Paid Search,Delivered,Pune
510683,11385,2024-03-23,Organic,Delivered,Chandigarh
510684,12619,2025-04-24,Direct,Delivered,Ghaziabad
510685,14580,2024-09-07,Paid Search,Delivered,Bengaluru
510686,13267,2024-01-23,Affiliate,Delivered,Pune
510687,10403,2025-11-05,Direct,Cancelled,Ahmedabad
510688,13816,2025-01-26,Organic,Delivered,Delhi
510689,13818,2024-08-11,Organic,Delivered,Kolkata
510690,14844,2025-08-19,Organic,Delivered,Lucknow
510691,11011,2025-08-05,Direct,Delivered,Noida
510692,14195,2024-05-30,Social,Delivered,Bengaluru
510693,11851,2025-12-03,Paid Search,Delivered,Gurugram
510694,11780,2025-01-23,Organic,Delivered,Pune
510695,13166,2024-07-10,Organic,Delivered,Lucknow
510696,12674,2024-11-23,Social,Delivered,Patna
510697,11149,2024-05-17,Email,Delivered,Jaipur
510698,11080,2025-09-13,Paid Search,Delivered,Noida
510699,13252,2024-07-15,Paid Search,Delivered,Patna
510700,14844,2024-11-16,Affiliate,Delivered,Chandigarh
510701,11148,2024-02-20,Direct,Delivered,Kolkata
510702,12678,2025-11-20,Paid Search,Delivered,Bengaluru
510703,11535,2024-08-09,Affiliate,Delivered,Ahmedabad
510704,11249,2025-04-21,Direct,Delivered,Chandigarh
510705,13977,2024-09-15,Paid Search,Delivered,Ahmedabad
510706,13621,2025-02-14,Organic,Delivered,Hyderabad
510707,12398,2025-02-13,Paid Search,Delivered,Delhi
510708,12440,2024-08-01,Organic,Delivered,Bhopal
510709,12128,2024-11-11,Organic,Delivered,Chennai
510710,14984,2025-03-12,Affiliate,Delivered,Gurugram
510711,14731,2024-06-07,Direct,Delivered,Bhopal
510712,10374,2024-04-05,Email,Delivered,Gurugram
510713,14081,2024-05-10,Direct,Delivered,Delhi
510714,11678,2024-10-31,Direct,Delivered,Hyderabad
510715,13266,2024-06-05,Email,Delivered,Mumbai
510716,14710,2024-07-26,Direct,Delivered,Ahmedabad
510717,12108,2025-05-16,Direct,Delivered,Bhopal
510718,12306,2025-05-04,Paid Search,Delivered,Delhi
510719,13131,2025-11-20,Direct,Delivered,Ahmedabad
510720,11559,2025-07-12,Direct,Delivered,Kolkata
510721,11319,2024-11-06,Paid Search,Delivered,Noida
510722,13025,2025-11-09,Email,Delivered,Delhi
510723,11039,2025-11-04,Organic,Delivered,Ghaziabad
510724,13323,2024-06-11,Paid Search,Delivered,Delhi
510725,11248,2024-05-05,Email,Delivered,Ahmedabad
510726,10465,2025-10-08,Organic,Delivered,Hyderabad
510727,10506,2025-10-12,Email,Delivered,Kolkata
510728,11297,2025-09-10,Social,Delivered,Gurugram
510729,10511,2024-12-02,Organic,Delivered,Bhopal
510730,11545,2025-09-22,Email,Delivered,Chennai
510731,12090,2025-07-16,Direct,Delivered,Kolkata
510732,11230,2025-06-25,Organic,Delivered,Patna
510733,12671,2025-03-16,Paid Search,Delivered,Kochi
510734,11915,2024-07-14,Organic,Delivered,Lucknow
510735,10401,2025-06-30,Organic,Delivered,Lucknow
510736,11674,2025-10-03,Social,Delivered,Jaipur
510737,10061,2025-10-08,Paid Search,Delivered,Patna
510738,13658,2025-03-14,Email,Delivered,Ahmedabad
510739,12215,2024-01-29,Paid Search,Delivered,Ahmedabad
510740,12995,2025-06-25,Affiliate,Delivered,Jaipur
510741,10713,2024-07-04,Organic,Delivered,Bhopal
510742,12146,2024-05-30,Direct,Delivered,Hyderabad
510743,14046,2024-02-27,Paid Search,Delivered,Delhi
510744,11001,2024-04-25,Organic,Delivered,Ahmedabad
510745,14921,2024-12-24,Organic,Delivered,Jaipur
510746,12104,2024-07-21,Social,Delivered,Delhi
510747,10683,2024-10-06,Direct,Delivered,Lucknow
510748,10903,2025-01-08,Social,Delivered,Ahmedabad
510749,12311,2025-01-20,Social,Delivered,Ghaziabad
510750,14761,2024-10-31,Affiliate,Delivered,Kolkata
510751,12360,2024-11-27,Organic,Delivered,Delhi
510752,10869,2025-10-10,Email,Delivered,Delhi
510753,11941,2024-07-25,Organic,Delivered,Noida
510754,14294,2024-01-10,Direct,Delivered,Noida
510755,14922,2025-08-07,Direct,Delivered,Chennai
510756,13078,2024-02-28,Organic,Delivered,Indore
510757,14330,2025-07-20,Organic,Delivered,Ahmedabad
510758,14055,2024-08-25,Email,Delivered,Hyderabad
510759,12122,2025-09-07,Email,Delivered,Ahmedabad
510760,14443,2024-05-02,Email,Delivered,Jaipur
510761,10377,2024-04-30,Social,Delivered,Mumbai
510762,14020,2024-10-24,Organic,Delivered,Patna
510763,12907,2024-11-02,Email,Delivered,Kolkata
510764,12947,2025-06-08,Organic,Delivered,Patna
510765,14676,2025-04-18,Social,Cancelled,Pune
510766,11335,2025-12-27,Paid Search,Delivered,Chennai
510767,10989,2025-05-10,Paid Search,Delivered,Hyderabad
510768,13301,2024-05-27,Direct,Cancelled,Hyderabad
510769,13709,2024-03-05,Social,Delivered,Gurugram
510770,10025,2024-07-13,Social,Delivered,Hyderabad
510771,12500,2025-12-19,Direct,Delivered,Mumbai
510772,11888,2025-07-15,Social,Delivered,Noida
510773,14098,2025-06-25,Affiliate,Cancelled,Gurugram
510774,14290,2024-07-17,Direct,Delivered,Bhopal
510775,10695,2024-12-08,Email,Cancelled,Lucknow
510776,12903,2025-05-29,Organic,Delivered,Chennai
510777,13611,2025-11-23,Organic,Delivered,Patna
510778,11304,2025-03-02,Paid Search,Delivered,Ghaziabad
510779,14669,2024-01-16,Organic,Delivered,Kochi
510780,14461,2025-09-16,Paid Search,Delivered,Gurugram
510781,10861,2025-11-13,Organic,Delivered,Kolkata
510782,10077,2024-01-25,Organic,Delivered,Bengaluru
510783,12891,2024-10-13,Paid Search,Delivered,Ghaziabad
510784,14415,2025-12-17,Paid Search,Delivered,Mumbai
510785,13413,2025-11-28,Organic,Delivered,Indore
510786,13798,2025-12-05,Affiliate,Delivered,Mumbai
510787,13600,2025-12-14,Direct,Delivered,Chennai
510788,10732,2024-01-17,Email,Delivered,Jaipur
510789,10337,2024-04-20,Direct,Delivered,Patna
510790,10315,2024-12-31,Organic,Delivered,Chennai
510791,14919,2025-03-16,Affiliate,Delivered,Kolkata
510792,14757,2024-10-20,Paid Search,Delivered,Kolkata
510793,14170,2024-07-14,Social,Delivered,Bengaluru
510794,10336,2024-07-04,Email,Delivered,Kochi
510795,14444,2025-03-17,Affiliate,Delivered,Jaipur
510796,14869,2025-12-15,Organic,Delivered,Pune
510797,13924,2025-08-26,Paid Search,Delivered,Chandigarh
510798,12104,2024-05-07,Affiliate,Delivered,Pune
510799,10466,2024-04-18,Social,Delivered,Kochi
510800,11768,2024-07-11,Paid Search,Delivered,Chandigarh
510801,11021,2025-06-19,Organic,Delivered,Bengaluru
510802,13251,2024-01-07,Organic,Delivered,Patna
510803,14414,2025-05-29,Paid Search,Delivered,Hyderabad
510804,12481,2025-02-28,Social,Delivered,Ghaziabad
510805,10241,2025-04-27,Organic,Delivered,Delhi
510806,11951,2025-09-21,Affiliate,Delivered,Chandigarh
510807,13999,2025-03-08,Email,Delivered,Bhopal
510808,13201,2025-03-30,Organic,Delivered,Chennai
510809,10204,2024-12-17,Organic,Delivered,Chennai
510810,11751,2025-04-21,Direct,Delivered,Hyderabad
510811,11760,2024-10-05,Direct,Delivered,Bengaluru
510812,10172,2024-02-18,Direct,Delivered,Kochi
510813,11749,2024-01-19,Email,Delivered,Noida
510814,14124,2025-06-06,Direct,Delivered,Kochi
510815,10651,2025-04-10,Organic,Delivered,Mumbai
510816,12574,2024-10-25,Organic,Delivered,Kolkata
510817,13284,2025-06-29,Organic,Delivered,Chandigarh
510818,13434,2024-12-12,Social,Delivered,Indore
510819,11650,2024-07-05,Organic,Delivered,Ghaziabad
510820,12876,2025-03-03,Social,Delivered,Pune
510821,13615,2024-10-03,Organic,Delivered,Hyderabad
510822,13071,2025-12-13,Social,Delivered,Delhi
510823,14190,2025-06-11,Direct,Delivered,Bhopal
510824,11095,2025-06-30,Email,Delivered,Gurugram
510825,10540,2025-05-17,Paid Search,Delivered,Ghaziabad
510826,14674,2025-05-14,Organic,Cancelled,Lucknow
510827,13672,2025-07-19,Paid Search,Delivered,Noida
510828,12239,2024-11-11,Social,Delivered,Delhi
510829,12853,2025-08-23,Paid Search,Delivered,Chennai
510830,14601,2024-01-26,Affiliate,Delivered,Ahmedabad
510831,14335,2025-05-02,Direct,Delivered,Ahmedabad
510832,14035,2025-01-28,Organic,Delivered,Noida
510833,12955,2024-01-07,Organic,Delivered,Kolkata
510834,13601,2025-04-28,Organic,Delivered,Ahmedabad
510835,12902,2024-01-02,Affiliate,Delivered,Hyderabad
510836,12301,2025-05-29,Organic,Delivered,Delhi
510837,13369,2025-01-18,Affiliate,Delivered,Indore
510838,10114,2025-03-20,Paid Search,Delivered,Patna
510839,14133,2025-03-21,Paid Search,Delivered,Chandigarh
510840,11577,2024-08-07,Affiliate,Cancelled,Patna
510841,12726,2025-03-30,Paid Search,Delivered,Ghaziabad
510842,13325,2024-06-10,Affiliate,Delivered,Bhopal
510843,11639,2025-07-08,Organic,Delivered,Ahmedabad
510844,11654,2024-03-06,Email,Delivered,Gurugram
510845,10885,2024-04-13,Direct,Delivered,Pune
510846,10496,2025-05-28,Organic,Delivered,Patna
510847,14409,2024-02-12,Social,Delivered,Chandigarh
510848,12589,2025-12-10,Email,Delivered,Bhopal
510849,13396,2024-01-23,Organic,Delivered,Delhi
510850,10773,2025-01-18,Social,Delivered,Lucknow
510851,14264,2025-12-20,Paid Search,Delivered,Noida
510852,11532,2025-05-07,Affiliate,Delivered,Lucknow
510853,12302,2025-04-07,Social,Delivered,Jaipur
510854,12510,2025-05-21,Paid Search,Delivered,Ghaziabad
510855,13719,2025-05-31,Affiliate,Delivered,Chennai
510856,10582,2024-04-28,Affiliate,Delivered,Pune
510857,14536,2024-08-13,Organic,Delivered,Kochi
510858,10563,2024-05-20,Organic,Delivered,Bengaluru
510859,13187,2024-06-03,Paid Search,Delivered,Patna
510860,11051,2024-06-01,Direct,Delivered,Patna
510861,14617,2025-04-11,Paid Search,Delivered,Lucknow
510862,12960,2025-11-12,Organic,Delivered,Jaipur
510863,14726,2025-02-12,Paid Search,Delivered,Bhopal
510864,14666,2024-01-12,Paid Search,Delivered,Mumbai
510865,11339,2025-05-21,Social,Delivered,Indore
510866,11196,2025-01-30,Social,Delivered,Kochi
510867,10563,2025-07-22,Paid Search,Delivered,Pune
510868,13600,2024-10-02,Paid Search,Delivered,Indore
510869,10124,2024-11-09,Affiliate,Delivered,Jaipur
510870,10947,2025-04-26,Email,Delivered,Ghaziabad
510871,14545,2025-06-01,Email,Delivered,Kochi
510872,13178,2024-06-10,Organic,Delivered,Kochi
510873,12254,2025-03-04,Direct,Delivered,Ahmedabad
510874,10689,2025-12-03,Organic,Delivered,Indore
510875,14226,2024-02-17,Email,Delivered,Pune
510876,14227,2024-08-30,Affiliate,Delivered,Mumbai
510877,10231,2025-01-25,Paid Search,Delivered,Gurugram
510878,13713,2025-11-07,Organic,Delivered,Gurugram
510879,11646,2025-12-08,Affiliate,Delivered,Ahmedabad
510880,13404,2025-03-06,Social,Delivered,Bengaluru
510881,11475,2025-02-03,Direct,Delivered,Delhi
510882,10074,2024-10-29,Email,Delivered,Chandigarh
510883,13770,2024-11-21,Direct,Delivered,Bengaluru
510884,14183,2025-06-20,Email,Delivered,Chennai
510885,13420,2025-02-01,Social,Delivered,Pune
510886,10755,2025-02-08,Direct,Delivered,Kolkata
510887,12251,2025-09-08,Affiliate,Delivered,Bengaluru
510888,12668,2024-04-11,Organic,Cancelled,Indore
510889,13968,2025-12-01,Social,Delivered,Jaipur
510890,13884,2025-05-29,Organic,Delivered,Bengaluru
510891,14440,2025-03-04,Direct,Delivered,Gurugram
510892,13159,2025-02-27,Email,Delivered,Patna
510893,14700,2025-02-25,Social,Delivered,Hyderabad
510894,14096,2025-02-17,Direct,Delivered,Bengaluru
510895,11001,2024-09-13,Paid Search,Delivered,Kochi
510896,13545,2025-06-23,Paid Search,Delivered,Delhi
510897,10426,2024-07-03,Paid Search,Delivered,Noida
510898,13781,2025-04-22,Organic,Delivered,Delhi
510899,11107,2025-01-19,Organic,Delivered,Mumbai
510900,11494,2024-09-24,Social,Delivered,Indore
510901,12871,2025-08-10,Organic,Delivered,Hyderabad
510902,11896,2024-08-20,Direct,Delivered,Jaipur
510903,13238,2025-04-27,Paid Search,Delivered,Ghaziabad
510904,12508,2024-07-02,Paid Search,Delivered,Lucknow
510905,13181,2024-05-26,Organic,Delivered,Lucknow
510906,12931,2025-02-24,Paid Search,Delivered,Bhopal
510907,11031,2025-12-14,Email,Delivered,Lucknow
510908,13459,2024-08-07,Direct,Delivered,Lucknow
510909,14794,2024-03-24,Organic,Delivered,Indore
510910,12778,2024-03-29,Organic,Delivered,Kochi
510911,13037,2024-12-25,Organic,Delivered,Bengaluru
510912,13553,2025-07-26,Social,Delivered,Delhi
510913,10424,2025-06-04,Organic,Delivered,Mumbai
510914,10754,2024-06-01,Organic,Delivered,Bengaluru
510915,12791,2025-09-02,Affiliate,Cancelled,Delhi
510916,11974,2024-04-30,Affiliate,Delivered,Indore
510917,13460,2025-02-12,Paid Search,Delivered,Jaipur
510918,14567,2025-09-12,Social,Delivered,Patna
510919,13912,2025-08-13,Affiliate,Delivered,Pune
510920,11085,2025-05-28,Organic,Delivered,Gurugram
510921,11537,2024-08-29,Email,Delivered,Jaipur
510922,10719,2025-07-14,Paid Search,Delivered,Pune
510923,10489,2024-10-09,Paid Search,Delivered,Indore
510924,13725,2024-09-13,Paid Search,Delivered,Bhopal
510925,13461,2025-01-24,Email,Delivered,Hyderabad
510926,10973,2025-03-27,Social,Delivered,Hyderabad
510927,13525,2024-06-01,Affiliate,Delivered,Chandigarh
510928,12289,2025-11-12,Paid Search,Delivered,Ahmedabad
510929,14381,2025-09-25,Social,Delivered,Lucknow
510930,13560,2024-07-25,Direct,Delivered,Indore
510931,11354,2024-06-25,Paid Search,Delivered,Chandigarh
510932,12425,2024-02-20,Social,Cancelled,Ahmedabad
510933,11168,2024-10-23,Email,Delivered,Ghaziabad
510934,14508,2024-05-04,Direct,Delivered,Indore
510935,12573,2025-11-11,Email,Delivered,Bengaluru
510936,14391,2025-10-18,Email,Delivered,Noida
510937,12556,2025-08-28,Direct,Delivered,Ahmedabad
510938,12515,2024-07-24,Direct,Delivered,Bhopal
510939,10925,2025-05-19,Direct,Delivered,Pune
510940,14805,2024-12-25,Organic,Delivered,Chennai
510941,13364,2024-07-18,Email,Delivered,Chandigarh
510942,11459,2025-01-25,Paid Search,Delivered,Ghaziabad
510943,14199,2024-04-30,Paid Search,Delivered,Hyderabad
510944,11170,2025-12-02,Email,Delivered,Ghaziabad
510945,10485,2024-04-29,Organic,Delivered,Chennai
510946,13352,2024-08-08,Email,Delivered,Ahmedabad
510947,13742,2024-06-10,Paid Search,Delivered,Kochi
510948,12864,2025-01-16,Affiliate,Delivered,Ahmedabad
510949,13568,2025-05-06,Paid Search,Delivered,Patna
510950,11256,2025-12-01,Organic,Delivered,Patna
510951,11389,2024-10-11,Social,Delivered,Ghaziabad
510952,11856,2024-05-27,Affiliate,Delivered,Hyderabad
510953,11038,2024-01-16,Email,Delivered,Ghaziabad
510954,11166,2025-03-13,Affiliate,Delivered,Mumbai
510955,10239,2025-12-16,Affiliate,Delivered,Gurugram
510956,11185,2024-02-16,Organic,Delivered,Lucknow
510957,12738,2025-12-29,Organic,Delivered,Kochi
510958,11838,2024-07-11,Organic,Delivered,Bhopal
510959,12147,2025-10-26,Organic,Delivered,Bengaluru
510960,14622,2024-02-20,Social,Delivered,Kochi
510961,10033,2025-10-13,Organic,Delivered,Ghaziabad
510962,14175,2024-08-29,Paid Search,Delivered,Patna
510963,10166,2024-07-19,Social,Delivered,Bhopal
510964,12563,2024-05-30,Social,Delivered,Chandigarh
510965,10651,2024-04-07,Direct,Delivered,Gurugram
510966,12389,2025-08-06,Email,Delivered,Mumbai
510967,14474,2024-02-20,Paid Search,Delivered,Hyderabad
510968,10158,2024-12-04,Paid Search,Delivered,Ghaziabad
510969,12534,2025-11-24,Organic,Delivered,Kochi
510970,12312,2024-10-23,Paid Search,Delivered,Ghaziabad
510971,12257,2025-08-27,Social,Delivered,Gurugram
510972,13119,2025-05-21,Direct,Delivered,Jaipur
510973,11632,2025-08-04,Paid Search,Delivered,Jaipur
510974,13893,2025-11-23,Paid Search,Delivered,Bhopal
510975,11191,2024-03-12,Organic,Delivered,Noida
510976,11780,2024-08-08,Social,Delivered,Kochi
510977,12343,2024-08-22,Direct,Delivered,Kochi
510978,14597,2024-02-18,Paid Search,Delivered,Kochi
510979,12668,2024-03-18,Social,Cancelled,Chennai
510980,14201,2024-03-21,Organic,Delivered,Delhi
510981,10699,2025-11-25,Social,Delivered,Bhopal
510982,10412,2025-09-18,Organic,Delivered,Delhi
510983,12508,2025-03-06,Organic,Delivered,Ghaziabad
510984,14515,2025-09-10,Email,Delivered,Delhi
510985,11171,2024-09-08,Organic,Delivered,Kochi
510986,11115,2024-12-13,Organic,Cancelled,Pune
510987,10741,2025-10-07,Organic,Delivered,Kochi
510988,14617,2024-04-17,Organic,Delivered,Chandigarh
510989,10461,2024-04-16,Email,Delivered,Mumbai
510990,13154,2025-01-19,Paid Search,Delivered,Noida
510991,11902,2024-07-03,Email,Delivered,Delhi
510992,12060,2025-05-03,Social,Delivered,Jaipur
510993,13554,2025-04-09,Paid Search,Delivered,Gurugram
510994,12183,2024-08-30,Organic,Delivered,Chandigarh
510995,10116,2024-03-25,Email,Delivered,Lucknow
510996,12814,2024-03-01,Social,Delivered,Chennai
510997,10129,2024-11-19,Email,Delivered,Lucknow
510998,14220,2024-08-23,Social,Delivered,Kochi
510999,14729,2024-01-25,Affiliate,Delivered,Lucknow
511000,14185,2025-05-19,Social,Delivered,Chennai
511001,12069,2025-11-30,Affiliate,Delivered,Indore
511002,12075,2025-12-16,Social,Delivered,Kolkata
511003,12926,2024-03-27,Direct,Delivered,Bhopal
511004,14246,2024-05-18,Direct,Delivered,Bhopal
511005,13767,2024-11-11,Paid Search,Delivered,Delhi
511006,12360,2025-10-30,Email,Delivered,Indore
511007,14058,2025-02-24,Organic,Delivered,Chandigarh
511008,12088,2024-11-29,Direct,Delivered,Bengaluru
511009,13849,2025-11-07,Paid Search,Delivered,Bengaluru
511010,11217,2025-04-29,Social,Delivered,Mumbai
511011,12268,2025-12-20,Organic,Delivered,Kolkata
511012,14140,2025-09-23,Direct,Delivered,Ghaziabad
511013,11232,2025-12-30,Direct,Delivered,Kochi
511014,13101,2025-02-11,Social,Delivered,Gurugram
511015,11402,2024-09-30,Organic,Delivered,Noida
511016,12156,2024-02-14,Email,Delivered,Patna
511017,11622,2025-06-17,Paid Search,Delivered,Mumbai
511018,13312,2024-07-13,Direct,Delivered,Delhi
511019,13777,2024-01-09,Paid Search,Delivered,Mumbai
511020,14306,2025-08-09,Social,Delivered,Bhopal
511021,11780,2024-11-06,Organic,Delivered,Pune
511022,10990,2025-02-08,Direct,Delivered,Kolkata
511023,14655,2025-07-27,Social,Delivered,Jaipur
511024,11963,2024-08-28,Direct,Delivered,Kolkata
511025,13263,2025-08-20,Paid Search,Delivered,Kochi
511026,11902,2025-03-02,Social,Delivered,Ghaziabad
511027,14172,2025-02-18,Organic,Delivered,Gurugram
511028,10381,2024-07-15,Affiliate,Delivered,Bhopal
511029,10200,2025-07-30,Organic,Delivered,Ghaziabad
511030,11671,2024-06-25,Paid Search,Delivered,Ahmedabad
511031,12075,2025-03-28,Email,Delivered,Jaipur
511032,13809,2025-08-28,Organic,Delivered,Delhi
511033,12352,2024-03-26,Affiliate,Delivered,Pune
511034,11267,2024-10-19,Affiliate,Delivered,Ghaziabad
511035,10380,2025-05-10,Social,Delivered,Chennai
511036,14055,2024-07-19,Social,Delivered,Lucknow
511037,12545,2024-01-21,Organic,Delivered,Jaipur
511038,14777,2024-10-26,Paid Search,Delivered,Kochi
511039,11655,2024-12-29,Direct,Delivered,Kochi
511040,11120,2025-11-03,Organic,Delivered,Lucknow
511041,11358,2025-08-13,Direct,Delivered,Pune
511042,12049,2024-05-12,Social,Delivered,Ghaziabad
511043,10706,2024-07-21,Organic,Delivered,Patna
511044,10657,2024-05-15,Paid Search,Delivered,Bhopal
511045,13966,2025-10-27,Social,Delivered,Ahmedabad
511046,13461,2024-09-15,Direct,Delivered,Chennai
511047,12509,2025-10-13,Email,Delivered,Noida
511048,12411,2024-02-14,Social,Delivered,Delhi
511049,12485,2025-02-12,Direct,Delivered,Ahmedabad
511050,12944,2024-02-24,Paid Search,Delivered,Chandigarh
511051,11430,2025-02-09,Paid Search,Delivered,Lucknow
511052,13894,2024-01-09,Affiliate,Cancelled,Gurugram
511053,10041,2024-04-24,Social,Delivered,Lucknow
511054,13881,2024-04-16,Organic,Delivered,Bhopal
511055,13966,2025-06-02,Affiliate,Delivered,Ghaziabad
511056,12580,2025-04-13,Paid Search,Delivered,Chennai
511057,11477,2025-02-12,Social,Delivered,Bhopal
511058,14412,2024-05-23,Direct,Delivered,Ahmedabad
511059,14094,2024-07-13,Paid Search,Delivered,Mumbai
511060,14660,2024-10-03,Affiliate,Delivered,Delhi
511061,10082,2025-12-16,Direct,Delivered,Ghaziabad
511062,13154,2025-05-30,Paid Search,Delivered,Gurugram
511063,10037,2024-01-24,Organic,Delivered,Chennai
511064,10193,2024-01-24,Direct,Delivered,Hyderabad
511065,10313,2024-09-11,Social,Delivered,Kolkata
511066,13880,2024-06-01,Paid Search,Delivered,Lucknow
511067,13636,2024-10-24,Organic,Delivered,Delhi
511068,14460,2025-12-28,Organic,Delivered,Lucknow
511069,13174,2024-05-23,Social,Delivered,Mumbai
511070,12784,2025-03-12,Affiliate,Delivered,Ahmedabad
511071,10909,2024-12-18,Social,Delivered,Ahmedabad
511072,13502,2025-04-27,Paid Search,Delivered,Delhi
511073,14555,2025-02-03,Direct,Delivered,Delhi
511074,11781,2025-01-12,Paid Search,Delivered,Noida
511075,13483,2024-07-20,Organic,Delivered,Kolkata
511076,12511,2025-12-07,Direct,Delivered,Lucknow
511077,12607,2024-07-14,Paid Search,Delivered,Hyderabad
511078,13991,2024-04-15,Social,Cancelled,Chennai
511079,11456,2024-03-11,Affiliate,Delivered,Pune
511080,14380,2024-02-19,Paid Search,Delivered,Ghaziabad
511081,14927,2024-09-15,Social,Delivered,Ahmedabad
511082,10577,2025-08-19,Direct,Delivered,Kochi
511083,12557,2024-04-23,Paid Search,Delivered,Bhopal
511084,10086,2024-01-03,Direct,Delivered,Patna
511085,11692,2025-01-22,Organic,Delivered,Bengaluru
511086,11868,2025-02-14,Direct,Delivered,Bhopal
511087,13320,2025-02-15,Paid Search,Delivered,Delhi
511088,11955,2024-01-02,Social,Delivered,Chandigarh
511089,11812,2024-05-28,Social,Delivered,Lucknow
511090,13867,2024-09-11,Organic,Delivered,Indore
511091,13792,2025-06-24,Organic,Delivered,Jaipur
511092,10043,2025-04-20,Email,Delivered,Gurugram
511093,11686,2025-08-18,Affiliate,Delivered,Pune
511094,13821,2025-02-04,Organic,Delivered,Ahmedabad
511095,10515,2024-10-21,Affiliate,Delivered,Patna
511096,12682,2025-02-13,Paid Search,Delivered,Hyderabad
511097,12461,2024-10-08,Social,Delivered,Noida
511098,13490,2024-04-25,Social,Delivered,Chandigarh
511099,13382,2025-02-24,Affiliate,Delivered,Hyderabad
511100,12547,2024-08-03,Social,Delivered,Ghaziabad
511101,12067,2024-07-12,Organic,Delivered,Lucknow
511102,13954,2025-06-03,Paid Search,Delivered,Indore
511103,11911,2024-02-18,Paid Search,Delivered,Ghaziabad
511104,12186,2024-01-18,Social,Delivered,Kochi
511105,12098,2024-09-17,Organic,Delivered,Lucknow
511106,11730,2025-03-11,Paid Search,Delivered,Ahmedabad
511107,13149,2025-09-05,Organic,Delivered,Noida
511108,13183,2025-01-12,Paid Search,Delivered,Patna
511109,14498,2024-07-08,Social,Delivered,Delhi
511110,12223,2024-09-08,Direct,Delivered,Mumbai
511111,13801,2024-10-03,Organic,Delivered,Bengaluru
511112,11518,2024-09-01,Organic,Delivered,Chennai
511113,14814,2025-05-03,Paid Search,Delivered,Noida
511114,14568,2025-08-07,Social,Delivered,Jaipur
511115,12957,2025-06-02,Social,Delivered,Noida
511116,13617,2024-10-06,Paid Search,Delivered,Patna
511117,12900,2024-07-29,Organic,Delivered,Delhi
511118,10985,2024-02-28,Direct,Delivered,Kochi
511119,14705,2025-08-06,Social,Delivered,Pune
511120,13701,2025-12-04,Affiliate,Delivered,Lucknow
511121,12100,2024-02-10,Paid Search,Delivered,Bengaluru
511122,11262,2024-04-05,Direct,Delivered,Noida
511123,13344,2024-06-05,Affiliate,Delivered,Chennai
511124,12157,2025-08-05,Organic,Delivered,Jaipur
511125,14142,2024-06-07,Organic,Delivered,Hyderabad
511126,11088,2024-01-11,Organic,Delivered,Patna
511127,12605,2024-09-02,Affiliate,Delivered,Ghaziabad
511128,10567,2024-09-23,Paid Search,Delivered,Bhopal
511129,13568,2024-10-15,Paid Search,Delivered,Patna
511130,11996,2025-01-11,Social,Delivered,Chennai
511131,10965,2024-06-25,Email,Delivered,Jaipur
511132,12776,2024-01-22,Paid Search,Delivered,Mumbai
511133,12857,2024-03-19,Paid Search,Delivered,Kochi
511134,11511,2025-06-20,Paid Search,Delivered,Mumbai
511135,14698,2025-04-27,Organic,Delivered,Bengaluru
511136,10376,2024-07-09,Organic,Delivered,Patna
511137,11663,2025-11-18,Direct,Delivered,Ahmedabad
511138,11249,2025-01-30,Direct,Delivered,Chandigarh
511139,14628,2025-08-05,Affiliate,Delivered,Ghaziabad
511140,11229,2025-08-02,Paid Search,Cancelled,Hyderabad
511141,11102,2024-08-07,Organic,Delivered,Ghaziabad
511142,12954,2025-03-08,Social,Delivered,Gurugram
511143,11303,2025-03-09,Organic,Delivered,Bengaluru
511144,11411,2024-11-29,Direct,Delivered,Ahmedabad
511145,11226,2025-04-09,Affiliate,Delivered,Mumbai
511146,12669,2024-09-02,Direct,Delivered,Noida
511147,13745,2024-03-12,Direct,Delivered,Mumbai
511148,12352,2024-02-02,Paid Search,Delivered,Noida
511149,14450,2024-11-22,Paid Search,Delivered,Chandigarh
511150,11332,2025-10-29,Direct,Delivered,Gurugram
511151,14225,2024-06-05,Social,Delivered,Mumbai
511152,13707,2025-03-08,Direct,Delivered,Pune
511153,10368,2024-04-29,Paid Search,Delivered,Patna
511154,13338,2025-04-06,Social,Delivered,Patna
511155,14964,2024-05-14,Social,Delivered,Bengaluru
511156,13402,2024-11-18,Organic,Delivered,Bhopal
511157,11291,2025-08-13,Social,Delivered,Mumbai
511158,12168,2024-09-29,Organic,Delivered,Delhi
511159,14348,2025-11-13,Paid Search,Delivered,Bengaluru
511160,11583,2024-02-04,Social,Delivered,Gurugram
511161,12380,2024-03-02,Organic,Delivered,Kochi
511162,12954,2024-05-03,Affiliate,Delivered,Lucknow
511163,14139,2024-06-27,Organic,Delivered,Hyderabad
511164,14796,2024-11-07,Email,Delivered,Lucknow
511165,13525,2025-10-30,Organic,Delivered,Jaipur
511166,12170,2024-06-25,Email,Delivered,Bengaluru
511167,12053,2024-09-17,Paid Search,Delivered,Kolkata
511168,13327,2024-02-02,Affiliate,Delivered,Lucknow
511169,10370,2025-06-06,Social,Delivered,Chandigarh
511170,12212,2025-02-03,Paid Search,Delivered,Chandigarh
511171,11778,2024-02-02,Email,Delivered,Hyderabad
511172,14664,2024-12-05,Paid Search,Delivered,Delhi
511173,14277,2024-06-08,Paid Search,Delivered,Kochi
511174,11324,2024-11-04,Paid Search,Delivered,Ahmedabad
511175,13277,2024-07-26,Email,Delivered,Kolkata
511176,12292,2025-07-27,Email,Delivered,Ghaziabad
511177,14153,2024-02-12,Direct,Delivered,Chennai
511178,12469,2025-03-14,Organic,Delivered,Bengaluru
511179,13208,2025-08-02,Organic,Delivered,Noida
511180,13644,2024-01-02,Social,Cancelled,Kochi
511181,14117,2025-10-23,Email,Delivered,Ahmedabad
511182,13607,2025-07-10,Organic,Delivered,Gurugram
511183,11484,2024-07-23,Paid Search,Delivered,Ahmedabad
511184,13698,2024-12-18,Direct,Delivered,Gurugram
511185,11583,2025-05-12,Paid Search,Delivered,Gurugram
511186,13665,2025-01-12,Paid Search,Delivered,Jaipur
511187,14748,2025-07-07,Paid Search,Delivered,Jaipur
511188,12349,2025-10-12,Organic,Delivered,Mumbai
511189,14463,2024-09-18,Paid Search,Delivered,Indore
511190,10778,2024-03-20,Organic,Delivered,Patna
511191,12126,2024-11-11,Paid Search,Delivered,Delhi
511192,14353,2025-03-14,Paid Search,Delivered,Mumbai
511193,13653,2025-07-20,Paid Search,Delivered,Ghaziabad
511194,11625,2024-07-25,Paid Search,Delivered,Indore
511195,12505,2025-11-09,Direct,Delivered,Lucknow
511196,10552,2024-01-27,Paid Search,Delivered,Hyderabad
511197,14081,2025-02-28,Organic,Delivered,Gurugram
511198,10644,2024-11-15,Affiliate,Delivered,Gurugram
511199,12821,2025-05-22,Affiliate,Delivered,Lucknow
511200,12474,2024-07-26,Social,Delivered,Jaipur
511201,13090,2025-11-12,Paid Search,Delivered,Lucknow
511202,12130,2024-01-02,Direct,Delivered,Jaipur
511203,10428,2025-08-19,Email,Delivered,Indore
511204,13318,2024-12-26,Paid Search,Delivered,Kochi
511205,14474,2025-01-12,Paid Search,Delivered,Gurugram
511206,13060,2024-08-15,Organic,Delivered,Kochi
511207,10219,2024-10-13,Organic,Delivered,Bhopal
511208,10538,2024-11-13,Organic,Delivered,Delhi
511209,11374,2024-08-15,Paid Search,Delivered,Ahmedabad
511210,11484,2024-01-09,Direct,Delivered,Patna
511211,10613,2024-10-19,Affiliate,Delivered,Ahmedabad
511212,14482,2024-10-20,Organic,Delivered,Delhi
511213,13687,2025-06-11,Organic,Delivered,Mumbai
511214,13834,2024-12-09,Social,Delivered,Noida
511215,14817,2025-02-05,Paid Search,Delivered,Bhopal
511216,14353,2024-12-06,Affiliate,Cancelled,Indore
511217,10856,2024-11-05,Direct,Cancelled,Patna
511218,10110,2025-06-08,Social,Delivered,Pune
511219,13648,2025-05-08,Organic,Delivered,Patna
511220,14561,2025-12-25,Direct,Delivered,Gurugram
511221,13506,2024-12-29,Paid Search,Delivered,Hyderabad
511222,14306,2024-01-21,Paid Search,Delivered,Noida
511223,13043,2025-03-03,Email,Delivered,Delhi
511224,12262,2024-10-16,Paid Search,Delivered,Jaipur
511225,10651,2024-03-11,Paid Search,Delivered,Chennai
511226,13368,2025-09-18,Affiliate,Cancelled,Bhopal
511227,11460,2025-04-07,Organic,Delivered,Bengaluru
511228,11360,2025-04-02,Organic,Delivered,Gurugram
511229,14380,2025-04-10,Social,Delivered,Lucknow
511230,13293,2025-12-20,Organic,Delivered,Indore
511231,12225,2025-05-17,Affiliate,Delivered,Chennai
511232,13994,2025-06-05,Direct,Delivered,Mumbai
511233,13666,2025-07-02,Direct,Delivered,Ghaziabad
511234,12418,2025-06-13,Organic,Delivered,Hyderabad
511235,14889,2025-05-29,Direct,Delivered,Chandigarh
511236,10142,2024-02-25,Organic,Delivered,Noida
511237,12466,2024-10-21,Paid Search,Delivered,Ahmedabad
511238,12082,2024-07-20,Organic,Delivered,Indore
511239,10612,2025-10-13,Affiliate,Delivered,Hyderabad
511240,13625,2025-03-02,Organic,Delivered,Chandigarh
511241,10503,2025-01-12,Email,Delivered,Ghaziabad
511242,13519,2025-01-16,Affiliate,Delivered,Jaipur
511243,13772,2025-05-13,Paid Search,Delivered,Lucknow
511244,12432,2025-07-11,Affiliate,Delivered,Indore
511245,11222,2024-05-27,Paid Search,Delivered,Ahmedabad
511246,14929,2025-12-27,Organic,Delivered,Bhopal
511247,13526,2025-07-10,Social,Delivered,Kochi
511248,10586,2024-05-31,Email,Delivered,Noida
511249,13683,2025-03-18,Organic,Delivered,Jaipur
511250,10792,2024-11-09,Affiliate,Delivered,Bengaluru
511251,13116,2024-10-02,Paid Search,Delivered,Ahmedabad
511252,11292,2025-09-25,Email,Delivered,Noida
511253,13174,2024-07-27,Organic,Delivered,Pune
511254,14018,2025-09-04,Paid Search,Delivered,Pune
511255,13920,2025-04-10,Social,Delivered,Mumbai
511256,13815,2025-08-20,Social,Delivered,Kolkata
511257,13537,2025-06-28,Paid Search,Delivered,Pune
511258,13864,2025-03-29,Social,Delivered,Patna
511259,14512,2024-05-19,Paid Search,Delivered,Mumbai
511260,14399,2025-12-27,Organic,Delivered,Kochi
511261,13862,2025-04-14,Organic,Delivered,Noida
511262,12215,2024-09-18,Direct,Delivered,Gurugram
511263,11467,2024-07-06,Organic,Delivered,Gurugram
511264,11593,2024-03-26,Paid Search,Delivered,Pune
511265,13065,2024-08-18,Paid Search,Delivered,Chandigarh
511266,13002,2024-04-06,Email,Delivered,Pune
511267,12136,2025-10-11,Paid Search,Delivered,Pune
511268,12050,2024-11-14,Paid Search,Delivered,Delhi
511269,13626,2025-04-02,Direct,Delivered,Kochi
511270,12620,2025-08-11,Direct,Delivered,Mumbai
511271,10095,2025-12-03,Organic,Delivered,Ahmedabad
511272,10702,2024-11-27,Email,Delivered,Mumbai
511273,11656,2024-02-08,Direct,Delivered,Kochi
511274,11982,2025-03-22,Direct,Delivered,Gurugram
511275,13663,2025-11-23,Paid Search,Delivered,Noida
511276,12364,2024-09-18,Affiliate,Delivered,Hyderabad
511277,12134,2024-03-15,Paid Search,Cancelled,Patna
511278,10438,2025-06-06,Email,Delivered,Mumbai
511279,10306,2025-03-29,Social,Delivered,Ahmedabad
511280,14973,2024-04-21,Email,Delivered,Kochi
511281,14307,2024-01-03,Direct,Delivered,Kolkata
511282,10189,2025-01-15,Organic,Delivered,Gurugram
511283,12270,2024-04-18,Organic,Cancelled,Delhi
511284,14598,2024-05-15,Social,Delivered,Noida
511285,13561,2024-08-13,Paid Search,Delivered,Ghaziabad
511286,10401,2024-12-08,Social,Delivered,Lucknow
511287,12147,2025-08-20,Affiliate,Delivered,Noida
511288,14297,2024-11-10,Email,Delivered,Kochi
511289,11497,2025-09-03,Affiliate,Delivered,Chandigarh
511290,12742,2025-03-17,Organic,Delivered,Ghaziabad
511291,11615,2024-10-14,Organic,Delivered,Mumbai
511292,10982,2025-01-07,Direct,Delivered,Delhi
511293,14300,2024-04-13,Social,Delivered,Delhi
511294,11157,2025-12-14,Email,Delivered,Noida
511295,12916,2024-08-08,Organic,Delivered,Noida
511296,11759,2025-10-20,Email,Delivered,Ahmedabad
511297,13067,2025-04-16,Organic,Delivered,Gurugram
511298,13971,2024-08-02,Affiliate,Delivered,Kochi
511299,12764,2024-12-21,Organic,Delivered,Chennai
511300,10736,2024-03-29,Organic,Delivered,Jaipur
511301,11438,2025-03-26,Paid Search,Delivered,Delhi
511302,11212,2024-02-17,Organic,Delivered,Indore
511303,13444,2025-04-12,Direct,Cancelled,Delhi
511304,13464,2024-05-24,Social,Delivered,Indore
511305,10717,2024-04-03,Social,Delivered,Chandigarh
511306,13070,2024-06-11,Organic,Delivered,Delhi
511307,12321,2024-03-06,Social,Cancelled,Kochi
511308,12105,2025-10-11,Organic,Delivered,Kochi
511309,14291,2025-11-15,Email,Delivered,Kolkata
511310,10303,2025-11-07,Direct,Delivered,Lucknow
511311,13632,2025-06-09,Paid Search,Delivered,Indore
511312,12793,2024-06-17,Affiliate,Delivered,Indore
511313,11293,2025-07-08,Direct,Delivered,Delhi
511314,11147,2025-07-08,Direct,Delivered,Ghaziabad
511315,10819,2024-06-21,Affiliate,Delivered,Bengaluru
511316,13061,2025-09-02,Direct,Delivered,Jaipur
511317,13276,2025-12-29,Paid Search,Delivered,Patna
511318,11373,2024-10-02,Social,Delivered,Chennai
511319,11908,2025-03-06,Email,Delivered,Lucknow
511320,14902,2025-09-29,Organic,Delivered,Hyderabad
511321,13526,2024-07-10,Paid Search,Delivered,Kochi
511322,12953,2025-12-23,Paid Search,Delivered,Gurugram
511323,10598,2024-08-09,Organic,Delivered,Hyderabad
511324,12857,2025-12-08,Social,Delivered,Mumbai
511325,11967,2024-06-20,Affiliate,Delivered,Chandigarh
511326,14184,2025-06-26,Email,Delivered,Chennai
511327,10961,2025-01-19,Email,Delivered,Indore
511328,14966,2024-09-28,Social,Delivered,Lucknow
511329,14707,2024-11-16,Organic,Delivered,Bhopal
511330,13896,2024-06-14,Organic,Delivered,Hyderabad
511331,12503,2025-05-06,Organic,Delivered,Pune
511332,12970,2025-12-26,Direct,Delivered,Lucknow
511333,14532,2025-03-04,Direct,Delivered,Patna
511334,14318,2024-07-20,Social,Delivered,Kolkata
511335,14046,2025-05-04,Paid Search,Delivered,Ghaziabad
511336,10907,2024-11-16,Direct,Delivered,Chennai
511337,12040,2025-11-04,Organic,Delivered,Gurugram
511338,13822,2024-07-12,Organic,Delivered,Gurugram
511339,10622,2025-01-13,Email,Delivered,Mumbai
511340,13400,2024-12-28,Social,Delivered,Chennai
511341,11792,2025-10-09,Direct,Delivered,Lucknow
511342,12817,2024-03-21,Affiliate,Delivered,Hyderabad
511343,14591,2025-03-27,Direct,Delivered,Hyderabad
511344,14334,2025-08-14,Email,Delivered,Hyderabad
511345,11840,2024-09-21,Direct,Delivered,Gurugram
511346,13549,2025-01-04,Email,Delivered,Hyderabad
511347,10055,2024-08-03,Social,Delivered,Kochi
511348,13584,2024-11-02,Social,Delivered,Delhi
511349,10690,2025-11-25,Direct,Delivered,Pune
511350,14549,2024-09-22,Organic,Delivered,Gurugram
511351,11490,2024-05-27,Social,Delivered,Jaipur
511352,13498,2025-02-27,Paid Search,Delivered,Noida
511353,13333,2024-12-09,Email,Delivered,Delhi
511354,11278,2025-07-24,Social,Delivered,Delhi
511355,14192,2024-01-27,Paid Search,Delivered,Hyderabad
511356,10919,2025-10-21,Email,Delivered,Jaipur
511357,14502,2025-05-28,Social,Delivered,Lucknow
511358,12566,2025-09-07,Organic,Delivered,Bhopal
511359,12333,2024-10-24,Email,Delivered,Bengaluru
511360,11175,2024-11-21,Organic,Delivered,Jaipur
511361,10043,2024-09-01,Affiliate,Delivered,Kolkata
511362,13499,2025-09-01,Direct,Delivered,Kochi
511363,13662,2024-02-21,Organic,Delivered,Patna
511364,14214,2025-01-21,Paid Search,Delivered,Mumbai
511365,14822,2024-07-08,Organic,Delivered,Ghaziabad
511366,11460,2025-04-11,Affiliate,Delivered,Ghaziabad
511367,12836,2025-12-05,Organic,Delivered,Delhi
511368,14568,2025-05-08,Social,Delivered,Lucknow
511369,12836,2024-02-02,Paid Search,Delivered,Gurugram
511370,13735,2024-10-19,Affiliate,Delivered,Noida
511371,13568,2024-01-23,Email,Delivered,Ghaziabad
511372,14941,2024-12-21,Social,Delivered,Lucknow
511373,11703,2024-05-07,Social,Delivered,Patna
511374,10994,2025-05-21,Affiliate,Delivered,Noida
511375,14579,2025-01-25,Social,Delivered,Gurugram
511376,12308,2024-08-13,Paid Search,Cancelled,Patna
511377,10970,2025-09-18,Organic,Cancelled,Lucknow
511378,13202,2025-06-29,Paid Search,Delivered,Kolkata
511379,14258,2025-04-03,Paid Search,Delivered,Gurugram
511380,13815,2024-09-15,Social,Delivered,Ghaziabad
511381,11681,2024-07-18,Email,Delivered,Chandigarh
511382,14560,2025-03-03,Direct,Delivered,Hyderabad
511383,10202,2025-07-31,Paid Search,Delivered,Delhi
511384,14457,2025-09-04,Social,Delivered,Kolkata
511385,10916,2025-07-22,Affiliate,Delivered,Chandigarh
511386,11181,2024-01-17,Paid Search,Delivered,Lucknow
511387,11572,2025-12-20,Social,Delivered,Mumbai
511388,12113,2024-06-24,Paid Search,Delivered,Gurugram
511389,10240,2024-01-08,Paid Search,Delivered,Noida
511390,13592,2025-02-14,Organic,Cancelled,Patna
511391,10657,2024-11-28,Organic,Delivered,Ahmedabad
511392,10662,2024-03-18,Paid Search,Delivered,Gurugram
511393,10025,2024-06-05,Direct,Delivered,Bhopal
511394,14797,2024-05-30,Organic,Delivered,Gurugram
511395,10241,2024-11-17,Organic,Delivered,Patna
511396,13735,2025-07-01,Email,Delivered,Ahmedabad
511397,13170,2025-05-13,Direct,Delivered,Delhi
511398,14145,2024-01-19,Organic,Delivered,Chennai
511399,12252,2024-05-07,Affiliate,Delivered,Bengaluru
511400,14538,2025-03-21,Organic,Delivered,Gurugram
511401,12359,2025-08-09,Organic,Delivered,Ghaziabad
511402,10890,2024-01-25,Direct,Delivered,Kolkata
511403,14512,2024-09-02,Email,Cancelled,Jaipur
511404,12111,2024-03-25,Social,Delivered,Bhopal
511405,10032,2024-12-20,Organic,Delivered,Kolkata
511406,13259,2024-10-12,Social,Delivered,Bhopal
511407,11604,2024-05-07,Organic,Delivered,Hyderabad
511408,14113,2025-12-06,Paid Search,Delivered,Mumbai
511409,10767,2025-07-11,Email,Cancelled,Chennai
511410,13691,2025-02-03,Social,Delivered,Delhi
511411,14152,2025-07-13,Email,Delivered,Mumbai
511412,10608,2024-08-16,Organic,Delivered,Jaipur
511413,12925,2025-11-14,Affiliate,Delivered,Ahmedabad
511414,13229,2024-10-27,Direct,Delivered,Chennai
511415,14610,2024-10-09,Direct,Delivered,Bengaluru
511416,11471,2025-02-19,Organic,Delivered,Chennai
511417,12434,2025-02-26,Organic,Delivered,Chandigarh
511418,12033,2025-03-28,Social,Delivered,Ahmedabad
511419,11869,2025-08-31,Social,Delivered,Noida
511420,14972,2024-07-14,Direct,Delivered,Indore
511421,13279,2025-05-31,Paid Search,Delivered,Chandigarh
511422,10786,2024-05-24,Social,Delivered,Bengaluru
511423,14322,2024-06-24,Organic,Delivered,Noida
511424,10522,2024-12-28,Direct,Delivered,Kochi
511425,14384,2025-01-18,Organic,Delivered,Jaipur
511426,12046,2025-04-16,Direct,Delivered,Noida
511427,13382,2024-04-11,Direct,Delivered,Bhopal
511428,14321,2025-08-19,Organic,Delivered,Chandigarh
511429,14358,2025-02-11,Affiliate,Delivered,Kolkata
511430,10812,2025-03-09,Paid Search,Delivered,Bengaluru
511431,12028,2025-06-30,Organic,Delivered,Gurugram
511432,10400,2025-05-21,Paid Search,Delivered,Bengaluru
511433,13217,2024-11-09,Direct,Delivered,Kolkata
511434,12095,2024-12-19,Paid Search,Delivered,Pune
511435,14993,2024-06-19,Paid Search,Delivered,Bengaluru
511436,13162,2025-02-18,Social,Delivered,Patna
511437,12194,2024-05-28,Paid Search,Delivered,Bhopal
511438,10774,2025-04-09,Organic,Delivered,Bhopal
511439,11437,2024-11-01,Organic,Delivered,Pune
511440,14023,2024-06-21,Organic,Delivered,Chennai
511441,10717,2024-12-13,Social,Delivered,Jaipur
511442,14230,2025-11-13,Email,Delivered,Ahmedabad
511443,13012,2025-02-14,Email,Delivered,Kolkata
511444,12613,2024-09-09,Organic,Delivered,Jaipur
511445,12384,2024-11-25,Affiliate,Cancelled,Gurugram
511446,10153,2025-03-18,Paid Search,Delivered,Pune
511447,11131,2024-04-22,Organic,Delivered,Chandigarh
511448,12581,2025-02-14,Direct,Delivered,Kochi
511449,12427,2024-01-25,Email,Cancelled,Ghaziabad
511450,11071,2025-09-15,Social,Delivered,Gurugram
511451,14015,2025-03-21,Organic,Delivered,Noida
511452,12231,2024-03-24,Organic,Delivered,Ahmedabad
511453,11940,2024-12-06,Social,Delivered,Delhi
511454,13799,2025-10-08,Direct,Delivered,Delhi
511455,10745,2025-12-06,Email,Delivered,Jaipur
511456,10273,2024-04-10,Organic,Cancelled,Mumbai
511457,11614,2024-07-16,Email,Delivered,Chennai
511458,10001,2024-04-15,Paid Search,Delivered,Lucknow
511459,11856,2024-09-26,Organic,Delivered,Delhi
511460,10668,2025-09-22,Affiliate,Delivered,Chandigarh
511461,13298,2025-05-31,Social,Delivered,Lucknow
511462,10227,2024-07-06,Email,Delivered,Ghaziabad
511463,11033,2024-08-25,Organic,Delivered,Hyderabad
511464,11303,2025-03-23,Organic,Delivered,Indore
511465,12983,2025-03-12,Social,Delivered,Noida
511466,12022,2024-12-04,Social,Delivered,Chandigarh
511467,13843,2024-11-03,Social,Delivered,Mumbai
511468,13899,2025-11-13,Affiliate,Delivered,Indore
511469,11926,2025-01-02,Email,Delivered,Lucknow
511470,10152,2025-07-25,Email,Delivered,Noida
511471,14802,2025-12-02,Organic,Delivered,Delhi
511472,11755,2024-09-01,Paid Search,Delivered,Bhopal
511473,12689,2025-07-23,Social,Delivered,Delhi
511474,14648,2025-08-17,Social,Delivered,Kolkata
511475,13261,2024-06-09,Paid Search,Cancelled,Pune
511476,12882,2024-06-14,Direct,Delivered,Bengaluru
511477,11699,2024-04-28,Organic,Delivered,Bhopal
511478,14134,2025-03-25,Direct,Delivered,Indore
511479,10973,2025-07-10,Affiliate,Delivered,Noida
511480,12418,2025-07-03,Social,Delivered,Pune
511481,11750,2024-10-10,Organic,Delivered,Indore
511482,10487,2025-05-29,Social,Delivered,Chennai
511483,11386,2024-01-22,Organic,Delivered,Kolkata
511484,10935,2025-04-25,Direct,Delivered,Noida
511485,10453,2024-12-12,Paid Search,Delivered,Noida
511486,13791,2025-08-29,Paid Search,Delivered,Noida
511487,13556,2025-12-08,Email,Delivered,Hyderabad
511488,14321,2025-02-10,Organic,Delivered,Mumbai
511489,10153,2025-03-30,Social,Delivered,Jaipur
511490,12338,2025-11-09,Email,Delivered,Ghaziabad
511491,13304,2024-09-07,Organic,Delivered,Delhi
511492,12463,2024-04-15,Organic,Delivered,Chennai
511493,10129,2025-01-05,Social,Cancelled,Jaipur
511494,12251,2024-09-17,Social,Delivered,Bengaluru
511495,10622,2025-04-09,Paid Search,Delivered,Patna
511496,10092,2025-07-26,Paid Search,Delivered,Kochi
511497,13654,2025-01-03,Paid Search,Delivered,Lucknow
511498,10478,2024-08-13,Paid Search,Delivered,Pune
511499,11495,2025-02-16,Paid Search,Delivered,Patna
511500,14960,2024-11-19,Social,Delivered,Ahmedabad
511501,14741,2024-05-15,Paid Search,Delivered,Noida
511502,10211,2025-07-18,Paid Search,Delivered,Bengaluru
511503,12006,2024-08-30,Organic,Delivered,Pune
511504,11745,2025-01-28,Email,Delivered,Kochi
511505,13110,2025-10-26,Organic,Cancelled,Noida
511506,13454,2024-05-17,Organic,Delivered,Delhi
511507,10377,2024-11-08,Affiliate,Delivered,Ahmedabad
511508,12125,2024-05-07,Direct,Delivered,Delhi
511509,11400,2024-11-15,Direct,Delivered,Jaipur
511510,14914,2024-08-08,Social,Delivered,Ahmedabad
511511,11460,2025-10-31,Paid Search,Delivered,Noida
511512,10164,2024-08-09,Direct,Delivered,Bengaluru
511513,13121,2025-03-24,Email,Delivered,Chennai
511514,14373,2024-04-09,Direct,Delivered,Hyderabad
511515,14109,2024-11-29,Social,Delivered,Indore
511516,10674,2025-09-02,Social,Delivered,Pune
511517,13713,2025-05-06,Organic,Delivered,Gurugram
511518,11025,2024-07-25,Organic,Delivered,Jaipur
511519,10723,2025-12-11,Email,Delivered,Kolkata
511520,12642,2025-08-09,Direct,Delivered,Patna
511521,14028,2024-10-21,Social,Delivered,Noida
511522,14358,2025-12-12,Organic,Delivered,Ahmedabad
511523,13093,2024-05-16,Paid Search,Delivered,Delhi
511524,12071,2024-08-30,Organic,Delivered,Indore
511525,12931,2025-11-11,Direct,Delivered,Noida
511526,11468,2025-12-10,Organic,Delivered,Kochi
511527,10677,2025-08-24,Organic,Delivered,Indore
511528,12009,2024-05-19,Social,Delivered,Bhopal
511529,10846,2024-06-08,Social,Delivered,Chandigarh
511530,10472,2025-04-18,Email,Delivered,Bhopal
511531,13737,2024-02-10,Paid Search,Cancelled,Chandigarh
511532,14192,2025-12-25,Direct,Delivered,Indore
511533,13746,2025-11-19,Social,Delivered,Gurugram
511534,14577,2025-08-13,Organic,Delivered,Bengaluru
511535,12425,2025-12-08,Organic,Delivered,Chennai
511536,13379,2024-06-16,Social,Delivered,Hyderabad
511537,11014,2025-10-06,Paid Search,Delivered,Kochi
511538,12224,2024-07-07,Social,Delivered,Chennai
511539,10503,2024-03-29,Organic,Delivered,Pune
511540,13071,2024-07-10,Organic,Delivered,Gurugram
511541,12182,2025-07-20,Organic,Delivered,Mumbai
511542,12760,2025-11-20,Affiliate,Delivered,Ahmedabad
511543,14272,2025-03-23,Social,Delivered,Noida
511544,10258,2024-06-28,Organic,Delivered,Lucknow
511545,12226,2025-03-15,Paid Search,Cancelled,Delhi
511546,11973,2025-01-07,Direct,Delivered,Indore
511547,13701,2025-01-13,Organic,Delivered,Jaipur
511548,13285,2024-09-12,Organic,Delivered,Delhi
511549,13603,2024-04-11,Paid Search,Delivered,Delhi
511550,14239,2024-09-21,Paid Search,Delivered,Bhopal
511551,11490,2025-10-12,Organic,Delivered,Kochi
511552,11795,2024-10-25,Direct,Delivered,Noida
511553,11734,2024-01-16,Affiliate,Delivered,Gurugram
511554,14097,2024-09-09,Email,Delivered,Noida
511555,12324,2024-12-02,Direct,Delivered,Lucknow
511556,13785,2025-03-14,Organic,Delivered,Pune
511557,11226,2025-04-14,Direct,Delivered,Hyderabad
511558,14647,2024-11-07,Direct,Delivered,Bengaluru
511559,12420,2024-04-14,Social,Delivered,Mumbai
511560,14948,2024-11-18,Direct,Delivered,Noida
511561,12235,2024-01-03,Affiliate,Delivered,Ghaziabad
511562,10209,2025-01-04,Paid Search,Delivered,Bhopal
511563,11316,2024-11-21,Paid Search,Delivered,Patna
511564,12188,2024-09-17,Email,Delivered,Chandigarh
511565,10665,2025-04-28,Social,Delivered,Chandigarh
511566,13868,2025-07-05,Paid Search,Delivered,Indore
511567,11743,2024-07-11,Organic,Delivered,Lucknow
511568,14116,2025-01-03,Organic,Delivered,Kolkata
511569,14822,2025-01-07,Organic,Delivered,Ahmedabad
511570,10415,2025-01-07,Paid Search,Delivered,Ghaziabad
511571,11395,2024-10-21,Organic,Delivered,Noida
511572,13033,2024-06-02,Organic,Delivered,Noida
511573,14327,2024-05-05,Direct,Delivered,Bhopal
511574,14493,2024-01-23,Social,Delivered,Mumbai
511575,10972,2024-02-08,Direct,Delivered,Ghaziabad
511576,11136,2025-08-14,Organic,Delivered,Lucknow
511577,10994,2024-02-21,Paid Search,Delivered,Mumbai
511578,11737,2025-09-17,Email,Delivered,Delhi
511579,13059,2025-10-17,Direct,Delivered,Delhi
511580,11975,2024-06-25,Email,Delivered,Chandigarh
511581,13632,2024-11-19,Direct,Delivered,Kochi
511582,11973,2024-09-20,Organic,Delivered,Patna
511583,12949,2024-10-14,Paid Search,Delivered,Delhi
511584,12809,2024-09-18,Direct,Delivered,Bhopal
511585,11267,2024-09-07,Social,Delivered,Ghaziabad
511586,10305,2025-05-15,Organic,Delivered,Pune
511587,11105,2024-10-28,Organic,Delivered,Hyderabad
511588,13896,2024-05-16,Affiliate,Delivered,Noida
511589,13736,2024-10-03,Organic,Delivered,Hyderabad
511590,10615,2025-12-16,Social,Delivered,Chandigarh
511591,11921,2025-12-23,Organic,Delivered,Hyderabad
511592,14067,2024-02-15,Organic,Delivered,Ghaziabad
511593,14036,2025-02-24,Paid Search,Delivered,Kochi
511594,10086,2025-12-12,Organic,Delivered,Delhi
511595,13931,2024-05-21,Email,Delivered,Bengaluru
511596,13936,2024-02-20,Organic,Delivered,Lucknow
511597,10582,2024-06-03,Affiliate,Delivered,Noida
511598,11777,2024-08-20,Social,Delivered,Lucknow
511599,10269,2025-11-14,Paid Search,Delivered,Hyderabad
511600,13280,2024-07-02,Email,Delivered,Indore
511601,14310,2024-08-30,Paid Search,Delivered,Pune
511602,10896,2024-07-08,Organic,Delivered,Indore
511603,11760,2024-10-13,Paid Search,Delivered,Patna
511604,12686,2025-12-28,Social,Delivered,Ghaziabad
511605,10361,2024-03-02,Organic,Delivered,Indore
511606,11496,2024-12-01,Affiliate,Delivered,Bengaluru
511607,11087,2025-03-24,Paid Search,Delivered,Chennai
511608,10020,2024-03-28,Organic,Delivered,Noida
511609,13342,2024-02-02,Organic,Delivered,Ahmedabad
511610,13626,2025-12-19,Organic,Delivered,Bhopal
511611,10404,2024-07-15,Paid Search,Cancelled,Kochi
511612,10656,2024-06-26,Paid Search,Delivered,Bengaluru
511613,10353,2024-09-11,Organic,Delivered,Kochi
511614,14699,2024-02-23,Social,Delivered,Bhopal
511615,12848,2024-04-17,Organic,Delivered,Chennai
511616,12719,2024-01-18,Direct,Delivered,Mumbai
511617,10431,2025-01-25,Social,Delivered,Kolkata
511618,10009,2024-12-04,Affiliate,Delivered,Kochi
511619,14641,2024-07-19,Paid Search,Delivered,Delhi
511620,14725,2025-11-02,Organic,Delivered,Kochi
511621,12724,2024-08-11,Paid Search,Delivered,Chennai
511622,10664,2024-01-13,Paid Search,Delivered,Kochi
511623,10149,2024-03-13,Email,Delivered,Lucknow
511624,14170,2025-06-14,Direct,Delivered,Kolkata
511625,12644,2025-01-24,Paid Search,Delivered,Ghaziabad
511626,11647,2024-07-09,Organic,Delivered,Bhopal
511627,10062,2024-06-29,Email,Delivered,Pune
511628,12841,2024-06-09,Organic,Delivered,Kolkata
511629,14391,2024-11-04,Affiliate,Delivered,Gurugram
511630,14179,2025-05-29,Email,Delivered,Mumbai
511631,13657,2025-04-11,Affiliate,Delivered,Gurugram
511632,10251,2025-06-30,Organic,Delivered,Ahmedabad
511633,13784,2024-01-31,Organic,Delivered,Pune
511634,13401,2025-02-12,Social,Delivered,Indore
511635,14196,2025-07-12,Paid Search,Delivered,Ghaziabad
511636,10743,2024-05-27,Direct,Delivered,Delhi
511637,14312,2025-03-02,Social,Delivered,Kochi
511638,13582,2024-01-05,Paid Search,Delivered,Ahmedabad
511639,13825,2025-10-27,Organic,Delivered,Delhi
511640,10804,2025-06-22,Social,Delivered,Noida
511641,14278,2025-03-31,Paid Search,Delivered,Kolkata
511642,10110,2025-03-14,Social,Delivered,Indore
511643,11113,2025-05-04,Paid Search,Delivered,Gurugram
511644,10778,2024-11-04,Social,Delivered,Chennai
511645,11159,2025-12-07,Direct,Delivered,Bhopal
511646,13129,2024-06-05,Organic,Delivered,Mumbai
511647,14627,2025-08-15,Paid Search,Delivered,Kolkata
511648,14929,2025-07-10,Email,Delivered,Hyderabad
511649,10544,2025-09-04,Email,Delivered,Chennai
511650,14851,2024-02-21,Paid Search,Delivered,Ghaziabad
511651,10546,2024-11-21,Paid Search,Delivered,Indore
511652,13729,2025-04-14,Affiliate,Delivered,Ghaziabad
511653,10920,2025-03-28,Social,Delivered,Delhi
511654,14123,2025-05-18,Paid Search,Delivered,Kolkata
511655,11746,2025-04-08,Organic,Delivered,Noida
511656,14370,2024-06-12,Email,Delivered,Lucknow
511657,12710,2025-08-28,Paid Search,Delivered,Jaipur
511658,12642,2024-12-19,Social,Delivered,Kolkata
511659,12204,2025-12-10,Email,Delivered,Bengaluru
511660,11144,2025-01-15,Social,Delivered,Mumbai
511661,12577,2025-01-27,Paid Search,Cancelled,Delhi
511662,13306,2025-03-08,Organic,Delivered,Mumbai
511663,10701,2025-09-28,Email,Cancelled,Chandigarh
511664,10708,2025-10-20,Direct,Delivered,Lucknow
511665,12137,2025-03-03,Direct,Delivered,Indore
511666,14162,2025-02-03,Affiliate,Delivered,Patna
511667,11766,2024-02-09,Social,Delivered,Delhi
511668,12061,2024-02-19,Direct,Delivered,Ahmedabad
511669,14796,2025-06-22,Paid Search,Delivered,Pune
511670,11333,2024-09-09,Direct,Delivered,Lucknow
511671,11833,2024-11-15,Paid Search,Delivered,Gurugram
511672,14218,2025-04-04,Social,Delivered,Indore
511673,12592,2024-06-11,Organic,Delivered,Jaipur
511674,10556,2024-08-31,Social,Delivered,Lucknow
511675,11075,2024-02-01,Paid Search,Delivered,Delhi
511676,14875,2025-07-15,Paid Search,Delivered,Delhi
511677,14054,2025-01-06,Social,Delivered,Kolkata
511678,14753,2024-05-18,Direct,Delivered,Kolkata
511679,12401,2025-03-11,Affiliate,Delivered,Jaipur
511680,13044,2024-04-14,Paid Search,Cancelled,Delhi
511681,10688,2025-07-24,Affiliate,Delivered,Chennai
511682,13561,2024-06-17,Social,Delivered,Patna
511683,12848,2024-07-16,Paid Search,Delivered,Delhi
511684,10186,2025-10-02,Direct,Delivered,Kochi
511685,14236,2025-06-27,Organic,Delivered,Gurugram
511686,12186,2025-05-12,Affiliate,Delivered,Chennai
511687,14967,2025-03-15,Organic,Delivered,Indore
511688,14424,2025-01-15,Direct,Delivered,Lucknow
511689,12103,2024-05-20,Email,Delivered,Lucknow
511690,10058,2024-08-07,Social,Delivered,Mumbai
511691,10733,2025-12-04,Organic,Delivered,Noida
511692,11454,2025-11-02,Organic,Delivered,Hyderabad
511693,11488,2025-06-14,Organic,Delivered,Pune
511694,11770,2025-10-11,Affiliate,Delivered,Mumbai
511695,14776,2025-08-10,Email,Delivered,Chandigarh
511696,13376,2024-10-18,Organic,Delivered,Delhi
511697,10956,2025-06-07,Paid Search,Delivered,Noida
511698,13525,2025-07-04,Paid Search,Delivered,Ghaziabad
511699,10284,2024-04-11,Email,Delivered,Jaipur
511700,10326,2025-10-29,Paid Search,Delivered,Ahmedabad
511701,13223,2024-12-26,Affiliate,Delivered,Kolkata
511702,11088,2024-08-17,Email,Delivered,Gurugram
511703,12187,2024-12-12,Paid Search,Delivered,Chandigarh
511704,14128,2024-08-28,Paid Search,Delivered,Kochi
511705,11944,2024-08-31,Social,Delivered,Delhi
511706,10960,2025-02-02,Direct,Delivered,Patna
511707,14997,2025-12-30,Organic,Delivered,Jaipur
511708,11433,2024-10-25,Paid Search,Delivered,Delhi
511709,13295,2024-06-05,Social,Delivered,Patna
511710,10812,2025-07-10,Paid Search,Delivered,Ahmedabad
511711,10811,2024-08-03,Paid Search,Delivered,Ghaziabad
511712,13772,2025-01-27,Paid Search,Delivered,Patna
511713,14490,2024-07-04,Organic,Delivered,Ghaziabad
511714,10136,2024-06-03,Social,Delivered,Kochi
511715,14876,2024-07-03,Direct,Delivered,Pune
511716,11510,2024-09-17,Direct,Delivered,Chandigarh
511717,14931,2025-11-29,Social,Delivered,Mumbai
511718,12662,2025-05-05,Paid Search,Delivered,Chennai
511719,13829,2025-05-23,Paid Search,Delivered,Hyderabad
511720,10031,2024-02-09,Organic,Delivered,Ahmedabad
511721,10789,2024-01-08,Social,Delivered,Mumbai
511722,14770,2024-09-07,Organic,Delivered,Pune
511723,10825,2025-10-10,Paid Search,Delivered,Delhi
511724,14347,2024-01-12,Organic,Delivered,Chennai
511725,10592,2025-07-14,Organic,Delivered,Delhi
511726,13237,2025-08-23,Email,Delivered,Chennai
511727,11860,2024-07-22,Direct,Delivered,Bhopal
511728,12196,2024-03-26,Email,Delivered,Gurugram
511729,13555,2024-04-22,Paid Search,Delivered,Delhi
511730,10777,2024-02-26,Paid Search,Delivered,Gurugram
511731,11722,2025-09-08,Email,Delivered,Patna
511732,12769,2025-07-28,Direct,Delivered,Noida
511733,11801,2025-05-06,Email,Delivered,Pune
511734,11197,2024-03-06,Organic,Delivered,Patna
511735,10221,2025-11-25,Social,Delivered,Patna
511736,13191,2025-05-15,Organic,Delivered,Chandigarh
511737,10311,2025-08-28,Paid Search,Delivered,Ahmedabad
511738,10728,2024-10-04,Direct,Delivered,Ahmedabad
511739,11188,2024-05-24,Direct,Delivered,Chennai
511740,13586,2025-08-23,Paid Search,Delivered,Indore
511741,10611,2024-02-07,Email,Delivered,Bhopal
511742,11615,2024-05-13,Paid Search,Delivered,Chennai
511743,10370,2024-04-22,Organic,Delivered,Ahmedabad
511744,12510,2024-03-02,Direct,Delivered,Ahmedabad
511745,10904,2025-02-06,Affiliate,Delivered,Indore
511746,10810,2024-06-15,Paid Search,Delivered,Delhi
511747,11602,2025-12-07,Affiliate,Delivered,Ahmedabad
511748,11282,2025-11-12,Organic,Delivered,Patna
511749,10245,2024-05-03,Social,Delivered,Lucknow
511750,12252,2025-08-29,Direct,Delivered,Chennai
511751,12515,2024-01-29,Affiliate,Delivered,Kochi
511752,12291,2024-07-27,Social,Delivered,Mumbai
511753,12211,2025-04-27,Paid Search,Delivered,Jaipur
511754,14999,2024-05-30,Affiliate,Delivered,Chandigarh
511755,11375,2024-02-27,Direct,Delivered,Kolkata
511756,11678,2024-04-24,Organic,Delivered,Kochi
511757,12554,2025-04-26,Organic,Delivered,Indore
511758,10422,2024-06-10,Paid Search,Delivered,Bhopal
511759,14944,2024-06-28,Social,Delivered,Jaipur
511760,12622,2024-05-29,Paid Search,Delivered,Pune
511761,13483,2025-10-06,Email,Delivered,Chandigarh
511762,11610,2025-10-11,Paid Search,Delivered,Kochi
511763,13459,2025-08-11,Direct,Delivered,Noida
511764,14389,2024-01-15,Paid Search,Delivered,Chennai
511765,12894,2024-07-02,Affiliate,Delivered,Kochi
511766,11052,2025-10-05,Direct,Delivered,Chennai
511767,13421,2025-02-08,Social,Delivered,Bengaluru
511768,14279,2024-01-31,Organic,Delivered,Hyderabad
511769,13468,2024-07-01,Direct,Delivered,Hyderabad
511770,13318,2025-08-27,Paid Search,Cancelled,Delhi
511771,12319,2025-10-04,Social,Delivered,Pune
511772,10940,2024-11-07,Organic,Delivered,Noida
511773,13595,2024-04-20,Paid Search,Delivered,Patna
511774,12027,2024-02-26,Social,Delivered,Chandigarh
511775,11154,2024-06-13,Email,Delivered,Chandigarh
511776,12463,2025-08-07,Direct,Delivered,Noida
511777,10112,2025-08-27,Social,Delivered,Indore
511778,12609,2024-07-06,Paid Search,Delivered,Lucknow
511779,12736,2025-12-15,Social,Delivered,Indore
511780,11986,2025-10-03,Organic,Delivered,Ghaziabad
511781,13518,2025-12-22,Organic,Delivered,Bengaluru
511782,12924,2025-07-03,Paid Search,Delivered,Bhopal
511783,11830,2025-02-22,Organic,Delivered,Ghaziabad
511784,13584,2025-12-18,Organic,Delivered,Pune
511785,10584,2025-05-18,Organic,Delivered,Indore
511786,12531,2025-08-31,Organic,Delivered,Jaipur
511787,10702,2024-10-21,Affiliate,Delivered,Delhi
511788,13013,2024-06-25,Paid Search,Delivered,Patna
511789,10089,2025-02-23,Direct,Delivered,Jaipur
511790,14298,2024-10-26,Direct,Delivered,Chennai
511791,10157,2024-09-13,Direct,Delivered,Jaipur
511792,12489,2025-05-24,Organic,Delivered,Delhi
511793,13332,2025-03-22,Paid Search,Delivered,Patna
511794,12082,2024-08-19,Social,Cancelled,Pune
511795,11077,2024-06-25,Paid Search,Delivered,Ahmedabad
511796,11239,2025-02-03,Organic,Cancelled,Ghaziabad
511797,14214,2024-08-27,Paid Search,Delivered,Jaipur
511798,10657,2024-06-22,Email,Delivered,Mumbai
511799,13555,2024-06-11,Email,Delivered,Ahmedabad
511800,11462,2025-04-29,Paid Search,Delivered,Hyderabad
511801,10061,2024-10-30,Paid Search,Delivered,Pune
511802,12031,2024-09-07,Social,Delivered,Ahmedabad
511803,10474,2024-03-25,Email,Delivered,Mumbai
511804,13822,2024-02-10,Email,Delivered,Kolkata
511805,13846,2025-05-22,Affiliate,Delivered,Hyderabad
511806,11088,2025-12-08,Social,Delivered,Patna
511807,13867,2024-08-25,Paid Search,Delivered,Ahmedabad
511808,13511,2025-09-08,Paid Search,Delivered,Lucknow
511809,13382,2025-03-15,Organic,Delivered,Mumbai
511810,10396,2024-08-10,Paid Search,Delivered,Bhopal
511811,10640,2025-02-18,Direct,Delivered,Bengaluru
511812,10792,2024-04-04,Email,Delivered,Ahmedabad
511813,14091,2024-09-03,Social,Delivered,Ghaziabad
511814,11632,2025-06-21,Organic,Delivered,Noida
511815,12649,2025-09-14,Social,Delivered,Noida
511816,12350,2024-06-10,Organic,Delivered,Noida
511817,15000,2025-10-27,Paid Search,Delivered,Kolkata
511818,10905,2025-03-18,Social,Delivered,Bengaluru
511819,13891,2024-06-16,Organic,Delivered,Kochi
511820,10561,2025-07-23,Paid Search,Delivered,Delhi
511821,14890,2025-10-06,Organic,Delivered,Hyderabad
511822,12830,2024-07-18,Organic,Delivered,Chennai
511823,11319,2024-03-18,Paid Search,Delivered,Pune
511824,12060,2024-07-27,Email,Delivered,Delhi
511825,13642,2025-07-07,Paid Search,Delivered,Gurugram
511826,12080,2024-02-15,Organic,Delivered,Chandigarh
511827,10339,2024-07-30,Paid Search,Delivered,Hyderabad
511828,11540,2024-08-21,Organic,Delivered,Bhopal
511829,14578,2024-01-13,Affiliate,Cancelled,Pune
511830,11857,2025-03-12,Affiliate,Delivered,Kolkata
511831,12454,2025-08-12,Email,Delivered,Jaipur
511832,10921,2024-04-23,Email,Delivered,Hyderabad
511833,10135,2025-10-10,Affiliate,Cancelled,Indore
511834,11353,2025-11-27,Paid Search,Delivered,Bengaluru
511835,14341,2025-09-28,Email,Delivered,Bhopal
511836,12712,2025-06-12,Paid Search,Delivered,Lucknow
511837,11886,2024-11-23,Paid Search,Delivered,Chennai
511838,12612,2024-05-29,Affiliate,Delivered,Ahmedabad
511839,14063,2025-10-29,Affiliate,Delivered,Indore
511840,14530,2025-01-22,Paid Search,Delivered,Patna
511841,11589,2024-11-26,Direct,Delivered,Kolkata
511842,14163,2024-10-13,Social,Delivered,Patna
511843,14008,2024-06-08,Social,Delivered,Lucknow
511844,10036,2024-10-06,Social,Delivered,Kochi
511845,14471,2025-08-06,Affiliate,Delivered,Jaipur
511846,11149,2025-02-13,Direct,Delivered,Ghaziabad
511847,13830,2024-10-16,Email,Delivered,Gurugram
511848,14439,2024-03-20,Paid Search,Delivered,Bhopal
511849,12868,2024-10-30,Social,Delivered,Jaipur
511850,11574,2024-06-06,Paid Search,Delivered,Indore
511851,14277,2024-10-17,Email,Delivered,Hyderabad
511852,12389,2024-04-19,Direct,Delivered,Pune
511853,13841,2025-11-23,Direct,Delivered,Delhi
511854,13375,2024-05-07,Social,Delivered,Ghaziabad
511855,11605,2024-03-31,Paid Search,Delivered,Jaipur
511856,12717,2025-04-23,Social,Delivered,Lucknow
511857,11005,2024-09-08,Paid Search,Delivered,Jaipur
511858,10025,2025-12-29,Direct,Delivered,Noida
511859,13448,2024-10-22,Organic,Delivered,Noida
511860,11033,2025-04-20,Affiliate,Cancelled,Ahmedabad
511861,12598,2025-09-01,Paid Search,Delivered,Bhopal
511862,10503,2025-12-20,Email,Delivered,Chennai
511863,13274,2025-08-14,Direct,Delivered,Lucknow
511864,10839,2025-02-25,Social,Delivered,Indore
511865,11244,2025-08-18,Email,Delivered,Gurugram
511866,10737,2024-07-26,Organic,Delivered,Bengaluru
511867,14586,2025-09-28,Organic,Delivered,Ghaziabad
511868,13114,2025-09-29,Social,Delivered,Chennai
511869,13329,2024-10-07,Paid Search,Delivered,Jaipur
511870,12033,2024-02-19,Social,Delivered,Indore
511871,14293,2025-05-15,Paid Search,Delivered,Ahmedabad
511872,10333,2024-03-15,Organic,Delivered,Patna
511873,12069,2024-01-13,Affiliate,Delivered,Noida
511874,10412,2025-11-23,Direct,Delivered,Patna
511875,13486,2025-02-18,Direct,Delivered,Ghaziabad
511876,14752,2025-04-20,Organic,Delivered,Kochi
511877,13832,2025-10-05,Paid Search,Delivered,Pune
511878,10774,2025-11-10,Paid Search,Delivered,Bengaluru
511879,13941,2025-11-30,Direct,Delivered,Kochi
511880,11270,2024-04-07,Social,Delivered,Lucknow
511881,11744,2024-08-24,Direct,Delivered,Patna
511882,12872,2025-07-15,Direct,Delivered,Hyderabad
511883,12267,2024-01-22,Paid Search,Delivered,Bhopal
511884,10936,2024-06-20,Paid Search,Delivered,Jaipur
511885,12650,2025-01-11,Paid Search,Delivered,Mumbai
511886,10988,2024-09-07,Social,Delivered,Chandigarh
511887,13591,2024-05-06,Direct,Delivered,Lucknow
511888,10363,2025-10-19,Organic,Delivered,Kochi
511889,14051,2024-11-23,Affiliate,Delivered,Ghaziabad
511890,14905,2024-10-27,Organic,Delivered,Kochi
511891,13733,2025-04-25,Affiliate,Delivered,Patna
511892,13031,2025-05-05,Organic,Delivered,Noida
511893,12206,2024-12-26,Social,Delivered,Ghaziabad
511894,12649,2025-10-10,Email,Delivered,Ahmedabad
511895,12561,2024-08-04,Paid Search,Delivered,Bhopal
511896,14444,2025-09-28,Direct,Delivered,Kolkata
511897,10638,2025-09-26,Email,Delivered,Bhopal
511898,12973,2024-01-07,Organic,Delivered,Lucknow
511899,12750,2025-07-05,Paid Search,Delivered,Kochi
511900,11316,2024-04-25,Paid Search,Delivered,Bengaluru
511901,12065,2024-12-20,Paid Search,Delivered,Pune
511902,12362,2025-11-02,Organic,Cancelled,Kolkata
511903,10174,2024-05-22,Organic,Delivered,Gurugram
511904,12388,2025-02-15,Direct,Delivered,Bengaluru
511905,10854,2025-07-22,Direct,Delivered,Chennai
511906,11991,2024-12-17,Organic,Cancelled,Mumbai
511907,11392,2024-02-27,Affiliate,Cancelled,Pune
511908,13769,2024-02-17,Organic,Delivered,Kochi
511909,14802,2025-01-13,Social,Delivered,Patna
511910,10549,2024-01-19,Organic,Delivered,Pune
511911,11285,2024-01-12,Paid Search,Delivered,Gurugram
511912,10797,2025-11-27,Paid Search,Delivered,Jaipur
511913,12418,2025-01-24,Email,Delivered,Pune
511914,11861,2024-12-12,Social,Delivered,Gurugram
511915,12276,2024-03-14,Affiliate,Delivered,Kolkata
511916,10356,2025-07-28,Organic,Delivered,Lucknow
511917,14355,2025-01-08,Social,Delivered,Mumbai
511918,14937,2024-06-09,Organic,Delivered,Patna
511919,14559,2025-07-04,Organic,Delivered,Bhopal
511920,12479,2024-06-22,Paid Search,Delivered,Patna
511921,13334,2025-01-02,Organic,Delivered,Ahmedabad
511922,10251,2025-02-13,Affiliate,Delivered,Pune
511923,13054,2024-07-22,Social,Delivered,Lucknow
511924,13040,2025-10-02,Email,Delivered,Ahmedabad
511925,13674,2025-05-29,Organic,Delivered,Pune
511926,13906,2024-07-29,Organic,Delivered,Hyderabad
511927,10001,2024-04-24,Social,Delivered,Kolkata
511928,12039,2024-08-28,Organic,Delivered,Patna
511929,12427,2024-12-06,Organic,Delivered,Gurugram
511930,12403,2025-02-06,Organic,Delivered,Mumbai
511931,12746,2024-10-19,Direct,Delivered,Chennai
511932,13504,2024-01-30,Paid Search,Delivered,Indore
511933,12936,2025-05-09,Organic,Delivered,Pune
511934,11170,2024-10-03,Social,Delivered,Indore
511935,13321,2024-09-02,Direct,Delivered,Chandigarh
511936,12989,2025-02-10,Organic,Delivered,Bhopal
511937,11000,2025-09-02,Paid Search,Delivered,Kochi
511938,13155,2024-01-04,Direct,Delivered,Ghaziabad
511939,12607,2025-12-03,Direct,Delivered,Indore
511940,14024,2025-04-11,Social,Delivered,Lucknow
511941,11960,2025-02-03,Organic,Delivered,Bhopal
511942,14456,2024-02-07,Organic,Delivered,Noida
511943,12683,2025-06-03,Direct,Delivered,Mumbai
511944,14705,2025-06-10,Email,Delivered,Hyderabad
511945,10509,2025-02-13,Paid Search,Delivered,Jaipur
511946,10632,2025-08-09,Organic,Delivered,Hyderabad
511947,11092,2025-09-05,Organic,Delivered,Hyderabad
511948,14082,2025-09-05,Email,Delivered,Indore
511949,12534,2024-08-26,Email,Delivered,Delhi
511950,13378,2025-05-07,Paid Search,Delivered,Lucknow
511951,10098,2024-02-11,Social,Delivered,Chandigarh
511952,11854,2025-02-14,Affiliate,Delivered,Patna
511953,11767,2024-04-16,Email,Delivered,Ahmedabad
511954,14615,2024-08-12,Paid Search,Delivered,Chennai
511955,10524,2025-05-09,Direct,Delivered,Gurugram
511956,14301,2024-11-06,Organic,Delivered,Pune
511957,11842,2025-09-23,Social,Delivered,Mumbai
511958,13872,2024-03-04,Organic,Delivered,Lucknow
511959,11455,2025-12-11,Email,Delivered,Pune
511960,10288,2025-05-31,Social,Delivered,Mumbai
511961,13398,2024-11-10,Organic,Delivered,Ghaziabad
511962,10886,2024-01-19,Social,Delivered,Chandigarh
511963,10740,2024-01-31,Social,Delivered,Patna
511964,14592,2024-10-29,Paid Search,Delivered,Hyderabad
511965,11134,2025-02-22,Organic,Delivered,Indore
511966,14912,2025-01-05,Organic,Delivered,Noida
511967,11742,2024-08-05,Direct,Delivered,Hyderabad
511968,11387,2025-04-20,Organic,Delivered,Mumbai
511969,12272,2025-03-25,Social,Delivered,Bengaluru
511970,11387,2024-09-07,Paid Search,Delivered,Ahmedabad
511971,14638,2024-08-25,Affiliate,Delivered,Gurugram
511972,13052,2024-11-19,Social,Delivered,Noida
511973,13716,2025-06-27,Email,Delivered,Hyderabad
511974,10381,2025-03-05,Email,Delivered,Lucknow
511975,11196,2024-04-02,Social,Delivered,Kolkata
511976,12977,2025-11-05,Direct,Delivered,Kochi
511977,12434,2024-05-27,Email,Delivered,Patna
511978,14844,2025-05-06,Email,Delivered,Gurugram
511979,13615,2024-01-13,Email,Delivered,Chandigarh
511980,11485,2024-07-04,Social,Delivered,Lucknow
511981,12270,2025-02-16,Email,Delivered,Ghaziabad
511982,13714,2025-09-11,Social,Delivered,Ghaziabad
511983,12049,2025-02-15,Direct,Delivered,Patna
511984,12625,2024-02-10,Direct,Delivered,Chandigarh
511985,13997,2025-11-29,Social,Delivered,Indore
511986,11437,2024-07-18,Social,Delivered,Kochi
511987,10499,2024-09-23,Paid Search,Delivered,Chennai
511988,12063,2024-03-20,Direct,Delivered,Bengaluru
511989,11097,2025-05-23,Email,Delivered,Bhopal
511990,12756,2024-11-22,Direct,Delivered,Gurugram
511991,14266,2024-06-09,Social,Delivered,Bengaluru
511992,13808,2025-04-10,Email,Delivered,Delhi
511993,13647,2024-05-23,Organic,Delivered,Kolkata
511994,12704,2025-01-23,Social,Delivered,Delhi
511995,14441,2025-04-30,Paid Search,Delivered,Chandigarh
511996,14626,2025-08-16,Social,Delivered,Gurugram
511997,13790,2025-05-22,Paid Search,Delivered,Jaipur
511998,10585,2025-02-18,Paid Search,Delivered,Lucknow
511999,11489,2024-01-25,Affiliate,Delivered,Gurugram
512000,14789,2024-06-19,Social,Delivered,Indore
512001,10364,2025-02-26,Paid Search,Delivered,Bhopal
512002,12754,2025-01-27,Affiliate,Delivered,Kolkata
512003,13196,2025-01-25,Organic,Delivered,Ahmedabad
512004,11960,2025-06-21,Paid Search,Delivered,Bengaluru
512005,13519,2025-10-23,Paid Search,Delivered,Pune
512006,10381,2025-01-02,Organic,Delivered,Ghaziabad
512007,11096,2024-04-08,Direct,Delivered,Chandigarh
512008,11482,2024-11-19,Email,Delivered,Lucknow
512009,10855,2024-07-03,Email,Delivered,Chennai
512010,12190,2025-01-21,Social,Delivered,Pune
512011,12343,2025-03-07,Paid Search,Delivered,Jaipur
512012,14686,2025-02-04,Email,Delivered,Jaipur
512013,12428,2025-03-01,Affiliate,Delivered,Patna
512014,13783,2024-08-15,Social,Delivered,Lucknow
512015,10441,2024-05-09,Social,Delivered,Indore
512016,10296,2025-09-16,Organic,Delivered,Hyderabad
512017,11975,2024-10-20,Organic,Delivered,Chennai
512018,11640,2024-05-31,Organic,Delivered,Chandigarh
512019,14617,2025-12-28,Email,Delivered,Ahmedabad
512020,12458,2024-01-25,Paid Search,Delivered,Noida
512021,12437,2024-09-10,Email,Delivered,Kolkata
512022,14251,2025-06-26,Social,Delivered,Mumbai
512023,14328,2024-10-27,Paid Search,Delivered,Kolkata
512024,13883,2025-09-07,Email,Delivered,Lucknow
512025,12190,2024-09-19,Organic,Delivered,Noida
512026,11081,2025-04-14,Direct,Delivered,Chennai
512027,10178,2024-11-08,Paid Search,Delivered,Jaipur
512028,10253,2024-12-08,Affiliate,Delivered,Bhopal
512029,14078,2024-12-29,Paid Search,Delivered,Lucknow
512030,10662,2025-12-13,Social,Cancelled,Jaipur
512031,12075,2025-07-09,Social,Cancelled,Pune
512032,12517,2024-09-28,Paid Search,Delivered,Bengaluru
512033,12780,2024-10-31,Paid Search,Delivered,Kochi
512034,10450,2024-10-23,Paid Search,Delivered,Ghaziabad
512035,12618,2025-06-22,Direct,Delivered,Bengaluru
512036,11249,2025-03-08,Social,Delivered,Chennai
512037,11704,2025-01-25,Organic,Delivered,Bhopal
512038,14107,2024-11-10,Organic,Delivered,Kochi
512039,12302,2024-10-18,Direct,Delivered,Lucknow
512040,12010,2025-02-09,Organic,Delivered,Delhi
512041,10081,2025-08-30,Email,Delivered,Indore
512042,14981,2025-12-07,Organic,Cancelled,Bengaluru
512043,12969,2024-02-14,Paid Search,Cancelled,Ghaziabad
512044,13780,2024-06-22,Paid Search,Delivered,Kochi
512045,12169,2025-05-15,Direct,Delivered,Delhi
512046,11325,2024-04-18,Social,Delivered,Kochi
512047,11367,2025-03-22,Paid Search,Delivered,Mumbai
512048,10038,2024-11-05,Social,Delivered,Mumbai
512049,14444,2024-05-19,Organic,Delivered,Noida
512050,12637,2025-01-03,Direct,Delivered,Kolkata
512051,11763,2025-01-07,Paid Search,Delivered,Chennai
512052,13530,2025-06-05,Direct,Delivered,Patna
512053,10648,2025-08-26,Affiliate,Delivered,Kolkata
512054,12349,2025-11-29,Organic,Delivered,Chennai
512055,12184,2024-11-16,Direct,Cancelled,Chandigarh
512056,14533,2025-05-18,Direct,Delivered,Bhopal
512057,13990,2025-07-29,Affiliate,Delivered,Ghaziabad
512058,13840,2025-12-22,Social,Delivered,Lucknow
512059,11300,2025-04-20,Email,Delivered,Ahmedabad
512060,12602,2024-06-29,Organic,Delivered,Indore
512061,14903,2024-09-06,Direct,Delivered,Ghaziabad
512062,10095,2024-06-01,Organic,Delivered,Ghaziabad
512063,13258,2024-05-24,Email,Delivered,Kochi
512064,11692,2024-08-12,Affiliate,Delivered,Indore
512065,13709,2024-12-30,Direct,Delivered,Chandigarh
512066,12473,2025-07-29,Affiliate,Delivered,Kolkata
512067,13503,2024-07-31,Affiliate,Delivered,Chandigarh
512068,11252,2024-05-16,Email,Delivered,Kochi
512069,14412,2024-04-02,Social,Delivered,Gurugram
512070,14189,2024-05-23,Organic,Delivered,Ahmedabad
512071,13188,2024-11-12,Direct,Delivered,Delhi
512072,12123,2024-10-27,Paid Search,Delivered,Delhi
512073,10760,2024-10-18,Affiliate,Delivered,Pune
512074,11020,2024-08-20,Paid Search,Delivered,Chandigarh
512075,11995,2024-11-27,Social,Delivered,Mumbai
512076,13896,2025-04-17,Social,Delivered,Hyderabad
512077,14734,2024-02-02,Direct,Delivered,Kolkata
512078,13042,2025-10-12,Organic,Delivered,Mumbai
512079,14692,2024-08-11,Social,Delivered,Noida
512080,10986,2024-04-11,Organic,Delivered,Gurugram
512081,13715,2024-05-07,Social,Delivered,Delhi
512082,12664,2025-02-03,Social,Delivered,Indore
512083,10703,2025-01-15,Organic,Cancelled,Bengaluru
512084,13473,2024-03-05,Email,Delivered,Ghaziabad
512085,14518,2024-12-30,Affiliate,Delivered,Mumbai
512086,12243,2024-06-10,Affiliate,Delivered,Chennai
512087,11278,2025-10-28,Email,Delivered,Ghaziabad
512088,11512,2024-08-13,Organic,Delivered,Hyderabad
512089,13006,2025-12-31,Email,Delivered,Chandigarh
512090,13449,2025-02-27,Email,Delivered,Pune
512091,11085,2025-12-05,Affiliate,Delivered,Bhopal
512092,13437,2025-02-09,Email,Delivered,Gurugram
512093,13736,2024-04-02,Email,Delivered,Kolkata
512094,10085,2025-04-15,Email,Delivered,Mumbai
512095,11920,2024-12-15,Direct,Delivered,Chandigarh
512096,11171,2025-08-21,Social,Delivered,Bhopal
512097,13966,2024-10-13,Organic,Delivered,Jaipur
512098,13232,2024-05-16,Affiliate,Delivered,Kochi
512099,12668,2024-03-24,Email,Delivered,Ahmedabad
512100,11121,2025-06-27,Email,Delivered,Bhopal
512101,12408,2024-06-19,Paid Search,Delivered,Bengaluru
512102,14814,2025-05-02,Organic,Delivered,Ahmedabad
512103,14974,2024-04-08,Affiliate,Delivered,Chandigarh
512104,10814,2024-02-28,Organic,Delivered,Lucknow
512105,12423,2025-06-03,Paid Search,Delivered,Lucknow
512106,13742,2024-09-08,Social,Delivered,Lucknow
512107,11489,2025-02-18,Organic,Delivered,Mumbai
512108,14992,2024-01-21,Social,Delivered,Noida
512109,12333,2024-05-17,Organic,Delivered,Delhi
512110,11733,2024-03-06,Paid Search,Delivered,Bhopal
512111,14709,2024-07-23,Direct,Delivered,Kolkata
512112,13016,2024-07-26,Social,Delivered,Bhopal
512113,10312,2024-09-30,Direct,Delivered,Kolkata
512114,10529,2024-06-26,Social,Delivered,Pune
512115,14902,2024-11-29,Affiliate,Delivered,Ghaziabad
512116,13110,2025-10-20,Organic,Delivered,Mumbai
512117,14350,2024-03-03,Paid Search,Delivered,Lucknow
512118,14938,2025-10-15,Paid Search,Delivered,Noida
512119,13723,2024-10-28,Organic,Delivered,Chennai
512120,14865,2025-02-26,Direct,Delivered,Delhi
512121,14773,2025-05-06,Social,Delivered,Bhopal
512122,12059,2025-06-21,Social,Delivered,Gurugram
512123,13194,2025-11-20,Social,Delivered,Chandigarh
512124,14104,2025-12-31,Paid Search,Delivered,Gurugram
512125,14738,2024-03-12,Direct,Delivered,Patna
512126,14133,2024-10-26,Email,Delivered,Gurugram
512127,14037,2025-01-29,Organic,Delivered,Bengaluru
512128,11637,2025-01-16,Social,Delivered,Chennai
512129,12144,2025-12-25,Organic,Delivered,Ghaziabad
512130,14114,2025-04-20,Email,Cancelled,Chandigarh
512131,10634,2024-10-21,Social,Delivered,Indore
512132,10813,2025-11-03,Direct,Delivered,Pune
512133,13940,2025-06-18,Direct,Delivered,Kolkata
512134,14895,2025-08-05,Organic,Delivered,Ahmedabad
512135,12092,2025-04-03,Organic,Delivered,Kochi
512136,14321,2024-02-17,Direct,Delivered,Gurugram
512137,11777,2025-12-10,Social,Delivered,Gurugram
512138,12553,2025-06-05,Social,Delivered,Pune
512139,14870,2024-04-19,Social,Delivered,Pune
512140,11927,2024-07-03,Social,Delivered,Bhopal
512141,14421,2024-09-06,Email,Delivered,Lucknow
512142,14730,2024-07-05,Direct,Delivered,Pune
512143,13692,2025-03-29,Social,Delivered,Ahmedabad
512144,10356,2025-02-04,Paid Search,Delivered,Bhopal
512145,14804,2024-06-04,Organic,Delivered,Mumbai
512146,12492,2025-05-23,Direct,Delivered,Patna
512147,11449,2024-07-28,Social,Delivered,Noida
512148,12435,2024-04-26,Social,Delivered,Kolkata
512149,12203,2025-11-30,Organic,Cancelled,Pune
512150,11907,2024-08-17,Direct,Delivered,Delhi
512151,13388,2024-06-19,Social,Cancelled,Bhopal
512152,10564,2025-06-07,Direct,Delivered,Chennai
512153,13166,2025-07-12,Organic,Delivered,Mumbai
512154,11257,2024-04-21,Paid Search,Delivered,Chandigarh
512155,13959,2024-02-10,Organic,Delivered,Ghaziabad
512156,14916,2025-09-13,Paid Search,Delivered,Mumbai
512157,12364,2025-01-03,Direct,Delivered,Ahmedabad
512158,14040,2024-11-29,Paid Search,Delivered,Bhopal
512159,11603,2024-11-03,Affiliate,Delivered,Hyderabad
512160,14192,2025-03-04,Affiliate,Delivered,Noida
512161,12668,2025-05-07,Paid Search,Delivered,Noida
512162,12548,2024-02-28,Social,Delivered,Indore
512163,10509,2024-07-13,Direct,Delivered,Hyderabad
512164,13310,2025-11-28,Email,Delivered,Chandigarh
512165,13956,2024-05-02,Paid Search,Delivered,Delhi
512166,12526,2025-10-25,Direct,Delivered,Chandigarh
512167,10798,2024-10-20,Social,Delivered,Delhi
512168,13387,2024-05-18,Direct,Delivered,Delhi
512169,13128,2025-03-10,Email,Delivered,Mumbai
512170,14318,2025-04-29,Paid Search,Delivered,Chandigarh
512171,14776,2024-09-12,Paid Search,Delivered,Indore
512172,11213,2025-08-02,Direct,Delivered,Gurugram
512173,11462,2024-02-16,Direct,Delivered,Kochi
512174,14755,2024-03-30,Paid Search,Delivered,Noida
512175,10592,2025-03-30,Organic,Delivered,Kochi
512176,14569,2025-02-26,Organic,Delivered,Bhopal
512177,10772,2025-05-26,Paid Search,Delivered,Gurugram
512178,12097,2025-09-13,Paid Search,Delivered,Lucknow
512179,10692,2025-11-10,Paid Search,Delivered,Lucknow
512180,14885,2025-01-05,Organic,Delivered,Noida
512181,12503,2025-01-01,Social,Delivered,Chennai
512182,14413,2025-11-06,Direct,Delivered,Lucknow
512183,10157,2025-12-03,Paid Search,Delivered,Mumbai
512184,10201,2024-02-04,Email,Delivered,Chandigarh
512185,12662,2025-01-04,Organic,Delivered,Kochi
512186,10211,2025-11-02,Email,Delivered,Patna
512187,12720,2024-02-07,Direct,Delivered,Gurugram
512188,13537,2025-12-15,Paid Search,Delivered,Noida
512189,12443,2025-07-01,Affiliate,Delivered,Jaipur
512190,13919,2024-04-23,Organic,Delivered,Kolkata
512191,10510,2025-04-13,Paid Search,Delivered,Hyderabad
512192,11244,2024-11-11,Organic,Delivered,Lucknow
512193,10801,2024-09-01,Paid Search,Delivered,Chandigarh
512194,12494,2025-03-29,Paid Search,Delivered,Kochi
512195,11982,2025-06-21,Email,Delivered,Noida
512196,12697,2025-10-14,Paid Search,Delivered,Hyderabad
512197,10766,2024-11-01,Affiliate,Delivered,Noida
512198,12228,2024-04-26,Paid Search,Delivered,Patna
512199,13827,2025-09-23,Organic,Delivered,Jaipur
512200,10346,2024-09-01,Social,Delivered,Indore
512201,13936,2025-07-09,Email,Delivered,Indore
512202,11095,2025-08-06,Direct,Delivered,Kolkata
512203,14343,2024-02-12,Affiliate,Cancelled,Chandigarh
512204,14073,2024-10-26,Social,Delivered,Bhopal
512205,12236,2024-03-03,Direct,Delivered,Bengaluru
512206,10366,2025-03-18,Paid Search,Delivered,Chandigarh
512207,11926,2025-08-04,Direct,Delivered,Jaipur
512208,13111,2025-02-13,Paid Search,Delivered,Kochi
512209,11698,2024-08-24,Paid Search,Delivered,Patna
512210,13171,2025-12-12,Paid Search,Delivered,Lucknow
512211,14116,2024-03-03,Social,Delivered,Ghaziabad
512212,14783,2024-04-13,Social,Delivered,Gurugram
512213,11990,2024-09-24,Organic,Delivered,Pune
512214,14938,2025-11-24,Paid Search,Delivered,Kolkata
512215,11244,2025-10-15,Social,Delivered,Gurugram
512216,14726,2025-02-16,Email,Delivered,Kolkata
512217,10714,2025-11-27,Direct,Delivered,Bengaluru
512218,12707,2025-10-22,Direct,Delivered,Hyderabad
512219,13365,2025-03-05,Social,Delivered,Pune
512220,10209,2024-03-27,Social,Delivered,Noida
512221,12219,2025-10-19,Email,Delivered,Ghaziabad
512222,11387,2025-04-13,Direct,Delivered,Delhi
512223,14079,2024-04-13,Affiliate,Delivered,Chennai
512224,12378,2025-09-06,Email,Delivered,Patna
512225,10520,2024-10-18,Paid Search,Delivered,Hyderabad
512226,10196,2025-07-29,Direct,Delivered,Pune
512227,10119,2024-07-10,Email,Delivered,Ghaziabad
512228,10186,2024-01-08,Organic,Delivered,Ghaziabad
512229,12425,2024-11-27,Social,Delivered,Patna
512230,11621,2024-11-26,Paid Search,Delivered,Kochi
512231,11043,2025-09-23,Organic,Delivered,Kolkata
512232,11937,2024-03-25,Email,Delivered,Ahmedabad
512233,12187,2025-10-29,Email,Delivered,Chennai
512234,12905,2024-04-21,Direct,Delivered,Mumbai
512235,12490,2025-11-14,Direct,Delivered,Indore
512236,14665,2025-05-31,Paid Search,Delivered,Kolkata
512237,11871,2024-09-20,Organic,Delivered,Gurugram
512238,11956,2025-11-30,Organic,Delivered,Kochi
512239,12061,2024-09-19,Direct,Delivered,Noida
512240,10241,2025-04-08,Paid Search,Delivered,Kochi
512241,13747,2024-01-12,Paid Search,Delivered,Jaipur
512242,12701,2024-03-15,Email,Delivered,Gurugram
512243,11994,2024-09-15,Organic,Delivered,Ghaziabad
512244,11790,2024-06-27,Email,Delivered,Gurugram
512245,12594,2024-06-15,Direct,Delivered,Kochi
512246,14506,2024-10-03,Email,Delivered,Jaipur
512247,11992,2025-03-20,Paid Search,Delivered,Lucknow
512248,12158,2024-04-01,Organic,Delivered,Lucknow
512249,10669,2025-07-03,Paid Search,Delivered,Indore
512250,11609,2025-09-11,Paid Search,Delivered,Lucknow
512251,13747,2025-09-02,Paid Search,Delivered,Hyderabad
512252,13620,2024-05-22,Organic,Delivered,Ahmedabad
512253,14028,2025-10-05,Social,Delivered,Delhi
512254,12467,2024-04-04,Paid Search,Delivered,Indore
512255,14501,2024-03-19,Social,Delivered,Lucknow
512256,12776,2025-06-14,Paid Search,Delivered,Patna
512257,10654,2025-07-09,Social,Delivered,Lucknow
512258,10761,2024-04-02,Email,Delivered,Bhopal
512259,12482,2024-10-30,Organic,Delivered,Bhopal
512260,11876,2024-10-26,Social,Delivered,Pune
512261,10537,2025-06-12,Email,Delivered,Noida
512262,10233,2025-01-11,Email,Delivered,Hyderabad
512263,13093,2025-03-15,Direct,Delivered,Kolkata
512264,13775,2024-02-28,Affiliate,Delivered,Kochi
512265,11101,2025-12-15,Affiliate,Delivered,Jaipur
512266,11228,2025-02-10,Direct,Delivered,Bengaluru
512267,12674,2025-05-03,Direct,Delivered,Kochi
512268,10603,2024-12-16,Direct,Delivered,Kolkata
512269,14189,2024-06-29,Email,Delivered,Chandigarh
512270,12948,2025-05-03,Direct,Delivered,Delhi
512271,11808,2024-07-29,Paid Search,Delivered,Bengaluru
512272,12898,2024-06-09,Direct,Delivered,Hyderabad
512273,10815,2025-02-07,Organic,Delivered,Patna
512274,11579,2024-09-17,Organic,Delivered,Ahmedabad
512275,12660,2025-10-15,Organic,Delivered,Bhopal
512276,14812,2025-04-27,Affiliate,Delivered,Mumbai
512277,14220,2024-09-29,Paid Search,Delivered,Gurugram
512278,13178,2024-01-27,Affiliate,Delivered,Noida
512279,11677,2024-09-06,Social,Delivered,Pune
512280,14632,2024-03-25,Paid Search,Delivered,Ahmedabad
512281,10644,2024-06-09,Direct,Delivered,Pune
512282,11503,2024-07-26,Paid Search,Delivered,Ahmedabad
512283,12150,2025-04-21,Email,Delivered,Lucknow
512284,12760,2024-03-18,Direct,Delivered,Chandigarh
512285,13371,2024-04-28,Organic,Delivered,Bhopal
512286,12068,2024-01-29,Paid Search,Delivered,Ahmedabad
512287,14714,2025-11-01,Organic,Delivered,Bhopal
512288,12067,2025-12-22,Social,Delivered,Mumbai
512289,13148,2024-08-05,Affiliate,Delivered,Ahmedabad
512290,10239,2024-11-29,Organic,Delivered,Gurugram
512291,10786,2024-08-08,Organic,Delivered,Bhopal
512292,11099,2025-01-25,Affiliate,Delivered,Gurugram
512293,10006,2025-02-06,Email,Delivered,Ahmedabad
512294,14347,2024-07-05,Paid Search,Delivered,Lucknow
512295,13125,2025-04-16,Paid Search,Delivered,Ahmedabad
512296,14250,2024-01-06,Paid Search,Cancelled,Delhi
512297,11664,2025-04-16,Organic,Delivered,Chandigarh
512298,10526,2025-07-02,Social,Delivered,Kochi
512299,11640,2024-02-08,Email,Delivered,Jaipur
512300,10091,2025-06-13,Direct,Delivered,Pune
512301,11518,2025-06-23,Social,Delivered,Indore
512302,10511,2025-12-11,Organic,Delivered,Pune
512303,11071,2025-08-12,Paid Search,Delivered,Indore
512304,13195,2024-01-16,Affiliate,Cancelled,Hyderabad
512305,14812,2024-02-29,Email,Delivered,Delhi
512306,11200,2024-04-10,Affiliate,Delivered,Ghaziabad
512307,14913,2025-03-01,Paid Search,Delivered,Bhopal
512308,13814,2025-06-04,Organic,Cancelled,Noida
512309,10602,2025-04-26,Direct,Delivered,Jaipur
512310,10030,2024-08-29,Paid Search,Delivered,Bhopal
512311,10565,2024-05-26,Organic,Delivered,Ghaziabad
512312,13579,2024-02-16,Social,Delivered,Ghaziabad
512313,13355,2024-09-30,Affiliate,Delivered,Delhi
512314,14432,2024-08-08,Social,Delivered,Chennai
512315,12627,2024-08-10,Email,Delivered,Mumbai
512316,10225,2024-03-05,Paid Search,Delivered,Indore
512317,15000,2024-07-31,Affiliate,Delivered,Bengaluru
512318,14337,2025-09-04,Affiliate,Delivered,Pune
512319,13583,2024-06-25,Email,Delivered,Kolkata
512320,14590,2025-10-03,Organic,Delivered,Patna
512321,11397,2024-03-04,Social,Delivered,Lucknow
512322,12680,2025-04-10,Affiliate,Delivered,Mumbai
512323,12662,2024-03-19,Paid Search,Delivered,Chennai
512324,11423,2024-10-08,Paid Search,Delivered,Ahmedabad
512325,14981,2025-11-28,Direct,Delivered,Ahmedabad
512326,12815,2025-07-15,Direct,Delivered,Kochi
512327,14596,2025-01-10,Direct,Delivered,Indore
512328,11553,2025-04-06,Social,Delivered,Chandigarh
512329,12478,2025-04-27,Organic,Delivered,Kochi
512330,14667,2025-08-01,Organic,Delivered,Kolkata
512331,10897,2025-03-09,Email,Cancelled,Lucknow
512332,12719,2025-01-08,Affiliate,Delivered,Chandigarh
512333,13982,2024-02-25,Paid Search,Delivered,Bhopal
512334,13994,2025-12-01,Paid Search,Delivered,Delhi
512335,13758,2025-02-17,Direct,Delivered,Kolkata
512336,13050,2024-07-31,Organic,Delivered,Delhi
512337,10034,2024-04-08,Organic,Delivered,Bengaluru
512338,11443,2025-03-17,Direct,Delivered,Ahmedabad
512339,13976,2025-07-25,Social,Delivered,Jaipur
512340,12501,2025-08-13,Affiliate,Cancelled,Kochi
512341,11795,2025-10-09,Direct,Delivered,Kolkata
512342,14400,2025-10-15,Affiliate,Delivered,Noida
512343,11715,2025-03-31,Social,Delivered,Chandigarh
512344,11915,2025-11-23,Email,Delivered,Mumbai
512345,12023,2024-02-24,Email,Delivered,Gurugram
512346,11707,2024-10-15,Direct,Delivered,Noida
512347,12529,2024-12-19,Organic,Delivered,Indore
512348,14783,2025-05-26,Email,Delivered,Patna
512349,14987,2024-08-06,Direct,Delivered,Jaipur
512350,11671,2024-07-31,Paid Search,Delivered,Noida
512351,11849,2025-10-22,Email,Delivered,Bengaluru
512352,14298,2025-04-19,Paid Search,Delivered,Pune
512353,12877,2025-04-09,Organic,Delivered,Kolkata
512354,10892,2024-05-14,Organic,Delivered,Kochi
512355,12747,2024-12-31,Social,Cancelled,Lucknow
512356,13959,2024-11-04,Organic,Delivered,Patna
512357,12018,2025-03-29,Social,Delivered,Chennai
512358,13077,2025-11-03,Paid Search,Delivered,Jaipur
512359,13874,2024-07-22,Organic,Cancelled,Pune
512360,10601,2025-08-15,Organic,Delivered,Bhopal
512361,14874,2025-04-08,Affiliate,Delivered,Ghaziabad
512362,10320,2024-12-28,Paid Search,Delivered,Pune
512363,10570,2025-11-25,Email,Delivered,Bengaluru
512364,11492,2024-04-17,Affiliate,Delivered,Hyderabad
512365,10100,2025-05-10,Affiliate,Delivered,Patna
512366,13288,2024-10-18,Email,Delivered,Jaipur
512367,12627,2025-05-13,Affiliate,Delivered,Chandigarh
512368,11801,2024-04-11,Social,Delivered,Patna
512369,14938,2025-06-22,Social,Cancelled,Noida
512370,11356,2024-02-20,Organic,Delivered,Chandigarh
512371,14397,2024-09-12,Direct,Delivered,Pune
512372,12910,2025-10-24,Direct,Delivered,Kochi
512373,13465,2025-04-07,Email,Delivered,Lucknow
512374,14763,2024-12-25,Email,Delivered,Indore
512375,11271,2024-08-29,Social,Delivered,Lucknow
512376,10610,2024-03-06,Organic,Delivered,Indore
512377,13964,2024-03-22,Paid Search,Delivered,Kochi
512378,13223,2025-06-07,Paid Search,Cancelled,Bhopal
512379,10987,2024-07-19,Affiliate,Delivered,Pune
512380,14563,2024-02-24,Social,Delivered,Delhi
512381,13589,2024-11-16,Paid Search,Delivered,Jaipur
512382,12706,2024-10-16,Paid Search,Delivered,Gurugram
512383,10662,2025-12-01,Direct,Delivered,Bhopal
512384,14821,2024-06-17,Affiliate,Delivered,Mumbai
512385,12627,2024-07-14,Affiliate,Delivered,Lucknow
512386,12990,2024-04-30,Paid Search,Delivered,Jaipur
512387,10137,2024-05-17,Social,Delivered,Noida
512388,13364,2025-01-25,Social,Delivered,Jaipur
512389,14177,2024-06-11,Organic,Delivered,Bhopal
512390,13957,2025-06-10,Paid Search,Delivered,Chandigarh
512391,11885,2025-08-20,Social,Delivered,Hyderabad
512392,10999,2024-12-22,Email,Delivered,Patna
512393,12217,2024-06-24,Paid Search,Delivered,Ghaziabad
512394,12801,2025-08-23,Organic,Cancelled,Hyderabad
512395,11346,2025-12-07,Paid Search,Delivered,Lucknow
512396,13072,2025-11-01,Social,Delivered,Patna
512397,14623,2025-11-03,Email,Delivered,Hyderabad
512398,10601,2025-08-13,Direct,Delivered,Gurugram
512399,11233,2025-06-23,Paid Search,Delivered,Indore
512400,12278,2025-11-30,Social,Delivered,Ghaziabad
512401,10868,2024-09-05,Paid Search,Delivered,Lucknow
512402,13854,2025-11-10,Email,Delivered,Chandigarh
512403,10305,2024-01-16,Direct,Delivered,Jaipur
512404,10204,2025-08-31,Social,Delivered,Hyderabad
512405,11766,2024-09-01,Direct,Delivered,Mumbai
512406,12068,2024-08-01,Organic,Delivered,Mumbai
512407,13528,2025-05-08,Direct,Delivered,Ghaziabad
512408,10729,2024-05-07,Affiliate,Delivered,Hyderabad
512409,13919,2025-12-27,Organic,Delivered,Chennai
512410,10879,2025-06-15,Email,Delivered,Kolkata
512411,14745,2024-01-15,Social,Delivered,Ghaziabad
512412,12563,2025-09-10,Direct,Delivered,Ahmedabad
512413,13834,2024-03-19,Paid Search,Delivered,Indore
512414,10148,2025-08-24,Social,Delivered,Bengaluru
512415,13585,2025-08-17,Social,Delivered,Bengaluru
512416,12125,2025-04-15,Organic,Cancelled,Chandigarh
512417,12511,2025-03-14,Affiliate,Delivered,Kolkata
512418,10129,2025-08-29,Affiliate,Delivered,Lucknow
512419,13105,2025-09-13,Social,Delivered,Ghaziabad
512420,14628,2025-05-31,Direct,Cancelled,Ghaziabad
512421,14977,2024-05-04,Direct,Delivered,Chandigarh
512422,14415,2025-05-01,Affiliate,Delivered,Mumbai
512423,13589,2024-05-27,Organic,Delivered,Chennai
512424,11059,2024-02-04,Direct,Delivered,Lucknow
512425,11846,2024-04-20,Paid Search,Delivered,Bengaluru
512426,10330,2024-12-02,Social,Delivered,Bhopal
512427,11125,2025-12-05,Direct,Delivered,Pune
512428,11254,2024-01-25,Paid Search,Delivered,Bhopal
512429,13335,2024-02-24,Organic,Delivered,Jaipur
512430,10142,2024-03-08,Direct,Cancelled,Gurugram
512431,14647,2024-05-19,Organic,Delivered,Kochi
512432,13674,2025-01-30,Organic,Delivered,Noida
512433,13363,2025-08-23,Paid Search,Delivered,Pune
512434,12870,2024-02-04,Affiliate,Delivered,Patna
512435,11269,2025-08-11,Social,Delivered,Bengaluru
512436,12720,2025-10-29,Paid Search,Delivered,Mumbai
512437,13188,2024-02-28,Direct,Delivered,Delhi
512438,14260,2024-11-25,Affiliate,Delivered,Delhi
512439,13415,2025-08-18,Email,Delivered,Pune
512440,14047,2025-05-26,Paid Search,Delivered,Chandigarh
512441,12284,2024-05-15,Direct,Delivered,Gurugram
512442,12045,2024-04-18,Paid Search,Delivered,Kolkata
512443,13905,2024-11-21,Direct,Delivered,Bhopal
512444,13052,2025-09-11,Paid Search,Delivered,Bengaluru
512445,11970,2025-11-24,Affiliate,Delivered,Ahmedabad
512446,12210,2024-12-15,Direct,Delivered,Patna
512447,12783,2025-01-22,Organic,Delivered,Patna
512448,13121,2025-02-12,Organic,Delivered,Delhi
512449,11804,2024-12-24,Organic,Delivered,Kolkata
512450,10758,2025-04-19,Paid Search,Delivered,Indore
512451,14492,2024-07-19,Social,Delivered,Kochi
512452,11501,2025-01-29,Organic,Delivered,Ahmedabad
512453,10809,2025-03-24,Organic,Delivered,Pune
512454,11260,2025-02-15,Paid Search,Delivered,Kolkata
512455,14344,2025-12-13,Organic,Delivered,Lucknow
512456,10838,2025-06-28,Affiliate,Delivered,Ahmedabad
512457,13487,2025-06-20,Paid Search,Delivered,Indore
512458,12070,2025-08-12,Organic,Delivered,Kolkata
512459,13038,2025-01-20,Organic,Delivered,Indore
512460,13633,2024-08-11,Paid Search,Delivered,Mumbai
512461,11112,2025-01-26,Organic,Delivered,Kochi
512462,11981,2025-11-05,Organic,Delivered,Gurugram
512463,13954,2025-10-04,Organic,Delivered,Gurugram
512464,14914,2024-09-15,Paid Search,Delivered,Lucknow
512465,14266,2024-12-19,Social,Delivered,Delhi
512466,11511,2024-07-18,Email,Delivered,Ahmedabad
512467,11187,2024-01-09,Direct,Cancelled,Noida
512468,14741,2024-08-15,Email,Delivered,Lucknow
512469,13434,2024-03-14,Organic,Delivered,Chennai
512470,10968,2024-09-19,Paid Search,Delivered,Jaipur
512471,13236,2024-02-09,Email,Delivered,Ghaziabad
512472,11604,2024-08-19,Social,Delivered,Chennai
512473,10783,2025-06-06,Organic,Delivered,Bhopal
512474,10821,2025-09-08,Affiliate,Delivered,Bengaluru
512475,11892,2025-10-10,Organic,Delivered,Mumbai
512476,11190,2025-02-14,Paid Search,Delivered,Indore
512477,13926,2025-02-03,Affiliate,Delivered,Noida
512478,10786,2025-12-08,Direct,Delivered,Gurugram
512479,10937,2025-02-10,Direct,Delivered,Ghaziabad
512480,13125,2024-03-02,Direct,Delivered,Hyderabad
512481,12172,2025-11-15,Paid Search,Delivered,Hyderabad
512482,11004,2025-03-24,Paid Search,Delivered,Bengaluru
512483,10346,2025-05-02,Organic,Delivered,Pune
512484,10426,2024-03-11,Social,Delivered,Lucknow
512485,11457,2024-12-09,Affiliate,Delivered,Lucknow
512486,11333,2024-12-01,Organic,Delivered,Ghaziabad
512487,12904,2025-08-18,Paid Search,Delivered,Ahmedabad
512488,13393,2024-10-06,Direct,Delivered,Noida
512489,10829,2024-09-07,Organic,Delivered,Mumbai
512490,12144,2025-05-12,Paid Search,Delivered,Chennai
512491,12332,2024-01-12,Direct,Delivered,Indore
512492,10781,2025-06-28,Paid Search,Delivered,Chandigarh
512493,12444,2024-01-06,Direct,Delivered,Indore
512494,10318,2024-06-23,Paid Search,Delivered,Hyderabad
512495,11559,2024-12-29,Paid Search,Delivered,Noida
512496,13647,2024-05-21,Organic,Delivered,Lucknow
512497,11224,2024-01-26,Organic,Delivered,Noida
512498,13521,2024-11-02,Paid Search,Delivered,Hyderabad
512499,10534,2025-05-31,Email,Delivered,Hyderabad
512500,12308,2024-06-25,Social,Delivered,Kolkata
512501,14511,2024-07-19,Paid Search,Delivered,Ahmedabad
512502,12639,2025-05-09,Organic,Delivered,Jaipur
512503,14083,2025-11-23,Email,Delivered,Chandigarh
512504,11203,2025-01-13,Paid Search,Delivered,Noida
512505,10928,2025-02-12,Organic,Delivered,Patna
512506,12427,2025-08-27,Direct,Delivered,Mumbai
512507,11240,2024-02-18,Direct,Delivered,Chandigarh
512508,13644,2025-12-18,Organic,Delivered,Kolkata
512509,11760,2024-12-13,Paid Search,Delivered,Chandigarh
512510,13858,2024-10-03,Social,Delivered,Lucknow
512511,10176,2025-03-27,Paid Search,Delivered,Mumbai
512512,11703,2025-10-28,Direct,Delivered,Indore
512513,11215,2025-11-15,Paid Search,Delivered,Pune
512514,13395,2025-07-22,Organic,Delivered,Chennai
512515,11031,2024-12-19,Social,Delivered,Chennai
512516,12433,2024-04-19,Organic,Delivered,Indore
512517,11802,2024-05-19,Paid Search,Delivered,Ghaziabad
512518,13697,2025-09-03,Social,Delivered,Kochi
512519,11850,2024-04-01,Direct,Delivered,Bengaluru
512520,13454,2024-12-17,Paid Search,Delivered,Ghaziabad
512521,10447,2024-10-25,Email,Delivered,Hyderabad
512522,13752,2025-06-02,Organic,Delivered,Chandigarh
512523,13195,2024-09-07,Direct,Delivered,Hyderabad
512524,10825,2025-05-28,Paid Search,Delivered,Indore
512525,10544,2025-01-06,Paid Search,Delivered,Ahmedabad
512526,11611,2025-10-09,Organic,Delivered,Bhopal
512527,14941,2024-05-16,Affiliate,Cancelled,Ahmedabad
512528,11325,2025-07-10,Organic,Cancelled,Mumbai
512529,12374,2025-06-11,Email,Delivered,Hyderabad
512530,12236,2025-08-25,Paid Search,Delivered,Pune
512531,11475,2024-12-24,Email,Delivered,Hyderabad
512532,12325,2024-08-22,Direct,Delivered,Lucknow
512533,10878,2025-01-13,Paid Search,Delivered,Indore
512534,13337,2025-12-12,Email,Delivered,Kolkata
512535,10800,2024-05-22,Paid Search,Delivered,Mumbai
512536,12849,2025-04-28,Social,Delivered,Hyderabad
512537,11591,2024-06-12,Organic,Delivered,Jaipur
512538,12900,2025-07-19,Organic,Cancelled,Patna
512539,12740,2024-11-05,Affiliate,Delivered,Noida
512540,13165,2025-09-19,Paid Search,Delivered,Chandigarh
512541,13027,2024-04-29,Organic,Delivered,Chennai
512542,11365,2024-03-31,Paid Search,Delivered,Chennai
512543,12942,2025-11-25,Email,Delivered,Mumbai
512544,11131,2024-09-02,Direct,Delivered,Chennai
512545,11941,2024-03-03,Direct,Delivered,Kochi
512546,11076,2025-09-03,Affiliate,Delivered,Ghaziabad
512547,12673,2024-10-29,Direct,Delivered,Lucknow
512548,13898,2025-11-04,Email,Cancelled,Jaipur
512549,13026,2024-11-16,Social,Delivered,Mumbai
512550,10487,2025-07-06,Social,Delivered,Pune
512551,10385,2025-02-27,Direct,Delivered,Hyderabad
512552,11581,2024-12-18,Organic,Cancelled,Bhopal
512553,12943,2024-12-21,Social,Delivered,Chennai
512554,11402,2024-07-02,Affiliate,Delivered,Patna
512555,14976,2025-06-22,Organic,Delivered,Chennai
512556,12960,2025-01-18,Affiliate,Delivered,Kolkata
512557,14471,2024-01-02,Direct,Delivered,Mumbai
512558,14621,2024-10-17,Social,Delivered,Ghaziabad
512559,10481,2024-10-23,Affiliate,Delivered,Bengaluru
512560,14393,2025-10-09,Organic,Delivered,Kolkata
512561,10255,2024-11-08,Direct,Delivered,Kochi
512562,10527,2025-02-18,Organic,Delivered,Kochi
512563,12702,2024-03-01,Organic,Delivered,Mumbai
512564,12702,2024-10-13,Social,Delivered,Ahmedabad
512565,13243,2024-07-26,Affiliate,Delivered,Noida
512566,10186,2024-12-30,Email,Delivered,Hyderabad
512567,10539,2025-10-18,Social,Delivered,Mumbai
512568,13963,2025-11-13,Affiliate,Delivered,Ahmedabad
512569,12957,2024-07-28,Social,Delivered,Jaipur
512570,11874,2025-03-24,Direct,Delivered,Pune
512571,10911,2025-11-28,Organic,Delivered,Bhopal
512572,11075,2024-06-16,Direct,Delivered,Lucknow
512573,11535,2024-11-16,Direct,Delivered,Kolkata
512574,12421,2024-12-31,Direct,Delivered,Mumbai
512575,14071,2024-01-03,Paid Search,Delivered,Patna
512576,12176,2024-12-06,Direct,Delivered,Ghaziabad
512577,12188,2024-03-29,Organic,Delivered,Bhopal
512578,14716,2024-08-14,Organic,Delivered,Chandigarh
512579,10466,2024-03-25,Paid Search,Delivered,Noida
512580,10166,2025-06-22,Direct,Delivered,Chennai
512581,14965,2025-09-02,Direct,Delivered,Pune
512582,14750,2024-07-15,Social,Delivered,Chennai
512583,12018,2024-01-30,Affiliate,Delivered,Gurugram
512584,11172,2024-12-26,Social,Delivered,Kolkata
512585,10615,2024-03-24,Organic,Delivered,Bengaluru
512586,10726,2024-11-18,Email,Delivered,Lucknow
512587,14461,2025-02-01,Organic,Delivered,Delhi
512588,13710,2024-12-07,Email,Delivered,Mumbai
512589,14223,2025-01-16,Paid Search,Delivered,Bhopal
512590,12613,2025-02-18,Paid Search,Delivered,Lucknow
512591,13289,2024-04-29,Email,Delivered,Chennai
512592,14479,2025-05-14,Social,Delivered,Ghaziabad
512593,11788,2025-05-03,Direct,Delivered,Kolkata
512594,12714,2024-04-14,Email,Delivered,Kochi
512595,11442,2024-11-13,Paid Search,Delivered,Bhopal
512596,12528,2024-07-29,Affiliate,Delivered,Kochi
512597,11063,2024-10-17,Organic,Delivered,Chennai
512598,11031,2025-07-18,Affiliate,Delivered,Pune
512599,11787,2025-03-12,Paid Search,Delivered,Ghaziabad
512600,14749,2025-10-25,Paid Search,Delivered,Ghaziabad
512601,11358,2025-02-20,Social,Delivered,Bengaluru
512602,13323,2024-02-02,Direct,Delivered,Chandigarh
512603,12858,2025-06-03,Paid Search,Delivered,Ahmedabad
512604,13008,2024-02-23,Direct,Delivered,Indore
512605,10652,2024-09-06,Social,Delivered,Jaipur
512606,13951,2025-11-13,Paid Search,Delivered,Mumbai
512607,13925,2025-12-24,Email,Delivered,Noida
512608,10507,2024-04-18,Affiliate,Delivered,Bengaluru
512609,11971,2025-12-21,Social,Delivered,Gurugram
512610,14333,2025-12-16,Organic,Delivered,Pune
512611,11187,2025-10-04,Affiliate,Delivered,Lucknow
512612,12503,2025-08-28,Affiliate,Delivered,Chennai
512613,14138,2024-02-24,Affiliate,Delivered,Bengaluru
512614,14012,2024-03-29,Affiliate,Cancelled,Indore
512615,11936,2025-03-24,Paid Search,Delivered,Hyderabad
512616,13564,2024-03-15,Social,Delivered,Indore
512617,14655,2024-07-02,Email,Delivered,Ghaziabad
512618,12257,2025-12-15,Organic,Delivered,Jaipur
512619,14871,2025-10-27,Social,Delivered,Jaipur
512620,13849,2024-07-05,Organic,Delivered,Jaipur
512621,13239,2025-01-28,Direct,Delivered,Ahmedabad
512622,13604,2025-01-28,Organic,Delivered,Lucknow
512623,10938,2024-07-11,Affiliate,Delivered,Delhi
512624,10019,2024-06-21,Organic,Delivered,Delhi
512625,14137,2024-11-15,Direct,Delivered,Ghaziabad
512626,13547,2025-03-15,Email,Delivered,Ahmedabad
512627,14690,2025-08-10,Paid Search,Delivered,Indore
512628,12544,2025-09-06,Organic,Delivered,Mumbai
512629,11928,2024-01-15,Social,Delivered,Bengaluru
512630,14198,2025-04-25,Paid Search,Delivered,Bengaluru
512631,14708,2025-03-26,Affiliate,Delivered,Bhopal
512632,14049,2024-02-04,Affiliate,Delivered,Gurugram
512633,14136,2025-09-02,Email,Delivered,Jaipur
512634,10854,2025-03-11,Paid Search,Delivered,Lucknow
512635,14343,2025-06-09,Organic,Delivered,Pune
512636,10109,2025-04-28,Social,Delivered,Ahmedabad
512637,13777,2024-09-01,Social,Delivered,Pune
512638,10982,2024-05-26,Email,Cancelled,Chandigarh
512639,10207,2024-10-03,Social,Delivered,Chandigarh
512640,13706,2025-07-11,Social,Cancelled,Noida
512641,11698,2025-04-10,Social,Delivered,Chennai
512642,14357,2025-04-03,Social,Delivered,Chennai
512643,11414,2024-04-05,Direct,Delivered,Kolkata
512644,13503,2024-01-07,Organic,Delivered,Ghaziabad
512645,13219,2025-05-03,Organic,Delivered,Bhopal
512646,14103,2025-11-25,Organic,Delivered,Pune
512647,14306,2024-09-19,Paid Search,Delivered,Indore
512648,12937,2024-11-21,Email,Delivered,Mumbai
512649,11730,2025-12-01,Direct,Delivered,Bengaluru
512650,12533,2024-06-18,Email,Delivered,Kochi
512651,13010,2025-01-16,Direct,Delivered,Pune
512652,14852,2024-03-04,Organic,Delivered,Bhopal
512653,10863,2024-07-11,Organic,Delivered,Kolkata
512654,10403,2024-09-30,Organic,Delivered,Lucknow
512655,12323,2025-05-16,Email,Delivered,Delhi
512656,12107,2024-08-12,Paid Search,Delivered,Mumbai
512657,14505,2024-12-02,Paid Search,Delivered,Kochi
512658,11391,2024-08-05,Paid Search,Delivered,Ahmedabad
512659,10742,2024-04-13,Direct,Cancelled,Chandigarh
512660,10611,2025-08-02,Organic,Delivered,Noida
512661,14471,2025-05-06,Paid Search,Delivered,Gurugram
512662,13028,2025-04-17,Social,Delivered,Pune
512663,14881,2025-03-02,Paid Search,Delivered,Kochi
512664,11317,2024-04-07,Email,Delivered,Hyderabad
512665,10407,2025-01-11,Social,Delivered,Chandigarh
512666,12315,2025-06-01,Affiliate,Delivered,Lucknow
512667,10865,2024-12-27,Direct,Delivered,Lucknow
512668,10683,2025-06-12,Paid Search,Delivered,Bhopal
512669,14414,2024-08-28,Direct,Delivered,Delhi
512670,11950,2025-01-10,Email,Delivered,Pune
512671,10351,2024-10-05,Direct,Delivered,Indore
512672,11002,2025-12-28,Social,Delivered,Bhopal
512673,11835,2024-05-10,Organic,Delivered,Patna
512674,14485,2024-07-26,Email,Delivered,Kolkata
512675,13192,2025-05-12,Direct,Delivered,Ahmedabad
512676,12612,2024-02-12,Direct,Delivered,Pune
512677,12914,2025-01-09,Organic,Delivered,Kolkata
512678,13998,2024-01-22,Social,Delivered,Bhopal
512679,10969,2025-01-20,Direct,Delivered,Kolkata
512680,12429,2024-08-22,Paid Search,Delivered,Mumbai
512681,11932,2024-05-18,Social,Delivered,Kochi
512682,10212,2024-12-29,Direct,Delivered,Chandigarh
512683,12755,2024-08-30,Social,Delivered,Bengaluru
512684,13473,2024-02-27,Organic,Delivered,Jaipur
512685,13331,2025-01-24,Organic,Delivered,Chandigarh
512686,10240,2025-02-17,Social,Delivered,Mumbai
512687,11975,2025-04-28,Social,Delivered,Chennai
512688,11976,2025-10-20,Direct,Delivered,Gurugram
512689,10779,2025-05-28,Affiliate,Delivered,Chandigarh
512690,12735,2025-08-05,Organic,Delivered,Kolkata
512691,12655,2025-04-18,Affiliate,Delivered,Delhi
512692,13900,2025-05-06,Organic,Delivered,Chandigarh
512693,13819,2025-08-02,Organic,Delivered,Chandigarh
512694,14493,2025-04-28,Social,Delivered,Lucknow
512695,12124,2025-01-02,Social,Delivered,Chennai
512696,11025,2025-06-17,Paid Search,Delivered,Indore
512697,12707,2025-12-06,Social,Delivered,Gurugram
512698,13318,2024-12-27,Direct,Delivered,Delhi
512699,11667,2024-06-14,Email,Delivered,Indore
512700,12352,2024-10-20,Paid Search,Delivered,Jaipur
512701,14593,2024-01-11,Direct,Delivered,Gurugram
512702,13838,2024-08-12,Organic,Delivered,Lucknow
512703,13049,2025-10-10,Organic,Delivered,Mumbai
512704,14700,2024-03-13,Paid Search,Delivered,Bhopal
512705,10072,2025-10-11,Paid Search,Delivered,Bhopal
512706,12665,2025-02-14,Organic,Delivered,Bhopal
512707,11332,2024-08-20,Paid Search,Delivered,Lucknow
512708,11434,2024-12-11,Social,Delivered,Jaipur
512709,13921,2025-10-04,Organic,Delivered,Chennai
512710,13993,2024-03-27,Organic,Delivered,Chennai
512711,12431,2025-02-17,Email,Delivered,Bengaluru
512712,12634,2024-07-15,Paid Search,Delivered,Ahmedabad
512713,13000,2025-01-30,Email,Delivered,Ghaziabad
512714,14412,2025-07-29,Paid Search,Delivered,Chandigarh
512715,10110,2025-11-04,Affiliate,Delivered,Ahmedabad
512716,12831,2024-07-05,Direct,Delivered,Mumbai
512717,10340,2025-04-30,Paid Search,Delivered,Patna
512718,14686,2024-11-07,Email,Delivered,Kochi
512719,11193,2025-01-02,Affiliate,Delivered,Gurugram
512720,10088,2024-04-27,Social,Delivered,Ghaziabad
512721,14047,2025-09-18,Paid Search,Delivered,Patna
512722,13695,2024-05-04,Organic,Delivered,Ahmedabad
512723,14508,2024-01-30,Email,Delivered,Lucknow
512724,11733,2025-07-06,Social,Delivered,Noida
512725,11383,2024-10-23,Direct,Delivered,Lucknow
512726,13344,2024-02-18,Organic,Delivered,Patna
512727,14729,2025-05-12,Organic,Delivered,Chennai
512728,14712,2024-07-27,Paid Search,Delivered,Ahmedabad
512729,11998,2025-12-14,Social,Delivered,Kochi
512730,13270,2025-12-17,Email,Delivered,Chennai
512731,14136,2025-02-06,Organic,Delivered,Ghaziabad
512732,13725,2024-12-13,Social,Delivered,Gurugram
512733,13004,2024-11-21,Affiliate,Delivered,Bhopal
512734,10791,2025-03-19,Direct,Delivered,Delhi
512735,13159,2025-10-26,Direct,Delivered,Lucknow
512736,10853,2025-04-13,Social,Delivered,Kolkata
512737,12257,2024-03-13,Direct,Delivered,Jaipur
512738,12868,2024-05-23,Social,Delivered,Hyderabad
512739,10131,2025-04-05,Organic,Delivered,Pune
512740,12154,2024-09-26,Direct,Delivered,Chandigarh
512741,11567,2024-12-16,Organic,Delivered,Patna
512742,10556,2024-10-19,Paid Search,Delivered,Bhopal
512743,13238,2025-03-11,Organic,Delivered,Chandigarh
512744,13642,2024-06-17,Social,Delivered,Indore
512745,14469,2024-02-23,Social,Delivered,Chandigarh
512746,13495,2024-06-20,Email,Delivered,Mumbai
512747,10916,2025-05-03,Organic,Delivered,Ghaziabad
512748,10458,2025-03-20,Organic,Delivered,Bengaluru
512749,14112,2025-08-14,Paid Search,Delivered,Kolkata
512750,10244,2024-03-20,Organic,Delivered,Patna
512751,11902,2024-04-13,Organic,Delivered,Patna
512752,11895,2024-04-04,Paid Search,Delivered,Ghaziabad
512753,10909,2025-02-15,Direct,Delivered,Gurugram
512754,13165,2025-02-23,Affiliate,Delivered,Chennai
512755,13852,2024-04-26,Paid Search,Delivered,Chandigarh
512756,14468,2024-11-24,Paid Search,Delivered,Noida
512757,12347,2024-02-07,Direct,Delivered,Lucknow
512758,12173,2025-03-23,Email,Delivered,Chandigarh
512759,11017,2025-02-20,Direct,Delivered,Patna
512760,10421,2024-01-20,Direct,Delivered,Gurugram
512761,14204,2024-03-05,Organic,Delivered,Ahmedabad
512762,14203,2025-05-30,Organic,Delivered,Kolkata
512763,14906,2025-10-19,Paid Search,Delivered,Chennai
512764,10625,2025-09-13,Social,Delivered,Ghaziabad
512765,12108,2025-02-18,Direct,Delivered,Kolkata
512766,13187,2025-01-18,Paid Search,Delivered,Mumbai
512767,14404,2025-08-13,Direct,Delivered,Noida
512768,12068,2025-09-06,Email,Delivered,Patna
512769,10693,2025-10-24,Email,Delivered,Delhi
512770,14548,2024-10-19,Email,Delivered,Indore
512771,10417,2024-12-13,Social,Delivered,Bhopal
512772,13525,2024-02-27,Email,Delivered,Bhopal
512773,11832,2024-05-08,Affiliate,Delivered,Mumbai
512774,10001,2024-10-02,Social,Delivered,Chennai
512775,12630,2025-08-14,Organic,Delivered,Indore
512776,11864,2024-11-22,Social,Delivered,Chennai
512777,12181,2025-03-05,Social,Delivered,Kochi
512778,10902,2025-09-24,Direct,Delivered,Noida
512779,13365,2024-12-13,Organic,Delivered,Kolkata
512780,11418,2024-09-01,Organic,Cancelled,Kolkata
512781,10762,2025-06-17,Paid Search,Delivered,Ahmedabad
512782,11995,2024-08-18,Affiliate,Delivered,Hyderabad
512783,10938,2024-10-10,Social,Delivered,Kolkata
512784,12707,2025-10-11,Paid Search,Delivered,Indore
512785,12662,2024-11-15,Email,Delivered,Mumbai
512786,13992,2024-07-02,Social,Delivered,Mumbai
512787,14898,2025-09-02,Social,Delivered,Ahmedabad
512788,10433,2025-04-14,Paid Search,Delivered,Delhi
512789,10188,2025-07-15,Email,Delivered,Ahmedabad
512790,12206,2024-08-26,Organic,Delivered,Indore
512791,10336,2025-07-25,Organic,Delivered,Lucknow
512792,14254,2025-11-26,Email,Delivered,Hyderabad
512793,14040,2024-04-29,Organic,Cancelled,Mumbai
512794,12161,2024-05-18,Paid Search,Delivered,Bhopal
512795,14805,2025-02-16,Paid Search,Delivered,Indore
512796,12597,2025-06-13,Email,Delivered,Noida
512797,12728,2024-01-01,Affiliate,Delivered,Pune
512798,13894,2025-02-06,Affiliate,Delivered,Noida
512799,12756,2024-04-03,Paid Search,Delivered,Chandigarh
512800,13565,2025-12-16,Organic,Delivered,Delhi
512801,11197,2025-06-15,Direct,Delivered,Chandigarh
512802,12550,2025-12-27,Organic,Delivered,Ahmedabad
512803,14051,2024-06-08,Affiliate,Delivered,Kolkata
512804,14836,2025-08-03,Organic,Delivered,Patna
512805,10962,2024-10-06,Social,Delivered,Indore
512806,10182,2024-03-16,Email,Delivered,Chandigarh
512807,12968,2024-12-16,Social,Delivered,Gurugram
512808,10273,2024-12-08,Social,Delivered,Chennai
512809,13413,2024-12-31,Organic,Delivered,Kochi
512810,12137,2025-09-16,Organic,Delivered,Delhi
512811,14003,2024-07-23,Social,Delivered,Kolkata
512812,10790,2025-04-11,Affiliate,Delivered,Bengaluru
512813,10230,2024-05-25,Social,Delivered,Hyderabad
512814,11083,2025-10-04,Social,Delivered,Indore
512815,10317,2024-11-30,Direct,Delivered,Chennai
512816,10751,2025-08-07,Paid Search,Delivered,Jaipur
512817,13788,2024-07-15,Paid Search,Delivered,Gurugram
512818,13462,2024-08-16,Organic,Delivered,Jaipur
512819,13110,2025-12-19,Affiliate,Delivered,Chennai
512820,12107,2024-05-22,Organic,Delivered,Bhopal
512821,11118,2025-02-14,Organic,Delivered,Pune
512822,14171,2024-08-23,Organic,Delivered,Jaipur
512823,14382,2024-10-12,Organic,Delivered,Chennai
512824,11252,2025-05-23,Paid Search,Delivered,Jaipur
512825,14483,2025-07-25,Organic,Delivered,Delhi
512826,13118,2024-12-17,Paid Search,Delivered,Mumbai
512827,11729,2025-04-11,Social,Delivered,Delhi
512828,11068,2024-02-02,Organic,Delivered,Indore
512829,12954,2024-06-20,Organic,Delivered,Pune
512830,10073,2025-06-26,Paid Search,Delivered,Jaipur
512831,11582,2025-05-01,Email,Delivered,Ahmedabad
512832,13445,2024-02-02,Social,Delivered,Patna
512833,12484,2025-10-13,Organic,Delivered,Indore
512834,10728,2024-10-26,Organic,Delivered,Chennai
512835,10797,2024-08-10,Organic,Delivered,Mumbai
512836,13470,2024-12-03,Direct,Delivered,Hyderabad
512837,14187,2024-10-15,Direct,Delivered,Hyderabad
512838,13454,2025-01-02,Social,Delivered,Delhi
512839,10786,2024-04-30,Direct,Delivered,Chandigarh
512840,13341,2024-04-11,Organic,Delivered,Gurugram
512841,11384,2025-12-24,Email,Delivered,Noida
512842,12960,2025-06-30,Email,Delivered,Lucknow
512843,12953,2024-09-21,Paid Search,Delivered,Chennai
512844,14425,2025-09-12,Affiliate,Delivered,Pune
512845,14127,2025-08-04,Social,Delivered,Mumbai
512846,10379,2025-05-25,Direct,Delivered,Pune
512847,10001,2025-06-11,Organic,Cancelled,Ahmedabad
512848,14660,2025-11-26,Organic,Delivered,Pune
512849,11529,2025-09-01,Paid Search,Delivered,Patna
512850,10330,2024-07-07,Organic,Delivered,Kolkata
512851,10957,2025-06-15,Organic,Delivered,Chandigarh
512852,12477,2024-04-27,Organic,Delivered,Pune
512853,14444,2025-01-02,Paid Search,Delivered,Bhopal
512854,14617,2024-02-19,Affiliate,Delivered,Ahmedabad
512855,13283,2024-05-03,Social,Delivered,Chandigarh
512856,11345,2025-06-11,Paid Search,Delivered,Bhopal
512857,13563,2024-09-28,Organic,Delivered,Bhopal
512858,14190,2024-04-28,Social,Delivered,Lucknow
512859,12053,2025-12-16,Paid Search,Delivered,Indore
512860,12966,2025-11-16,Paid Search,Delivered,Chandigarh
512861,12446,2024-06-16,Social,Delivered,Hyderabad
512862,14306,2025-03-13,Organic,Delivered,Noida
512863,13063,2024-08-02,Paid Search,Delivered,Lucknow
512864,10243,2025-08-10,Direct,Delivered,Chennai
512865,14358,2025-05-17,Email,Delivered,Gurugram
512866,12780,2024-11-13,Direct,Delivered,Kochi
512867,12154,2025-11-11,Email,Delivered,Ahmedabad
512868,10944,2025-06-21,Organic,Delivered,Hyderabad
512869,13493,2024-04-20,Email,Delivered,Chandigarh
512870,10091,2024-11-20,Direct,Delivered,Kochi
512871,10868,2025-08-29,Direct,Delivered,Delhi
512872,13445,2025-01-28,Social,Delivered,Patna
512873,11363,2024-03-14,Organic,Delivered,Chandigarh
512874,13749,2025-07-19,Email,Delivered,Hyderabad
512875,11311,2024-12-17,Organic,Delivered,Kolkata
512876,13682,2024-06-23,Organic,Delivered,Bengaluru
512877,13396,2025-08-19,Organic,Delivered,Noida
512878,13635,2025-10-08,Organic,Delivered,Pune
512879,13668,2025-03-05,Paid Search,Delivered,Ghaziabad
512880,14000,2025-06-07,Direct,Delivered,Noida
512881,11840,2024-06-25,Email,Delivered,Indore
512882,12348,2025-06-29,Email,Delivered,Ahmedabad
512883,10351,2025-10-23,Affiliate,Delivered,Noida
512884,11738,2024-06-23,Paid Search,Delivered,Bhopal
512885,12299,2025-11-20,Social,Delivered,Ahmedabad
512886,13855,2024-03-06,Email,Delivered,Kochi
512887,14515,2024-11-21,Paid Search,Delivered,Jaipur
512888,13333,2024-02-23,Paid Search,Delivered,Ahmedabad
512889,10641,2024-11-23,Email,Delivered,Noida
512890,11001,2025-04-17,Affiliate,Delivered,Delhi
512891,12667,2025-09-28,Paid Search,Delivered,Lucknow
512892,12177,2024-04-19,Email,Delivered,Kochi
512893,14654,2025-10-10,Email,Delivered,Ghaziabad
512894,10911,2025-12-31,Direct,Delivered,Ahmedabad
512895,12856,2024-02-18,Affiliate,Delivered,Jaipur
512896,13895,2025-12-03,Organic,Delivered,Lucknow
512897,12188,2025-10-24,Email,Delivered,Mumbai
512898,11236,2024-01-22,Direct,Delivered,Ghaziabad
512899,10651,2024-02-16,Paid Search,Delivered,Bengaluru
512900,13114,2025-06-14,Affiliate,Cancelled,Chandigarh
512901,13155,2024-11-02,Social,Delivered,Bengaluru
512902,13677,2024-07-09,Paid Search,Delivered,Jaipur
512903,14188,2024-10-22,Social,Delivered,Patna
512904,14959,2024-09-06,Paid Search,Delivered,Delhi
512905,10938,2025-12-13,Paid Search,Delivered,Mumbai
512906,12166,2024-06-24,Affiliate,Delivered,Ghaziabad
512907,11620,2024-03-05,Social,Delivered,Gurugram
512908,14363,2025-08-30,Direct,Delivered,Jaipur
512909,10590,2025-09-05,Organic,Delivered,Hyderabad
512910,13322,2025-10-15,Affiliate,Delivered,Lucknow
512911,11576,2025-12-10,Organic,Delivered,Gurugram
512912,10043,2024-01-30,Affiliate,Delivered,Chennai
512913,12988,2025-07-16,Direct,Delivered,Bengaluru
512914,11957,2024-07-16,Affiliate,Delivered,Delhi
512915,13454,2024-11-04,Social,Delivered,Kochi
512916,11971,2024-11-23,Organic,Delivered,Bengaluru
512917,10951,2025-12-21,Direct,Delivered,Ghaziabad
512918,10599,2025-01-16,Paid Search,Delivered,Noida
512919,10905,2024-06-11,Organic,Delivered,Lucknow
512920,12186,2024-03-05,Organic,Delivered,Ghaziabad
512921,11344,2025-03-06,Affiliate,Delivered,Hyderabad
512922,10583,2025-08-29,Direct,Delivered,Bengaluru
512923,11585,2025-06-03,Affiliate,Delivered,Lucknow
512924,14177,2025-11-13,Social,Delivered,Ahmedabad
512925,14199,2024-01-31,Email,Delivered,Noida
512926,11810,2024-10-21,Direct,Delivered,Ghaziabad
512927,12609,2025-03-23,Email,Delivered,Kochi
512928,10916,2025-09-18,Paid Search,Delivered,Ahmedabad
512929,12060,2024-08-16,Direct,Delivered,Chandigarh
512930,13010,2025-05-09,Direct,Delivered,Gurugram
512931,10096,2024-05-31,Email,Delivered,Chennai
512932,14288,2025-03-08,Social,Delivered,Patna
512933,14523,2025-07-20,Direct,Delivered,Patna
512934,14675,2025-08-21,Affiliate,Delivered,Pune
512935,11056,2024-11-26,Organic,Delivered,Kolkata
512936,14472,2024-12-11,Direct,Delivered,Indore
512937,10570,2025-10-06,Email,Delivered,Gurugram
512938,14411,2025-02-04,Affiliate,Delivered,Chennai
512939,10679,2024-09-12,Paid Search,Delivered,Hyderabad
512940,11741,2024-07-19,Organic,Delivered,Noida
512941,14744,2025-06-04,Paid Search,Delivered,Chandigarh
512942,12528,2025-06-04,Paid Search,Delivered,Bhopal
512943,11084,2025-01-28,Social,Delivered,Kolkata
512944,11857,2024-04-26,Email,Delivered,Bhopal
512945,11652,2024-04-28,Social,Delivered,Chandigarh
512946,14612,2024-06-26,Paid Search,Delivered,Ahmedabad
512947,12062,2024-01-09,Paid Search,Delivered,Chandigarh
512948,10465,2024-12-16,Affiliate,Delivered,Indore
512949,10829,2024-10-30,Affiliate,Delivered,Patna
512950,12772,2024-10-08,Paid Search,Delivered,Jaipur
512951,10069,2025-11-14,Organic,Delivered,Lucknow
512952,11235,2024-06-24,Organic,Delivered,Ghaziabad
512953,13021,2025-08-14,Email,Cancelled,Pune
512954,14252,2024-05-20,Affiliate,Delivered,Lucknow
512955,10483,2025-03-23,Affiliate,Delivered,Noida
512956,11697,2025-09-21,Direct,Delivered,Noida
512957,11953,2025-09-04,Affiliate,Delivered,Kolkata
512958,14319,2025-03-07,Social,Delivered,Mumbai
512959,13933,2024-05-31,Paid Search,Delivered,Lucknow
512960,14641,2024-10-02,Paid Search,Delivered,Bhopal
512961,13105,2024-11-06,Paid Search,Delivered,Gurugram
512962,10860,2025-09-10,Organic,Delivered,Pune
512963,14694,2024-10-02,Organic,Delivered,Noida
512964,13772,2025-08-26,Organic,Delivered,Mumbai
512965,13305,2025-11-26,Organic,Delivered,Ghaziabad
512966,11750,2024-03-22,Direct,Delivered,Kolkata
512967,13977,2025-11-14,Social,Delivered,Noida
512968,12017,2025-02-18,Paid Search,Delivered,Mumbai
512969,11621,2025-03-15,Paid Search,Delivered,Ahmedabad
512970,11372,2024-08-11,Social,Delivered,Delhi
512971,13300,2024-09-01,Direct,Delivered,Chandigarh
512972,13084,2025-01-30,Paid Search,Delivered,Kolkata
512973,11137,2024-05-25,Direct,Delivered,Kochi
512974,11716,2025-06-08,Direct,Delivered,Jaipur
512975,11137,2025-05-02,Affiliate,Delivered,Mumbai
512976,13704,2024-01-07,Social,Delivered,Patna
512977,11717,2024-06-03,Paid Search,Delivered,Jaipur
512978,13893,2025-01-10,Organic,Delivered,Kolkata
512979,11160,2025-06-26,Affiliate,Delivered,Gurugram
512980,11976,2024-08-01,Direct,Delivered,Indore
512981,10132,2025-10-10,Email,Delivered,Gurugram
512982,10024,2025-01-25,Organic,Delivered,Ghaziabad
512983,10144,2025-01-28,Organic,Delivered,Kochi
512984,10331,2024-03-21,Paid Search,Delivered,Jaipur
512985,14640,2025-04-04,Direct,Delivered,Jaipur
512986,11370,2025-08-20,Organic,Delivered,Delhi
512987,12659,2024-06-03,Paid Search,Delivered,Lucknow
512988,14770,2025-02-01,Social,Delivered,Bhopal
512989,12437,2024-01-05,Organic,Delivered,Pune
512990,11970,2024-06-03,Organic,Delivered,Ghaziabad
512991,13645,2024-02-21,Organic,Delivered,Indore
512992,13722,2025-07-16,Social,Delivered,Hyderabad
512993,10504,2025-12-28,Paid Search,Delivered,Delhi
512994,14681,2024-01-28,Organic,Delivered,Chennai
512995,10616,2025-05-28,Social,Delivered,Delhi
512996,11709,2025-03-09,Affiliate,Delivered,Chandigarh
512997,14766,2025-05-28,Email,Delivered,Pune
512998,12807,2025-01-01,Email,Delivered,Indore
512999,12842,2025-12-25,Social,Delivered,Chandigarh
513000,14262,2024-01-29,Affiliate,Delivered,Chandigarh
513001,12244,2024-04-19,Organic,Delivered,Chennai
513002,13074,2024-07-01,Organic,Delivered,Hyderabad
513003,12728,2025-07-25,Email,Delivered,Pune
513004,10562,2024-02-26,Paid Search,Delivered,Mumbai
513005,11523,2024-03-31,Paid Search,Delivered,Kolkata
513006,13848,2025-06-19,Organic,Delivered,Ahmedabad
513007,11644,2024-11-01,Direct,Delivered,Lucknow
513008,14521,2025-05-30,Direct,Delivered,Lucknow
513009,14797,2024-09-25,Organic,Delivered,Indore
513010,13844,2024-03-06,Paid Search,Delivered,Lucknow
513011,10004,2025-03-12,Organic,Delivered,Indore
513012,13763,2024-03-20,Organic,Delivered,Lucknow
513013,14907,2024-12-16,Paid Search,Delivered,Chennai
513014,13779,2025-10-05,Paid Search,Delivered,Gurugram
513015,13188,2024-05-13,Email,Delivered,Kochi
513016,13063,2024-05-26,Direct,Delivered,Noida
513017,12478,2025-11-24,Organic,Delivered,Noida
513018,11240,2024-08-09,Paid Search,Delivered,Chennai
513019,12389,2024-09-29,Email,Delivered,Chandigarh
513020,14555,2025-05-15,Paid Search,Delivered,Delhi
513021,10428,2024-04-03,Organic,Delivered,Gurugram
513022,10645,2024-02-14,Organic,Delivered,Jaipur
513023,14375,2025-09-08,Social,Delivered,Patna
513024,14137,2025-11-23,Organic,Delivered,Hyderabad
513025,12553,2025-12-22,Organic,Delivered,Jaipur
513026,11797,2024-01-17,Affiliate,Delivered,Ahmedabad
513027,10555,2025-01-22,Paid Search,Delivered,Indore
513028,13370,2025-09-12,Direct,Delivered,Chennai
513029,12696,2025-09-09,Social,Delivered,Ahmedabad
513030,14026,2024-09-20,Organic,Delivered,Jaipur
513031,11814,2024-12-24,Organic,Delivered,Noida
513032,13993,2024-04-19,Direct,Delivered,Chennai
513033,14774,2024-04-11,Organic,Delivered,Ahmedabad
513034,10806,2024-10-02,Paid Search,Delivered,Pune
513035,13825,2024-06-17,Paid Search,Delivered,Bengaluru
513036,13055,2025-12-12,Direct,Delivered,Hyderabad
513037,12040,2024-02-28,Direct,Delivered,Hyderabad
513038,11073,2025-01-21,Email,Delivered,Noida
513039,10775,2025-02-10,Paid Search,Delivered,Chandigarh
513040,10561,2024-02-13,Organic,Delivered,Gurugram
513041,11331,2024-11-18,Organic,Delivered,Delhi
513042,12568,2025-11-19,Organic,Delivered,Lucknow
513043,12691,2024-03-21,Direct,Delivered,Chennai
513044,14938,2024-04-14,Social,Delivered,Kochi
513045,13707,2024-04-30,Organic,Delivered,Bengaluru
513046,14909,2024-02-09,Affiliate,Delivered,Ahmedabad
513047,13770,2025-10-08,Organic,Delivered,Noida
513048,12868,2024-02-03,Social,Delivered,Hyderabad
513049,14083,2024-07-24,Organic,Delivered,Delhi
513050,13861,2025-08-27,Paid Search,Delivered,Indore
513051,14039,2025-12-28,Organic,Delivered,Pune
513052,11249,2024-04-21,Organic,Delivered,Jaipur
513053,13621,2024-09-20,Direct,Delivered,Chandigarh
513054,11122,2024-05-10,Direct,Delivered,Kolkata
513055,11589,2024-05-20,Social,Delivered,Jaipur
513056,13533,2025-11-21,Affiliate,Delivered,Lucknow
513057,12527,2024-09-03,Organic,Delivered,Chandigarh
513058,13930,2025-03-23,Paid Search,Delivered,Bengaluru
513059,13603,2024-04-24,Organic,Delivered,Kochi
513060,13710,2024-07-27,Organic,Delivered,Patna
513061,10739,2024-09-20,Paid Search,Delivered,Ghaziabad
513062,10523,2025-03-04,Affiliate,Delivered,Indore
513063,11242,2025-10-19,Affiliate,Delivered,Gurugram
513064,11782,2024-06-26,Paid Search,Delivered,Patna
513065,14100,2025-04-16,Paid Search,Delivered,Delhi
513066,10221,2024-12-27,Social,Delivered,Jaipur
513067,12702,2025-08-04,Direct,Delivered,Kochi
513068,13931,2024-09-01,Organic,Delivered,Pune
513069,11816,2024-11-05,Paid Search,Delivered,Bhopal
513070,11559,2025-03-31,Direct,Delivered,Bengaluru
513071,11023,2024-11-19,Social,Delivered,Delhi
513072,12149,2025-07-08,Affiliate,Delivered,Ghaziabad
513073,13079,2024-01-11,Social,Delivered,Patna
513074,12895,2024-09-11,Direct,Delivered,Chennai
513075,14252,2024-05-07,Direct,Delivered,Indore
513076,10003,2024-04-15,Paid Search,Delivered,Pune
513077,11464,2024-02-08,Organic,Delivered,Kochi
513078,11771,2024-09-17,Social,Delivered,Delhi
513079,11957,2024-06-08,Organic,Delivered,Chandigarh
513080,13637,2025-07-08,Paid Search,Delivered,Kochi
513081,10505,2025-01-02,Paid Search,Delivered,Lucknow
513082,11431,2025-07-29,Paid Search,Cancelled,Bhopal
513083,10274,2025-10-09,Direct,Delivered,Mumbai
513084,12853,2025-07-28,Organic,Delivered,Gurugram
513085,14821,2024-11-03,Paid Search,Cancelled,Delhi
513086,14886,2025-12-13,Email,Cancelled,Chandigarh
513087,10240,2024-10-08,Email,Delivered,Hyderabad
513088,10591,2025-08-25,Paid Search,Delivered,Indore
513089,12855,2024-05-06,Organic,Delivered,Lucknow
513090,11342,2025-12-09,Paid Search,Delivered,Hyderabad
513091,11156,2024-08-09,Direct,Delivered,Indore
513092,13420,2025-04-03,Paid Search,Delivered,Jaipur
513093,11538,2024-09-15,Social,Delivered,Patna
513094,12992,2024-06-16,Direct,Delivered,Ahmedabad
513095,10195,2024-08-28,Organic,Delivered,Ahmedabad
513096,14891,2025-03-20,Direct,Delivered,Delhi
513097,10423,2024-03-22,Affiliate,Delivered,Hyderabad
513098,10174,2024-05-24,Social,Cancelled,Ghaziabad
513099,12089,2025-11-03,Direct,Delivered,Chennai
513100,14390,2024-03-03,Organic,Delivered,Bengaluru
513101,13192,2025-06-12,Direct,Delivered,Chennai
513102,12443,2024-08-08,Organic,Delivered,Noida
513103,11385,2024-08-21,Paid Search,Delivered,Kolkata
513104,11135,2024-09-22,Organic,Delivered,Chandigarh
513105,13266,2024-10-06,Social,Delivered,Patna
513106,12517,2025-06-02,Organic,Delivered,Mumbai
513107,13065,2025-08-11,Paid Search,Delivered,Mumbai
513108,12061,2024-09-22,Organic,Delivered,Hyderabad
513109,11504,2024-05-05,Paid Search,Delivered,Delhi
513110,10897,2024-01-03,Organic,Delivered,Bhopal
513111,11462,2025-06-13,Email,Delivered,Chandigarh
513112,11097,2025-11-01,Email,Delivered,Chandigarh
513113,12440,2024-01-26,Email,Delivered,Patna
513114,11441,2025-03-06,Email,Delivered,Indore
513115,13979,2024-06-08,Organic,Delivered,Indore
513116,12761,2024-06-03,Organic,Delivered,Bengaluru
513117,11529,2025-08-28,Affiliate,Delivered,Bhopal
513118,10416,2024-07-03,Social,Delivered,Gurugram
513119,10611,2024-08-10,Email,Delivered,Bengaluru
513120,10445,2024-03-31,Organic,Delivered,Bengaluru
513121,11609,2025-10-22,Paid Search,Delivered,Chandigarh
513122,11659,2025-10-24,Paid Search,Delivered,Ahmedabad
513123,10247,2025-10-29,Email,Delivered,Pune
513124,13537,2024-06-17,Direct,Delivered,Delhi
513125,12644,2024-05-17,Social,Delivered,Ahmedabad
513126,14892,2025-11-18,Affiliate,Delivered,Pune
513127,14438,2025-03-24,Email,Delivered,Pune
513128,10061,2024-07-12,Direct,Delivered,Kochi
513129,13500,2024-02-04,Affiliate,Delivered,Hyderabad
513130,14862,2025-08-07,Paid Search,Delivered,Gurugram
513131,14007,2025-08-09,Organic,Delivered,Ghaziabad
513132,13431,2024-01-08,Direct,Delivered,Delhi
513133,10697,2024-12-15,Social,Delivered,Delhi
513134,14505,2024-12-19,Paid Search,Delivered,Chandigarh
513135,14110,2024-12-05,Email,Delivered,Lucknow
513136,12682,2024-09-26,Paid Search,Delivered,Ahmedabad
513137,14608,2024-08-28,Affiliate,Delivered,Jaipur
513138,12315,2024-09-01,Social,Delivered,Pune
513139,12665,2025-11-03,Direct,Delivered,Patna
513140,13926,2025-12-26,Email,Delivered,Hyderabad
513141,13602,2024-03-22,Paid Search,Delivered,Hyderabad
513142,12756,2025-06-10,Direct,Delivered,Ahmedabad
513143,13916,2025-02-23,Paid Search,Delivered,Bengaluru
513144,14487,2024-07-05,Affiliate,Delivered,Chennai
513145,13244,2024-05-15,Paid Search,Delivered,Ghaziabad
513146,14466,2025-07-04,Paid Search,Delivered,Patna
513147,12055,2024-09-23,Affiliate,Delivered,Delhi
513148,12653,2024-04-04,Email,Delivered,Gurugram
513149,13243,2025-12-09,Direct,Delivered,Hyderabad
513150,12869,2025-11-07,Affiliate,Delivered,Patna
513151,10894,2024-11-02,Paid Search,Delivered,Chandigarh
513152,12282,2024-11-07,Direct,Delivered,Delhi
513153,10674,2024-11-03,Direct,Delivered,Gurugram
513154,13448,2024-05-19,Direct,Delivered,Delhi
513155,13995,2024-03-18,Direct,Delivered,Ahmedabad
513156,13412,2024-07-18,Email,Delivered,Ghaziabad
513157,14325,2024-10-09,Affiliate,Delivered,Bhopal
513158,13253,2024-04-23,Email,Delivered,Ghaziabad
513159,11897,2024-01-26,Paid Search,Delivered,Indore
513160,10312,2025-11-11,Affiliate,Delivered,Gurugram
513161,10166,2025-10-03,Organic,Delivered,Bengaluru
513162,14818,2024-08-11,Paid Search,Delivered,Noida
513163,13896,2025-03-25,Paid Search,Delivered,Bengaluru
513164,11679,2024-04-14,Organic,Delivered,Delhi
513165,14778,2025-11-08,Affiliate,Delivered,Patna
513166,11232,2025-08-17,Social,Delivered,Gurugram
513167,13861,2024-05-08,Social,Delivered,Delhi
513168,11056,2024-06-04,Social,Delivered,Indore
513169,13550,2024-08-31,Email,Delivered,Bhopal
513170,10347,2024-03-09,Organic,Delivered,Gurugram
513171,13415,2024-09-10,Social,Delivered,Ahmedabad
513172,12286,2025-05-03,Paid Search,Delivered,Indore
513173,12912,2025-06-14,Direct,Delivered,Kochi
513174,10208,2024-01-06,Organic,Delivered,Ahmedabad
513175,11849,2024-09-14,Direct,Delivered,Pune
513176,10805,2025-08-31,Organic,Delivered,Mumbai
513177,13083,2025-09-28,Organic,Delivered,Chennai
513178,10027,2025-02-15,Direct,Delivered,Patna
513179,14525,2025-06-21,Email,Delivered,Ghaziabad
513180,10874,2024-06-29,Paid Search,Delivered,Chandigarh
513181,12609,2025-09-26,Social,Delivered,Bengaluru
513182,14977,2024-12-12,Organic,Delivered,Lucknow
513183,12050,2025-05-20,Organic,Delivered,Pune
513184,12708,2024-07-10,Organic,Delivered,Bengaluru
513185,14799,2024-05-06,Paid Search,Delivered,Gurugram
513186,10336,2025-01-24,Organic,Delivered,Hyderabad
513187,12812,2025-01-16,Paid Search,Delivered,Patna
513188,12821,2025-02-21,Direct,Delivered,Hyderabad
513189,13619,2025-08-13,Paid Search,Delivered,Ghaziabad
513190,13004,2025-07-18,Paid Search,Delivered,Bengaluru
513191,12402,2024-08-08,Organic,Delivered,Chennai
513192,12739,2024-12-06,Direct,Delivered,Indore
513193,11425,2024-03-03,Organic,Delivered,Bhopal
513194,11680,2025-07-29,Paid Search,Delivered,Jaipur
513195,14749,2024-04-08,Direct,Delivered,Hyderabad
513196,13287,2024-02-20,Social,Delivered,Pune
513197,13412,2025-01-15,Paid Search,Delivered,Noida
513198,10714,2025-11-04,Email,Delivered,Kolkata
513199,11934,2024-10-02,Organic,Cancelled,Indore
513200,11098,2024-05-15,Paid Search,Delivered,Chennai
513201,14742,2024-05-14,Social,Delivered,Kolkata
513202,14974,2025-09-03,Direct,Delivered,Lucknow
513203,11676,2025-04-27,Direct,Delivered,Pune
513204,12078,2024-12-27,Email,Delivered,Jaipur
513205,13426,2025-11-08,Paid Search,Delivered,Chennai
513206,10739,2024-03-17,Social,Delivered,Patna
513207,12807,2025-03-26,Direct,Delivered,Jaipur
513208,11086,2024-09-20,Email,Delivered,Hyderabad
513209,12639,2024-06-19,Organic,Delivered,Hyderabad
513210,13621,2025-11-02,Direct,Delivered,Bhopal
513211,13697,2025-11-30,Direct,Delivered,Ahmedabad
513212,10582,2025-09-02,Organic,Delivered,Pune
513213,11449,2024-04-18,Email,Delivered,Kolkata
513214,11770,2025-06-12,Direct,Delivered,Kochi
513215,13628,2024-09-19,Organic,Delivered,Kolkata
513216,11642,2024-10-04,Direct,Delivered,Gurugram
513217,12317,2024-05-21,Organic,Delivered,Chennai
513218,11140,2025-03-06,Paid Search,Delivered,Patna
513219,11725,2025-09-18,Direct,Delivered,Gurugram
513220,12385,2024-06-18,Direct,Delivered,Patna
513221,11052,2025-01-27,Organic,Delivered,Chennai
513222,10551,2025-04-18,Direct,Delivered,Jaipur
513223,10712,2025-04-05,Email,Delivered,Pune
513224,12283,2024-07-09,Direct,Delivered,Ahmedabad
513225,10820,2024-01-22,Social,Delivered,Chennai
513226,10164,2025-08-29,Direct,Delivered,Hyderabad
513227,14169,2025-03-12,Affiliate,Delivered,Kolkata
513228,14852,2025-05-29,Affiliate,Delivered,Kolkata
513229,12556,2025-01-23,Paid Search,Delivered,Lucknow
513230,13025,2024-10-09,Paid Search,Delivered,Pune
513231,10834,2024-07-03,Organic,Delivered,Bengaluru
513232,10376,2025-04-27,Organic,Delivered,Kolkata
513233,10399,2025-08-30,Direct,Delivered,Gurugram
513234,10954,2024-08-25,Social,Delivered,Hyderabad
513235,10558,2024-01-18,Social,Delivered,Kolkata
513236,13683,2024-04-23,Paid Search,Delivered,Hyderabad
513237,13853,2025-02-27,Affiliate,Delivered,Ghaziabad
513238,13659,2024-06-20,Paid Search,Delivered,Indore
513239,11438,2025-08-18,Affiliate,Delivered,Patna
513240,11825,2024-07-17,Organic,Delivered,Indore
513241,11794,2024-12-26,Paid Search,Delivered,Delhi
513242,10743,2024-06-14,Paid Search,Delivered,Bhopal
513243,12365,2024-11-28,Organic,Delivered,Patna
513244,12680,2025-05-10,Email,Cancelled,Hyderabad
513245,11023,2025-08-04,Email,Delivered,Ahmedabad
513246,11382,2025-06-24,Paid Search,Delivered,Kochi
513247,12353,2025-01-05,Affiliate,Delivered,Ghaziabad
513248,10485,2024-11-30,Direct,Delivered,Chennai
513249,12946,2024-08-25,Affiliate,Delivered,Lucknow
513250,11730,2025-12-23,Email,Delivered,Hyderabad
513251,13549,2025-06-20,Paid Search,Delivered,Jaipur
513252,13756,2025-10-13,Social,Delivered,Bengaluru
513253,11854,2025-06-24,Paid Search,Cancelled,Chandigarh
513254,11771,2024-03-04,Paid Search,Delivered,Bengaluru
513255,12640,2024-07-12,Organic,Delivered,Delhi
513256,10204,2024-12-02,Social,Delivered,Chennai
513257,10962,2024-08-18,Organic,Delivered,Kolkata
513258,10602,2025-10-26,Social,Delivered,Kochi
513259,11420,2024-12-25,Affiliate,Delivered,Ghaziabad
513260,12982,2024-06-10,Paid Search,Delivered,Gurugram
513261,11224,2025-03-13,Paid Search,Delivered,Gurugram
513262,12611,2024-10-03,Paid Search,Delivered,Lucknow
513263,13461,2024-04-03,Social,Delivered,Delhi
513264,13375,2025-11-23,Paid Search,Delivered,Kolkata
513265,12656,2025-11-22,Social,Delivered,Chandigarh
513266,12859,2025-07-21,Organic,Delivered,Noida
513267,12211,2024-08-17,Social,Delivered,Kolkata
513268,12487,2025-08-31,Email,Delivered,Jaipur
513269,13976,2024-07-29,Social,Delivered,Mumbai
513270,12376,2025-10-04,Direct,Delivered,Patna
513271,11760,2025-10-08,Organic,Delivered,Chennai
513272,14808,2024-05-05,Social,Delivered,Chennai
513273,14585,2024-08-18,Paid Search,Cancelled,Chennai
513274,14312,2025-05-26,Direct,Delivered,Hyderabad
513275,14104,2024-06-20,Organic,Delivered,Ahmedabad
513276,11915,2025-08-09,Social,Delivered,Chennai
513277,14798,2025-05-11,Paid Search,Delivered,Noida
513278,13268,2024-06-14,Direct,Delivered,Chandigarh
513279,14455,2025-07-21,Social,Delivered,Bengaluru
513280,10103,2024-02-01,Social,Delivered,Lucknow
513281,10535,2024-10-07,Social,Delivered,Mumbai
513282,10105,2024-05-10,Email,Delivered,Chandigarh
513283,14986,2024-01-01,Organic,Delivered,Jaipur
513284,11593,2025-06-25,Paid Search,Delivered,Jaipur
513285,10196,2024-04-21,Paid Search,Delivered,Pune
513286,13774,2025-05-22,Paid Search,Delivered,Ahmedabad
513287,13958,2024-02-25,Social,Delivered,Kolkata
513288,14628,2025-10-13,Direct,Delivered,Chennai
513289,12895,2025-12-15,Social,Delivered,Bhopal
513290,13415,2024-08-19,Organic,Delivered,Indore
513291,13090,2024-12-21,Social,Delivered,Pune
513292,13532,2025-03-30,Paid Search,Delivered,Kolkata
513293,12586,2025-03-07,Email,Delivered,Gurugram
513294,10161,2024-01-20,Email,Delivered,Delhi
513295,10837,2025-12-16,Email,Delivered,Chennai
513296,14651,2025-11-14,Direct,Delivered,Pune
513297,10242,2024-12-21,Organic,Delivered,Bengaluru
513298,10434,2025-02-09,Affiliate,Delivered,Bengaluru
513299,14003,2024-05-04,Direct,Delivered,Lucknow
513300,14735,2025-07-01,Paid Search,Delivered,Noida
513301,12234,2025-01-11,Affiliate,Delivered,Chandigarh
513302,10709,2024-07-26,Organic,Delivered,Jaipur
513303,12943,2024-08-12,Social,Delivered,Pune
513304,10167,2024-02-29,Paid Search,Delivered,Jaipur
513305,11802,2025-07-30,Organic,Delivered,Kochi
513306,12819,2024-02-15,Email,Delivered,Chennai
513307,14403,2025-02-15,Paid Search,Delivered,Bhopal
513308,10569,2025-08-18,Organic,Delivered,Mumbai
513309,13034,2024-02-08,Social,Delivered,Gurugram
513310,10145,2024-04-21,Social,Delivered,Bengaluru
513311,12327,2025-07-11,Organic,Delivered,Bhopal
513312,13340,2025-08-25,Affiliate,Delivered,Kolkata
513313,10181,2024-02-29,Direct,Delivered,Pune
513314,13692,2024-07-12,Paid Search,Delivered,Ghaziabad
513315,14928,2025-03-19,Direct,Delivered,Jaipur
513316,11465,2025-01-30,Direct,Delivered,Delhi
513317,13786,2025-01-12,Social,Delivered,Chandigarh
513318,12668,2024-07-10,Direct,Delivered,Delhi
513319,14591,2025-01-28,Affiliate,Delivered,Indore
513320,12931,2024-02-06,Direct,Delivered,Bengaluru
513321,14016,2025-09-29,Organic,Delivered,Patna
513322,10805,2025-01-31,Affiliate,Delivered,Lucknow
513323,11278,2024-09-29,Paid Search,Delivered,Mumbai
513324,12201,2024-09-25,Affiliate,Delivered,Pune
513325,14519,2024-09-27,Paid Search,Delivered,Chennai
513326,13185,2024-11-14,Affiliate,Delivered,Ahmedabad
513327,11061,2024-05-20,Direct,Delivered,Patna
513328,14429,2025-03-15,Social,Delivered,Pune
513329,13094,2024-05-14,Paid Search,Delivered,Lucknow
513330,12095,2024-08-17,Organic,Delivered,Gurugram
513331,11922,2025-09-28,Paid Search,Delivered,Indore
513332,13497,2025-02-16,Direct,Delivered,Pune
513333,14407,2025-10-22,Affiliate,Delivered,Bengaluru
513334,12509,2025-04-25,Affiliate,Delivered,Hyderabad
513335,14221,2025-07-26,Affiliate,Delivered,Ghaziabad
513336,13536,2024-03-06,Social,Delivered,Chandigarh
513337,10370,2025-01-03,Paid Search,Delivered,Ghaziabad
513338,13945,2024-09-12,Paid Search,Delivered,Kochi
513339,12803,2024-01-13,Organic,Delivered,Lucknow
513340,12653,2024-03-06,Affiliate,Delivered,Noida
513341,13065,2024-05-18,Direct,Delivered,Delhi
513342,10306,2024-01-06,Paid Search,Delivered,Mumbai
513343,14538,2024-11-15,Social,Delivered,Kochi
513344,14378,2024-02-07,Social,Delivered,Indore
513345,14993,2025-08-25,Email,Cancelled,Indore
513346,13005,2025-03-08,Email,Delivered,Ahmedabad
513347,11198,2025-12-04,Organic,Delivered,Mumbai
513348,13004,2024-03-02,Email,Delivered,Gurugram
513349,11410,2024-02-28,Affiliate,Delivered,Mumbai
513350,12548,2025-09-26,Organic,Delivered,Noida
513351,14007,2024-10-13,Email,Delivered,Kolkata
513352,10870,2025-07-09,Paid Search,Delivered,Lucknow
513353,12275,2024-05-18,Direct,Delivered,Bengaluru
513354,12431,2024-01-07,Direct,Delivered,Kolkata
513355,14648,2024-12-29,Social,Delivered,Kolkata
513356,12685,2025-02-23,Paid Search,Delivered,Hyderabad
513357,11705,2024-03-22,Direct,Delivered,Ghaziabad
513358,11919,2024-01-08,Paid Search,Delivered,Kolkata
513359,11517,2024-06-04,Social,Delivered,Kolkata
513360,10746,2024-03-20,Paid Search,Delivered,Bengaluru
513361,13552,2025-12-29,Organic,Delivered,Chennai
513362,13812,2025-12-23,Direct,Delivered,Gurugram
513363,10994,2024-01-12,Paid Search,Delivered,Chandigarh
513364,12283,2024-11-30,Affiliate,Delivered,Mumbai
513365,13765,2024-10-08,Affiliate,Delivered,Chennai
513366,13504,2024-01-20,Email,Delivered,Gurugram
513367,10400,2025-05-02,Organic,Delivered,Hyderabad
513368,10235,2025-09-13,Paid Search,Delivered,Indore
513369,10356,2025-03-22,Direct,Delivered,Patna
513370,12522,2025-11-01,Paid Search,Delivered,Ghaziabad
513371,14570,2025-04-10,Organic,Delivered,Ahmedabad
513372,10369,2025-02-04,Email,Delivered,Indore
513373,13506,2025-11-23,Email,Delivered,Gurugram
513374,13668,2025-05-31,Social,Delivered,Kolkata
513375,14819,2025-07-12,Paid Search,Delivered,Kochi
513376,12905,2025-07-24,Paid Search,Delivered,Jaipur
513377,14775,2024-01-24,Organic,Delivered,Ahmedabad
513378,12257,2025-06-21,Social,Delivered,Lucknow
513379,11327,2025-07-01,Direct,Delivered,Patna
513380,14865,2024-12-27,Affiliate,Delivered,Ghaziabad
513381,12607,2025-02-16,Email,Delivered,Patna
513382,11631,2025-08-31,Social,Delivered,Jaipur
513383,13216,2024-04-13,Email,Delivered,Ahmedabad
513384,12115,2025-01-20,Social,Delivered,Mumbai
513385,13738,2025-07-17,Direct,Delivered,Indore
513386,13688,2024-07-08,Social,Delivered,Lucknow
513387,10094,2024-07-11,Paid Search,Delivered,Ahmedabad
513388,12626,2024-01-03,Social,Delivered,Delhi
513389,14274,2024-08-16,Paid Search,Delivered,Noida
513390,13293,2024-09-19,Social,Delivered,Ahmedabad
513391,13602,2025-11-27,Affiliate,Delivered,Jaipur
513392,14882,2024-03-01,Email,Delivered,Delhi
513393,11719,2025-04-17,Paid Search,Delivered,Lucknow
513394,13479,2024-02-16,Email,Delivered,Jaipur
513395,10148,2025-08-07,Organic,Delivered,Indore
513396,10754,2024-12-09,Email,Delivered,Kolkata
513397,13490,2024-11-07,Paid Search,Cancelled,Bengaluru
513398,11047,2025-11-20,Email,Delivered,Lucknow
513399,13936,2025-07-01,Direct,Delivered,Ghaziabad
513400,14350,2024-03-18,Organic,Delivered,Lucknow
513401,14470,2024-07-13,Email,Delivered,Bengaluru
513402,10240,2024-07-19,Email,Delivered,Indore
513403,11628,2025-03-21,Affiliate,Delivered,Lucknow
513404,12546,2025-08-29,Direct,Delivered,Patna
513405,10080,2025-04-11,Social,Delivered,Hyderabad
513406,14530,2024-10-20,Organic,Delivered,Chennai
513407,14827,2025-06-29,Email,Delivered,Delhi
513408,13882,2025-07-08,Social,Delivered,Patna
513409,11390,2024-02-28,Affiliate,Delivered,Noida
513410,10579,2025-01-31,Affiliate,Delivered,Kolkata
513411,14134,2025-06-03,Affiliate,Delivered,Mumbai
513412,13703,2025-03-17,Paid Search,Delivered,Bengaluru
513413,14729,2024-06-28,Social,Delivered,Mumbai
513414,11911,2024-04-27,Direct,Delivered,Noida
513415,10843,2024-07-31,Paid Search,Delivered,Ahmedabad
513416,14507,2024-09-14,Social,Delivered,Ahmedabad
513417,10539,2025-11-04,Email,Delivered,Chandigarh
513418,12864,2025-03-30,Organic,Delivered,Pune
513419,12358,2025-09-02,Affiliate,Delivered,Kolkata
513420,12744,2024-01-20,Organic,Delivered,Ghaziabad
513421,12013,2025-07-27,Direct,Cancelled,Noida
513422,10044,2024-05-17,Social,Delivered,Gurugram
513423,13109,2025-02-17,Organic,Delivered,Ghaziabad
513424,11249,2024-10-09,Affiliate,Delivered,Jaipur
513425,10587,2025-09-23,Direct,Delivered,Kolkata
513426,12064,2025-05-08,Organic,Delivered,Chennai
513427,11454,2024-12-02,Organic,Delivered,Delhi
513428,13620,2025-01-07,Social,Delivered,Indore
513429,11811,2025-05-31,Email,Delivered,Noida
513430,12601,2025-06-09,Organic,Delivered,Ghaziabad
513431,12426,2025-02-23,Social,Delivered,Indore
513432,14263,2025-06-15,Social,Delivered,Ghaziabad
513433,10515,2025-07-30,Direct,Delivered,Mumbai
513434,10172,2024-01-23,Affiliate,Delivered,Patna
513435,14335,2024-09-25,Organic,Delivered,Delhi
513436,11615,2025-10-21,Email,Delivered,Kochi
513437,13588,2024-08-22,Social,Delivered,Hyderabad
513438,12988,2025-08-25,Social,Delivered,Delhi
513439,13818,2025-02-05,Organic,Delivered,Patna
513440,13294,2024-07-17,Affiliate,Delivered,Chennai
513441,11222,2024-09-13,Direct,Delivered,Ghaziabad
513442,12513,2024-12-20,Organic,Delivered,Indore
513443,11531,2024-04-01,Organic,Delivered,Kolkata
513444,11995,2024-08-13,Social,Delivered,Mumbai
513445,12725,2025-05-12,Direct,Delivered,Chennai
513446,10358,2025-10-24,Email,Delivered,Delhi
513447,10156,2025-11-25,Paid Search,Delivered,Ahmedabad
513448,13482,2024-10-06,Direct,Delivered,Pune
513449,10443,2025-08-03,Social,Delivered,Noida
513450,14519,2024-10-16,Social,Delivered,Indore
513451,13213,2025-08-12,Organic,Delivered,Bhopal
513452,14045,2025-10-28,Organic,Delivered,Ahmedabad
513453,12357,2024-11-21,Social,Delivered,Kolkata
513454,13507,2025-03-15,Affiliate,Delivered,Hyderabad
513455,10930,2025-09-25,Affiliate,Delivered,Ghaziabad
513456,13171,2024-04-10,Direct,Delivered,Hyderabad
513457,11554,2024-06-29,Social,Delivered,Patna
513458,13861,2025-04-02,Email,Delivered,Lucknow
513459,11836,2024-05-10,Email,Delivered,Bhopal
513460,13884,2025-08-03,Paid Search,Delivered,Kolkata
513461,14471,2024-07-13,Organic,Delivered,Patna
513462,10035,2024-09-03,Direct,Delivered,Ghaziabad
513463,10313,2025-08-15,Organic,Delivered,Jaipur
513464,11790,2025-01-20,Direct,Delivered,Indore
513465,12735,2025-08-01,Direct,Delivered,Gurugram
513466,14341,2025-04-03,Organic,Delivered,Delhi
513467,12198,2025-01-10,Organic,Delivered,Mumbai
513468,14254,2025-01-08,Affiliate,Delivered,Pune
513469,13648,2025-08-09,Social,Delivered,Jaipur
513470,13550,2025-12-31,Email,Delivered,Lucknow
513471,14550,2024-01-18,Paid Search,Delivered,Bhopal
513472,11546,2025-01-05,Direct,Delivered,Gurugram
513473,13349,2025-07-26,Social,Delivered,Kolkata
513474,13990,2025-04-15,Social,Delivered,Pune
513475,14842,2024-12-19,Direct,Delivered,Hyderabad
513476,11158,2025-08-03,Affiliate,Delivered,Jaipur
513477,13935,2024-12-08,Email,Delivered,Kochi
513478,11121,2024-04-09,Direct,Delivered,Mumbai
513479,14811,2024-07-18,Direct,Delivered,Delhi
513480,12679,2024-02-02,Affiliate,Delivered,Mumbai
513481,14376,2025-05-28,Affiliate,Delivered,Lucknow
513482,12857,2025-12-12,Organic,Delivered,Bhopal
513483,10378,2024-10-04,Direct,Cancelled,Ghaziabad
513484,11757,2025-06-19,Direct,Delivered,Lucknow
513485,13046,2025-12-19,Social,Delivered,Gurugram
513486,13019,2024-10-14,Email,Delivered,Jaipur
513487,12751,2025-10-06,Email,Delivered,Kochi
513488,13546,2024-01-13,Social,Delivered,Ahmedabad
513489,12887,2025-05-10,Organic,Delivered,Indore
513490,10902,2024-05-01,Email,Delivered,Kochi
513491,10392,2025-07-25,Paid Search,Delivered,Jaipur
513492,11444,2024-01-08,Social,Delivered,Ahmedabad
513493,10690,2025-08-31,Direct,Delivered,Ghaziabad
513494,13500,2024-10-16,Organic,Delivered,Chennai
513495,14886,2024-06-22,Direct,Delivered,Chandigarh
513496,14637,2025-02-09,Social,Delivered,Mumbai
513497,12832,2025-12-24,Direct,Delivered,Gurugram
513498,14423,2024-04-27,Organic,Delivered,Indore
513499,13290,2024-08-14,Organic,Delivered,Pune
513500,10649,2025-04-12,Email,Delivered,Kochi
513501,12932,2024-03-09,Social,Delivered,Kochi
513502,12849,2025-11-28,Affiliate,Delivered,Patna
513503,12751,2025-01-17,Social,Delivered,Delhi
513504,14001,2025-12-25,Social,Delivered,Hyderabad
513505,14932,2024-10-30,Direct,Delivered,Noida
513506,11187,2025-09-01,Paid Search,Delivered,Ghaziabad
513507,10087,2024-08-29,Paid Search,Delivered,Ghaziabad
513508,13216,2024-11-20,Affiliate,Delivered,Lucknow
513509,10553,2024-09-10,Paid Search,Delivered,Bengaluru
513510,12139,2025-02-04,Social,Delivered,Ahmedabad
513511,14662,2024-06-12,Email,Delivered,Jaipur
513512,13314,2025-01-02,Paid Search,Delivered,Indore
513513,14689,2025-09-06,Paid Search,Delivered,Bhopal
513514,10161,2024-04-23,Organic,Delivered,Patna
513515,13533,2025-08-02,Paid Search,Delivered,Patna
513516,11565,2025-09-16,Paid Search,Delivered,Bengaluru
513517,10372,2024-01-26,Organic,Delivered,Patna
513518,11537,2025-05-09,Affiliate,Delivered,Delhi
513519,14668,2024-12-20,Direct,Delivered,Mumbai
513520,12094,2025-04-11,Organic,Delivered,Hyderabad
513521,14589,2024-08-03,Social,Delivered,Bengaluru
513522,10573,2024-06-10,Paid Search,Cancelled,Indore
513523,13282,2024-07-28,Organic,Delivered,Pune
513524,12184,2024-04-21,Organic,Delivered,Patna
513525,11498,2024-10-23,Email,Delivered,Ghaziabad
513526,12708,2025-09-30,Organic,Delivered,Gurugram
513527,13071,2025-07-23,Direct,Delivered,Bengaluru
513528,10134,2024-05-11,Affiliate,Delivered,Delhi
513529,13270,2025-02-11,Email,Delivered,Bengaluru
513530,11505,2024-02-23,Direct,Delivered,Noida
513531,14019,2024-02-13,Organic,Delivered,Patna
513532,10887,2025-04-02,Email,Delivered,Ahmedabad
513533,11430,2024-08-09,Organic,Delivered,Lucknow
513534,14861,2025-05-29,Social,Delivered,Indore
513535,11236,2024-04-23,Paid Search,Delivered,Hyderabad
513536,10652,2024-03-28,Organic,Delivered,Chandigarh
513537,12753,2025-06-06,Affiliate,Delivered,Gurugram
513538,13138,2024-05-31,Paid Search,Delivered,Hyderabad
513539,12834,2024-02-12,Organic,Delivered,Kolkata
513540,12010,2025-07-30,Direct,Delivered,Pune
513541,10537,2025-05-30,Organic,Delivered,Kochi
513542,11437,2025-11-10,Organic,Delivered,Hyderabad
513543,10283,2025-03-13,Organic,Delivered,Patna
513544,14271,2024-12-14,Social,Delivered,Lucknow
513545,11299,2025-05-05,Affiliate,Delivered,Delhi
513546,13321,2025-08-01,Direct,Delivered,Mumbai
513547,11302,2025-04-04,Affiliate,Cancelled,Bengaluru
513548,13102,2024-08-21,Social,Delivered,Noida
513549,10457,2025-10-12,Direct,Delivered,Patna
513550,10469,2025-05-29,Affiliate,Delivered,Jaipur
513551,11581,2025-10-03,Direct,Delivered,Kolkata
513552,11295,2025-02-11,Paid Search,Delivered,Noida
513553,11611,2024-11-24,Social,Delivered,Hyderabad
513554,11383,2025-09-08,Organic,Delivered,Bhopal
513555,13471,2025-03-23,Social,Delivered,Pune
513556,12172,2025-07-21,Direct,Delivered,Jaipur
513557,10771,2025-10-12,Affiliate,Delivered,Hyderabad
513558,14608,2024-07-26,Affiliate,Delivered,Indore
513559,13176,2024-05-21,Paid Search,Delivered,Ghaziabad
513560,12019,2024-04-19,Paid Search,Delivered,Patna
513561,12548,2025-03-14,Direct,Delivered,Indore
513562,11641,2025-08-13,Paid Search,Delivered,Mumbai
513563,11965,2025-12-14,Organic,Delivered,Ghaziabad
513564,10355,2024-01-24,Paid Search,Delivered,Mumbai
513565,14156,2024-01-02,Affiliate,Cancelled,Ghaziabad
513566,11925,2025-05-11,Social,Delivered,Hyderabad
513567,13482,2024-07-16,Organic,Delivered,Hyderabad
513568,10262,2024-12-13,Email,Delivered,Chandigarh
513569,10459,2024-02-27,Affiliate,Delivered,Chennai
513570,11827,2024-02-25,Social,Delivered,Ghaziabad
513571,10191,2025-01-21,Organic,Delivered,Hyderabad
513572,14839,2025-05-18,Organic,Delivered,Noida
513573,10196,2025-10-09,Paid Search,Delivered,Kochi
513574,12781,2024-12-18,Paid Search,Cancelled,Gurugram
513575,11755,2025-04-16,Organic,Delivered,Hyderabad
513576,11045,2025-09-20,Direct,Delivered,Jaipur
513577,10703,2024-11-11,Direct,Delivered,Chennai
513578,11497,2024-06-01,Organic,Delivered,Pune
513579,10256,2025-08-26,Social,Delivered,Ahmedabad
513580,12856,2024-01-02,Paid Search,Delivered,Hyderabad
513581,11174,2024-07-20,Paid Search,Delivered,Chennai
513582,10097,2024-04-05,Social,Delivered,Patna
513583,10577,2025-04-15,Social,Delivered,Gurugram
513584,14498,2024-07-16,Social,Cancelled,Chennai
513585,11199,2024-09-08,Organic,Delivered,Delhi
513586,12891,2025-04-21,Email,Delivered,Kolkata
513587,12049,2024-08-04,Social,Delivered,Bengaluru
513588,12462,2024-09-22,Organic,Delivered,Gurugram
513589,14271,2024-12-30,Paid Search,Delivered,Ahmedabad
513590,13582,2024-03-27,Organic,Delivered,Chandigarh
513591,12756,2025-11-14,Paid Search,Delivered,Indore
513592,11002,2025-12-18,Organic,Delivered,Lucknow
513593,14250,2025-06-05,Email,Delivered,Chandigarh
513594,10109,2024-03-20,Social,Delivered,Lucknow
513595,12788,2024-12-11,Social,Delivered,Ghaziabad
513596,13077,2024-09-16,Paid Search,Delivered,Kochi
513597,14730,2024-05-01,Email,Delivered,Kochi
513598,10801,2025-10-02,Direct,Delivered,Jaipur
513599,11445,2024-10-30,Paid Search,Delivered,Lucknow
513600,10062,2025-04-22,Paid Search,Delivered,Patna
513601,11236,2025-05-20,Direct,Delivered,Mumbai
513602,14645,2024-08-21,Social,Delivered,Kochi
513603,10043,2024-09-11,Social,Delivered,Ghaziabad
513604,13943,2025-12-10,Affiliate,Delivered,Mumbai
513605,14675,2025-08-25,Paid Search,Delivered,Noida
513606,10572,2025-01-01,Organic,Delivered,Ghaziabad
513607,11803,2025-01-25,Email,Delivered,Noida
513608,14482,2024-01-06,Email,Delivered,Kochi
513609,13601,2024-05-29,Paid Search,Delivered,Jaipur
513610,10338,2024-01-05,Organic,Delivered,Ahmedabad
513611,14329,2025-08-12,Direct,Delivered,Hyderabad
513612,14015,2025-11-18,Affiliate,Delivered,Kolkata
513613,11559,2024-04-28,Paid Search,Delivered,Lucknow
513614,12073,2024-07-24,Organic,Delivered,Kolkata
513615,11525,2024-09-14,Social,Delivered,Mumbai
513616,12591,2025-08-16,Organic,Delivered,Chandigarh
513617,13898,2024-10-24,Social,Delivered,Chennai
513618,13342,2024-02-01,Direct,Delivered,Gurugram
513619,14843,2025-03-04,Affiliate,Delivered,Kochi
513620,10494,2024-04-17,Direct,Delivered,Ahmedabad
513621,14621,2025-04-16,Paid Search,Delivered,Delhi
513622,14539,2025-09-18,Organic,Delivered,Noida
513623,11911,2024-02-19,Direct,Delivered,Delhi
513624,10719,2025-12-27,Direct,Delivered,Noida
513625,11129,2025-04-29,Social,Delivered,Kochi
513626,14708,2024-02-07,Organic,Delivered,Pune
513627,10048,2024-06-09,Affiliate,Delivered,Kolkata
513628,10458,2024-05-02,Organic,Delivered,Delhi
513629,10362,2025-10-07,Direct,Delivered,Chennai
513630,10861,2025-06-12,Email,Delivered,Delhi
513631,13947,2024-09-29,Organic,Delivered,Lucknow
513632,10288,2025-01-22,Organic,Delivered,Jaipur
513633,14824,2024-09-11,Organic,Delivered,Ghaziabad
513634,11989,2024-10-23,Affiliate,Delivered,Gurugram
513635,12659,2025-04-11,Organic,Delivered,Delhi
513636,12955,2024-05-22,Social,Delivered,Patna
513637,14056,2025-07-09,Paid Search,Delivered,Chennai
513638,13126,2025-11-22,Social,Delivered,Bhopal
513639,10305,2025-12-13,Email,Delivered,Patna
513640,14143,2024-05-05,Organic,Delivered,Kolkata
513641,10441,2024-10-27,Organic,Delivered,Indore
513642,12642,2024-07-12,Paid Search,Delivered,Lucknow
513643,14333,2025-04-09,Direct,Delivered,Ghaziabad
513644,12551,2024-08-25,Paid Search,Delivered,Jaipur
513645,12097,2024-10-15,Paid Search,Delivered,Mumbai
513646,11631,2024-04-11,Social,Cancelled,Hyderabad
513647,13927,2025-02-13,Organic,Delivered,Hyderabad
513648,13256,2025-01-26,Affiliate,Delivered,Hyderabad
513649,14055,2025-02-07,Paid Search,Delivered,Gurugram
513650,14543,2024-09-06,Direct,Delivered,Bhopal
513651,12961,2025-07-06,Email,Delivered,Mumbai
513652,11777,2025-03-20,Email,Delivered,Bengaluru
513653,12967,2024-05-09,Paid Search,Delivered,Ahmedabad
513654,11782,2024-09-25,Organic,Delivered,Mumbai
513655,11028,2025-04-27,Organic,Delivered,Patna
513656,11717,2024-03-26,Direct,Delivered,Chennai
513657,12396,2024-09-14,Direct,Delivered,Chandigarh
513658,11138,2025-09-29,Organic,Delivered,Jaipur
513659,11577,2024-11-18,Direct,Delivered,Kolkata
513660,12834,2025-01-07,Email,Delivered,Delhi
513661,10675,2025-05-13,Affiliate,Delivered,Jaipur
513662,10528,2024-08-23,Direct,Delivered,Kolkata
513663,13872,2025-08-27,Direct,Delivered,Hyderabad
513664,14174,2024-01-12,Social,Delivered,Indore
513665,11568,2024-12-11,Social,Delivered,Delhi
513666,10689,2025-03-13,Email,Delivered,Kolkata
513667,12307,2024-06-23,Organic,Delivered,Delhi
513668,10870,2025-07-26,Paid Search,Delivered,Noida
513669,14385,2024-02-28,Affiliate,Delivered,Noida
513670,10343,2025-04-20,Organic,Delivered,Kochi
513671,12518,2025-04-07,Social,Delivered,Mumbai
513672,11907,2025-07-29,Paid Search,Delivered,Gurugram
513673,12333,2024-05-31,Social,Delivered,Indore
513674,13789,2024-04-23,Organic,Delivered,Gurugram
513675,11310,2025-02-28,Direct,Delivered,Kochi
513676,14551,2025-12-11,Affiliate,Delivered,Kochi
513677,14891,2025-07-27,Organic,Delivered,Mumbai
513678,12172,2024-06-03,Paid Search,Cancelled,Mumbai
513679,11929,2024-10-25,Organic,Delivered,Hyderabad
513680,11176,2024-07-14,Organic,Delivered,Patna
513681,14069,2025-07-24,Paid Search,Delivered,Hyderabad
513682,13629,2025-01-09,Paid Search,Delivered,Bengaluru
513683,12250,2024-11-15,Social,Delivered,Lucknow
513684,13441,2024-01-04,Paid Search,Delivered,Delhi
513685,11840,2025-04-08,Paid Search,Delivered,Chandigarh
513686,13409,2024-11-19,Direct,Delivered,Jaipur
513687,14101,2024-01-29,Direct,Delivered,Kochi
513688,12218,2024-05-23,Organic,Delivered,Bhopal
513689,13332,2025-06-15,Social,Delivered,Lucknow
513690,12827,2025-07-01,Organic,Delivered,Pune
513691,10363,2024-12-26,Affiliate,Delivered,Delhi
513692,10310,2025-07-07,Direct,Delivered,Mumbai
513693,11317,2025-06-23,Email,Delivered,Mumbai
513694,11251,2025-03-26,Email,Delivered,Delhi
513695,10950,2024-06-01,Direct,Delivered,Jaipur
513696,14635,2024-11-04,Organic,Delivered,Ahmedabad
513697,13030,2025-08-19,Email,Delivered,Bengaluru
513698,10209,2024-08-14,Organic,Delivered,Kochi
513699,14518,2025-04-27,Organic,Delivered,Patna
513700,11508,2025-08-27,Email,Delivered,Gurugram
513701,14941,2025-01-24,Paid Search,Delivered,Patna
513702,11134,2025-01-05,Organic,Delivered,Lucknow
513703,10422,2024-05-17,Organic,Delivered,Ahmedabad
513704,10652,2024-12-28,Direct,Delivered,Hyderabad
513705,11931,2024-01-31,Organic,Delivered,Ghaziabad
513706,14622,2024-03-23,Paid Search,Delivered,Kochi
513707,12762,2025-01-31,Paid Search,Delivered,Kochi
513708,10630,2024-06-08,Direct,Delivered,Delhi
513709,11590,2024-09-10,Organic,Delivered,Delhi
513710,12447,2024-09-20,Social,Delivered,Delhi
513711,12722,2024-12-11,Social,Delivered,Bengaluru
513712,14198,2025-05-25,Email,Cancelled,Pune
513713,10229,2024-11-22,Direct,Delivered,Lucknow
513714,10020,2025-09-09,Organic,Delivered,Jaipur
513715,13603,2024-12-18,Organic,Delivered,Gurugram
513716,10543,2025-12-26,Paid Search,Delivered,Patna
513717,13416,2025-12-31,Paid Search,Delivered,Mumbai
513718,11710,2024-11-08,Direct,Delivered,Gurugram
513719,11941,2025-07-13,Paid Search,Delivered,Ghaziabad
513720,10738,2024-11-27,Direct,Delivered,Ahmedabad
513721,13870,2025-10-01,Organic,Delivered,Gurugram
513722,10914,2025-07-13,Organic,Delivered,Ghaziabad
513723,10041,2024-09-04,Affiliate,Delivered,Pune
513724,12956,2024-08-22,Affiliate,Delivered,Chandigarh
513725,10759,2025-10-05,Organic,Delivered,Ahmedabad
513726,10854,2025-01-30,Direct,Delivered,Hyderabad
513727,11092,2025-05-22,Organic,Delivered,Kochi
513728,13195,2025-05-09,Direct,Delivered,Kolkata
513729,13761,2024-05-01,Organic,Delivered,Lucknow
513730,14578,2024-06-21,Organic,Delivered,Chennai
513731,14911,2025-10-20,Direct,Delivered,Lucknow
513732,11148,2024-07-23,Organic,Delivered,Indore
513733,11077,2025-09-26,Social,Delivered,Pune
513734,11062,2024-09-17,Affiliate,Delivered,Bhopal
513735,10936,2025-09-10,Organic,Delivered,Jaipur
513736,10057,2025-02-26,Affiliate,Delivered,Patna
513737,12939,2024-03-13,Social,Delivered,Mumbai
513738,10074,2024-07-16,Paid Search,Delivered,Noida
513739,10193,2025-11-27,Organic,Delivered,Chandigarh
513740,11984,2024-06-01,Paid Search,Delivered,Kolkata
513741,14052,2024-06-15,Paid Search,Delivered,Ghaziabad
513742,12446,2024-04-19,Paid Search,Delivered,Lucknow
513743,11988,2025-03-21,Email,Delivered,Ahmedabad
513744,10915,2025-08-14,Paid Search,Delivered,Bhopal
513745,13401,2025-11-15,Paid Search,Delivered,Bengaluru
513746,11615,2025-10-09,Affiliate,Delivered,Gurugram
513747,14983,2025-10-08,Social,Delivered,Delhi
513748,10702,2025-10-23,Direct,Delivered,Indore
513749,13928,2025-02-19,Social,Delivered,Ahmedabad
513750,13407,2025-08-23,Direct,Delivered,Mumbai
513751,11829,2025-04-08,Direct,Delivered,Chennai
513752,11965,2024-04-10,Paid Search,Delivered,Lucknow
513753,14810,2024-01-18,Email,Delivered,Noida
513754,13672,2024-03-12,Organic,Delivered,Indore
513755,10216,2024-09-09,Social,Delivered,Bhopal
513756,12752,2024-12-30,Paid Search,Delivered,Lucknow
513757,13701,2025-04-11,Social,Delivered,Hyderabad
513758,11887,2025-01-16,Organic,Delivered,Pune
513759,13453,2024-09-24,Direct,Delivered,Gurugram
513760,13132,2025-06-19,Organic,Delivered,Kolkata
513761,11641,2025-09-21,Affiliate,Delivered,Jaipur
513762,10036,2024-06-11,Direct,Delivered,Mumbai
513763,10176,2024-07-10,Organic,Delivered,Ghaziabad
513764,13452,2025-11-11,Paid Search,Delivered,Bhopal
513765,13877,2025-12-10,Social,Delivered,Patna
513766,11856,2024-08-14,Direct,Delivered,Gurugram
513767,12380,2025-01-07,Direct,Delivered,Mumbai
513768,12568,2025-02-26,Paid Search,Delivered,Patna
513769,14416,2025-04-09,Direct,Delivered,Jaipur
513770,12618,2025-09-23,Paid Search,Delivered,Bengaluru
513771,12855,2024-03-18,Paid Search,Delivered,Delhi
513772,12793,2025-01-17,Social,Delivered,Chennai
513773,10651,2024-06-07,Affiliate,Delivered,Mumbai
513774,13512,2025-07-04,Organic,Delivered,Lucknow
513775,14540,2025-03-12,Affiliate,Delivered,Ghaziabad
513776,10554,2025-07-01,Organic,Delivered,Mumbai
513777,10357,2025-10-23,Paid Search,Delivered,Gurugram
513778,12445,2025-07-31,Direct,Delivered,Ghaziabad
513779,13825,2025-09-16,Email,Delivered,Indore
513780,10416,2025-08-15,Social,Delivered,Pune
513781,13718,2025-04-02,Affiliate,Delivered,Mumbai
513782,11171,2024-10-13,Paid Search,Delivered,Hyderabad
513783,10918,2024-09-02,Organic,Delivered,Chennai
513784,10947,2024-09-22,Social,Delivered,Kolkata
513785,12631,2025-03-20,Direct,Delivered,Jaipur
513786,12994,2025-08-10,Paid Search,Delivered,Patna
513787,12309,2024-09-25,Organic,Delivered,Ghaziabad
513788,13031,2025-02-27,Affiliate,Cancelled,Noida
513789,14026,2024-10-29,Social,Cancelled,Bhopal
513790,14155,2025-03-20,Paid Search,Delivered,Ghaziabad
513791,13646,2025-08-21,Social,Delivered,Bengaluru
513792,12610,2024-10-28,Direct,Delivered,Chandigarh
513793,11095,2024-10-17,Paid Search,Delivered,Noida
513794,13724,2024-05-27,Organic,Delivered,Indore
513795,13366,2024-12-30,Social,Delivered,Gurugram
513796,14446,2024-11-30,Social,Delivered,Noida
513797,13562,2024-04-27,Organic,Delivered,Mumbai
513798,10668,2025-12-09,Social,Delivered,Jaipur
513799,12849,2025-09-20,Social,Delivered,Chennai
513800,13605,2024-07-31,Social,Delivered,Mumbai
513801,14987,2025-11-21,Paid Search,Delivered,Gurugram
513802,11640,2024-07-17,Paid Search,Delivered,Chandigarh
513803,14301,2024-11-02,Paid Search,Delivered,Mumbai
513804,11391,2024-04-05,Direct,Delivered,Chennai
513805,11885,2025-03-23,Email,Delivered,Indore
513806,14815,2024-12-17,Paid Search,Delivered,Bengaluru
513807,10822,2024-07-14,Email,Delivered,Gurugram
513808,11033,2024-07-29,Paid Search,Delivered,Patna
513809,14177,2025-11-14,Direct,Delivered,Patna
513810,14573,2025-05-17,Email,Delivered,Ghaziabad
513811,10524,2024-04-21,Organic,Delivered,Kochi
513812,14119,2024-04-08,Organic,Delivered,Noida
513813,12946,2024-02-21,Organic,Delivered,Patna
513814,14394,2024-06-29,Organic,Delivered,Gurugram
513815,12485,2025-06-23,Social,Delivered,Kolkata
513816,12930,2024-02-15,Organic,Delivered,Kolkata
513817,11161,2024-07-01,Email,Delivered,Chandigarh
513818,12924,2024-01-31,Social,Delivered,Bhopal
513819,12093,2025-04-19,Organic,Delivered,Kolkata
513820,12013,2025-08-18,Organic,Delivered,Jaipur
513821,11400,2025-01-21,Organic,Delivered,Chennai
513822,12005,2025-10-24,Social,Delivered,Lucknow
513823,10841,2025-05-18,Social,Delivered,Hyderabad
513824,14254,2025-07-12,Paid Search,Delivered,Kolkata
513825,12025,2024-08-17,Organic,Delivered,Mumbai
513826,11939,2025-09-24,Direct,Delivered,Kochi
513827,14898,2025-04-06,Paid Search,Delivered,Jaipur
513828,12434,2024-03-04,Paid Search,Delivered,Jaipur
513829,13513,2024-03-01,Paid Search,Delivered,Kolkata
513830,14982,2025-10-18,Organic,Delivered,Delhi
513831,14312,2024-07-20,Email,Delivered,Lucknow
513832,11772,2024-12-06,Email,Delivered,Patna
513833,12663,2025-07-09,Organic,Delivered,Ahmedabad
513834,14113,2025-07-15,Paid Search,Delivered,Ahmedabad
513835,12502,2024-01-20,Social,Delivered,Lucknow
513836,11386,2025-03-26,Paid Search,Delivered,Noida
513837,12644,2025-10-29,Direct,Delivered,Ghaziabad
513838,10126,2024-09-12,Social,Delivered,Chennai
513839,14405,2025-01-31,Direct,Delivered,Hyderabad
513840,12968,2024-07-12,Organic,Delivered,Delhi
513841,11280,2025-06-11,Social,Delivered,Delhi
513842,12397,2024-03-27,Paid Search,Delivered,Mumbai
513843,10158,2025-01-14,Direct,Delivered,Bhopal
513844,13934,2024-10-28,Social,Delivered,Pune
513845,12655,2025-04-13,Email,Cancelled,Indore
513846,10021,2024-12-27,Organic,Delivered,Indore
513847,12299,2025-12-18,Social,Delivered,Patna
513848,10353,2025-12-19,Social,Delivered,Kochi
513849,11936,2024-07-26,Paid Search,Delivered,Jaipur
513850,14299,2024-01-28,Affiliate,Delivered,Mumbai
513851,13270,2024-12-26,Social,Delivered,Bhopal
513852,12405,2025-03-07,Social,Delivered,Ghaziabad
513853,12559,2025-07-03,Paid Search,Delivered,Jaipur
513854,12532,2025-01-18,Email,Delivered,Patna
513855,10487,2025-03-04,Organic,Delivered,Jaipur
513856,11126,2024-01-17,Social,Delivered,Pune
513857,14083,2025-07-11,Direct,Delivered,Kolkata
513858,14630,2024-08-29,Paid Search,Delivered,Patna
513859,10729,2024-10-08,Direct,Delivered,Ahmedabad
513860,14573,2024-11-05,Direct,Delivered,Jaipur
513861,10152,2024-02-22,Paid Search,Delivered,Chandigarh
513862,12584,2024-12-27,Organic,Delivered,Kolkata
513863,14138,2024-10-05,Affiliate,Delivered,Bengaluru
513864,11090,2024-06-19,Direct,Delivered,Indore
513865,14745,2024-06-28,Paid Search,Delivered,Gurugram
513866,14914,2024-01-25,Direct,Delivered,Mumbai
513867,12123,2025-10-10,Organic,Delivered,Hyderabad
513868,14463,2024-08-02,Paid Search,Delivered,Jaipur
513869,10397,2025-10-01,Direct,Delivered,Pune
513870,12608,2025-09-03,Paid Search,Delivered,Hyderabad
513871,11463,2024-11-30,Affiliate,Delivered,Patna
513872,13132,2025-08-13,Organic,Delivered,Jaipur
513873,11254,2024-06-03,Paid Search,Delivered,Delhi
513874,12199,2024-05-12,Direct,Delivered,Lucknow
513875,13659,2025-10-19,Organic,Delivered,Pune
513876,11031,2025-04-17,Email,Delivered,Ghaziabad
513877,14211,2025-05-18,Direct,Delivered,Bengaluru
513878,13408,2025-11-06,Affiliate,Delivered,Bengaluru
513879,11254,2024-01-11,Direct,Delivered,Bengaluru
513880,13346,2024-05-05,Direct,Delivered,Indore
513881,11590,2025-12-03,Organic,Delivered,Bhopal
513882,12737,2024-04-04,Social,Delivered,Patna
513883,13052,2024-11-23,Paid Search,Delivered,Hyderabad
513884,14073,2024-01-17,Email,Delivered,Bhopal
513885,11743,2024-08-26,Affiliate,Delivered,Bengaluru
513886,12260,2024-05-06,Paid Search,Delivered,Noida
513887,12213,2024-07-05,Affiliate,Delivered,Chennai
513888,14305,2025-08-17,Paid Search,Delivered,Gurugram
513889,14209,2024-07-20,Email,Delivered,Pune
513890,11086,2025-08-18,Paid Search,Delivered,Patna
513891,10527,2025-10-16,Paid Search,Delivered,Lucknow
513892,14810,2025-01-30,Email,Delivered,Mumbai
513893,10836,2025-01-28,Social,Delivered,Ahmedabad
513894,11026,2024-08-31,Direct,Delivered,Gurugram
513895,10594,2025-05-02,Affiliate,Delivered,Noida
513896,10801,2025-08-12,Direct,Delivered,Noida
513897,10317,2025-09-22,Affiliate,Delivered,Jaipur
513898,13017,2024-05-22,Direct,Delivered,Gurugram
513899,12550,2025-05-16,Organic,Delivered,Indore
513900,10466,2024-04-12,Email,Delivered,Hyderabad
513901,13261,2024-12-24,Organic,Delivered,Bhopal
513902,10840,2024-03-06,Social,Delivered,Pune
513903,12691,2025-02-06,Direct,Delivered,Mumbai
513904,13646,2025-09-14,Email,Delivered,Patna
513905,12130,2025-08-20,Social,Delivered,Mumbai
513906,11541,2025-06-06,Email,Delivered,Mumbai
513907,14482,2025-02-26,Organic,Delivered,Ghaziabad
513908,14001,2025-04-01,Direct,Delivered,Patna
513909,14222,2024-03-13,Organic,Delivered,Ahmedabad
513910,10778,2025-06-15,Organic,Delivered,Gurugram
513911,11366,2025-05-13,Organic,Delivered,Chandigarh
513912,11927,2024-04-14,Direct,Delivered,Chennai
513913,10842,2025-04-07,Social,Delivered,Patna
513914,11932,2024-10-08,Social,Delivered,Gurugram
513915,11239,2025-01-07,Paid Search,Delivered,Chandigarh
513916,12402,2025-08-18,Organic,Delivered,Patna
513917,13537,2024-08-23,Organic,Delivered,Delhi
513918,12052,2025-11-01,Organic,Delivered,Hyderabad
513919,13611,2024-10-31,Social,Delivered,Delhi
513920,11934,2025-01-10,Organic,Delivered,Gurugram
513921,12472,2024-01-22,Paid Search,Delivered,Noida
513922,11643,2024-03-30,Social,Delivered,Kochi
513923,10424,2024-07-24,Social,Delivered,Noida
513924,10076,2025-12-16,Direct,Delivered,Chennai
513925,10917,2024-07-08,Organic,Delivered,Chandigarh
513926,13083,2024-10-15,Social,Delivered,Patna
513927,10499,2025-09-16,Organic,Delivered,Bengaluru
513928,12368,2024-08-21,Direct,Delivered,Bengaluru
513929,10664,2025-08-17,Direct,Delivered,Hyderabad
513930,11867,2024-03-28,Organic,Delivered,Chandigarh
513931,11353,2024-04-07,Organic,Delivered,Ahmedabad
513932,11058,2024-01-10,Organic,Delivered,Delhi
513933,12577,2024-04-01,Organic,Delivered,Patna
513934,14457,2025-03-17,Organic,Delivered,Lucknow
513935,13265,2024-03-07,Organic,Delivered,Hyderabad
513936,11190,2025-03-23,Organic,Delivered,Delhi
513937,14246,2025-03-13,Organic,Delivered,Noida
513938,14605,2024-06-20,Paid Search,Delivered,Kochi
513939,13784,2024-01-28,Paid Search,Delivered,Chennai
513940,11087,2024-04-28,Paid Search,Delivered,Bhopal
513941,10838,2024-04-14,Direct,Delivered,Chennai
513942,14858,2025-01-20,Paid Search,Delivered,Bhopal
513943,14445,2025-11-11,Paid Search,Delivered,Gurugram
513944,12100,2024-11-14,Direct,Delivered,Patna
513945,12286,2025-04-08,Paid Search,Delivered,Lucknow
513946,12664,2024-08-09,Organic,Delivered,Gurugram
513947,14444,2024-03-08,Email,Delivered,Hyderabad
513948,11495,2024-06-08,Paid Search,Delivered,Pune
513949,13392,2024-12-16,Social,Delivered,Patna
513950,14696,2025-09-20,Affiliate,Delivered,Kochi
513951,11497,2024-06-30,Social,Delivered,Ghaziabad
513952,11413,2025-12-20,Affiliate,Delivered,Kolkata
513953,10673,2025-04-11,Paid Search,Delivered,Ahmedabad
513954,13652,2024-09-16,Organic,Delivered,Bhopal
513955,11361,2025-03-30,Paid Search,Delivered,Chandigarh
513956,10103,2025-05-25,Paid Search,Delivered,Chandigarh
513957,12514,2025-05-16,Email,Delivered,Noida
513958,12794,2025-09-24,Email,Delivered,Ghaziabad
513959,10088,2025-04-28,Paid Search,Delivered,Indore
513960,13708,2024-01-20,Direct,Delivered,Gurugram
513961,12794,2024-10-02,Paid Search,Delivered,Bhopal
513962,12355,2025-10-25,Direct,Delivered,Delhi
513963,11719,2024-05-31,Organic,Delivered,Bengaluru
513964,13217,2024-12-30,Email,Delivered,Noida
513965,13755,2024-12-31,Email,Delivered,Ghaziabad
513966,13841,2025-02-10,Social,Delivered,Mumbai
513967,11941,2025-09-27,Affiliate,Delivered,Chennai
513968,12502,2025-01-29,Social,Delivered,Kochi
513969,11270,2024-01-01,Social,Delivered,Bhopal
513970,11091,2024-06-26,Direct,Delivered,Hyderabad
513971,14313,2025-04-06,Organic,Delivered,Mumbai
513972,11984,2025-07-25,Social,Delivered,Bhopal
513973,11368,2025-04-17,Email,Delivered,Noida
513974,13654,2025-06-19,Paid Search,Delivered,Indore
513975,13484,2024-06-24,Organic,Delivered,Delhi
513976,11356,2024-03-11,Organic,Delivered,Gurugram
513977,10874,2025-11-24,Paid Search,Delivered,Pune
513978,13161,2025-02-15,Email,Delivered,Noida
513979,14591,2025-06-23,Email,Delivered,Chandigarh
513980,10742,2025-11-30,Organic,Delivered,Ahmedabad
513981,11198,2024-05-13,Social,Delivered,Indore
513982,14652,2025-09-28,Organic,Delivered,Chandigarh
513983,13664,2024-09-24,Direct,Delivered,Chennai
513984,13015,2025-04-02,Email,Delivered,Kolkata
513985,11680,2024-10-09,Organic,Delivered,Bhopal
513986,12342,2024-05-25,Paid Search,Delivered,Chandigarh
513987,10946,2025-10-04,Direct,Delivered,Lucknow
513988,14058,2024-09-10,Social,Delivered,Hyderabad
513989,12508,2024-01-19,Paid Search,Delivered,Delhi
513990,13986,2024-04-19,Social,Delivered,Indore
513991,14389,2025-12-03,Paid Search,Delivered,Bhopal
513992,10487,2025-08-23,Direct,Delivered,Chandigarh
513993,14313,2025-04-30,Direct,Delivered,Lucknow
513994,11536,2025-07-23,Organic,Delivered,Chandigarh
513995,11639,2025-04-19,Email,Delivered,Hyderabad
513996,12293,2025-10-27,Direct,Delivered,Ahmedabad
513997,11487,2024-03-13,Organic,Delivered,Kolkata
513998,11703,2024-02-16,Direct,Delivered,Gurugram
513999,13468,2025-05-22,Paid Search,Delivered,Patna
514000,11587,2025-12-06,Paid Search,Delivered,Lucknow
514001,13040,2025-02-28,Direct,Delivered,Ahmedabad
514002,11761,2025-12-07,Email,Delivered,Chennai
514003,11627,2024-10-20,Paid Search,Delivered,Chennai
514004,10711,2025-05-07,Social,Delivered,Jaipur
514005,14319,2025-01-07,Email,Delivered,Bengaluru
514006,10598,2025-10-06,Email,Delivered,Ahmedabad
514007,12769,2025-04-18,Organic,Delivered,Bhopal
514008,11302,2024-11-16,Email,Delivered,Bengaluru
514009,14941,2024-06-27,Direct,Cancelled,Chennai
514010,10351,2024-08-17,Affiliate,Delivered,Delhi
514011,12129,2024-02-24,Paid Search,Delivered,Kolkata
514012,12552,2024-04-22,Direct,Delivered,Ghaziabad
514013,14934,2025-01-06,Organic,Delivered,Kochi
514014,10766,2024-01-24,Affiliate,Delivered,Chandigarh
514015,14165,2024-12-10,Paid Search,Cancelled,Pune
514016,10338,2024-01-31,Direct,Delivered,Pune
514017,11451,2024-04-28,Direct,Delivered,Ahmedabad
514018,14186,2025-05-20,Direct,Delivered,Kochi
514019,11885,2024-01-22,Paid Search,Delivered,Kolkata
514020,12938,2024-09-03,Affiliate,Delivered,Hyderabad
514021,11958,2024-05-19,Paid Search,Delivered,Patna
514022,14492,2024-02-09,Paid Search,Delivered,Noida
514023,10461,2024-06-01,Direct,Cancelled,Jaipur
514024,14917,2024-03-23,Email,Delivered,Indore
514025,11171,2024-02-28,Email,Delivered,Ahmedabad
514026,12968,2025-05-01,Organic,Delivered,Gurugram
514027,11308,2024-04-01,Social,Delivered,Pune
514028,13980,2025-11-17,Organic,Delivered,Ahmedabad
514029,13522,2024-12-21,Organic,Delivered,Chandigarh
514030,10798,2024-10-25,Direct,Delivered,Bhopal
514031,11233,2025-10-02,Social,Delivered,Chandigarh
514032,13492,2025-07-22,Organic,Delivered,Chandigarh
514033,12513,2024-11-03,Social,Delivered,Pune
514034,12748,2025-12-12,Paid Search,Delivered,Chennai
514035,11833,2025-01-22,Organic,Delivered,Noida
514036,13382,2025-06-01,Affiliate,Delivered,Chandigarh
514037,14646,2025-12-09,Organic,Delivered,Indore
514038,10524,2025-06-12,Organic,Delivered,Pune
514039,13468,2025-03-07,Paid Search,Delivered,Chennai
514040,14680,2025-03-26,Email,Delivered,Chennai
514041,11109,2025-04-23,Organic,Delivered,Kolkata
514042,12088,2025-12-15,Paid Search,Delivered,Kolkata
514043,12834,2025-05-27,Direct,Delivered,Patna
514044,13879,2024-08-07,Social,Delivered,Ahmedabad
514045,13437,2024-01-17,Organic,Delivered,Delhi
514046,14954,2025-07-26,Direct,Delivered,Delhi
514047,12786,2024-12-22,Social,Delivered,Hyderabad
514048,14367,2024-10-30,Direct,Delivered,Chennai
514049,12600,2025-11-14,Organic,Delivered,Mumbai
514050,11559,2024-04-23,Organic,Delivered,Gurugram
514051,13372,2024-01-28,Organic,Delivered,Patna
514052,12010,2025-06-24,Social,Delivered,Kolkata
514053,13289,2025-11-06,Paid Search,Delivered,Pune
514054,13244,2025-08-29,Paid Search,Delivered,Ghaziabad
514055,10369,2025-09-28,Paid Search,Delivered,Lucknow
514056,12691,2025-09-23,Paid Search,Delivered,Ghaziabad
514057,10068,2025-05-16,Paid Search,Delivered,Bhopal
514058,12052,2025-11-04,Organic,Delivered,Kochi
514059,13286,2024-09-06,Social,Delivered,Chennai
514060,13267,2025-06-28,Direct,Delivered,Ahmedabad
514061,10517,2024-03-08,Direct,Delivered,Mumbai
514062,14548,2025-01-20,Organic,Delivered,Noida
514063,13690,2024-07-31,Paid Search,Delivered,Pune
514064,11548,2025-11-17,Paid Search,Delivered,Gurugram
514065,12249,2024-11-14,Social,Delivered,Jaipur
514066,10642,2024-06-02,Paid Search,Delivered,Gurugram
514067,11814,2025-02-20,Direct,Delivered,Jaipur
514068,13379,2024-02-26,Direct,Delivered,Lucknow
514069,14412,2024-04-02,Paid Search,Delivered,Ghaziabad
514070,12948,2024-11-11,Paid Search,Delivered,Indore
514071,11414,2025-04-06,Social,Delivered,Bengaluru
514072,14528,2025-03-01,Email,Delivered,Ghaziabad
514073,12722,2024-02-10,Affiliate,Delivered,Jaipur
514074,13714,2025-05-12,Organic,Delivered,Gurugram
514075,13544,2024-02-12,Organic,Delivered,Ghaziabad
514076,11986,2025-08-19,Email,Delivered,Pune
514077,10103,2024-01-29,Social,Delivered,Jaipur
514078,13167,2024-01-20,Email,Delivered,Indore
514079,14460,2025-01-13,Paid Search,Delivered,Ghaziabad
514080,14312,2025-08-09,Organic,Delivered,Noida
514081,14300,2025-07-13,Organic,Delivered,Bhopal
514082,11738,2025-03-14,Affiliate,Delivered,Bhopal
514083,14528,2024-05-10,Paid Search,Delivered,Mumbai
514084,10070,2025-11-27,Organic,Delivered,Bengaluru
514085,11583,2024-01-16,Paid Search,Delivered,Chandigarh
514086,13132,2024-09-11,Direct,Delivered,Ahmedabad
514087,11557,2025-07-05,Social,Delivered,Kochi
514088,10130,2025-03-27,Direct,Delivered,Gurugram
514089,10872,2025-07-31,Direct,Delivered,Hyderabad
514090,14688,2025-07-14,Organic,Delivered,Patna
514091,12141,2025-11-17,Direct,Delivered,Bengaluru
514092,10841,2025-01-12,Paid Search,Delivered,Bhopal
514093,13097,2025-08-23,Email,Delivered,Chandigarh
514094,11872,2024-04-23,Paid Search,Delivered,Noida
514095,11967,2024-05-07,Email,Delivered,Mumbai
514096,14732,2024-02-06,Email,Delivered,Chandigarh
514097,12714,2024-05-29,Organic,Delivered,Jaipur
514098,10400,2024-03-22,Paid Search,Delivered,Ahmedabad
514099,14711,2025-08-25,Organic,Delivered,Ghaziabad
514100,10022,2024-12-27,Organic,Delivered,Hyderabad
514101,13434,2024-11-20,Social,Delivered,Ghaziabad
514102,10519,2025-04-12,Email,Delivered,Jaipur
514103,11360,2024-09-19,Paid Search,Delivered,Lucknow
514104,14931,2025-02-21,Organic,Delivered,Kochi
514105,10844,2024-01-03,Direct,Delivered,Kolkata
514106,14859,2025-06-05,Social,Delivered,Kolkata
514107,11464,2025-09-29,Email,Delivered,Bhopal
514108,11923,2024-01-29,Organic,Cancelled,Lucknow
514109,14687,2024-02-28,Email,Delivered,Kochi
514110,13715,2024-04-09,Affiliate,Delivered,Patna
514111,11472,2025-03-20,Organic,Delivered,Hyderabad
514112,13680,2025-07-10,Social,Delivered,Mumbai
514113,12386,2025-08-24,Organic,Delivered,Hyderabad
514114,10500,2025-07-25,Organic,Delivered,Delhi
514115,11261,2025-02-25,Email,Delivered,Indore
514116,11176,2025-05-28,Email,Delivered,Ghaziabad
514117,12370,2024-07-23,Social,Delivered,Bengaluru
514118,14445,2025-06-28,Social,Delivered,Kolkata
514119,12846,2024-05-13,Social,Delivered,Delhi
514120,10829,2025-12-05,Social,Delivered,Ghaziabad
514121,13037,2024-01-31,Paid Search,Delivered,Bhopal
514122,12605,2025-11-21,Paid Search,Delivered,Ahmedabad
514123,11938,2024-12-02,Paid Search,Delivered,Chandigarh
514124,11221,2025-04-16,Direct,Delivered,Lucknow
514125,13564,2024-04-26,Paid Search,Delivered,Gurugram
514126,12789,2024-08-21,Paid Search,Delivered,Kochi
514127,12148,2025-09-22,Social,Delivered,Ahmedabad
514128,10983,2024-01-11,Affiliate,Delivered,Jaipur
514129,10604,2024-05-20,Affiliate,Delivered,Kolkata
514130,11079,2025-04-06,Email,Delivered,Gurugram
514131,13101,2025-08-10,Paid Search,Delivered,Ahmedabad
514132,10234,2024-11-11,Organic,Delivered,Kochi
514133,10359,2024-03-04,Affiliate,Delivered,Ghaziabad
514134,14951,2024-04-17,Direct,Delivered,Ahmedabad
514135,11341,2025-10-12,Direct,Delivered,Jaipur
514136,10566,2024-06-06,Direct,Delivered,Delhi
514137,14824,2025-02-26,Paid Search,Delivered,Lucknow
514138,12079,2025-11-15,Organic,Delivered,Gurugram
514139,10006,2024-10-01,Email,Delivered,Chennai
514140,12088,2024-02-18,Email,Delivered,Ghaziabad
514141,10103,2025-08-17,Paid Search,Delivered,Lucknow
514142,11519,2025-07-29,Email,Delivered,Kolkata
514143,14727,2025-04-20,Direct,Delivered,Indore
514144,13970,2025-10-21,Organic,Delivered,Chandigarh
514145,12091,2025-07-21,Paid Search,Delivered,Hyderabad
514146,11689,2025-05-18,Paid Search,Delivered,Chandigarh
514147,12919,2024-08-31,Organic,Delivered,Chennai
514148,13128,2024-02-14,Affiliate,Delivered,Chennai
514149,13795,2025-06-14,Email,Delivered,Lucknow
514150,12716,2025-09-10,Organic,Delivered,Hyderabad
514151,10387,2025-05-23,Direct,Delivered,Delhi
514152,14321,2025-04-22,Paid Search,Delivered,Gurugram
514153,11679,2025-06-09,Social,Delivered,Chandigarh
514154,14098,2024-07-21,Email,Delivered,Ahmedabad
514155,14055,2024-03-26,Direct,Delivered,Pune
514156,11090,2025-04-05,Organic,Delivered,Bengaluru
514157,12574,2025-11-20,Social,Delivered,Chandigarh
514158,13751,2024-04-09,Email,Delivered,Bengaluru
514159,11789,2024-02-22,Direct,Delivered,Noida
514160,13963,2025-06-01,Affiliate,Delivered,Delhi
514161,12619,2024-11-04,Direct,Delivered,Noida
514162,14596,2025-10-22,Organic,Delivered,Mumbai
514163,14484,2024-12-10,Paid Search,Delivered,Bengaluru
514164,14817,2025-01-16,Paid Search,Delivered,Gurugram
514165,11102,2024-02-15,Social,Delivered,Pune
514166,13685,2025-11-26,Affiliate,Delivered,Patna
514167,13759,2024-08-29,Social,Delivered,Ghaziabad
514168,12250,2024-11-16,Organic,Delivered,Indore
514169,10842,2025-04-04,Email,Delivered,Bengaluru
514170,11465,2025-09-18,Organic,Delivered,Jaipur
514171,12575,2025-08-04,Organic,Delivered,Jaipur
514172,14324,2025-07-19,Email,Delivered,Gurugram
514173,14580,2024-03-18,Direct,Delivered,Delhi
514174,14578,2024-03-05,Paid Search,Delivered,Noida
514175,14732,2025-08-30,Social,Delivered,Bhopal
514176,10488,2025-10-29,Social,Delivered,Chennai
514177,14978,2025-03-31,Organic,Delivered,Chennai
514178,12772,2025-10-27,Social,Delivered,Ahmedabad
514179,10498,2024-08-20,Organic,Delivered,Chandigarh
514180,10646,2024-09-13,Affiliate,Delivered,Jaipur
514181,11276,2024-05-04,Affiliate,Delivered,Indore
514182,11258,2025-08-03,Paid Search,Delivered,Chennai
514183,10556,2025-05-04,Paid Search,Delivered,Kochi
514184,11916,2024-06-13,Organic,Delivered,Patna
514185,12733,2025-12-31,Direct,Delivered,Pune
514186,11556,2024-01-23,Direct,Delivered,Pune
514187,13340,2025-07-17,Direct,Delivered,Chandigarh
514188,13580,2024-06-01,Social,Cancelled,Gurugram
514189,12000,2025-07-27,Affiliate,Delivered,Gurugram
514190,10395,2024-12-19,Social,Delivered,Pune
514191,11559,2024-06-20,Paid Search,Cancelled,Ghaziabad
514192,13069,2024-02-12,Paid Search,Delivered,Jaipur
514193,11961,2025-03-30,Paid Search,Delivered,Patna
514194,12908,2024-04-26,Paid Search,Delivered,Gurugram
514195,14214,2024-11-24,Paid Search,Delivered,Ghaziabad
514196,13936,2025-11-25,Paid Search,Delivered,Chandigarh
514197,13118,2025-10-10,Social,Delivered,Jaipur
514198,10484,2024-12-26,Organic,Delivered,Chennai
514199,13734,2025-06-18,Organic,Delivered,Lucknow
514200,11664,2025-08-24,Email,Delivered,Lucknow
514201,12077,2025-03-19,Social,Delivered,Ahmedabad
514202,13486,2024-05-31,Paid Search,Delivered,Ghaziabad
514203,14162,2025-08-16,Direct,Delivered,Jaipur
514204,13559,2024-03-05,Social,Delivered,Delhi
514205,11507,2025-01-16,Paid Search,Delivered,Bhopal
514206,12249,2025-07-24,Organic,Delivered,Chandigarh
514207,11812,2025-02-21,Paid Search,Delivered,Kochi
514208,12309,2024-09-11,Paid Search,Delivered,Ghaziabad
514209,13783,2024-10-31,Direct,Cancelled,Bhopal
514210,14825,2024-12-02,Direct,Delivered,Ghaziabad
514211,11955,2025-06-27,Paid Search,Delivered,Kochi
514212,11632,2025-12-26,Paid Search,Delivered,Hyderabad
514213,14417,2025-07-23,Organic,Delivered,Chennai
514214,10751,2024-08-19,Email,Delivered,Jaipur
514215,11955,2024-03-22,Direct,Delivered,Chennai
514216,14765,2024-12-11,Paid Search,Delivered,Noida
514217,14410,2025-09-19,Direct,Delivered,Kolkata
514218,14049,2025-04-09,Paid Search,Delivered,Kolkata
514219,14444,2024-08-23,Social,Delivered,Kolkata
514220,11186,2024-03-06,Organic,Delivered,Gurugram
514221,10291,2024-07-03,Social,Delivered,Bengaluru
514222,14287,2025-06-07,Email,Delivered,Delhi
514223,12460,2025-05-04,Email,Delivered,Patna
514224,11262,2024-11-26,Affiliate,Delivered,Lucknow
514225,12388,2024-09-01,Organic,Delivered,Indore
514226,14138,2024-05-07,Paid Search,Delivered,Mumbai
514227,12460,2025-12-11,Email,Delivered,Chennai
514228,13143,2024-11-10,Social,Delivered,Ahmedabad
514229,12567,2025-07-14,Direct,Delivered,Lucknow
514230,12413,2024-12-02,Affiliate,Delivered,Patna
514231,14764,2025-02-20,Social,Delivered,Bengaluru
514232,14641,2025-04-13,Social,Delivered,Jaipur
514233,12121,2024-09-17,Email,Delivered,Bengaluru
514234,14047,2025-11-16,Organic,Delivered,Kochi
514235,13614,2024-11-30,Paid Search,Delivered,Ghaziabad
514236,10650,2025-07-13,Organic,Delivered,Chandigarh
514237,14235,2025-10-31,Paid Search,Delivered,Ghaziabad
514238,13528,2024-10-06,Affiliate,Delivered,Kochi
514239,14282,2024-06-20,Social,Delivered,Kochi
514240,13948,2025-12-09,Direct,Delivered,Bhopal
514241,14674,2025-07-28,Direct,Delivered,Hyderabad
514242,12706,2025-08-01,Affiliate,Delivered,Bhopal
514243,10306,2025-11-22,Affiliate,Delivered,Chennai
514244,11381,2024-01-21,Organic,Delivered,Pune
514245,10731,2025-11-21,Paid Search,Delivered,Delhi
514246,11173,2024-03-26,Email,Delivered,Indore
514247,12863,2024-04-16,Paid Search,Delivered,Patna
514248,14871,2024-06-08,Paid Search,Delivered,Kolkata
514249,13814,2024-03-23,Direct,Delivered,Chandigarh
514250,12184,2024-03-02,Email,Delivered,Bhopal
514251,12452,2024-04-01,Organic,Delivered,Noida
514252,12595,2024-12-20,Email,Delivered,Jaipur
514253,12054,2024-09-29,Affiliate,Delivered,Ghaziabad
514254,12991,2024-09-06,Direct,Delivered,Delhi
514255,14709,2024-05-05,Email,Delivered,Jaipur
514256,10504,2025-12-12,Organic,Delivered,Patna
514257,11781,2024-08-31,Affiliate,Delivered,Kolkata
514258,10407,2024-12-11,Email,Delivered,Gurugram
514259,14255,2024-04-13,Social,Delivered,Delhi
514260,10991,2024-06-04,Affiliate,Delivered,Gurugram
514261,13267,2024-06-20,Social,Delivered,Pune
514262,10327,2025-12-10,Direct,Delivered,Bhopal
514263,12385,2024-05-08,Direct,Delivered,Chandigarh
514264,14493,2025-01-10,Organic,Delivered,Kochi
514265,14763,2025-02-01,Paid Search,Delivered,Mumbai
514266,10741,2024-02-23,Organic,Delivered,Chandigarh
514267,13308,2024-09-13,Paid Search,Delivered,Pune
514268,11133,2024-02-29,Organic,Delivered,Noida
514269,13648,2024-05-07,Social,Delivered,Chennai
514270,12687,2025-05-08,Organic,Delivered,Hyderabad
514271,13992,2025-02-19,Affiliate,Delivered,Bhopal
514272,14482,2024-12-27,Organic,Delivered,Gurugram
514273,11770,2024-06-05,Paid Search,Delivered,Lucknow
514274,10246,2025-04-01,Organic,Delivered,Lucknow
514275,11587,2025-10-23,Paid Search,Delivered,Lucknow
514276,11080,2025-09-13,Organic,Delivered,Lucknow
514277,10623,2024-05-06,Direct,Delivered,Indore
514278,13587,2025-05-13,Paid Search,Delivered,Ghaziabad
514279,14514,2024-06-27,Direct,Delivered,Bhopal
514280,12596,2025-09-21,Organic,Delivered,Chandigarh
514281,12664,2024-12-11,Organic,Delivered,Chennai
514282,12973,2025-06-26,Direct,Cancelled,Chennai
514283,14492,2025-01-29,Social,Delivered,Lucknow
514284,10085,2025-05-07,Organic,Delivered,Pune
514285,12634,2025-11-14,Organic,Delivered,Gurugram
514286,14335,2024-04-08,Direct,Delivered,Chennai
514287,10811,2025-10-22,Paid Search,Delivered,Jaipur
514288,12894,2024-12-18,Paid Search,Delivered,Chandigarh
514289,10038,2024-04-13,Direct,Delivered,Lucknow
514290,14172,2024-11-12,Email,Delivered,Jaipur
514291,13275,2024-02-10,Affiliate,Delivered,Kochi
514292,14819,2025-01-30,Social,Delivered,Noida
514293,11500,2024-12-11,Email,Delivered,Chandigarh
514294,13661,2024-10-12,Social,Delivered,Lucknow
514295,13847,2024-11-20,Organic,Delivered,Ghaziabad
514296,10156,2025-03-29,Social,Delivered,Bhopal
514297,13797,2025-08-27,Direct,Delivered,Hyderabad
514298,13558,2024-10-13,Paid Search,Delivered,Noida
514299,13071,2024-01-13,Social,Cancelled,Pune
514300,12818,2025-02-11,Paid Search,Delivered,Kochi
514301,14002,2025-11-21,Email,Delivered,Jaipur
514302,10518,2024-10-15,Email,Delivered,Noida
514303,11964,2024-03-30,Social,Delivered,Delhi
514304,11353,2025-10-21,Organic,Delivered,Lucknow
514305,14227,2024-11-02,Paid Search,Delivered,Ahmedabad
514306,10845,2024-09-29,Paid Search,Delivered,Mumbai
514307,10304,2024-08-03,Affiliate,Delivered,Delhi
514308,14625,2025-06-18,Paid Search,Delivered,Ahmedabad
514309,11982,2024-04-16,Paid Search,Delivered,Bhopal
514310,13977,2025-03-24,Paid Search,Delivered,Kolkata
514311,11167,2024-09-11,Paid Search,Delivered,Bhopal
514312,13505,2024-10-08,Email,Delivered,Noida
514313,14628,2024-06-06,Email,Delivered,Noida
514314,13817,2025-08-13,Affiliate,Delivered,Kolkata
514315,11473,2024-11-27,Organic,Delivered,Chandigarh
514316,13007,2025-11-09,Affiliate,Delivered,Pune
514317,14158,2025-08-28,Paid Search,Delivered,Gurugram
514318,14277,2025-07-09,Organic,Delivered,Kochi
514319,11498,2024-11-25,Email,Delivered,Noida
514320,11144,2025-11-24,Organic,Delivered,Pune
514321,12168,2025-03-03,Organic,Delivered,Jaipur
514322,11253,2024-11-14,Organic,Delivered,Bhopal
514323,13602,2024-09-10,Social,Delivered,Lucknow
514324,12959,2025-10-29,Organic,Delivered,Indore
514325,12398,2024-07-04,Affiliate,Delivered,Patna
514326,14051,2025-10-02,Paid Search,Cancelled,Pune
514327,11070,2024-06-16,Paid Search,Delivered,Bengaluru
514328,14179,2025-07-11,Social,Delivered,Kolkata
514329,12819,2024-07-25,Affiliate,Delivered,Hyderabad
514330,14882,2025-09-02,Email,Delivered,Chandigarh
514331,12999,2025-09-02,Organic,Delivered,Noida
514332,13812,2025-06-17,Affiliate,Delivered,Kolkata
514333,10949,2025-12-26,Social,Delivered,Indore
514334,11164,2025-01-09,Direct,Delivered,Delhi
514335,12782,2025-09-05,Social,Delivered,Mumbai
514336,11154,2025-02-07,Paid Search,Delivered,Lucknow
514337,10221,2024-01-29,Affiliate,Delivered,Chennai
514338,12228,2024-11-01,Organic,Delivered,Lucknow
514339,11318,2024-01-24,Email,Delivered,Bengaluru
514340,13251,2025-04-30,Social,Delivered,Pune
514341,12884,2024-04-21,Organic,Delivered,Noida
514342,12565,2024-08-25,Organic,Delivered,Delhi
514343,14157,2025-09-29,Organic,Delivered,Kolkata
514344,10338,2025-06-24,Organic,Delivered,Ahmedabad
514345,13920,2024-09-02,Social,Delivered,Indore
514346,12410,2025-01-04,Email,Delivered,Kochi
514347,13483,2025-02-28,Organic,Delivered,Bengaluru
514348,14086,2024-09-15,Organic,Delivered,Patna
514349,11511,2025-07-02,Affiliate,Delivered,Kochi
514350,11202,2024-04-17,Organic,Delivered,Bhopal
514351,13765,2024-11-07,Affiliate,Delivered,Ghaziabad
514352,13176,2024-07-05,Organic,Delivered,Kolkata
514353,10932,2025-05-11,Direct,Delivered,Mumbai
514354,11349,2025-04-12,Affiliate,Delivered,Hyderabad
514355,14271,2025-08-12,Organic,Delivered,Kochi
514356,12779,2024-09-27,Paid Search,Delivered,Kochi
514357,14557,2024-06-17,Paid Search,Delivered,Gurugram
514358,13505,2024-01-25,Organic,Delivered,Bhopal
514359,11032,2025-09-21,Paid Search,Delivered,Lucknow
514360,11037,2024-08-29,Email,Delivered,Hyderabad
514361,14827,2025-07-05,Affiliate,Delivered,Chandigarh
514362,13698,2024-09-24,Organic,Delivered,Ahmedabad
514363,12973,2024-08-30,Email,Delivered,Lucknow
514364,13383,2024-06-20,Paid Search,Delivered,Noida
514365,12072,2025-07-25,Organic,Delivered,Indore
514366,11564,2024-07-28,Organic,Delivered,Noida
514367,14119,2024-08-04,Paid Search,Delivered,Indore
514368,14475,2025-05-30,Organic,Delivered,Ghaziabad
514369,14532,2025-01-13,Organic,Delivered,Hyderabad
514370,13903,2025-06-29,Paid Search,Delivered,Kochi
514371,14358,2024-03-16,Direct,Delivered,Chennai
514372,12606,2025-12-01,Email,Delivered,Bengaluru
514373,11557,2024-06-22,Direct,Delivered,Indore
514374,10414,2024-03-27,Organic,Delivered,Patna
514375,11544,2024-03-20,Direct,Delivered,Chennai
514376,12204,2024-08-15,Organic,Delivered,Chennai
514377,10419,2024-11-05,Paid Search,Delivered,Hyderabad
514378,11650,2024-02-26,Organic,Delivered,Lucknow
514379,14643,2025-03-31,Paid Search,Delivered,Jaipur
514380,11313,2025-03-24,Organic,Delivered,Lucknow
514381,11966,2025-07-22,Affiliate,Delivered,Chennai
514382,13218,2024-01-12,Affiliate,Delivered,Gurugram
514383,14425,2024-03-11,Paid Search,Delivered,Pune
514384,14609,2024-05-30,Affiliate,Delivered,Kolkata
514385,14062,2024-11-16,Organic,Delivered,Ahmedabad
514386,10733,2025-03-05,Organic,Delivered,Bengaluru
514387,10558,2024-05-27,Organic,Delivered,Kolkata
514388,13709,2024-09-19,Paid Search,Delivered,Bhopal
514389,14428,2025-01-10,Organic,Delivered,Chennai
514390,13109,2025-02-01,Organic,Delivered,Hyderabad
514391,14572,2025-01-19,Paid Search,Delivered,Chandigarh
514392,13336,2025-04-13,Direct,Delivered,Chennai
514393,11755,2025-07-06,Direct,Delivered,Chandigarh
514394,14226,2025-09-05,Direct,Delivered,Mumbai
514395,13788,2025-12-06,Organic,Delivered,Hyderabad
514396,11878,2024-10-14,Organic,Delivered,Lucknow
514397,12948,2024-08-27,Social,Delivered,Patna
514398,12898,2024-07-22,Social,Delivered,Noida
514399,10496,2024-09-12,Paid Search,Delivered,Bengaluru
514400,11385,2025-01-28,Affiliate,Delivered,Lucknow
514401,11139,2025-03-17,Direct,Delivered,Delhi
514402,11422,2024-02-20,Paid Search,Delivered,Mumbai
514403,12629,2025-12-31,Direct,Delivered,Hyderabad
514404,12567,2024-01-31,Organic,Delivered,Bhopal
514405,14292,2024-10-20,Social,Delivered,Patna
514406,10037,2024-11-26,Organic,Delivered,Mumbai
514407,14123,2024-09-09,Social,Delivered,Kolkata
514408,11241,2024-06-08,Organic,Delivered,Kochi
514409,11756,2025-01-22,Social,Delivered,Jaipur
514410,10759,2024-01-06,Organic,Delivered,Kolkata
514411,10067,2025-06-27,Paid Search,Delivered,Jaipur
514412,10600,2025-05-11,Email,Delivered,Noida
514413,11123,2025-07-17,Paid Search,Delivered,Hyderabad
514414,11924,2025-08-19,Social,Delivered,Gurugram
514415,11559,2025-10-10,Direct,Delivered,Pune
514416,10522,2024-04-18,Direct,Delivered,Lucknow
514417,11690,2025-09-02,Direct,Delivered,Gurugram
514418,10772,2025-02-16,Organic,Cancelled,Bhopal
514419,13419,2024-03-31,Social,Delivered,Gurugram
514420,13344,2025-12-20,Affiliate,Delivered,Indore
514421,10314,2025-08-16,Direct,Delivered,Delhi
514422,13257,2024-07-15,Paid Search,Delivered,Noida
514423,14542,2025-10-13,Direct,Delivered,Pune
514424,14726,2025-06-18,Paid Search,Delivered,Delhi
514425,10284,2024-11-22,Affiliate,Delivered,Gurugram
514426,14602,2024-04-28,Social,Delivered,Ghaziabad
514427,12035,2025-06-18,Paid Search,Delivered,Patna
514428,14370,2025-11-12,Organic,Delivered,Indore
514429,11019,2024-05-20,Organic,Delivered,Ahmedabad
514430,13455,2024-01-01,Email,Delivered,Indore
514431,14014,2024-06-16,Social,Delivered,Kolkata
514432,11333,2024-08-03,Paid Search,Delivered,Lucknow
514433,13688,2024-10-04,Email,Delivered,Mumbai
514434,10891,2025-12-14,Social,Delivered,Kolkata
514435,13549,2025-12-05,Organic,Delivered,Noida
514436,14748,2025-05-05,Paid Search,Delivered,Kolkata
514437,11497,2024-06-07,Paid Search,Delivered,Pune
514438,14799,2024-06-03,Paid Search,Delivered,Kolkata
514439,13336,2024-02-29,Direct,Delivered,Noida
514440,12523,2025-08-01,Direct,Delivered,Gurugram
514441,11637,2024-06-10,Social,Delivered,Bengaluru
514442,12743,2025-10-18,Paid Search,Delivered,Gurugram
514443,14920,2025-03-14,Affiliate,Delivered,Indore
514444,10027,2024-12-22,Organic,Delivered,Noida
514445,14332,2025-11-10,Social,Delivered,Bengaluru
514446,10743,2024-04-24,Direct,Delivered,Chandigarh
514447,14382,2024-12-04,Direct,Delivered,Pune
514448,12730,2024-07-08,Direct,Delivered,Jaipur
514449,14495,2024-05-12,Organic,Delivered,Hyderabad
514450,10909,2025-11-20,Social,Delivered,Lucknow
514451,10239,2025-03-18,Affiliate,Delivered,Patna
514452,12394,2024-04-27,Organic,Delivered,Bhopal
514453,13891,2024-03-19,Affiliate,Delivered,Kolkata
514454,13975,2024-08-16,Paid Search,Delivered,Lucknow
514455,13823,2025-09-01,Direct,Delivered,Chennai
514456,14004,2024-04-16,Paid Search,Delivered,Pune
514457,13878,2025-06-26,Paid Search,Delivered,Bengaluru
514458,14309,2024-03-18,Direct,Delivered,Ahmedabad
514459,10853,2024-09-03,Email,Delivered,Pune
514460,11179,2025-01-16,Social,Delivered,Chennai
514461,10018,2024-04-04,Direct,Cancelled,Chennai
514462,12160,2024-10-16,Social,Delivered,Chennai
514463,11315,2024-07-14,Social,Delivered,Mumbai
514464,13135,2024-02-03,Paid Search,Delivered,Noida
514465,12765,2024-01-01,Direct,Delivered,Delhi
514466,12906,2024-04-16,Social,Delivered,Delhi
514467,13294,2025-07-01,Email,Delivered,Kochi
514468,14996,2024-01-28,Direct,Delivered,Pune
514469,10533,2025-01-04,Paid Search,Delivered,Delhi
514470,11382,2024-01-18,Affiliate,Delivered,Ghaziabad
514471,12088,2024-06-06,Affiliate,Delivered,Lucknow
514472,10357,2024-05-10,Organic,Delivered,Hyderabad
514473,14093,2024-09-05,Email,Delivered,Pune
514474,11940,2025-06-27,Direct,Delivered,Kochi
514475,10834,2024-11-03,Social,Delivered,Ahmedabad
514476,12591,2024-01-11,Organic,Delivered,Ghaziabad
514477,10960,2024-04-15,Organic,Delivered,Chandigarh
514478,11937,2024-08-10,Organic,Delivered,Ghaziabad
514479,13223,2024-07-22,Paid Search,Delivered,Mumbai
514480,11597,2025-02-16,Email,Delivered,Lucknow
514481,14164,2024-09-13,Social,Delivered,Gurugram
514482,11287,2025-06-27,Social,Delivered,Chandigarh
514483,10575,2024-07-03,Paid Search,Delivered,Kochi
514484,12138,2025-05-10,Email,Delivered,Gurugram
514485,10957,2024-03-14,Direct,Delivered,Kolkata
514486,13447,2025-12-23,Affiliate,Delivered,Bhopal
514487,12620,2025-12-22,Email,Delivered,Chennai
514488,10745,2024-07-20,Paid Search,Delivered,Chennai
514489,11683,2024-06-20,Direct,Delivered,Chandigarh
514490,14328,2024-01-01,Direct,Delivered,Ahmedabad
514491,14094,2025-12-14,Direct,Delivered,Ahmedabad
514492,13206,2024-01-28,Email,Delivered,Lucknow
514493,14516,2024-01-02,Paid Search,Delivered,Pune
514494,10537,2024-03-12,Social,Delivered,Kolkata
514495,13660,2024-08-03,Paid Search,Delivered,Ahmedabad
514496,10118,2025-12-13,Paid Search,Delivered,Chennai
514497,13000,2024-05-01,Paid Search,Delivered,Lucknow
514498,10257,2025-02-20,Direct,Delivered,Delhi
514499,11710,2025-04-20,Social,Delivered,Bhopal
514500,10452,2025-08-07,Paid Search,Delivered,Kolkata
514501,11270,2025-05-26,Email,Delivered,Kochi
514502,13218,2025-12-21,Paid Search,Cancelled,Jaipur
514503,13911,2025-04-28,Organic,Delivered,Ghaziabad
514504,14705,2025-09-09,Email,Delivered,Indore
514505,14942,2024-08-21,Paid Search,Delivered,Indore
514506,10667,2024-10-24,Paid Search,Delivered,Gurugram
514507,14598,2025-06-22,Social,Delivered,Kolkata
514508,11422,2025-10-02,Organic,Delivered,Kolkata
514509,14423,2024-01-04,Paid Search,Delivered,Gurugram
514510,14330,2024-11-13,Social,Delivered,Chandigarh
514511,14596,2025-08-09,Direct,Delivered,Noida
514512,12529,2024-03-24,Paid Search,Delivered,Bengaluru
514513,13753,2024-09-14,Social,Delivered,Lucknow
514514,12136,2025-02-04,Social,Delivered,Pune
514515,10390,2024-03-01,Email,Delivered,Noida
514516,12367,2025-10-31,Social,Delivered,Pune
514517,11006,2024-09-25,Affiliate,Delivered,Gurugram
514518,10506,2025-07-27,Direct,Delivered,Delhi
514519,10670,2024-11-08,Paid Search,Delivered,Noida
514520,11098,2024-10-20,Direct,Delivered,Bhopal
514521,13983,2025-12-07,Paid Search,Delivered,Bengaluru
514522,14811,2025-09-16,Affiliate,Delivered,Ahmedabad
514523,14252,2025-01-12,Email,Delivered,Patna
514524,13218,2024-12-05,Social,Delivered,Pune
514525,14412,2025-07-24,Social,Delivered,Noida
514526,11432,2025-05-15,Social,Delivered,Chandigarh
514527,14542,2025-12-16,Paid Search,Delivered,Noida
514528,14735,2024-08-31,Social,Delivered,Lucknow
514529,10744,2024-03-23,Social,Cancelled,Bengaluru
514530,11988,2024-05-22,Paid Search,Delivered,Bhopal
514531,11403,2025-01-20,Paid Search,Delivered,Ghaziabad
514532,10705,2024-08-17,Paid Search,Delivered,Gurugram
514533,10864,2025-08-14,Affiliate,Delivered,Delhi
514534,14827,2025-10-01,Paid Search,Delivered,Patna
514535,10908,2024-05-16,Social,Delivered,Chandigarh
514536,13330,2025-12-24,Direct,Delivered,Gurugram
514537,14364,2025-04-06,Organic,Delivered,Hyderabad
514538,13765,2024-07-11,Organic,Delivered,Indore
514539,12268,2024-05-27,Direct,Delivered,Pune
514540,10113,2024-04-30,Email,Delivered,Ahmedabad
514541,12091,2024-12-10,Paid Search,Delivered,Ahmedabad
514542,11416,2024-02-21,Organic,Delivered,Mumbai
514543,14323,2024-04-05,Social,Delivered,Bengaluru
514544,14728,2025-07-05,Affiliate,Delivered,Jaipur
514545,11162,2024-12-23,Paid Search,Delivered,Ghaziabad
514546,10778,2025-01-20,Direct,Delivered,Lucknow
514547,14101,2024-08-25,Paid Search,Delivered,Jaipur
514548,14368,2025-02-10,Social,Delivered,Chennai
514549,14917,2024-09-07,Organic,Delivered,Bhopal
514550,13853,2024-02-03,Social,Delivered,Chennai
514551,12318,2025-02-19,Direct,Delivered,Chennai
514552,11893,2024-02-29,Organic,Delivered,Kolkata
514553,10300,2025-05-18,Social,Delivered,Kolkata
514554,14434,2025-10-30,Paid Search,Delivered,Ahmedabad
514555,14966,2025-05-02,Paid Search,Delivered,Chennai
514556,14614,2025-02-25,Organic,Delivered,Ghaziabad
514557,12869,2025-12-05,Social,Delivered,Noida
514558,14335,2024-06-09,Direct,Delivered,Pune
514559,10013,2025-07-19,Organic,Delivered,Patna
514560,12038,2024-05-31,Paid Search,Delivered,Mumbai
514561,10538,2024-01-01,Organic,Delivered,Pune
514562,12936,2024-06-25,Social,Delivered,Pune
514563,10012,2025-01-02,Organic,Delivered,Chennai
514564,11531,2024-02-16,Direct,Delivered,Chennai
514565,12098,2024-07-22,Email,Delivered,Indore
514566,10650,2024-02-06,Email,Delivered,Ghaziabad
514567,10431,2024-06-26,Organic,Delivered,Chandigarh
514568,14511,2025-06-10,Social,Delivered,Kolkata
514569,11362,2024-04-21,Affiliate,Delivered,Lucknow
514570,14906,2024-07-11,Social,Delivered,Noida
514571,11854,2024-04-09,Affiliate,Delivered,Gurugram
514572,10293,2024-10-08,Email,Delivered,Kolkata
514573,10518,2025-07-10,Direct,Delivered,Noida
514574,13439,2025-01-27,Paid Search,Delivered,Noida
514575,10064,2024-05-26,Affiliate,Delivered,Mumbai
514576,14747,2024-08-21,Paid Search,Delivered,Delhi
514577,11278,2025-05-04,Social,Delivered,Kochi
514578,13040,2024-12-15,Email,Delivered,Noida
514579,12220,2024-12-02,Paid Search,Delivered,Noida
514580,10236,2025-09-24,Organic,Delivered,Delhi
514581,13515,2025-08-21,Paid Search,Delivered,Kochi
514582,10075,2024-06-27,Organic,Delivered,Chandigarh
514583,13985,2025-05-29,Social,Delivered,Pune
514584,12521,2025-08-01,Organic,Delivered,Patna
514585,11513,2025-10-19,Social,Delivered,Chandigarh
514586,14700,2024-07-11,Paid Search,Delivered,Lucknow
514587,11016,2025-06-16,Organic,Delivered,Delhi
514588,11395,2024-05-16,Email,Delivered,Delhi
514589,13229,2024-11-20,Paid Search,Delivered,Chennai
514590,11752,2024-02-23,Social,Delivered,Pune
514591,12435,2025-03-17,Direct,Delivered,Gurugram
514592,13980,2025-05-15,Direct,Delivered,Mumbai
514593,14568,2024-11-22,Social,Delivered,Chennai
514594,14009,2024-10-27,Social,Delivered,Mumbai
514595,10403,2024-06-25,Social,Delivered,Lucknow
514596,14719,2025-07-17,Paid Search,Delivered,Ghaziabad
514597,12105,2025-10-27,Paid Search,Delivered,Bhopal
514598,14194,2024-04-06,Organic,Delivered,Gurugram
514599,11430,2024-07-20,Direct,Delivered,Bengaluru
514600,12970,2025-03-17,Organic,Delivered,Ghaziabad
514601,14823,2024-09-24,Paid Search,Delivered,Hyderabad
514602,14694,2024-01-10,Organic,Delivered,Bengaluru
514603,13272,2024-01-16,Organic,Delivered,Hyderabad
514604,13073,2024-06-19,Organic,Delivered,Hyderabad
514605,10147,2025-12-08,Social,Delivered,Bhopal
514606,13008,2025-03-21,Social,Delivered,Pune
514607,12103,2024-07-05,Direct,Delivered,Chennai
514608,10078,2024-02-10,Email,Delivered,Ahmedabad
514609,14727,2025-07-06,Affiliate,Delivered,Bengaluru
514610,12278,2024-10-02,Social,Delivered,Chennai
514611,13847,2024-10-14,Organic,Delivered,Indore
514612,10215,2025-02-14,Direct,Delivered,Patna
514613,11226,2024-06-15,Social,Delivered,Bhopal
514614,14494,2025-06-15,Affiliate,Delivered,Delhi
514615,14685,2024-08-17,Organic,Delivered,Noida
514616,10053,2025-05-30,Paid Search,Cancelled,Jaipur
514617,14463,2025-01-13,Paid Search,Cancelled,Bhopal
514618,11536,2024-04-18,Paid Search,Delivered,Kochi
514619,11081,2025-03-31,Email,Delivered,Kolkata
514620,14976,2024-02-24,Affiliate,Delivered,Kochi
514621,12673,2025-06-06,Direct,Delivered,Pune
514622,13976,2024-10-02,Affiliate,Delivered,Pune
514623,10690,2025-05-05,Affiliate,Delivered,Noida
514624,13789,2024-06-25,Direct,Delivered,Ghaziabad
514625,11832,2024-10-24,Email,Delivered,Kochi
514626,13565,2024-08-11,Affiliate,Delivered,Indore
514627,13279,2024-07-02,Organic,Delivered,Patna
514628,10257,2024-09-07,Direct,Delivered,Chennai
514629,14375,2024-02-09,Social,Delivered,Kochi
514630,11441,2024-10-17,Paid Search,Delivered,Lucknow
514631,11824,2024-03-31,Social,Delivered,Indore
514632,13993,2025-01-14,Affiliate,Delivered,Kochi
514633,14386,2024-03-07,Email,Delivered,Jaipur
514634,14478,2024-01-07,Organic,Delivered,Patna
514635,12275,2024-11-16,Paid Search,Delivered,Mumbai
514636,11751,2024-08-05,Affiliate,Delivered,Bhopal
514637,14098,2025-10-02,Email,Delivered,Patna
514638,11298,2024-07-12,Organic,Delivered,Noida
514639,13216,2024-10-18,Affiliate,Delivered,Noida
514640,11180,2024-06-21,Email,Delivered,Ghaziabad
514641,11052,2025-10-12,Paid Search,Delivered,Chandigarh
514642,12741,2025-07-30,Paid Search,Delivered,Chennai
514643,14325,2024-05-05,Paid Search,Delivered,Ahmedabad
514644,11458,2024-07-02,Email,Delivered,Indore
514645,13632,2024-05-16,Direct,Delivered,Chandigarh
514646,10107,2024-04-20,Direct,Delivered,Chandigarh
514647,13490,2024-06-24,Email,Delivered,Ahmedabad
514648,11954,2025-09-14,Paid Search,Delivered,Ahmedabad
514649,10375,2024-12-01,Organic,Delivered,Noida
514650,12769,2024-10-06,Social,Delivered,Bhopal
514651,11197,2024-05-19,Social,Delivered,Gurugram
514652,13172,2024-05-14,Email,Delivered,Chennai
514653,10216,2025-02-09,Direct,Delivered,Delhi
514654,11715,2025-07-03,Organic,Delivered,Bhopal
514655,11181,2025-02-11,Paid Search,Delivered,Mumbai
514656,11570,2025-04-25,Social,Delivered,Ghaziabad
514657,10040,2024-07-10,Paid Search,Delivered,Gurugram
514658,11420,2025-11-22,Organic,Delivered,Delhi
514659,10444,2025-08-24,Social,Delivered,Ahmedabad
514660,13117,2025-10-03,Organic,Delivered,Kolkata
514661,12298,2025-05-03,Paid Search,Delivered,Mumbai
514662,11419,2025-05-22,Direct,Delivered,Gurugram
514663,13083,2024-02-21,Social,Delivered,Pune
514664,14585,2024-04-27,Organic,Delivered,Chandigarh
514665,12710,2024-04-06,Direct,Delivered,Gurugram
514666,11409,2024-12-19,Organic,Delivered,Kolkata
514667,12017,2025-03-05,Paid Search,Delivered,Ahmedabad
514668,13955,2024-03-27,Direct,Delivered,Chennai
514669,10497,2025-07-03,Affiliate,Delivered,Delhi
514670,11599,2025-02-05,Paid Search,Delivered,Hyderabad
514671,12348,2025-03-11,Email,Delivered,Mumbai
514672,13174,2025-11-01,Social,Delivered,Kochi
514673,12883,2025-03-03,Direct,Delivered,Hyderabad
514674,13496,2024-01-03,Social,Delivered,Ahmedabad
514675,14700,2025-07-15,Email,Delivered,Noida
514676,10872,2025-10-02,Organic,Delivered,Ahmedabad
514677,12398,2024-03-02,Paid Search,Delivered,Patna
514678,11900,2025-01-29,Organic,Delivered,Hyderabad
514679,10441,2024-12-09,Social,Delivered,Indore
514680,10638,2024-04-20,Social,Delivered,Kolkata
514681,13143,2024-07-20,Paid Search,Delivered,Gurugram
514682,12554,2025-09-17,Paid Search,Delivered,Kochi
514683,11465,2024-10-13,Social,Delivered,Bengaluru
514684,14548,2025-01-27,Organic,Delivered,Lucknow
514685,11556,2025-07-22,Direct,Delivered,Jaipur
514686,12982,2024-11-23,Direct,Delivered,Gurugram
514687,14943,2025-10-13,Social,Delivered,Gurugram
514688,13509,2024-12-31,Direct,Delivered,Patna
514689,13641,2025-12-21,Email,Delivered,Jaipur
514690,11416,2024-04-17,Social,Delivered,Patna
514691,14574,2025-10-11,Social,Delivered,Patna
514692,12342,2024-03-23,Organic,Delivered,Bhopal
514693,11508,2025-08-17,Organic,Delivered,Kolkata
514694,13704,2025-04-28,Social,Delivered,Patna
514695,12653,2025-02-13,Organic,Delivered,Bengaluru
514696,10657,2025-10-05,Affiliate,Delivered,Ghaziabad
514697,10100,2025-04-13,Organic,Delivered,Bengaluru
514698,10609,2025-05-22,Paid Search,Delivered,Bhopal
514699,10797,2025-07-05,Social,Delivered,Ahmedabad
514700,11123,2025-09-06,Organic,Delivered,Indore
514701,11728,2024-06-18,Paid Search,Delivered,Gurugram
514702,11184,2025-09-09,Social,Cancelled,Kochi
514703,14516,2025-03-06,Organic,Delivered,Hyderabad
514704,14812,2024-01-24,Organic,Delivered,Bhopal
514705,14862,2025-11-02,Organic,Delivered,Hyderabad
514706,10794,2025-07-17,Social,Delivered,Lucknow
514707,12671,2025-10-13,Affiliate,Delivered,Delhi
514708,10526,2025-07-18,Affiliate,Delivered,Delhi
514709,13545,2024-09-09,Paid Search,Delivered,Jaipur
514710,10689,2024-09-12,Email,Delivered,Kochi
514711,11450,2024-07-21,Direct,Delivered,Kolkata
514712,11015,2024-10-26,Paid Search,Delivered,Lucknow
514713,12405,2024-01-26,Direct,Delivered,Ahmedabad
514714,11844,2025-06-28,Affiliate,Delivered,Patna
514715,12704,2025-07-03,Organic,Delivered,Chennai
514716,10986,2025-12-22,Paid Search,Delivered,Ahmedabad
514717,12542,2025-02-06,Direct,Delivered,Kolkata
514718,10440,2025-12-23,Organic,Delivered,Ghaziabad
514719,10206,2024-06-02,Organic,Delivered,Lucknow
514720,10684,2024-12-12,Paid Search,Delivered,Bhopal
514721,11334,2025-07-25,Organic,Delivered,Mumbai
514722,13949,2025-07-31,Organic,Delivered,Bengaluru
514723,11653,2025-07-19,Paid Search,Delivered,Kolkata
514724,12601,2024-12-06,Affiliate,Delivered,Kolkata
514725,13392,2024-02-23,Organic,Delivered,Noida
514726,13730,2025-09-25,Direct,Delivered,Bhopal
514727,12920,2024-10-05,Direct,Delivered,Patna
514728,10884,2025-04-19,Social,Delivered,Jaipur
514729,13315,2024-04-07,Direct,Delivered,Noida
514730,11526,2025-11-15,Social,Delivered,Ghaziabad
514731,12957,2024-07-06,Organic,Delivered,Noida
514732,14912,2025-12-29,Organic,Delivered,Lucknow
514733,10364,2025-06-06,Social,Cancelled,Patna
514734,10429,2024-08-29,Direct,Delivered,Jaipur
514735,11250,2024-09-27,Organic,Delivered,Noida
514736,12194,2025-12-16,Social,Delivered,Kolkata
514737,12395,2025-03-10,Affiliate,Delivered,Ahmedabad
514738,11479,2025-05-21,Direct,Delivered,Kochi
514739,14505,2025-03-23,Direct,Delivered,Bengaluru
514740,10037,2024-06-23,Organic,Delivered,Chandigarh
514741,12723,2024-04-06,Organic,Delivered,Mumbai
514742,12763,2024-01-03,Organic,Delivered,Kochi
514743,13850,2024-10-23,Paid Search,Delivered,Mumbai
514744,12751,2025-05-14,Direct,Delivered,Bhopal
514745,10678,2024-08-08,Email,Delivered,Patna
514746,11603,2024-06-11,Direct,Delivered,Delhi
514747,10864,2024-10-11,Paid Search,Delivered,Kochi
514748,12362,2024-06-18,Paid Search,Delivered,Bhopal
514749,14574,2024-11-13,Paid Search,Cancelled,Chennai
514750,11960,2025-02-07,Paid Search,Delivered,Mumbai
514751,11824,2024-07-18,Affiliate,Delivered,Mumbai
514752,12322,2024-01-23,Email,Delivered,Patna
514753,10831,2024-03-15,Affiliate,Delivered,Patna
514754,14241,2024-10-31,Direct,Delivered,Lucknow
514755,13326,2024-05-09,Organic,Delivered,Bhopal
514756,13570,2025-08-07,Paid Search,Delivered,Pune
514757,11750,2024-04-30,Email,Delivered,Delhi
514758,11402,2024-01-20,Paid Search,Delivered,Ghaziabad
514759,12371,2025-03-28,Organic,Delivered,Chennai
514760,11198,2025-04-01,Organic,Delivered,Patna
514761,10107,2025-05-06,Direct,Delivered,Bhopal
514762,13627,2024-04-25,Direct,Delivered,Kochi
514763,14300,2025-05-12,Paid Search,Delivered,Noida
514764,11123,2025-09-22,Email,Delivered,Chennai
514765,13135,2025-03-18,Organic,Delivered,Ahmedabad
514766,14538,2024-10-12,Organic,Delivered,Chandigarh
514767,13701,2024-12-17,Paid Search,Delivered,Indore
514768,14165,2025-08-16,Paid Search,Delivered,Hyderabad
514769,14458,2024-04-14,Direct,Delivered,Delhi
514770,11263,2025-06-13,Organic,Delivered,Delhi
514771,10367,2024-07-16,Social,Delivered,Jaipur
514772,14008,2025-10-03,Direct,Delivered,Bengaluru
514773,13956,2024-04-12,Organic,Delivered,Kochi
514774,10957,2025-01-12,Social,Delivered,Chandigarh
514775,14519,2024-10-19,Paid Search,Delivered,Chandigarh
514776,10125,2024-12-21,Organic,Delivered,Bengaluru
514777,11886,2024-10-06,Paid Search,Cancelled,Hyderabad
514778,14806,2024-01-28,Affiliate,Cancelled,Chandigarh
514779,11764,2025-09-19,Social,Delivered,Indore
514780,13807,2025-01-25,Organic,Delivered,Kochi
514781,10191,2025-03-14,Paid Search,Cancelled,Jaipur
514782,12446,2025-01-16,Affiliate,Delivered,Chandigarh
514783,13909,2025-01-21,Email,Delivered,Hyderabad
514784,14217,2025-03-19,Direct,Delivered,Chennai
514785,12182,2024-11-02,Affiliate,Delivered,Chandigarh
514786,10380,2024-04-05,Organic,Delivered,Bhopal
514787,12663,2024-01-22,Organic,Delivered,Bengaluru
514788,13699,2025-01-29,Social,Delivered,Indore
514789,12255,2024-05-16,Paid Search,Delivered,Gurugram
514790,14782,2024-11-27,Social,Delivered,Noida
514791,11571,2025-03-18,Email,Delivered,Indore
514792,14093,2025-03-11,Paid Search,Delivered,Kochi
514793,13775,2024-05-03,Direct,Delivered,Hyderabad
514794,12159,2025-04-27,Social,Delivered,Hyderabad
514795,10490,2025-11-18,Email,Delivered,Patna
514796,11732,2024-09-21,Paid Search,Delivered,Delhi
514797,13837,2024-03-27,Email,Delivered,Gurugram
514798,14463,2025-01-03,Direct,Delivered,Chennai
514799,12286,2025-03-26,Organic,Cancelled,Ahmedabad
514800,11458,2024-10-15,Paid Search,Delivered,Pune
514801,13828,2025-03-14,Email,Delivered,Ahmedabad
514802,14688,2025-07-13,Direct,Delivered,Hyderabad
514803,10712,2025-02-26,Email,Delivered,Lucknow
514804,11600,2025-08-05,Paid Search,Delivered,Lucknow
514805,13974,2024-04-16,Email,Cancelled,Chennai
514806,10626,2024-08-02,Email,Delivered,Mumbai
514807,14870,2025-02-09,Organic,Delivered,Chennai
514808,11180,2024-07-08,Social,Delivered,Ghaziabad
514809,12433,2025-12-27,Social,Delivered,Delhi
514810,12598,2025-05-10,Paid Search,Delivered,Bengaluru
514811,11872,2024-10-28,Paid Search,Delivered,Ghaziabad
514812,10656,2025-07-19,Affiliate,Delivered,Ahmedabad
514813,10151,2025-12-19,Organic,Delivered,Mumbai
514814,11900,2024-01-08,Paid Search,Delivered,Jaipur
514815,11347,2025-02-11,Email,Delivered,Bhopal
514816,14530,2024-11-08,Organic,Delivered,Bengaluru
514817,13324,2025-07-05,Organic,Delivered,Chandigarh
514818,10470,2024-08-12,Direct,Delivered,Kochi
514819,13776,2024-08-25,Social,Delivered,Lucknow
514820,13073,2025-07-14,Paid Search,Delivered,Mumbai
514821,10629,2025-10-13,Organic,Delivered,Kochi
514822,12019,2024-04-14,Organic,Delivered,Hyderabad
514823,13688,2025-03-25,Affiliate,Delivered,Indore
514824,13238,2025-07-22,Paid Search,Delivered,Kolkata
514825,12867,2024-04-30,Organic,Delivered,Bhopal
514826,12449,2025-04-28,Direct,Delivered,Indore
514827,13453,2025-12-17,Email,Delivered,Ahmedabad
514828,14384,2025-09-08,Affiliate,Delivered,Lucknow
514829,10859,2024-05-22,Email,Delivered,Bengaluru
514830,12013,2025-12-24,Direct,Delivered,Kolkata
514831,14244,2024-09-18,Paid Search,Delivered,Bhopal
514832,12543,2024-12-14,Organic,Delivered,Jaipur
514833,10881,2024-08-01,Organic,Delivered,Pune
514834,10651,2025-05-26,Organic,Delivered,Bhopal
514835,13637,2024-04-01,Direct,Delivered,Gurugram
514836,12452,2025-06-02,Email,Delivered,Ahmedabad
514837,13954,2024-02-10,Organic,Delivered,Bengaluru
514838,10574,2025-09-09,Organic,Delivered,Chennai
514839,13035,2024-08-26,Email,Delivered,Ahmedabad
514840,12916,2025-01-13,Paid Search,Delivered,Hyderabad
514841,12298,2024-06-15,Affiliate,Cancelled,Chennai
514842,12137,2024-03-19,Direct,Delivered,Bhopal
514843,11357,2024-01-18,Affiliate,Delivered,Gurugram
514844,13917,2025-12-16,Organic,Delivered,Chennai
514845,11656,2024-04-09,Email,Delivered,Lucknow
514846,12093,2024-02-11,Social,Delivered,Lucknow
514847,14297,2025-01-10,Direct,Delivered,Bhopal
514848,13153,2025-12-04,Organic,Delivered,Gurugram
514849,10194,2024-03-01,Email,Delivered,Chandigarh
514850,10295,2024-07-05,Social,Delivered,Bengaluru
514851,12689,2025-02-10,Social,Delivered,Ahmedabad
514852,13551,2024-12-26,Paid Search,Delivered,Delhi
514853,12356,2024-04-16,Organic,Delivered,Gurugram
514854,14788,2025-11-25,Affiliate,Delivered,Kochi
514855,14254,2024-09-18,Organic,Delivered,Gurugram
514856,12239,2025-05-09,Paid Search,Delivered,Indore
514857,11177,2024-11-30,Social,Delivered,Bengaluru
514858,10050,2025-03-04,Paid Search,Delivered,Kochi
514859,10169,2025-10-23,Email,Delivered,Chandigarh
514860,13019,2024-08-26,Paid Search,Delivered,Noida
514861,11674,2025-08-18,Social,Delivered,Ahmedabad
514862,10726,2024-08-01,Organic,Delivered,Chennai
514863,10368,2024-08-19,Paid Search,Delivered,Bhopal
514864,12340,2024-01-24,Social,Delivered,Lucknow
514865,12925,2024-09-10,Direct,Delivered,Kochi
514866,10163,2025-03-04,Organic,Delivered,Chandigarh
514867,12095,2025-04-12,Paid Search,Cancelled,Bhopal
514868,12215,2024-11-10,Paid Search,Delivered,Noida
514869,10281,2024-09-17,Organic,Delivered,Jaipur
514870,14373,2024-06-12,Paid Search,Delivered,Jaipur
514871,11150,2025-10-22,Direct,Delivered,Mumbai
514872,10677,2024-10-07,Paid Search,Delivered,Noida
514873,10670,2024-08-11,Paid Search,Delivered,Ahmedabad
514874,12492,2025-11-18,Direct,Delivered,Chennai
514875,13543,2025-04-10,Email,Delivered,Gurugram
514876,11270,2025-09-12,Paid Search,Cancelled,Kolkata
514877,13830,2024-10-11,Affiliate,Delivered,Mumbai
514878,11306,2024-11-10,Email,Delivered,Jaipur
514879,10935,2025-06-17,Direct,Delivered,Chennai
514880,13217,2025-12-17,Organic,Delivered,Chandigarh
514881,13869,2025-07-30,Social,Delivered,Pune
514882,13742,2024-12-03,Email,Delivered,Lucknow
514883,12788,2025-03-13,Direct,Delivered,Bhopal
514884,14367,2024-09-12,Social,Delivered,Jaipur
514885,14246,2024-11-29,Organic,Delivered,Chandigarh
514886,11392,2024-10-10,Direct,Delivered,Kochi
514887,13136,2024-03-13,Social,Delivered,Delhi
514888,10354,2025-10-01,Social,Delivered,Hyderabad
514889,10399,2024-04-10,Paid Search,Delivered,Ghaziabad
514890,12212,2024-07-14,Affiliate,Delivered,Indore
514891,13519,2024-07-04,Social,Delivered,Bengaluru
514892,12923,2024-06-11,Direct,Delivered,Delhi
514893,10822,2024-12-29,Social,Delivered,Noida
514894,13698,2025-12-03,Organic,Delivered,Ahmedabad
514895,13035,2024-08-28,Affiliate,Delivered,Delhi
514896,13781,2025-06-20,Organic,Delivered,Hyderabad
514897,13062,2025-06-19,Paid Search,Delivered,Bhopal
514898,14319,2025-07-12,Direct,Delivered,Jaipur
514899,11811,2025-03-31,Direct,Delivered,Kolkata
514900,10156,2025-06-25,Affiliate,Delivered,Jaipur
514901,12995,2025-07-10,Organic,Delivered,Ghaziabad
514902,14905,2025-05-14,Affiliate,Delivered,Ahmedabad
514903,10492,2025-02-12,Social,Delivered,Chennai
514904,14835,2024-03-07,Paid Search,Delivered,Delhi
514905,13851,2025-01-06,Paid Search,Delivered,Kochi
514906,10178,2025-07-04,Social,Delivered,Chennai
514907,12714,2024-09-06,Paid Search,Delivered,Bhopal
514908,11567,2024-06-30,Social,Delivered,Chennai
514909,13270,2025-03-10,Organic,Delivered,Chandigarh
514910,13828,2024-04-06,Direct,Delivered,Jaipur
514911,11870,2025-06-09,Direct,Delivered,Chennai
514912,12393,2025-12-19,Paid Search,Delivered,Ahmedabad
514913,10200,2024-12-19,Direct,Delivered,Gurugram
514914,10024,2024-01-21,Affiliate,Delivered,Hyderabad
514915,13797,2024-07-17,Direct,Delivered,Bhopal
514916,11774,2024-01-24,Direct,Delivered,Noida
514917,14391,2024-12-01,Paid Search,Delivered,Chennai
514918,12895,2024-08-14,Affiliate,Delivered,Jaipur
514919,11983,2025-07-19,Organic,Delivered,Chandigarh
514920,14398,2025-09-09,Direct,Delivered,Hyderabad
514921,10286,2024-11-13,Social,Delivered,Indore
514922,14147,2025-12-15,Email,Delivered,Mumbai
514923,10371,2024-11-24,Paid Search,Delivered,Chandigarh
514924,14732,2024-03-27,Organic,Delivered,Bengaluru
514925,12828,2025-10-25,Organic,Delivered,Indore
514926,12340,2024-10-16,Organic,Delivered,Mumbai
514927,13276,2025-10-09,Paid Search,Delivered,Indore
514928,13992,2025-06-20,Paid Search,Delivered,Delhi
514929,11427,2025-11-17,Direct,Delivered,Lucknow
514930,10504,2025-04-16,Direct,Delivered,Mumbai
514931,14837,2025-03-09,Social,Delivered,Bengaluru
514932,12593,2024-06-19,Direct,Delivered,Kolkata
514933,11435,2024-07-23,Social,Delivered,Patna
514934,14583,2024-08-28,Direct,Delivered,Lucknow
514935,10199,2024-08-14,Affiliate,Delivered,Hyderabad
514936,14195,2025-03-10,Affiliate,Delivered,Jaipur
514937,10093,2025-09-28,Paid Search,Delivered,Mumbai
514938,13279,2024-01-26,Affiliate,Delivered,Patna
514939,10190,2025-03-28,Affiliate,Delivered,Indore
514940,10747,2025-07-08,Organic,Delivered,Patna
514941,11632,2024-11-20,Organic,Delivered,Hyderabad
514942,10911,2024-07-20,Direct,Delivered,Hyderabad
514943,10224,2024-11-12,Direct,Delivered,Mumbai
514944,13394,2025-08-28,Social,Delivered,Bhopal
514945,13807,2025-10-30,Organic,Delivered,Noida
514946,11628,2025-05-14,Paid Search,Delivered,Noida
514947,13490,2024-12-20,Organic,Delivered,Noida
514948,11648,2025-04-16,Affiliate,Delivered,Chandigarh
514949,11077,2025-05-09,Organic,Delivered,Patna
514950,14239,2025-07-14,Paid Search,Delivered,Indore
514951,12626,2024-04-15,Social,Delivered,Chennai
514952,10103,2024-02-24,Email,Delivered,Ahmedabad
514953,13496,2024-09-09,Direct,Delivered,Kochi
514954,11963,2024-07-09,Paid Search,Delivered,Ahmedabad
514955,10366,2025-03-25,Organic,Delivered,Indore
514956,11192,2025-01-16,Organic,Delivered,Chandigarh
514957,11596,2025-11-02,Email,Delivered,Kochi
514958,10136,2025-07-22,Organic,Delivered,Indore
514959,13641,2024-04-17,Email,Delivered,Noida
514960,11083,2025-09-12,Social,Delivered,Ahmedabad
514961,10783,2025-07-17,Paid Search,Cancelled,Delhi
514962,10922,2024-10-06,Paid Search,Delivered,Chennai
514963,13573,2024-02-12,Direct,Delivered,Jaipur
514964,12523,2025-08-03,Email,Delivered,Gurugram
514965,14067,2024-05-21,Social,Delivered,Kochi
514966,12176,2024-06-10,Paid Search,Delivered,Indore
514967,13413,2024-12-09,Paid Search,Delivered,Hyderabad
514968,12359,2024-03-01,Paid Search,Delivered,Chandigarh
514969,12965,2024-10-18,Direct,Delivered,Patna
514970,14390,2024-06-29,Paid Search,Delivered,Ahmedabad
514971,13070,2024-02-08,Organic,Delivered,Chennai
514972,12473,2025-10-22,Direct,Delivered,Hyderabad
514973,14328,2024-07-09,Social,Delivered,Bengaluru
514974,13196,2025-02-01,Organic,Delivered,Lucknow
514975,14666,2025-08-20,Organic,Delivered,Patna
514976,13238,2024-12-17,Paid Search,Delivered,Pune
514977,13436,2024-08-02,Email,Delivered,Delhi
514978,12585,2025-06-27,Direct,Delivered,Pune
514979,14250,2025-05-20,Organic,Delivered,Delhi
514980,11524,2024-01-08,Paid Search,Delivered,Gurugram
514981,12722,2025-08-21,Paid Search,Delivered,Mumbai
514982,14516,2024-03-27,Paid Search,Delivered,Pune
514983,11064,2025-06-23,Affiliate,Delivered,Chandigarh
514984,12191,2024-03-13,Organic,Delivered,Indore
514985,10129,2024-02-17,Direct,Delivered,Delhi
514986,12856,2024-03-29,Paid Search,Delivered,Ahmedabad
514987,11737,2025-06-25,Affiliate,Delivered,Pune
514988,12796,2024-11-27,Email,Delivered,Hyderabad
514989,11182,2025-03-15,Social,Delivered,Chennai
514990,14139,2024-07-24,Direct,Delivered,Jaipur
514991,14926,2024-03-28,Social,Delivered,Indore
514992,12674,2025-07-28,Affiliate,Delivered,Kolkata
514993,13052,2025-08-31,Social,Delivered,Pune
514994,12285,2025-09-05,Email,Delivered,Pune
514995,11492,2024-02-17,Organic,Delivered,Patna
514996,12301,2025-11-07,Email,Delivered,Hyderabad
514997,12470,2025-01-31,Direct,Delivered,Chandigarh
514998,13900,2024-05-23,Email,Delivered,Chennai
514999,13453,2024-05-25,Affiliate,Delivered,Indore
515000,11650,2025-01-02,Direct,Delivered,Chandigarh
515001,13085,2025-03-17,Organic,Delivered,Chennai
515002,14675,2024-02-05,Email,Delivered,Chandigarh
515003,12089,2024-12-28,Direct,Cancelled,Hyderabad
515004,14234,2024-06-24,Organic,Delivered,Ahmedabad
515005,12369,2025-11-01,Organic,Delivered,Kolkata
515006,10692,2025-03-25,Paid Search,Delivered,Pune
515007,10911,2024-09-28,Direct,Delivered,Noida
515008,11587,2024-11-04,Direct,Cancelled,Ghaziabad
515009,12912,2025-09-04,Direct,Delivered,Bhopal
515010,14529,2025-05-19,Social,Delivered,Ghaziabad
515011,11968,2024-10-10,Email,Delivered,Kolkata
515012,11392,2025-09-05,Organic,Delivered,Lucknow
515013,13274,2025-03-30,Direct,Delivered,Jaipur
515014,11589,2024-02-13,Direct,Delivered,Chandigarh
515015,12179,2025-04-05,Social,Delivered,Ghaziabad
515016,11088,2025-11-17,Organic,Delivered,Ahmedabad
515017,11473,2025-09-23,Direct,Delivered,Lucknow
515018,10272,2024-01-31,Direct,Cancelled,Ghaziabad
515019,12843,2025-10-06,Direct,Delivered,Jaipur
515020,12393,2025-12-18,Social,Delivered,Lucknow
515021,10860,2024-04-28,Paid Search,Delivered,Kolkata
515022,13775,2025-04-11,Paid Search,Delivered,Pune
515023,11010,2025-07-05,Social,Delivered,Chandigarh
515024,13300,2024-02-01,Direct,Delivered,Bengaluru
515025,10561,2025-08-28,Organic,Delivered,Pune
515026,10139,2024-10-14,Email,Delivered,Hyderabad
515027,10618,2024-08-06,Direct,Delivered,Hyderabad
515028,12617,2024-07-07,Paid Search,Delivered,Jaipur
515029,10899,2025-01-04,Social,Delivered,Hyderabad
515030,11652,2025-08-06,Affiliate,Delivered,Hyderabad
515031,12688,2025-08-23,Social,Delivered,Patna
515032,13209,2024-06-13,Social,Delivered,Kochi
515033,13922,2025-08-27,Affiliate,Delivered,Jaipur
515034,12026,2025-08-26,Organic,Delivered,Kolkata
515035,10530,2024-02-14,Email,Delivered,Noida
515036,14903,2024-08-16,Direct,Delivered,Bengaluru
515037,13889,2024-01-11,Organic,Delivered,Chennai
515038,14143,2025-12-24,Organic,Delivered,Patna
515039,14615,2024-12-11,Organic,Delivered,Delhi
515040,13502,2024-07-16,Affiliate,Delivered,Bhopal
515041,14968,2025-10-15,Paid Search,Delivered,Patna
515042,12579,2025-05-15,Social,Delivered,Chennai
515043,12802,2025-11-18,Email,Delivered,Lucknow
515044,12956,2025-08-07,Social,Delivered,Gurugram
515045,12542,2025-11-29,Social,Delivered,Hyderabad
515046,12211,2024-06-07,Direct,Delivered,Gurugram
515047,11654,2024-05-29,Social,Delivered,Patna
515048,13974,2024-02-25,Direct,Delivered,Jaipur
515049,11643,2024-09-07,Social,Delivered,Bhopal
515050,14542,2025-02-06,Paid Search,Delivered,Noida
515051,13749,2025-02-17,Paid Search,Delivered,Delhi
515052,14996,2025-05-09,Affiliate,Delivered,Bhopal
515053,13227,2025-06-19,Email,Delivered,Jaipur
515054,12995,2025-08-20,Affiliate,Delivered,Jaipur
515055,11674,2025-01-15,Social,Delivered,Chennai
515056,13410,2024-07-18,Direct,Delivered,Jaipur
515057,12903,2024-11-17,Paid Search,Delivered,Jaipur
515058,12000,2025-09-29,Affiliate,Delivered,Chandigarh
515059,10338,2025-08-19,Paid Search,Delivered,Noida
515060,10043,2025-10-31,Organic,Delivered,Patna
515061,11155,2025-01-29,Social,Delivered,Chennai
515062,13517,2025-07-23,Paid Search,Delivered,Patna
515063,14594,2024-10-28,Organic,Delivered,Gurugram
515064,14671,2024-01-06,Paid Search,Delivered,Ghaziabad
515065,12627,2025-06-27,Direct,Delivered,Ghaziabad
515066,14299,2024-03-04,Direct,Delivered,Lucknow
515067,10021,2025-04-09,Direct,Delivered,Mumbai
515068,14394,2025-12-30,Organic,Delivered,Ghaziabad
515069,14819,2024-01-19,Organic,Delivered,Chennai
515070,12011,2025-06-20,Paid Search,Delivered,Mumbai
515071,10228,2025-09-26,Affiliate,Delivered,Kolkata
515072,13568,2025-04-03,Direct,Delivered,Patna
515073,10069,2025-05-19,Paid Search,Delivered,Mumbai
515074,13193,2025-10-20,Social,Delivered,Delhi
515075,11607,2025-07-22,Organic,Delivered,Kolkata
515076,12705,2024-01-29,Email,Delivered,Mumbai
515077,14600,2025-07-19,Direct,Delivered,Delhi
515078,10759,2025-07-07,Email,Delivered,Delhi
515079,10171,2024-06-15,Email,Delivered,Chandigarh
515080,12878,2025-04-23,Social,Delivered,Chandigarh
515081,13482,2025-09-07,Paid Search,Delivered,Hyderabad
515082,11493,2025-09-12,Paid Search,Delivered,Pune
515083,10822,2025-09-28,Affiliate,Delivered,Chandigarh
515084,13518,2025-07-22,Email,Delivered,Ahmedabad
515085,13446,2024-03-30,Paid Search,Delivered,Kolkata
515086,14725,2024-12-20,Social,Delivered,Chennai
515087,14322,2024-06-19,Organic,Delivered,Jaipur
515088,13639,2024-02-21,Organic,Delivered,Patna
515089,10100,2024-07-11,Organic,Delivered,Chennai
515090,11298,2025-10-26,Direct,Delivered,Kochi
515091,13276,2025-03-13,Paid Search,Delivered,Chennai
515092,12327,2025-07-12,Direct,Delivered,Ahmedabad
515093,10260,2025-01-02,Paid Search,Delivered,Lucknow
515094,12825,2024-09-17,Paid Search,Delivered,Indore
515095,13798,2024-12-18,Affiliate,Delivered,Chandigarh
515096,13631,2025-12-20,Organic,Delivered,Chennai
515097,14615,2024-07-28,Direct,Delivered,Chandigarh
515098,10740,2024-08-15,Email,Delivered,Ghaziabad
515099,14772,2025-09-11,Organic,Delivered,Delhi
515100,12628,2024-09-27,Direct,Cancelled,Bengaluru
515101,11529,2025-10-22,Paid Search,Delivered,Ahmedabad
515102,14301,2025-12-13,Paid Search,Delivered,Bhopal
515103,10517,2024-02-18,Direct,Delivered,Indore
515104,10138,2025-05-03,Paid Search,Delivered,Ahmedabad
515105,13653,2024-03-09,Email,Delivered,Kolkata
515106,13638,2025-10-04,Organic,Delivered,Chandigarh
515107,10454,2024-03-25,Direct,Delivered,Delhi
515108,14403,2025-10-10,Paid Search,Delivered,Ghaziabad
515109,14204,2025-07-16,Organic,Delivered,Ghaziabad
515110,13979,2025-01-27,Direct,Delivered,Indore
515111,11959,2024-05-31,Affiliate,Delivered,Kochi
515112,14660,2024-07-14,Affiliate,Delivered,Kolkata
515113,10655,2024-11-11,Social,Delivered,Patna
515114,13914,2025-09-11,Email,Delivered,Noida
515115,14206,2025-10-18,Paid Search,Delivered,Kolkata
515116,12591,2025-01-01,Social,Delivered,Ghaziabad
515117,11729,2024-06-19,Paid Search,Delivered,Bengaluru
515118,12385,2025-02-16,Paid Search,Delivered,Hyderabad
515119,10239,2025-08-30,Organic,Delivered,Pune
515120,10160,2025-01-30,Affiliate,Delivered,Hyderabad
515121,11689,2025-10-12,Organic,Delivered,Indore
515122,10093,2024-01-08,Social,Delivered,Gurugram
515123,13178,2025-01-01,Email,Delivered,Indore
515124,13198,2024-02-03,Organic,Delivered,Chennai
515125,14273,2025-03-23,Paid Search,Delivered,Delhi
515126,11378,2025-03-26,Paid Search,Delivered,Ghaziabad
515127,14075,2024-08-16,Organic,Delivered,Ahmedabad
515128,11536,2025-08-03,Affiliate,Delivered,Kochi
515129,12714,2025-11-26,Social,Delivered,Hyderabad
515130,14036,2024-11-30,Social,Delivered,Chennai
515131,11777,2024-11-13,Organic,Delivered,Kolkata
515132,10557,2024-05-19,Social,Delivered,Bhopal
515133,14077,2024-01-21,Paid Search,Delivered,Kochi
515134,11420,2024-10-24,Organic,Delivered,Lucknow
515135,11085,2024-11-18,Social,Delivered,Chennai
515136,13426,2025-07-15,Email,Delivered,Noida
515137,12672,2025-09-22,Organic,Delivered,Delhi
515138,10153,2024-03-20,Organic,Delivered,Chennai
515139,14573,2024-04-21,Affiliate,Cancelled,Ahmedabad
515140,12599,2025-02-13,Organic,Delivered,Patna
515141,11352,2024-10-01,Organic,Delivered,Mumbai
515142,10428,2025-05-28,Direct,Delivered,Gurugram
515143,13427,2024-08-23,Organic,Delivered,Chennai
515144,13809,2024-10-30,Email,Delivered,Gurugram
515145,13744,2024-11-20,Affiliate,Delivered,Ahmedabad
515146,13173,2025-03-15,Paid Search,Delivered,Bhopal
515147,14379,2024-02-20,Social,Delivered,Mumbai
515148,13043,2025-10-07,Social,Delivered,Mumbai
515149,11209,2024-09-04,Organic,Delivered,Noida
515150,11107,2024-06-04,Paid Search,Delivered,Mumbai
515151,11923,2025-04-13,Direct,Delivered,Patna
515152,13624,2024-04-08,Paid Search,Delivered,Mumbai
515153,10112,2025-03-07,Affiliate,Delivered,Pune
515154,11509,2024-02-14,Social,Delivered,Bhopal
515155,12164,2024-07-11,Email,Delivered,Jaipur
515156,12855,2025-06-14,Social,Delivered,Patna
515157,10736,2024-09-28,Social,Delivered,Chandigarh
515158,10461,2025-10-20,Social,Delivered,Ahmedabad
515159,14551,2024-09-17,Social,Delivered,Bhopal
515160,10481,2025-05-19,Affiliate,Delivered,Ghaziabad
515161,10398,2024-01-22,Direct,Delivered,Ghaziabad
515162,10970,2025-12-14,Paid Search,Delivered,Bhopal
515163,11717,2025-03-26,Organic,Delivered,Bengaluru
515164,11081,2025-06-01,Affiliate,Delivered,Kolkata
515165,14073,2024-08-25,Organic,Delivered,Ahmedabad
515166,10633,2024-07-29,Direct,Delivered,Chennai
515167,10696,2024-11-15,Organic,Delivered,Pune
515168,10592,2024-07-05,Organic,Delivered,Kochi
515169,13265,2024-01-16,Organic,Delivered,Delhi
515170,14396,2025-05-02,Organic,Delivered,Hyderabad
515171,10815,2025-06-07,Affiliate,Delivered,Lucknow
515172,12774,2025-05-09,Paid Search,Delivered,Lucknow
515173,11862,2025-02-08,Direct,Delivered,Patna
515174,13111,2025-01-17,Paid Search,Delivered,Noida
515175,13250,2025-12-21,Email,Delivered,Kochi
515176,11440,2025-01-20,Email,Delivered,Kolkata
515177,13023,2025-05-30,Paid Search,Delivered,Kochi
515178,10278,2024-10-31,Direct,Delivered,Jaipur
515179,12431,2024-01-25,Paid Search,Delivered,Mumbai
515180,14842,2024-09-12,Social,Delivered,Indore
515181,14495,2025-06-11,Paid Search,Delivered,Hyderabad
515182,10271,2025-04-08,Paid Search,Delivered,Gurugram
515183,10287,2025-05-22,Organic,Delivered,Patna
515184,14114,2025-06-30,Paid Search,Delivered,Indore
515185,11047,2024-06-08,Direct,Delivered,Pune
515186,13326,2025-08-17,Direct,Delivered,Pune
515187,12716,2025-06-06,Direct,Delivered,Mumbai
515188,12038,2024-08-13,Email,Delivered,Chennai
515189,11542,2025-01-03,Email,Delivered,Noida
515190,13733,2025-09-19,Direct,Delivered,Chennai
515191,11290,2024-05-02,Social,Delivered,Bhopal
515192,13824,2024-08-09,Direct,Delivered,Lucknow
515193,11164,2024-05-20,Paid Search,Delivered,Noida
515194,14392,2024-08-10,Social,Delivered,Bengaluru
515195,13505,2024-05-29,Social,Delivered,Patna
515196,12725,2025-08-12,Organic,Delivered,Kochi
515197,10497,2025-12-25,Organic,Delivered,Ghaziabad
515198,11069,2025-12-09,Direct,Delivered,Indore
515199,13160,2024-09-18,Social,Delivered,Ghaziabad
515200,12863,2025-11-12,Organic,Delivered,Kochi
515201,10514,2024-02-29,Direct,Delivered,Ahmedabad
515202,10497,2024-03-22,Direct,Delivered,Chennai
515203,13033,2024-08-25,Email,Delivered,Lucknow
515204,11882,2024-07-29,Paid Search,Delivered,Ghaziabad
515205,12369,2025-11-01,Paid Search,Delivered,Indore
515206,13052,2025-07-09,Direct,Delivered,Patna
515207,14248,2025-07-04,Organic,Delivered,Mumbai
515208,11260,2025-08-12,Paid Search,Delivered,Ahmedabad
515209,13469,2025-06-14,Organic,Delivered,Ghaziabad
515210,14326,2025-01-03,Email,Delivered,Jaipur
515211,14570,2024-02-12,Paid Search,Delivered,Mumbai
515212,14881,2024-01-12,Direct,Delivered,Delhi
515213,10023,2025-12-14,Affiliate,Delivered,Chandigarh
515214,10380,2025-01-01,Direct,Delivered,Kochi
515215,14344,2025-11-27,Paid Search,Delivered,Ghaziabad
515216,11030,2024-01-23,Social,Cancelled,Chandigarh
515217,11451,2025-04-09,Email,Delivered,Lucknow
515218,12366,2024-07-24,Direct,Delivered,Kochi
515219,13279,2024-09-23,Paid Search,Delivered,Kolkata
515220,10190,2025-04-25,Paid Search,Delivered,Chennai
515221,13245,2024-12-28,Email,Delivered,Chandigarh
515222,10465,2024-04-08,Email,Delivered,Chandigarh
515223,11851,2025-12-31,Organic,Delivered,Bhopal
515224,14504,2025-06-04,Social,Delivered,Hyderabad
515225,10629,2024-09-20,Paid Search,Delivered,Bengaluru
515226,10228,2025-03-30,Paid Search,Delivered,Bengaluru
515227,12378,2024-04-20,Organic,Delivered,Patna
515228,11238,2024-11-10,Email,Delivered,Patna
515229,11229,2024-11-06,Organic,Delivered,Ghaziabad
515230,12119,2024-09-29,Organic,Delivered,Bengaluru
515231,10853,2024-12-19,Social,Delivered,Chandigarh
515232,10103,2025-10-30,Organic,Delivered,Gurugram
515233,14628,2024-01-06,Email,Cancelled,Indore
515234,14053,2025-02-08,Social,Delivered,Ahmedabad
515235,12059,2025-11-18,Social,Delivered,Delhi
515236,14151,2025-10-11,Organic,Delivered,Patna
515237,14980,2025-10-18,Organic,Delivered,Ahmedabad
515238,11974,2024-10-28,Email,Delivered,Lucknow
515239,10782,2025-02-18,Organic,Delivered,Bhopal
515240,11009,2025-03-10,Organic,Delivered,Ghaziabad
515241,14805,2025-09-04,Affiliate,Delivered,Pune
515242,14462,2025-11-28,Organic,Delivered,Chandigarh
515243,13500,2024-07-05,Social,Delivered,Lucknow
515244,13393,2024-03-31,Organic,Delivered,Kolkata
515245,11531,2024-07-12,Paid Search,Delivered,Jaipur
515246,12620,2024-07-11,Direct,Delivered,Patna
515247,11842,2024-08-07,Affiliate,Cancelled,Patna
515248,11962,2025-11-01,Organic,Delivered,Mumbai
515249,13636,2024-06-06,Organic,Delivered,Delhi
515250,12697,2024-11-04,Social,Delivered,Bengaluru
515251,12143,2024-09-18,Email,Delivered,Hyderabad
515252,11248,2024-07-17,Social,Delivered,Gurugram
515253,13277,2024-05-23,Paid Search,Delivered,Gurugram
515254,12249,2025-12-30,Direct,Delivered,Ahmedabad
515255,10251,2025-04-02,Direct,Delivered,Gurugram
515256,13430,2024-03-15,Email,Delivered,Kolkata
515257,11676,2025-04-23,Direct,Delivered,Chennai
515258,12057,2025-03-23,Paid Search,Delivered,Chandigarh
515259,14944,2024-09-19,Paid Search,Cancelled,Lucknow
515260,13425,2025-07-30,Paid Search,Delivered,Chandigarh
515261,10336,2025-08-09,Organic,Delivered,Kolkata
515262,13694,2025-07-29,Organic,Delivered,Bhopal
515263,11460,2025-04-12,Direct,Delivered,Gurugram
515264,13769,2024-11-18,Direct,Delivered,Hyderabad
515265,11749,2024-05-31,Social,Delivered,Gurugram
515266,12846,2024-02-02,Email,Delivered,Indore
515267,13473,2025-11-02,Paid Search,Delivered,Bhopal
515268,10922,2025-09-06,Organic,Delivered,Gurugram
515269,10680,2024-05-27,Paid Search,Delivered,Hyderabad
515270,13503,2025-08-09,Email,Delivered,Bhopal
515271,10360,2024-02-04,Email,Delivered,Ghaziabad
515272,14097,2024-06-22,Social,Delivered,Noida
515273,12167,2024-04-19,Direct,Delivered,Kochi
515274,10472,2024-09-05,Organic,Delivered,Bhopal
515275,13820,2024-08-21,Paid Search,Delivered,Bengaluru
515276,14480,2025-01-09,Organic,Delivered,Chandigarh
515277,10337,2024-12-01,Direct,Delivered,Indore
515278,14707,2024-03-24,Social,Delivered,Patna
515279,12072,2024-04-19,Paid Search,Delivered,Gurugram
515280,13342,2025-08-22,Direct,Delivered,Ghaziabad
515281,11333,2025-02-04,Paid Search,Delivered,Hyderabad
515282,10556,2025-11-05,Paid Search,Delivered,Ahmedabad
515283,14935,2024-04-05,Organic,Delivered,Chennai
515284,13269,2024-08-13,Paid Search,Delivered,Ahmedabad
515285,11276,2024-04-25,Email,Delivered,Ghaziabad
515286,11781,2025-11-06,Direct,Delivered,Ahmedabad
515287,13790,2024-04-26,Organic,Delivered,Bengaluru
515288,11519,2025-08-08,Email,Delivered,Gurugram
515289,13440,2024-05-20,Organic,Delivered,Kolkata
515290,10184,2025-06-16,Affiliate,Delivered,Kolkata
515291,14936,2024-11-28,Paid Search,Delivered,Jaipur
515292,13625,2025-12-09,Organic,Delivered,Delhi
515293,11683,2024-02-21,Paid Search,Delivered,Chandigarh
515294,12834,2024-08-25,Direct,Delivered,Mumbai
515295,10870,2025-06-12,Paid Search,Delivered,Indore
515296,12254,2025-10-31,Paid Search,Delivered,Indore
515297,11767,2025-01-29,Organic,Delivered,Chennai
515298,11944,2024-03-12,Direct,Delivered,Patna
515299,14067,2025-04-05,Paid Search,Delivered,Noida
515300,12060,2024-12-15,Direct,Delivered,Mumbai
515301,10032,2025-07-20,Organic,Delivered,Hyderabad
515302,12266,2025-02-07,Paid Search,Delivered,Pune
515303,10260,2025-10-18,Social,Delivered,Delhi
515304,12388,2024-03-30,Paid Search,Delivered,Lucknow
515305,13397,2025-04-01,Social,Delivered,Hyderabad
515306,10489,2025-06-23,Paid Search,Delivered,Chandigarh
515307,10317,2024-10-23,Paid Search,Delivered,Noida
515308,11902,2024-12-13,Paid Search,Delivered,Gurugram
515309,12413,2025-05-23,Email,Delivered,Hyderabad
515310,10321,2024-11-29,Social,Delivered,Kochi
515311,11628,2024-10-13,Paid Search,Delivered,Gurugram
515312,13880,2025-03-01,Direct,Delivered,Noida
515313,12855,2025-08-10,Email,Delivered,Patna
515314,12612,2024-04-08,Email,Delivered,Ahmedabad
515315,10524,2025-09-30,Organic,Delivered,Jaipur
515316,13998,2024-05-26,Affiliate,Delivered,Patna
515317,12961,2024-03-12,Organic,Delivered,Bhopal
515318,12147,2024-05-12,Organic,Delivered,Pune
515319,13072,2024-02-26,Paid Search,Delivered,Gurugram
515320,10766,2025-11-26,Direct,Delivered,Hyderabad
515321,13388,2024-08-01,Organic,Delivered,Mumbai
515322,11498,2025-07-19,Paid Search,Delivered,Chennai
515323,10206,2024-05-13,Organic,Delivered,Bengaluru
515324,11170,2025-01-21,Paid Search,Delivered,Pune
515325,11827,2024-11-07,Paid Search,Delivered,Pune
515326,12200,2025-04-27,Organic,Delivered,Jaipur
515327,11145,2025-12-23,Affiliate,Delivered,Kochi
515328,13945,2025-04-20,Organic,Delivered,Pune
515329,11321,2025-05-28,Social,Delivered,Ahmedabad
515330,10584,2024-07-10,Organic,Delivered,Bhopal
515331,11113,2024-03-30,Organic,Delivered,Kolkata
515332,12001,2024-03-04,Social,Delivered,Kochi
515333,10224,2024-08-07,Paid Search,Delivered,Gurugram
515334,10459,2025-02-09,Organic,Delivered,Kochi
515335,10787,2024-02-14,Organic,Delivered,Indore
515336,11958,2024-07-11,Paid Search,Delivered,Gurugram
515337,14760,2025-04-06,Affiliate,Delivered,Gurugram
515338,12913,2025-09-30,Direct,Delivered,Gurugram
515339,10410,2025-12-24,Organic,Delivered,Bhopal
515340,10345,2024-06-21,Organic,Delivered,Delhi
515341,10517,2024-03-15,Paid Search,Delivered,Mumbai
515342,10334,2025-02-22,Email,Cancelled,Jaipur
515343,12527,2025-11-16,Paid Search,Delivered,Kolkata
515344,13653,2024-11-03,Organic,Delivered,Noida
515345,12173,2025-10-22,Social,Delivered,Chennai
515346,12038,2025-06-27,Email,Delivered,Patna
515347,12974,2025-10-18,Social,Delivered,Hyderabad
515348,11757,2025-11-25,Email,Delivered,Mumbai
515349,14044,2024-03-19,Organic,Delivered,Chandigarh
515350,13432,2024-10-27,Paid Search,Delivered,Lucknow
515351,14917,2024-02-06,Social,Delivered,Bhopal
515352,10424,2024-02-02,Email,Delivered,Ahmedabad
515353,12167,2024-12-13,Organic,Delivered,Kochi
515354,14299,2025-04-28,Paid Search,Delivered,Bengaluru
515355,13363,2025-10-09,Organic,Delivered,Jaipur
515356,13878,2024-04-04,Direct,Delivered,Kochi
515357,12342,2024-01-25,Paid Search,Delivered,Mumbai
515358,11949,2024-03-17,Direct,Delivered,Patna
515359,13765,2025-11-08,Direct,Delivered,Bhopal
515360,12344,2025-04-28,Social,Delivered,Bengaluru
515361,12036,2024-12-17,Direct,Delivered,Noida
515362,11989,2024-03-16,Organic,Delivered,Chennai
515363,10618,2024-09-28,Organic,Delivered,Hyderabad
515364,13927,2024-04-04,Paid Search,Delivered,Noida
515365,14258,2024-01-22,Email,Delivered,Kolkata
515366,10145,2024-11-16,Direct,Delivered,Chennai
515367,12012,2025-01-02,Social,Delivered,Bhopal
515368,13357,2024-11-26,Organic,Delivered,Gurugram
515369,10751,2025-09-29,Organic,Delivered,Chennai
515370,11513,2025-10-29,Paid Search,Delivered,Indore
515371,14809,2024-03-29,Email,Delivered,Bhopal
515372,13898,2024-07-20,Social,Delivered,Ahmedabad
515373,14386,2025-01-01,Direct,Delivered,Ghaziabad
515374,14920,2024-10-20,Paid Search,Delivered,Kochi
515375,13408,2024-11-14,Social,Delivered,Ahmedabad
515376,11395,2025-06-01,Organic,Cancelled,Bengaluru
515377,14766,2024-05-11,Email,Delivered,Delhi
515378,12230,2025-08-27,Affiliate,Delivered,Hyderabad
515379,12696,2024-07-12,Social,Delivered,Delhi
515380,12738,2024-09-12,Paid Search,Delivered,Chandigarh
515381,12743,2024-06-11,Organic,Delivered,Patna
515382,12756,2025-04-06,Direct,Delivered,Lucknow
515383,13886,2025-05-23,Social,Delivered,Kochi
515384,10783,2025-04-01,Affiliate,Delivered,Ghaziabad
515385,12206,2024-12-26,Organic,Delivered,Kochi
515386,12917,2024-08-09,Paid Search,Delivered,Lucknow
515387,12787,2025-05-17,Social,Delivered,Ahmedabad
515388,13620,2024-03-27,Social,Delivered,Bhopal
515389,11673,2024-08-16,Paid Search,Delivered,Chandigarh
515390,14721,2025-05-13,Paid Search,Delivered,Kolkata
515391,10074,2025-05-21,Social,Delivered,Ahmedabad
515392,13627,2024-07-14,Paid Search,Delivered,Mumbai
515393,10848,2024-09-06,Organic,Delivered,Kolkata
515394,13017,2024-08-20,Email,Delivered,Gurugram
515395,10118,2025-10-10,Affiliate,Delivered,Pune
515396,11167,2025-02-22,Paid Search,Delivered,Lucknow
515397,11958,2024-03-27,Direct,Delivered,Indore
515398,10490,2024-04-27,Direct,Delivered,Ghaziabad
515399,11641,2024-02-20,Social,Delivered,Pune
515400,13172,2024-06-25,Affiliate,Delivered,Chennai
515401,10809,2024-06-11,Social,Delivered,Noida
515402,13126,2024-11-22,Paid Search,Delivered,Indore
515403,12340,2025-06-30,Organic,Delivered,Bhopal
515404,14197,2025-10-04,Paid Search,Delivered,Mumbai
515405,13189,2025-02-12,Organic,Delivered,Pune
515406,12231,2025-07-18,Direct,Delivered,Hyderabad
515407,14126,2025-04-23,Direct,Delivered,Ghaziabad
515408,10861,2024-08-20,Social,Delivered,Delhi
515409,12836,2025-03-23,Social,Delivered,Hyderabad
515410,11124,2024-08-08,Direct,Delivered,Gurugram
515411,12254,2024-08-13,Affiliate,Delivered,Chandigarh
515412,12382,2025-12-22,Organic,Delivered,Chandigarh
515413,12993,2025-10-27,Direct,Delivered,Mumbai
515414,11561,2025-04-22,Social,Delivered,Lucknow
515415,13310,2025-03-09,Organic,Delivered,Gurugram
515416,10902,2025-05-16,Organic,Delivered,Hyderabad
515417,10836,2025-07-04,Affiliate,Delivered,Chandigarh
515418,10540,2024-02-10,Organic,Delivered,Delhi
515419,12405,2024-09-19,Direct,Delivered,Bhopal
515420,12062,2024-03-17,Affiliate,Delivered,Pune
515421,14128,2025-01-21,Organic,Delivered,Bhopal
515422,11688,2024-08-03,Paid Search,Delivered,Kolkata
515423,12905,2024-08-29,Social,Delivered,Indore
515424,14827,2025-09-07,Organic,Delivered,Jaipur
515425,13079,2024-05-29,Social,Delivered,Hyderabad
515426,14283,2025-10-27,Direct,Delivered,Chandigarh
515427,12548,2024-11-03,Social,Delivered,Gurugram
515428,10918,2024-05-19,Social,Delivered,Patna
515429,12248,2024-04-14,Direct,Delivered,Pune
515430,13767,2025-06-06,Direct,Delivered,Indore
515431,10578,2025-10-21,Direct,Delivered,Kolkata
515432,12401,2025-09-30,Organic,Delivered,Kolkata
515433,12590,2024-05-04,Organic,Delivered,Chennai
515434,14631,2025-10-04,Email,Delivered,Delhi
515435,14887,2024-06-13,Organic,Delivered,Lucknow
515436,13042,2024-12-01,Social,Delivered,Kochi
515437,11059,2024-01-05,Direct,Delivered,Noida
515438,11020,2024-07-08,Direct,Delivered,Gurugram
515439,12994,2024-08-21,Paid Search,Delivered,Gurugram
515440,10980,2025-11-30,Direct,Delivered,Pune
515441,13368,2024-07-22,Social,Delivered,Patna
515442,14837,2024-07-21,Email,Delivered,Patna
515443,10936,2024-07-18,Organic,Delivered,Chandigarh
515444,14592,2024-07-03,Organic,Delivered,Mumbai
515445,10194,2025-01-29,Affiliate,Delivered,Delhi
515446,12415,2024-05-30,Social,Delivered,Kolkata
515447,11929,2024-07-31,Affiliate,Delivered,Kochi
515448,12820,2025-01-24,Organic,Delivered,Jaipur
515449,12418,2025-07-06,Organic,Delivered,Patna
515450,12736,2024-03-19,Organic,Delivered,Pune
515451,10603,2024-09-11,Email,Delivered,Chandigarh
515452,13818,2025-02-21,Email,Delivered,Bengaluru
515453,14720,2025-11-01,Paid Search,Delivered,Ahmedabad
515454,12373,2025-11-20,Organic,Delivered,Bengaluru
515455,14285,2025-09-29,Organic,Delivered,Delhi
515456,10614,2025-01-04,Paid Search,Delivered,Ghaziabad
515457,13661,2024-03-12,Organic,Delivered,Chennai
515458,11622,2025-12-06,Direct,Delivered,Kochi
515459,13349,2025-03-30,Organic,Delivered,Kochi
515460,12842,2025-10-24,Paid Search,Delivered,Kochi
515461,10221,2025-11-04,Affiliate,Delivered,Chandigarh
515462,11756,2025-08-02,Direct,Delivered,Jaipur
515463,12174,2024-11-03,Email,Delivered,Chennai
515464,14068,2025-03-20,Paid Search,Delivered,Chandigarh
515465,10550,2025-05-20,Social,Delivered,Gurugram
515466,14740,2025-10-05,Organic,Delivered,Hyderabad
515467,10241,2024-06-14,Organic,Delivered,Chennai
515468,11210,2025-02-09,Email,Delivered,Gurugram
515469,10713,2025-03-11,Affiliate,Delivered,Chandigarh
515470,14446,2024-05-31,Paid Search,Delivered,Jaipur
515471,12838,2024-10-20,Affiliate,Delivered,Mumbai
515472,13579,2025-11-07,Email,Delivered,Ghaziabad
515473,13441,2024-01-12,Social,Delivered,Bengaluru
515474,12935,2025-01-02,Paid Search,Delivered,Delhi
515475,11498,2025-03-21,Direct,Delivered,Patna
515476,10652,2025-10-25,Paid Search,Delivered,Chandigarh
515477,12180,2024-07-26,Organic,Delivered,Gurugram
515478,12055,2024-10-14,Organic,Delivered,Noida
515479,12185,2024-02-28,Email,Delivered,Chandigarh
515480,14977,2024-09-02,Direct,Delivered,Lucknow
515481,10643,2025-12-30,Organic,Delivered,Kochi
515482,13242,2025-07-13,Organic,Delivered,Chennai
515483,10781,2024-11-09,Direct,Delivered,Ahmedabad
515484,12959,2025-04-08,Email,Delivered,Kolkata
515485,13382,2025-12-06,Direct,Cancelled,Ahmedabad
515486,10179,2024-11-17,Email,Delivered,Delhi
515487,12303,2024-08-03,Affiliate,Delivered,Patna
515488,11605,2025-10-04,Social,Delivered,Kolkata
515489,12439,2025-09-13,Paid Search,Delivered,Noida
515490,12441,2025-01-12,Social,Delivered,Chennai
515491,12362,2024-01-09,Paid Search,Delivered,Mumbai
515492,13209,2024-01-10,Social,Delivered,Indore
515493,11005,2024-03-26,Social,Delivered,Jaipur
515494,14286,2025-05-21,Organic,Delivered,Bengaluru
515495,14207,2024-05-08,Social,Delivered,Ghaziabad
515496,12291,2024-02-16,Paid Search,Cancelled,Bengaluru
515497,14541,2025-05-13,Affiliate,Delivered,Bhopal
515498,11373,2024-12-17,Organic,Delivered,Indore
515499,11028,2025-01-22,Social,Delivered,Gurugram
515500,11407,2024-05-20,Paid Search,Delivered,Noida
515501,13905,2024-06-05,Organic,Delivered,Kochi
515502,10690,2024-06-25,Paid Search,Delivered,Ghaziabad
515503,11523,2025-04-15,Paid Search,Delivered,Delhi
515504,10728,2025-12-17,Affiliate,Delivered,Bengaluru
515505,12222,2025-10-31,Organic,Delivered,Gurugram
515506,11527,2024-03-23,Direct,Delivered,Ghaziabad
515507,14086,2025-05-11,Organic,Delivered,Kolkata
515508,13833,2025-07-07,Social,Delivered,Ghaziabad
515509,14425,2024-01-30,Email,Delivered,Kolkata
515510,12067,2025-04-10,Organic,Delivered,Jaipur
515511,12657,2024-11-20,Organic,Delivered,Hyderabad
515512,14298,2024-05-22,Paid Search,Delivered,Kochi
515513,13565,2025-07-31,Paid Search,Delivered,Ghaziabad
515514,14746,2025-11-14,Paid Search,Delivered,Chennai
515515,14905,2025-03-13,Direct,Delivered,Gurugram
515516,10378,2024-05-27,Organic,Delivered,Noida
515517,11176,2024-11-09,Direct,Delivered,Pune
515518,13555,2025-01-11,Direct,Delivered,Bengaluru
515519,10492,2025-10-21,Organic,Delivered,Gurugram
515520,10427,2025-07-31,Affiliate,Delivered,Kolkata
515521,10688,2025-05-05,Direct,Delivered,Chennai
515522,10359,2025-07-12,Paid Search,Delivered,Chennai
515523,13329,2025-05-22,Social,Delivered,Bengaluru
515524,11379,2024-08-21,Affiliate,Delivered,Gurugram
515525,14714,2024-04-07,Affiliate,Delivered,Patna
515526,10509,2025-09-05,Direct,Delivered,Chandigarh
515527,12282,2025-02-08,Paid Search,Delivered,Hyderabad
515528,13315,2025-12-04,Organic,Delivered,Bhopal
515529,11802,2025-05-12,Email,Delivered,Jaipur
515530,13581,2024-12-12,Paid Search,Delivered,Chennai
515531,14203,2025-04-17,Email,Delivered,Ahmedabad
515532,13197,2025-04-21,Social,Delivered,Ghaziabad
515533,13034,2025-12-18,Social,Delivered,Ghaziabad
515534,12877,2024-09-23,Direct,Delivered,Lucknow
515535,14968,2024-10-04,Email,Delivered,Jaipur
515536,13907,2024-09-15,Email,Delivered,Lucknow
515537,10301,2024-03-19,Direct,Delivered,Chandigarh
515538,13863,2024-12-09,Paid Search,Delivered,Chennai
515539,10825,2024-11-21,Email,Delivered,Pune
515540,14352,2024-05-24,Paid Search,Delivered,Gurugram
515541,11623,2025-08-18,Social,Delivered,Gurugram
515542,13466,2025-05-18,Affiliate,Delivered,Ghaziabad
515543,13694,2024-06-25,Direct,Delivered,Chandigarh
515544,11780,2024-05-01,Paid Search,Delivered,Patna
515545,14818,2025-03-27,Direct,Delivered,Kolkata
515546,12624,2024-01-04,Paid Search,Delivered,Noida
515547,12114,2024-04-20,Email,Delivered,Bhopal
515548,12454,2024-11-17,Direct,Delivered,Gurugram
515549,11540,2025-12-25,Email,Delivered,Hyderabad
515550,10540,2024-02-25,Email,Delivered,Kolkata
515551,14909,2025-01-21,Direct,Delivered,Noida
515552,14059,2025-02-15,Paid Search,Delivered,Hyderabad
515553,14072,2024-07-03,Affiliate,Delivered,Chandigarh
515554,14565,2025-01-15,Email,Delivered,Kochi
515555,13061,2025-04-08,Social,Delivered,Noida
515556,14923,2024-04-10,Direct,Delivered,Noida
515557,14927,2025-11-28,Paid Search,Delivered,Gurugram
515558,11240,2024-06-28,Paid Search,Delivered,Jaipur
515559,12203,2024-09-26,Direct,Delivered,Gurugram
515560,10479,2024-01-18,Organic,Delivered,Kochi
515561,13512,2025-03-09,Affiliate,Delivered,Pune
515562,10556,2025-03-10,Direct,Delivered,Chennai
515563,13816,2024-03-25,Affiliate,Delivered,Jaipur
515564,14022,2024-08-02,Email,Delivered,Gurugram
515565,12057,2025-07-14,Direct,Delivered,Chandigarh
515566,13159,2025-06-05,Social,Delivered,Chennai
515567,14746,2024-08-12,Organic,Delivered,Kochi
515568,13781,2025-04-05,Affiliate,Delivered,Ahmedabad
515569,12204,2025-06-30,Email,Delivered,Jaipur
515570,14526,2024-09-30,Direct,Delivered,Kolkata
515571,10201,2024-05-08,Paid Search,Delivered,Delhi
515572,11132,2024-01-16,Organic,Delivered,Chandigarh
515573,11638,2025-11-28,Organic,Delivered,Jaipur
515574,11821,2024-08-22,Paid Search,Delivered,Jaipur
515575,13362,2025-08-12,Affiliate,Delivered,Lucknow
515576,13962,2024-08-25,Social,Cancelled,Kolkata
515577,10267,2025-06-04,Organic,Delivered,Bengaluru
515578,11297,2024-08-31,Paid Search,Delivered,Pune
515579,14090,2025-03-19,Paid Search,Delivered,Lucknow
515580,12531,2025-11-27,Social,Delivered,Bhopal
515581,11551,2025-07-04,Direct,Delivered,Ahmedabad
515582,12218,2024-04-30,Direct,Delivered,Hyderabad
515583,13030,2025-01-17,Social,Cancelled,Chennai
515584,12977,2024-07-16,Paid Search,Delivered,Jaipur
515585,14147,2024-06-09,Organic,Delivered,Patna
515586,14942,2025-08-31,Social,Delivered,Ahmedabad
515587,14040,2025-12-19,Email,Delivered,Chennai
515588,10519,2025-11-07,Paid Search,Delivered,Jaipur
515589,12108,2025-09-05,Paid Search,Delivered,Patna
515590,12424,2024-12-08,Affiliate,Delivered,Gurugram
515591,13148,2025-01-19,Email,Delivered,Gurugram
515592,14795,2025-01-29,Social,Cancelled,Bhopal
515593,12235,2025-06-22,Social,Delivered,Delhi
515594,11740,2024-02-08,Social,Delivered,Bengaluru
515595,14500,2025-08-27,Organic,Delivered,Chennai
515596,13703,2025-08-13,Direct,Delivered,Gurugram
515597,12294,2025-12-28,Organic,Delivered,Hyderabad
515598,14647,2025-03-10,Organic,Delivered,Bengaluru
515599,11514,2024-11-30,Social,Delivered,Ahmedabad
515600,11204,2024-12-16,Social,Delivered,Delhi
515601,10108,2025-03-29,Social,Delivered,Bhopal
515602,10407,2024-08-09,Direct,Delivered,Delhi
515603,14323,2025-07-21,Paid Search,Delivered,Bengaluru
515604,10379,2024-11-20,Organic,Delivered,Patna
515605,13825,2024-07-24,Organic,Delivered,Kochi
515606,10365,2025-06-21,Organic,Delivered,Bhopal
515607,11152,2024-09-03,Affiliate,Delivered,Jaipur
515608,11753,2024-02-29,Social,Delivered,Pune
515609,11074,2025-01-16,Paid Search,Delivered,Patna
515610,10632,2025-01-05,Email,Delivered,Ghaziabad
515611,14944,2024-08-01,Affiliate,Delivered,Delhi
515612,12026,2024-01-26,Direct,Delivered,Bengaluru
515613,12116,2024-12-13,Paid Search,Delivered,Patna
515614,13771,2025-07-18,Email,Delivered,Chandigarh
515615,14570,2025-08-08,Paid Search,Delivered,Mumbai
515616,11492,2024-06-03,Direct,Delivered,Kochi
515617,12267,2024-11-10,Direct,Delivered,Noida
515618,12398,2025-10-22,Email,Delivered,Kochi
515619,11304,2024-09-08,Email,Delivered,Kochi
515620,10637,2024-12-14,Email,Cancelled,Ghaziabad
515621,14606,2025-05-11,Social,Delivered,Delhi
515622,13492,2024-11-30,Paid Search,Delivered,Jaipur
515623,13396,2025-09-07,Affiliate,Delivered,Patna
515624,11589,2024-09-20,Direct,Delivered,Kolkata
515625,13303,2024-12-25,Affiliate,Delivered,Pune
515626,10677,2025-01-12,Paid Search,Delivered,Chennai
515627,10591,2025-06-28,Social,Delivered,Gurugram
515628,14774,2024-09-04,Social,Delivered,Mumbai
515629,11144,2024-07-20,Organic,Delivered,Ahmedabad
515630,13849,2024-09-20,Social,Delivered,Hyderabad
515631,11391,2024-06-18,Organic,Delivered,Bhopal
515632,13262,2024-05-22,Social,Delivered,Noida
515633,13061,2025-08-21,Organic,Delivered,Chennai
515634,13615,2024-09-09,Paid Search,Delivered,Chennai
515635,14769,2024-07-16,Direct,Delivered,Chandigarh
515636,12128,2025-08-16,Organic,Delivered,Chandigarh
515637,14330,2025-07-30,Paid Search,Delivered,Bhopal
515638,11492,2024-06-28,Paid Search,Delivered,Chandigarh
515639,14819,2024-08-10,Social,Delivered,Bengaluru
515640,12500,2025-08-23,Direct,Delivered,Jaipur
515641,14221,2024-07-22,Email,Delivered,Delhi
515642,14127,2025-09-21,Direct,Delivered,Patna
515643,13173,2025-03-27,Organic,Delivered,Chandigarh
515644,14819,2025-05-02,Paid Search,Delivered,Indore
515645,13377,2025-01-25,Direct,Delivered,Chandigarh
515646,13027,2024-01-23,Organic,Cancelled,Mumbai
515647,11266,2025-08-25,Social,Delivered,Gurugram
515648,11882,2025-02-14,Social,Cancelled,Indore
515649,10031,2024-05-06,Direct,Delivered,Ghaziabad
515650,13592,2025-09-01,Paid Search,Delivered,Indore
515651,13035,2024-08-02,Direct,Delivered,Noida
515652,13486,2024-09-24,Social,Delivered,Kolkata
515653,13144,2025-04-12,Paid Search,Delivered,Ahmedabad
515654,11238,2024-07-25,Organic,Delivered,Jaipur
515655,15000,2024-01-05,Social,Delivered,Pune
515656,12178,2024-08-22,Organic,Delivered,Mumbai
515657,13498,2025-05-14,Paid Search,Delivered,Jaipur
515658,10671,2024-11-05,Social,Delivered,Chennai
515659,12984,2025-06-04,Social,Delivered,Lucknow
515660,12012,2024-02-21,Paid Search,Delivered,Kochi
515661,14639,2024-07-07,Direct,Delivered,Gurugram
515662,13814,2024-06-22,Organic,Delivered,Patna
515663,14674,2024-02-16,Direct,Delivered,Indore
515664,11570,2025-04-17,Email,Delivered,Gurugram
515665,13301,2024-06-02,Affiliate,Delivered,Bengaluru
515666,13166,2024-12-11,Email,Delivered,Delhi
515667,11256,2025-12-25,Organic,Delivered,Bengaluru
515668,11639,2024-06-29,Affiliate,Delivered,Delhi
515669,13375,2024-05-22,Direct,Delivered,Jaipur
515670,10736,2025-11-11,Affiliate,Delivered,Noida
515671,12001,2024-09-18,Direct,Delivered,Lucknow
515672,13707,2024-08-04,Organic,Delivered,Chennai
515673,14206,2025-06-10,Direct,Delivered,Ahmedabad
515674,12947,2024-04-04,Direct,Delivered,Ghaziabad
515675,13347,2024-10-03,Direct,Delivered,Pune
515676,14128,2024-05-25,Email,Delivered,Mumbai
515677,11156,2025-10-13,Direct,Delivered,Bengaluru
515678,13395,2024-08-04,Social,Delivered,Kochi
515679,13679,2025-02-18,Social,Delivered,Hyderabad
515680,14086,2025-01-16,Direct,Delivered,Bengaluru
515681,13042,2024-12-26,Organic,Delivered,Bhopal
515682,10775,2024-02-18,Direct,Delivered,Kolkata
515683,10253,2024-07-11,Paid Search,Delivered,Kochi
515684,13073,2025-09-16,Paid Search,Cancelled,Mumbai
515685,11385,2025-02-04,Social,Delivered,Delhi
515686,11837,2025-10-03,Email,Delivered,Kolkata
515687,12310,2025-02-12,Organic,Delivered,Patna
515688,13733,2024-08-20,Affiliate,Delivered,Kolkata
515689,11772,2024-09-09,Paid Search,Delivered,Chandigarh
515690,12901,2025-07-20,Email,Delivered,Ghaziabad
515691,12490,2024-06-22,Organic,Delivered,Mumbai
515692,10271,2025-03-14,Organic,Delivered,Bhopal
515693,13458,2025-11-14,Organic,Delivered,Bengaluru
515694,12668,2025-09-10,Organic,Delivered,Indore
515695,11104,2024-10-10,Affiliate,Delivered,Bengaluru
515696,13722,2024-07-21,Social,Delivered,Chandigarh
515697,10499,2025-03-30,Affiliate,Delivered,Patna
515698,11314,2025-03-22,Affiliate,Delivered,Kochi
515699,11196,2025-06-12,Paid Search,Delivered,Gurugram
515700,13273,2024-02-23,Direct,Delivered,Delhi
515701,14950,2025-01-29,Affiliate,Delivered,Delhi
515702,14205,2024-01-07,Organic,Delivered,Indore
515703,10692,2025-12-25,Social,Delivered,Jaipur
515704,10326,2025-10-01,Paid Search,Delivered,Bengaluru
515705,13946,2025-06-24,Social,Delivered,Chennai
515706,12891,2024-08-03,Paid Search,Delivered,Noida
515707,11794,2025-06-29,Social,Delivered,Mumbai
515708,14439,2024-11-21,Paid Search,Delivered,Indore
515709,10892,2025-04-19,Social,Delivered,Indore
515710,10633,2024-06-18,Social,Delivered,Ghaziabad
515711,12499,2024-12-12,Affiliate,Delivered,Lucknow
515712,11347,2025-10-02,Organic,Delivered,Bengaluru
515713,11162,2024-05-18,Organic,Delivered,Ahmedabad
515714,13130,2024-10-08,Social,Delivered,Hyderabad
515715,11524,2024-08-01,Social,Delivered,Noida
515716,12926,2024-05-10,Social,Delivered,Bhopal
515717,12835,2024-10-17,Email,Delivered,Bhopal
515718,13967,2025-03-20,Paid Search,Delivered,Patna
515719,14880,2024-02-10,Email,Delivered,Kolkata
515720,13146,2024-05-30,Social,Delivered,Chandigarh
515721,11435,2025-08-20,Social,Delivered,Jaipur
515722,12880,2024-07-09,Social,Delivered,Pune
515723,12412,2024-09-02,Email,Delivered,Chandigarh
515724,12260,2025-05-06,Email,Delivered,Chennai
515725,11725,2025-06-29,Direct,Delivered,Ghaziabad
515726,10392,2025-12-02,Social,Delivered,Mumbai
515727,11234,2024-04-26,Direct,Delivered,Noida
515728,12956,2025-07-05,Direct,Delivered,Jaipur
515729,10354,2025-06-13,Paid Search,Delivered,Mumbai
515730,10784,2024-03-31,Direct,Delivered,Ahmedabad
515731,12852,2025-10-02,Paid Search,Delivered,Patna
515732,14980,2024-08-16,Direct,Delivered,Chennai
515733,10835,2024-11-05,Direct,Delivered,Ahmedabad
515734,10393,2025-08-05,Paid Search,Delivered,Ghaziabad
515735,11749,2025-01-18,Paid Search,Delivered,Bengaluru
515736,10379,2024-07-20,Email,Delivered,Hyderabad
515737,14481,2024-08-23,Paid Search,Delivered,Pune
515738,13937,2025-06-24,Email,Delivered,Mumbai
515739,10584,2024-05-13,Paid Search,Delivered,Jaipur
515740,10506,2024-12-10,Social,Delivered,Ahmedabad
515741,12705,2025-06-30,Paid Search,Delivered,Hyderabad
515742,12026,2025-10-08,Affiliate,Delivered,Chandigarh
515743,13468,2025-08-26,Social,Delivered,Noida
515744,14638,2024-09-19,Email,Delivered,Hyderabad
515745,11671,2024-05-25,Affiliate,Delivered,Chennai
515746,13940,2025-11-14,Affiliate,Delivered,Noida
515747,11665,2025-03-12,Social,Delivered,Pune
515748,11165,2024-10-24,Paid Search,Delivered,Mumbai
515749,14853,2025-10-21,Paid Search,Delivered,Chandigarh
515750,11256,2025-06-14,Social,Delivered,Chennai
515751,10717,2024-12-14,Paid Search,Delivered,Ghaziabad
515752,12962,2024-05-22,Affiliate,Delivered,Bhopal
515753,12979,2024-02-29,Organic,Delivered,Mumbai
515754,12433,2025-01-23,Paid Search,Delivered,Bengaluru
515755,10437,2024-03-24,Email,Delivered,Chennai
515756,10584,2024-08-14,Email,Delivered,Ghaziabad
515757,13789,2025-05-13,Paid Search,Delivered,Delhi
515758,10794,2024-01-10,Affiliate,Delivered,Delhi
515759,11380,2025-12-24,Direct,Delivered,Indore
515760,14015,2024-11-15,Organic,Delivered,Lucknow
515761,11692,2025-09-28,Direct,Delivered,Bengaluru
515762,11724,2024-05-06,Social,Cancelled,Chennai
515763,14582,2024-12-02,Paid Search,Delivered,Lucknow
515764,13996,2025-12-01,Affiliate,Delivered,Chennai
515765,13542,2025-04-07,Affiliate,Delivered,Bengaluru
515766,10950,2025-08-14,Email,Delivered,Lucknow
515767,11423,2025-05-15,Paid Search,Delivered,Mumbai
515768,12998,2025-06-24,Paid Search,Delivered,Kochi
515769,14194,2024-09-23,Paid Search,Delivered,Chandigarh
515770,12526,2024-11-27,Social,Delivered,Chennai
515771,13719,2024-02-06,Social,Delivered,Kochi
515772,11632,2024-07-08,Direct,Delivered,Lucknow
515773,11828,2024-02-17,Social,Delivered,Chennai
515774,13043,2024-08-25,Email,Delivered,Kolkata
515775,12835,2025-06-14,Email,Delivered,Chandigarh
515776,10623,2024-05-29,Affiliate,Delivered,Gurugram
515777,11943,2024-12-15,Direct,Delivered,Kolkata
515778,14283,2025-02-07,Affiliate,Delivered,Patna
515779,12668,2024-04-29,Organic,Delivered,Mumbai
515780,13717,2025-08-16,Affiliate,Delivered,Ahmedabad
515781,14133,2025-07-17,Direct,Delivered,Chennai
515782,11435,2024-05-16,Organic,Delivered,Patna
515783,11175,2024-01-27,Social,Delivered,Hyderabad
515784,12901,2024-01-04,Social,Delivered,Patna
515785,12399,2024-08-02,Social,Delivered,Chandigarh
515786,14511,2024-04-01,Direct,Delivered,Bhopal
515787,10914,2024-01-13,Affiliate,Delivered,Kolkata
515788,12112,2024-12-02,Organic,Delivered,Chennai
515789,10244,2025-01-18,Organic,Delivered,Hyderabad
515790,11817,2024-01-14,Organic,Delivered,Gurugram
515791,12937,2025-03-13,Direct,Delivered,Mumbai
515792,13995,2024-10-21,Organic,Delivered,Kolkata
515793,14221,2024-05-26,Email,Delivered,Ahmedabad
515794,10006,2024-03-22,Email,Delivered,Hyderabad
515795,14361,2025-07-08,Organic,Delivered,Jaipur
515796,13432,2024-03-19,Organic,Delivered,Jaipur
515797,11008,2024-05-26,Direct,Delivered,Bengaluru
515798,11080,2025-06-04,Paid Search,Delivered,Jaipur
515799,13885,2025-04-05,Social,Delivered,Noida
515800,13472,2025-12-31,Paid Search,Delivered,Ghaziabad
515801,11031,2024-01-30,Organic,Delivered,Chennai
515802,12190,2024-05-22,Paid Search,Delivered,Pune
515803,14293,2025-04-28,Paid Search,Delivered,Patna
515804,10102,2024-06-16,Paid Search,Delivered,Mumbai
515805,12557,2024-10-05,Organic,Delivered,Pune
515806,14372,2024-08-04,Email,Delivered,Pune
515807,10020,2025-08-13,Paid Search,Delivered,Chennai
515808,12733,2025-07-27,Organic,Delivered,Indore
515809,12794,2025-08-12,Affiliate,Delivered,Patna
515810,11569,2025-01-04,Social,Delivered,Bhopal
515811,12697,2024-12-22,Direct,Delivered,Hyderabad
515812,13517,2025-02-21,Affiliate,Delivered,Mumbai
515813,11419,2024-02-19,Paid Search,Delivered,Bhopal
515814,12480,2025-02-03,Social,Delivered,Hyderabad
515815,12683,2024-07-21,Direct,Delivered,Indore
515816,10175,2025-11-16,Paid Search,Delivered,Mumbai
515817,11064,2024-05-14,Paid Search,Delivered,Noida
515818,13252,2024-01-26,Organic,Delivered,Jaipur
515819,12446,2025-12-05,Direct,Delivered,Bhopal
515820,14848,2024-04-25,Paid Search,Delivered,Hyderabad
515821,14252,2025-01-13,Direct,Delivered,Mumbai
515822,11110,2024-10-06,Social,Delivered,Indore
515823,14987,2024-07-15,Social,Delivered,Kolkata
515824,14315,2024-12-22,Paid Search,Delivered,Indore
515825,12103,2025-06-19,Paid Search,Delivered,Pune
515826,13105,2024-03-24,Paid Search,Delivered,Jaipur
515827,11399,2025-04-28,Email,Delivered,Lucknow
515828,10390,2025-10-14,Affiliate,Delivered,Jaipur
515829,11188,2024-07-31,Social,Delivered,Ghaziabad
515830,13650,2025-05-10,Paid Search,Delivered,Lucknow
515831,12855,2025-11-03,Email,Delivered,Ahmedabad
515832,12208,2025-11-12,Social,Delivered,Chennai
515833,12405,2025-04-18,Affiliate,Delivered,Hyderabad
515834,13969,2025-11-18,Organic,Delivered,Gurugram
515835,13481,2025-07-22,Direct,Delivered,Patna
515836,13179,2025-01-09,Social,Delivered,Gurugram
515837,12507,2024-04-01,Social,Delivered,Bengaluru
515838,10014,2025-09-15,Paid Search,Delivered,Bengaluru
515839,11669,2024-07-28,Social,Delivered,Ahmedabad
515840,10632,2025-06-22,Organic,Delivered,Pune
515841,13871,2025-04-16,Social,Delivered,Hyderabad
515842,11763,2024-09-20,Paid Search,Delivered,Jaipur
515843,11225,2025-07-20,Paid Search,Delivered,Jaipur
515844,12410,2025-04-25,Organic,Delivered,Patna
515845,12400,2025-06-28,Direct,Delivered,Indore
515846,14661,2025-11-27,Direct,Delivered,Bengaluru
515847,10894,2024-07-19,Social,Delivered,Noida
515848,14110,2025-07-12,Paid Search,Delivered,Mumbai
515849,11080,2024-01-30,Social,Delivered,Kochi
515850,14009,2025-06-02,Direct,Delivered,Bengaluru
515851,12692,2024-04-23,Affiliate,Delivered,Kochi
515852,12698,2024-06-11,Affiliate,Delivered,Chennai
515853,13525,2024-05-22,Email,Delivered,Kochi
515854,10465,2025-08-30,Email,Delivered,Noida
515855,13986,2024-09-30,Organic,Delivered,Lucknow
515856,13730,2024-10-11,Paid Search,Delivered,Delhi
515857,10993,2024-09-21,Direct,Delivered,Chandigarh
515858,10433,2025-04-01,Organic,Delivered,Delhi
515859,13617,2025-10-31,Organic,Delivered,Lucknow
515860,10458,2025-05-10,Direct,Delivered,Patna
515861,12900,2024-03-15,Affiliate,Cancelled,Chandigarh
515862,11276,2025-01-11,Organic,Delivered,Bengaluru
515863,13591,2024-03-19,Social,Delivered,Bengaluru
515864,14613,2024-05-01,Organic,Delivered,Pune
515865,14209,2024-05-23,Organic,Delivered,Chandigarh
515866,13750,2025-05-24,Paid Search,Delivered,Kolkata
515867,13214,2025-10-01,Email,Delivered,Noida
515868,10384,2024-06-29,Paid Search,Delivered,Indore
515869,14750,2025-11-19,Affiliate,Delivered,Gurugram
515870,14595,2024-07-12,Organic,Delivered,Patna
515871,10312,2024-08-12,Organic,Delivered,Bhopal
515872,13917,2024-04-02,Paid Search,Delivered,Chandigarh
515873,10535,2024-02-04,Affiliate,Delivered,Chennai
515874,13019,2025-03-29,Direct,Delivered,Lucknow
515875,11249,2024-10-24,Paid Search,Delivered,Indore
515876,10635,2024-03-26,Social,Delivered,Lucknow
515877,11152,2025-02-16,Organic,Delivered,Indore
515878,11601,2024-09-09,Organic,Delivered,Ahmedabad
515879,11747,2024-10-14,Organic,Delivered,Patna
515880,11504,2025-10-12,Organic,Delivered,Kochi
515881,12315,2024-10-21,Direct,Delivered,Pune
515882,13201,2024-11-27,Email,Delivered,Kochi
515883,12321,2025-05-17,Direct,Delivered,Ahmedabad
515884,12940,2025-10-15,Direct,Delivered,Chandigarh
515885,11925,2025-06-23,Affiliate,Delivered,Ghaziabad
515886,11387,2024-12-26,Paid Search,Delivered,Bhopal
515887,10741,2024-08-11,Organic,Delivered,Patna
515888,11556,2024-05-10,Organic,Delivered,Lucknow
515889,10962,2024-03-31,Organic,Delivered,Bengaluru
515890,12593,2025-07-08,Organic,Delivered,Noida
515891,13273,2025-06-22,Organic,Delivered,Ghaziabad
515892,14228,2024-09-15,Email,Delivered,Chandigarh
515893,11475,2025-11-17,Paid Search,Delivered,Gurugram
515894,10632,2025-12-07,Social,Delivered,Kolkata
515895,14077,2025-03-29,Social,Delivered,Indore
515896,13629,2024-07-10,Paid Search,Delivered,Ghaziabad
515897,11584,2025-01-05,Organic,Delivered,Chandigarh
515898,14979,2025-08-23,Social,Delivered,Ahmedabad
515899,13209,2025-01-05,Direct,Delivered,Kolkata
515900,13749,2024-12-27,Affiliate,Delivered,Patna
515901,11757,2025-01-24,Direct,Delivered,Gurugram
515902,12208,2025-09-07,Paid Search,Delivered,Kolkata
515903,11746,2024-10-27,Direct,Delivered,Kolkata
515904,13659,2024-05-13,Email,Delivered,Ghaziabad
515905,14075,2025-01-10,Direct,Delivered,Jaipur
515906,14304,2025-04-08,Paid Search,Delivered,Delhi
515907,11662,2025-11-14,Affiliate,Delivered,Mumbai
515908,13843,2024-03-23,Social,Delivered,Noida
515909,13418,2025-11-20,Paid Search,Delivered,Hyderabad
515910,10064,2025-08-11,Social,Delivered,Chandigarh
515911,13976,2025-06-03,Paid Search,Delivered,Kolkata
515912,10658,2024-06-21,Direct,Delivered,Indore
515913,10643,2024-05-30,Direct,Delivered,Indore
515914,10536,2024-11-08,Email,Delivered,Bhopal
515915,12746,2024-05-13,Organic,Delivered,Ghaziabad
515916,10160,2025-04-24,Paid Search,Delivered,Lucknow
515917,12523,2025-07-03,Paid Search,Delivered,Gurugram
515918,13573,2024-12-15,Email,Delivered,Noida
515919,12678,2025-05-20,Organic,Delivered,Patna
515920,11337,2025-07-23,Email,Delivered,Pune
515921,11670,2025-10-29,Social,Delivered,Mumbai
515922,13610,2025-05-18,Paid Search,Delivered,Kochi
515923,11698,2024-06-19,Organic,Delivered,Indore
515924,13331,2024-04-05,Organic,Delivered,Ghaziabad
515925,13439,2025-11-18,Direct,Delivered,Bengaluru
515926,12619,2025-07-19,Social,Delivered,Chennai
515927,11860,2025-09-12,Social,Delivered,Pune
515928,10299,2024-11-05,Organic,Delivered,Patna
515929,13723,2024-04-25,Affiliate,Delivered,Kolkata
515930,11527,2025-03-12,Organic,Delivered,Ghaziabad
515931,12274,2025-04-12,Paid Search,Delivered,Patna
515932,10136,2024-06-07,Email,Delivered,Gurugram
515933,13711,2024-12-09,Organic,Delivered,Noida
515934,14551,2024-11-05,Affiliate,Delivered,Bengaluru
515935,14393,2024-07-08,Direct,Delivered,Chennai
515936,11544,2025-08-20,Social,Delivered,Delhi
515937,10445,2024-12-21,Paid Search,Delivered,Bengaluru
515938,10475,2025-11-08,Paid Search,Delivered,Noida
515939,11901,2024-01-01,Email,Delivered,Gurugram
515940,10013,2025-11-17,Paid Search,Delivered,Hyderabad
515941,10895,2025-04-28,Affiliate,Delivered,Pune
515942,13058,2025-05-26,Affiliate,Delivered,Gurugram
515943,10210,2024-07-29,Paid Search,Delivered,Mumbai
515944,13105,2024-02-27,Organic,Delivered,Noida
515945,14339,2024-06-18,Paid Search,Delivered,Jaipur
515946,14975,2024-11-19,Paid Search,Delivered,Pune
515947,14859,2024-09-04,Direct,Delivered,Jaipur
515948,11444,2024-05-21,Email,Delivered,Ahmedabad
515949,13229,2024-01-10,Email,Delivered,Bhopal
515950,10233,2025-05-24,Paid Search,Delivered,Indore
515951,11193,2025-05-02,Paid Search,Delivered,Patna
515952,13897,2024-04-27,Social,Delivered,Gurugram
515953,11025,2025-07-26,Direct,Cancelled,Jaipur
515954,11523,2025-12-15,Email,Delivered,Pune
515955,12053,2025-12-31,Organic,Delivered,Noida
515956,11654,2024-05-22,Direct,Delivered,Lucknow
515957,13698,2024-11-08,Paid Search,Delivered,Bhopal
515958,14539,2024-02-08,Email,Delivered,Jaipur
515959,12693,2024-01-10,Direct,Delivered,Gurugram
515960,12877,2025-09-08,Email,Delivered,Delhi
515961,13660,2025-12-08,Direct,Delivered,Ahmedabad
515962,12002,2024-05-27,Direct,Delivered,Kolkata
515963,12273,2024-12-04,Organic,Delivered,Ghaziabad
515964,14753,2024-01-18,Email,Cancelled,Bengaluru
515965,11927,2025-08-19,Email,Delivered,Bengaluru
515966,11327,2025-02-04,Paid Search,Delivered,Hyderabad
515967,10106,2024-08-01,Direct,Delivered,Noida
515968,10108,2025-12-09,Affiliate,Delivered,Kolkata
515969,13844,2024-04-09,Paid Search,Delivered,Mumbai
515970,11155,2024-07-14,Organic,Delivered,Kochi
515971,13702,2025-06-30,Organic,Delivered,Ghaziabad
515972,10221,2024-10-25,Organic,Delivered,Noida
515973,13976,2025-05-27,Social,Delivered,Ghaziabad
515974,12039,2024-06-22,Email,Delivered,Pune
515975,14080,2025-04-26,Organic,Delivered,Delhi
515976,14156,2025-02-11,Social,Delivered,Bengaluru
515977,12853,2024-02-04,Paid Search,Delivered,Indore
515978,14876,2024-08-23,Direct,Delivered,Kolkata
515979,14729,2024-08-05,Direct,Delivered,Kochi
515980,13502,2025-03-08,Organic,Delivered,Chennai
515981,12461,2024-11-16,Paid Search,Delivered,Jaipur
515982,14631,2024-12-15,Direct,Delivered,Bhopal
515983,14848,2024-05-03,Paid Search,Delivered,Chandigarh
515984,12043,2025-11-10,Affiliate,Delivered,Lucknow
515985,11622,2025-07-02,Organic,Delivered,Noida
515986,11514,2025-05-04,Paid Search,Delivered,Patna
515987,14677,2024-07-20,Email,Delivered,Jaipur
515988,10772,2025-05-13,Paid Search,Delivered,Pune
515989,10016,2024-06-20,Affiliate,Delivered,Chandigarh
515990,12505,2024-12-21,Direct,Delivered,Bengaluru
515991,14757,2024-07-15,Social,Delivered,Delhi
515992,11635,2024-08-09,Social,Delivered,Bhopal
515993,12523,2025-04-19,Email,Delivered,Patna
515994,10538,2024-08-17,Affiliate,Delivered,Ghaziabad
515995,14102,2025-06-17,Organic,Delivered,Hyderabad
515996,14660,2025-01-03,Paid Search,Delivered,Gurugram
515997,13171,2025-12-18,Social,Delivered,Kochi
515998,10619,2024-05-20,Paid Search,Delivered,Bengaluru
515999,10490,2025-11-21,Affiliate,Delivered,Hyderabad
516000,13699,2024-04-06,Direct,Delivered,Pune
516001,10642,2025-02-05,Direct,Delivered,Pune
516002,10341,2024-09-29,Email,Delivered,Mumbai
516003,14451,2025-07-03,Affiliate,Delivered,Mumbai
516004,12636,2024-04-05,Paid Search,Delivered,Chennai
516005,12976,2024-07-05,Organic,Delivered,Chennai
516006,13375,2024-06-17,Social,Delivered,Gurugram
516007,11724,2025-11-04,Paid Search,Delivered,Chandigarh
516008,11173,2025-01-26,Direct,Delivered,Indore
516009,12596,2024-04-30,Affiliate,Delivered,Bhopal
516010,10379,2025-07-31,Paid Search,Delivered,Patna
516011,11476,2024-07-27,Organic,Delivered,Chandigarh
516012,12967,2024-06-13,Paid Search,Delivered,Kolkata
516013,14715,2024-12-27,Paid Search,Delivered,Chennai
516014,13015,2025-08-01,Email,Delivered,Chennai
516015,13758,2025-09-05,Direct,Delivered,Gurugram
516016,11560,2024-01-12,Organic,Delivered,Bhopal
516017,10286,2025-10-18,Affiliate,Delivered,Delhi
516018,11881,2025-12-29,Email,Delivered,Kolkata
516019,13456,2024-08-22,Paid Search,Delivered,Jaipur
516020,10229,2025-01-12,Organic,Delivered,Ahmedabad
516021,14331,2024-10-02,Organic,Delivered,Lucknow
516022,11479,2024-12-13,Email,Delivered,Hyderabad
516023,13439,2025-04-21,Direct,Delivered,Mumbai
516024,14414,2025-04-20,Email,Delivered,Delhi
516025,13058,2024-12-12,Affiliate,Delivered,Delhi
516026,10857,2024-12-13,Social,Delivered,Hyderabad
516027,11279,2024-12-23,Paid Search,Delivered,Chandigarh
516028,12341,2024-10-25,Organic,Delivered,Hyderabad
516029,14896,2024-03-31,Affiliate,Delivered,Kolkata
516030,13385,2024-09-28,Social,Delivered,Chandigarh
516031,13083,2025-06-07,Direct,Delivered,Kochi
516032,14015,2025-12-15,Paid Search,Delivered,Ghaziabad
516033,10708,2025-08-17,Paid Search,Cancelled,Bengaluru
516034,10406,2025-09-21,Email,Delivered,Mumbai
516035,12917,2025-07-26,Social,Delivered,Bengaluru
516036,12960,2025-01-02,Email,Delivered,Delhi
516037,11288,2025-05-13,Organic,Delivered,Hyderabad
516038,13137,2025-09-03,Organic,Delivered,Jaipur
516039,10766,2024-06-11,Social,Delivered,Bhopal
516040,10987,2024-04-18,Social,Delivered,Noida
516041,14470,2024-07-13,Organic,Delivered,Bhopal
516042,10155,2025-01-22,Paid Search,Delivered,Gurugram
516043,12789,2025-07-28,Email,Delivered,Mumbai
516044,14222,2024-11-25,Social,Delivered,Pune
516045,13565,2025-12-19,Organic,Delivered,Jaipur
516046,12201,2024-08-25,Direct,Delivered,Noida
516047,11573,2024-12-03,Organic,Delivered,Chandigarh
516048,10304,2025-11-02,Paid Search,Delivered,Noida
516049,10622,2024-05-04,Organic,Delivered,Indore
516050,12891,2025-08-31,Paid Search,Delivered,Delhi
516051,12643,2024-04-20,Email,Delivered,Kolkata
516052,11885,2025-10-25,Organic,Delivered,Kochi
516053,11463,2024-08-24,Organic,Delivered,Bengaluru
516054,10402,2025-04-09,Organic,Delivered,Kochi
516055,10616,2025-06-04,Organic,Delivered,Kolkata
516056,11436,2024-10-02,Paid Search,Delivered,Kolkata
516057,14619,2025-02-06,Paid Search,Delivered,Mumbai
516058,11635,2025-07-07,Paid Search,Delivered,Noida
516059,10579,2025-10-02,Direct,Delivered,Chennai
516060,12875,2024-03-20,Paid Search,Delivered,Kolkata
516061,10633,2024-12-28,Organic,Delivered,Chandigarh
516062,12017,2025-09-15,Social,Delivered,Bhopal
516063,13640,2025-02-10,Organic,Delivered,Chandigarh
516064,10535,2024-01-22,Organic,Delivered,Mumbai
516065,14615,2024-04-01,Paid Search,Delivered,Ghaziabad
516066,13177,2025-08-21,Paid Search,Delivered,Hyderabad
516067,14572,2024-11-05,Organic,Delivered,Patna
516068,13644,2025-05-29,Paid Search,Delivered,Chandigarh
516069,14830,2025-10-14,Social,Delivered,Noida
516070,12537,2024-03-05,Paid Search,Delivered,Chennai
516071,10082,2024-11-28,Organic,Delivered,Kochi
516072,10317,2024-04-17,Direct,Delivered,Kochi
516073,10917,2025-09-07,Email,Delivered,Noida
516074,10517,2024-11-26,Email,Delivered,Bhopal
516075,14040,2025-10-02,Paid Search,Delivered,Gurugram
516076,14724,2024-08-07,Social,Delivered,Indore
516077,13109,2024-04-16,Email,Delivered,Bengaluru
516078,10947,2025-09-25,Paid Search,Delivered,Hyderabad
516079,14896,2025-03-24,Direct,Delivered,Pune
516080,11538,2024-05-20,Affiliate,Delivered,Hyderabad
516081,14411,2025-05-22,Paid Search,Delivered,Gurugram
516082,13438,2024-10-31,Paid Search,Delivered,Indore
516083,12190,2024-02-04,Organic,Delivered,Gurugram
516084,13960,2024-07-09,Social,Delivered,Ahmedabad
516085,13320,2025-07-02,Affiliate,Delivered,Gurugram
516086,14556,2024-04-02,Social,Delivered,Chandigarh
516087,13039,2024-09-03,Paid Search,Delivered,Mumbai
516088,11976,2024-07-08,Paid Search,Delivered,Ghaziabad
516089,10474,2025-06-19,Email,Delivered,Delhi
516090,14962,2025-09-20,Social,Delivered,Bhopal
516091,13902,2025-07-29,Social,Delivered,Delhi
516092,10520,2025-06-07,Social,Delivered,Indore
516093,13035,2024-03-06,Affiliate,Cancelled,Mumbai
516094,14133,2025-10-30,Email,Delivered,Gurugram
516095,13500,2024-04-28,Email,Delivered,Mumbai
516096,11361,2024-10-23,Email,Delivered,Ghaziabad
516097,10691,2025-08-28,Direct,Delivered,Chennai
516098,14686,2024-06-24,Affiliate,Delivered,Indore
516099,11852,2024-06-07,Social,Delivered,Kochi
516100,14346,2024-01-20,Direct,Delivered,Jaipur
516101,12328,2024-09-18,Direct,Delivered,Hyderabad
516102,13812,2024-12-27,Paid Search,Delivered,Lucknow
516103,11215,2024-12-07,Affiliate,Delivered,Bengaluru
516104,13019,2024-01-30,Direct,Delivered,Patna
516105,12802,2024-05-29,Organic,Delivered,Delhi
516106,11073,2024-01-04,Paid Search,Delivered,Indore
516107,13406,2024-06-13,Paid Search,Delivered,Chandigarh
516108,12310,2025-03-18,Email,Delivered,Bhopal
516109,13268,2024-01-07,Direct,Delivered,Indore
516110,10174,2024-04-30,Paid Search,Delivered,Gurugram
516111,10615,2025-02-01,Affiliate,Delivered,Hyderabad
516112,13548,2025-02-13,Affiliate,Delivered,Kolkata
516113,14980,2025-10-17,Email,Delivered,Noida
516114,10580,2025-02-23,Social,Delivered,Patna
516115,10127,2025-11-07,Social,Delivered,Noida
516116,11292,2025-06-13,Paid Search,Delivered,Chennai
516117,10214,2025-02-06,Organic,Delivered,Kolkata
516118,11226,2024-10-07,Paid Search,Delivered,Pune
516119,13461,2024-03-22,Organic,Delivered,Gurugram
516120,13940,2025-05-30,Email,Delivered,Chennai
516121,13155,2025-11-16,Direct,Delivered,Kochi
516122,12004,2024-09-24,Organic,Cancelled,Gurugram
516123,10775,2024-09-16,Email,Delivered,Chennai
516124,12673,2024-03-12,Organic,Delivered,Noida
516125,14825,2025-03-12,Paid Search,Delivered,Chennai
516126,11044,2024-08-14,Organic,Delivered,Noida
516127,12713,2024-01-08,Paid Search,Delivered,Jaipur
516128,11671,2024-01-06,Direct,Delivered,Gurugram
516129,11790,2024-09-02,Paid Search,Delivered,Hyderabad
516130,12560,2024-12-04,Organic,Delivered,Indore
516131,10846,2024-11-30,Organic,Delivered,Chandigarh
516132,10972,2025-06-25,Direct,Delivered,Chennai
516133,10206,2025-01-21,Paid Search,Delivered,Indore
516134,13450,2025-07-27,Direct,Delivered,Chandigarh
516135,14545,2024-08-05,Social,Delivered,Pune
516136,12247,2024-06-18,Social,Delivered,Lucknow
516137,13102,2025-01-29,Social,Delivered,Delhi
516138,14919,2024-03-18,Affiliate,Delivered,Patna
516139,13797,2025-07-12,Direct,Delivered,Gurugram
516140,11233,2024-05-15,Organic,Delivered,Delhi
516141,13879,2025-10-30,Paid Search,Delivered,Chandigarh
516142,11981,2025-12-20,Paid Search,Cancelled,Chennai
516143,14796,2025-01-27,Direct,Delivered,Lucknow
516144,14624,2024-08-16,Affiliate,Delivered,Hyderabad
516145,10208,2024-09-04,Paid Search,Delivered,Delhi
516146,14430,2024-11-09,Paid Search,Delivered,Mumbai
516147,11202,2024-12-16,Paid Search,Delivered,Delhi
516148,12421,2024-02-25,Direct,Delivered,Gurugram
516149,13746,2024-05-24,Social,Delivered,Patna
516150,10618,2025-07-31,Organic,Delivered,Indore
516151,10080,2024-02-08,Affiliate,Delivered,Kochi
516152,12044,2024-11-23,Organic,Delivered,Lucknow
516153,12909,2025-10-01,Email,Delivered,Kolkata
516154,12937,2024-03-04,Social,Delivered,Bhopal
516155,14762,2025-11-07,Affiliate,Delivered,Hyderabad
516156,11272,2024-12-11,Social,Delivered,Ghaziabad
516157,13562,2024-11-05,Organic,Delivered,Bengaluru
516158,10956,2025-06-05,Direct,Delivered,Ghaziabad
516159,12250,2025-07-22,Direct,Delivered,Chennai
516160,12658,2024-12-11,Paid Search,Delivered,Chennai
516161,12148,2024-03-01,Social,Delivered,Chandigarh
516162,10881,2025-12-09,Social,Delivered,Kochi
516163,10953,2024-01-07,Social,Delivered,Gurugram
516164,14373,2025-09-29,Organic,Delivered,Jaipur
516165,14753,2024-11-13,Social,Delivered,Gurugram
516166,10372,2025-01-11,Organic,Delivered,Kochi
516167,11163,2025-07-13,Affiliate,Delivered,Indore
516168,14938,2025-11-18,Direct,Delivered,Ahmedabad
516169,10584,2024-04-19,Organic,Delivered,Lucknow
516170,12690,2025-08-16,Affiliate,Delivered,Jaipur
516171,11448,2025-04-28,Organic,Delivered,Lucknow
516172,14918,2024-09-26,Organic,Delivered,Gurugram
516173,13725,2024-11-07,Organic,Delivered,Hyderabad
516174,13758,2025-07-17,Social,Delivered,Indore
516175,10329,2024-04-12,Affiliate,Delivered,Lucknow
516176,10765,2025-01-04,Paid Search,Delivered,Chennai
516177,13974,2025-06-11,Direct,Delivered,Patna
516178,11138,2025-01-29,Paid Search,Delivered,Kochi
516179,12172,2024-11-23,Organic,Delivered,Lucknow
516180,10535,2025-01-15,Social,Delivered,Delhi
516181,10112,2025-01-08,Email,Delivered,Noida
516182,13646,2025-08-10,Social,Delivered,Delhi
516183,10888,2025-08-23,Paid Search,Delivered,Bhopal
516184,10844,2025-11-02,Organic,Delivered,Bengaluru
516185,14216,2024-02-22,Email,Delivered,Chandigarh
516186,13573,2024-08-21,Paid Search,Delivered,Noida
516187,11070,2025-10-02,Direct,Delivered,Gurugram
516188,14298,2025-04-14,Paid Search,Delivered,Ghaziabad
516189,14853,2024-10-02,Organic,Delivered,Pune
516190,12059,2025-04-04,Direct,Delivered,Patna
516191,12272,2024-12-04,Organic,Delivered,Indore
516192,13306,2025-10-10,Organic,Delivered,Jaipur
516193,10736,2025-02-11,Email,Delivered,Bhopal
516194,14476,2024-11-22,Paid Search,Delivered,Indore
516195,10626,2025-03-31,Paid Search,Delivered,Kolkata
516196,13766,2024-05-19,Social,Delivered,Ghaziabad
516197,12885,2025-07-17,Affiliate,Delivered,Hyderabad
516198,10654,2024-05-28,Social,Delivered,Ahmedabad
516199,12210,2024-01-18,Affiliate,Delivered,Ahmedabad
516200,11463,2024-02-07,Direct,Delivered,Noida
516201,14687,2024-02-18,Email,Delivered,Pune
516202,12679,2024-03-14,Paid Search,Delivered,Hyderabad
516203,11840,2024-02-07,Affiliate,Delivered,Kolkata
516204,11322,2024-08-08,Direct,Delivered,Chandigarh
516205,10714,2025-12-03,Paid Search,Delivered,Delhi
516206,12530,2024-03-15,Email,Delivered,Lucknow
516207,12548,2025-05-09,Social,Delivered,Noida
516208,14765,2025-09-28,Organic,Delivered,Indore
516209,13241,2025-08-14,Email,Delivered,Hyderabad
516210,12266,2024-09-21,Paid Search,Delivered,Kolkata
516211,11863,2024-02-08,Paid Search,Delivered,Delhi
516212,11309,2024-09-26,Social,Delivered,Hyderabad
516213,13234,2025-03-15,Social,Delivered,Chandigarh
516214,10733,2025-07-07,Affiliate,Delivered,Jaipur
516215,10031,2024-04-13,Direct,Delivered,Chandigarh
516216,14506,2024-08-08,Email,Delivered,Jaipur
516217,10168,2025-03-15,Direct,Delivered,Gurugram
516218,11149,2025-06-06,Organic,Delivered,Pune
516219,12793,2024-08-15,Organic,Delivered,Noida
516220,10969,2025-08-24,Affiliate,Delivered,Noida
516221,13351,2025-08-09,Email,Delivered,Ghaziabad
516222,12756,2024-09-20,Direct,Delivered,Pune
516223,10376,2025-01-26,Email,Delivered,Pune
516224,12309,2024-12-15,Organic,Delivered,Noida
516225,14153,2025-05-03,Email,Delivered,Patna
516226,11929,2024-08-23,Organic,Delivered,Lucknow
516227,13388,2024-08-28,Paid Search,Cancelled,Ahmedabad
516228,12894,2024-11-05,Email,Delivered,Delhi
516229,12303,2024-06-06,Email,Delivered,Mumbai
516230,12848,2025-02-28,Paid Search,Delivered,Gurugram
516231,12436,2025-12-01,Email,Delivered,Bengaluru
516232,10343,2024-09-12,Direct,Delivered,Ahmedabad
516233,12182,2025-09-21,Paid Search,Delivered,Mumbai
516234,12075,2024-12-05,Organic,Delivered,Indore
516235,13895,2024-05-01,Organic,Delivered,Chennai
516236,13605,2024-12-28,Social,Delivered,Chandigarh
516237,12869,2024-12-31,Paid Search,Delivered,Jaipur
516238,11909,2024-01-18,Social,Delivered,Indore
516239,13151,2024-12-16,Organic,Delivered,Jaipur
516240,14989,2024-04-29,Paid Search,Delivered,Chennai
516241,14186,2025-08-03,Paid Search,Delivered,Kochi
516242,11177,2025-01-30,Direct,Delivered,Chandigarh
516243,11403,2024-08-10,Paid Search,Delivered,Ghaziabad
516244,12482,2024-01-02,Organic,Delivered,Ghaziabad
516245,13303,2025-02-21,Paid Search,Delivered,Bhopal
516246,13370,2025-05-29,Direct,Delivered,Patna
516247,13916,2024-11-06,Paid Search,Delivered,Bengaluru
516248,12740,2025-10-23,Affiliate,Delivered,Ghaziabad
516249,14122,2024-05-23,Paid Search,Delivered,Patna
516250,10196,2025-07-05,Organic,Delivered,Bengaluru
516251,11087,2024-12-28,Social,Delivered,Bhopal
516252,12569,2024-08-17,Email,Delivered,Lucknow
516253,12613,2024-07-29,Direct,Delivered,Mumbai
516254,14833,2024-11-24,Paid Search,Delivered,Ghaziabad
516255,13298,2024-02-28,Direct,Delivered,Pune
516256,12034,2025-04-20,Social,Delivered,Patna
516257,12933,2024-10-25,Social,Delivered,Patna
516258,10581,2025-05-12,Direct,Delivered,Pune
516259,11958,2025-01-11,Paid Search,Delivered,Indore
516260,10107,2025-12-15,Affiliate,Delivered,Kolkata
516261,10751,2024-03-01,Social,Delivered,Hyderabad
516262,12062,2024-12-26,Organic,Delivered,Indore
516263,10026,2025-01-27,Organic,Delivered,Jaipur
516264,10927,2024-07-01,Direct,Delivered,Noida
516265,14471,2025-05-06,Direct,Delivered,Chennai
516266,14174,2024-09-21,Direct,Delivered,Jaipur
516267,12843,2025-07-12,Email,Delivered,Indore
516268,14762,2025-11-05,Email,Delivered,Gurugram
516269,10155,2025-09-16,Organic,Delivered,Kochi
516270,14703,2025-04-07,Email,Delivered,Delhi
516271,12481,2025-06-08,Social,Delivered,Indore
516272,11873,2025-09-23,Paid Search,Delivered,Kolkata
516273,13954,2025-12-17,Email,Delivered,Chandigarh
516274,12274,2025-06-13,Organic,Delivered,Ahmedabad
516275,13007,2025-10-29,Social,Delivered,Hyderabad
516276,11576,2025-12-06,Affiliate,Delivered,Mumbai
516277,12621,2024-05-08,Affiliate,Delivered,Kochi
516278,10646,2025-01-01,Social,Delivered,Kochi
516279,11075,2024-09-18,Paid Search,Delivered,Pune
516280,12796,2025-11-25,Social,Delivered,Kochi
516281,14719,2025-06-27,Organic,Delivered,Indore
516282,10932,2025-10-09,Organic,Delivered,Noida
516283,12893,2024-09-12,Affiliate,Delivered,Lucknow
516284,10298,2025-09-08,Organic,Delivered,Kolkata
516285,12532,2024-02-29,Paid Search,Delivered,Bhopal
516286,14248,2025-11-17,Paid Search,Delivered,Ghaziabad
516287,11697,2024-06-17,Direct,Delivered,Patna
516288,13993,2025-01-19,Email,Delivered,Patna
516289,11966,2025-06-07,Affiliate,Delivered,Patna
516290,14632,2025-06-27,Email,Delivered,Bhopal
516291,13144,2024-06-04,Paid Search,Delivered,Ghaziabad
516292,11638,2025-02-09,Paid Search,Delivered,Pune
516293,11327,2025-01-22,Organic,Delivered,Jaipur
516294,14354,2025-07-21,Social,Delivered,Gurugram
516295,12405,2024-08-22,Organic,Delivered,Lucknow
516296,11993,2025-07-12,Direct,Delivered,Bengaluru
516297,12934,2025-03-26,Organic,Delivered,Chandigarh
516298,10364,2025-07-08,Organic,Delivered,Gurugram
516299,10920,2025-10-01,Social,Delivered,Chennai
516300,12290,2024-11-09,Paid Search,Delivered,Chennai
516301,11456,2024-11-11,Organic,Delivered,Chandigarh
516302,12769,2025-08-05,Direct,Delivered,Indore
516303,11742,2025-07-25,Paid Search,Delivered,Kochi
516304,12161,2025-10-02,Affiliate,Delivered,Gurugram
516305,13897,2025-02-06,Email,Delivered,Chandigarh
516306,13928,2025-04-10,Paid Search,Delivered,Delhi
516307,11463,2024-02-13,Paid Search,Delivered,Jaipur
516308,11760,2024-11-28,Social,Delivered,Noida
516309,13200,2024-06-29,Direct,Delivered,Mumbai
516310,14606,2025-09-15,Affiliate,Cancelled,Jaipur
516311,12723,2024-03-30,Paid Search,Delivered,Mumbai
516312,10371,2025-07-23,Organic,Delivered,Patna
516313,12981,2025-09-03,Social,Delivered,Bengaluru
516314,13603,2024-12-09,Social,Delivered,Lucknow
516315,14684,2025-05-03,Paid Search,Delivered,Chandigarh
516316,14645,2025-02-27,Email,Delivered,Bengaluru
516317,13453,2025-05-18,Direct,Delivered,Kolkata
516318,12766,2025-05-16,Direct,Cancelled,Indore
516319,10838,2024-07-03,Email,Delivered,Lucknow
516320,14394,2025-05-18,Direct,Delivered,Bhopal
516321,12384,2025-10-21,Paid Search,Cancelled,Bengaluru
516322,13460,2024-08-15,Organic,Delivered,Lucknow
516323,13676,2024-08-12,Social,Delivered,Ghaziabad
516324,10073,2024-08-01,Email,Delivered,Bhopal
516325,11867,2025-10-28,Affiliate,Delivered,Lucknow
516326,13357,2025-10-10,Direct,Delivered,Pune
516327,12368,2024-09-11,Social,Cancelled,Hyderabad
516328,13283,2025-11-15,Paid Search,Delivered,Pune
516329,12812,2025-07-10,Paid Search,Delivered,Hyderabad
516330,10001,2024-10-20,Social,Delivered,Bhopal
516331,11529,2025-08-26,Email,Delivered,Hyderabad
516332,12046,2025-10-29,Email,Delivered,Ahmedabad
516333,11924,2025-09-26,Organic,Delivered,Bengaluru
516334,10194,2024-12-10,Paid Search,Delivered,Kochi
516335,10093,2024-06-07,Organic,Delivered,Ahmedabad
516336,11465,2024-05-02,Social,Delivered,Patna
516337,14256,2025-08-27,Organic,Delivered,Lucknow
516338,14933,2025-06-19,Direct,Delivered,Lucknow
516339,14184,2025-06-02,Affiliate,Delivered,Indore
516340,14702,2024-02-03,Affiliate,Delivered,Indore
516341,14631,2025-12-06,Organic,Delivered,Patna
516342,13425,2024-03-24,Paid Search,Delivered,Indore
516343,10614,2025-02-28,Organic,Delivered,Patna
516344,11835,2025-11-18,Organic,Delivered,Kolkata
516345,13681,2024-06-25,Paid Search,Delivered,Delhi
516346,11983,2025-01-13,Paid Search,Delivered,Jaipur
516347,11345,2025-09-06,Direct,Delivered,Hyderabad
516348,10192,2024-07-13,Direct,Delivered,Patna
516349,11694,2024-03-15,Direct,Delivered,Chandigarh
516350,11692,2024-12-17,Organic,Cancelled,Lucknow
516351,14069,2025-08-04,Social,Delivered,Noida
516352,13922,2025-02-26,Organic,Delivered,Pune
516353,10566,2024-11-19,Social,Delivered,Indore
516354,12597,2025-04-12,Social,Delivered,Bengaluru
516355,14515,2024-02-07,Paid Search,Delivered,Chandigarh
516356,12384,2024-09-11,Organic,Delivered,Ahmedabad
516357,14782,2025-10-03,Organic,Delivered,Jaipur
516358,10456,2024-10-10,Paid Search,Delivered,Jaipur
516359,11611,2025-12-06,Paid Search,Delivered,Kochi
516360,14596,2025-02-05,Organic,Delivered,Jaipur
516361,13580,2025-11-13,Direct,Delivered,Delhi
516362,11416,2025-04-03,Organic,Delivered,Chandigarh
516363,14459,2024-11-02,Organic,Delivered,Patna
516364,11915,2025-11-04,Direct,Delivered,Kochi
516365,13963,2024-07-16,Direct,Delivered,Chennai
516366,11654,2024-10-13,Paid Search,Delivered,Ahmedabad
516367,11695,2025-06-12,Affiliate,Delivered,Chennai
516368,11644,2025-10-01,Organic,Delivered,Indore
516369,11826,2024-05-21,Email,Delivered,Ghaziabad
516370,12997,2025-12-27,Direct,Delivered,Ghaziabad
516371,14047,2024-11-10,Social,Delivered,Kochi
516372,13136,2024-09-04,Organic,Delivered,Bhopal
516373,10130,2024-04-03,Social,Delivered,Bengaluru
516374,12993,2024-01-20,Affiliate,Delivered,Ahmedabad
516375,12158,2025-02-11,Direct,Delivered,Patna
516376,10343,2025-03-17,Paid Search,Delivered,Jaipur
516377,11652,2024-03-09,Paid Search,Delivered,Kolkata
516378,14848,2025-10-22,Email,Delivered,Pune
516379,11744,2025-02-01,Paid Search,Delivered,Gurugram
516380,13570,2024-02-09,Paid Search,Delivered,Gurugram
516381,10998,2025-09-07,Organic,Delivered,Jaipur
516382,14414,2024-05-24,Paid Search,Delivered,Pune
516383,14070,2025-05-06,Paid Search,Delivered,Delhi
516384,10799,2025-05-09,Email,Delivered,Ahmedabad
516385,13456,2025-08-15,Organic,Delivered,Kolkata
516386,14661,2025-08-14,Paid Search,Delivered,Lucknow
516387,14523,2025-12-21,Email,Delivered,Delhi
516388,13609,2024-03-04,Social,Delivered,Indore
516389,13649,2024-09-23,Affiliate,Cancelled,Chennai
516390,12504,2024-09-22,Direct,Cancelled,Ghaziabad
516391,10747,2024-10-02,Organic,Delivered,Jaipur
516392,10116,2024-06-23,Direct,Delivered,Lucknow
516393,11467,2024-06-19,Direct,Delivered,Patna
516394,11266,2025-12-06,Paid Search,Delivered,Mumbai
516395,14570,2025-10-19,Affiliate,Delivered,Kolkata
516396,14194,2025-05-13,Social,Delivered,Mumbai
516397,11623,2025-02-09,Affiliate,Delivered,Indore
516398,11896,2024-12-13,Affiliate,Delivered,Kolkata
516399,13717,2025-05-13,Direct,Delivered,Jaipur
516400,13392,2025-09-22,Organic,Delivered,Delhi
516401,14433,2024-11-07,Affiliate,Delivered,Noida
516402,13654,2025-01-28,Organic,Delivered,Chennai
516403,13459,2025-10-28,Direct,Delivered,Mumbai
516404,13879,2025-10-28,Organic,Delivered,Kochi
516405,14470,2024-06-17,Paid Search,Delivered,Lucknow
516406,11912,2024-06-23,Direct,Cancelled,Hyderabad
516407,11257,2024-05-29,Social,Delivered,Kolkata
516408,14550,2024-01-20,Email,Delivered,Indore
516409,10808,2025-05-22,Paid Search,Delivered,Jaipur
516410,11461,2024-11-09,Social,Delivered,Ghaziabad
516411,10681,2024-01-24,Direct,Delivered,Pune
516412,14181,2024-05-29,Direct,Delivered,Bengaluru
516413,14586,2025-01-24,Social,Delivered,Delhi
516414,12124,2025-09-02,Email,Delivered,Hyderabad
516415,10498,2025-04-29,Social,Delivered,Patna
516416,11172,2025-01-24,Direct,Delivered,Delhi
516417,12895,2024-05-16,Email,Delivered,Delhi
516418,11718,2024-07-30,Paid Search,Delivered,Delhi
516419,13751,2025-07-25,Social,Delivered,Chandigarh
516420,13998,2025-07-19,Organic,Delivered,Bhopal
516421,12184,2025-09-26,Direct,Delivered,Jaipur
516422,13075,2025-01-20,Paid Search,Delivered,Kochi
516423,10319,2024-07-18,Organic,Delivered,Kolkata
516424,10684,2025-01-02,Social,Delivered,Patna
516425,11680,2025-10-17,Email,Delivered,Jaipur
516426,10620,2024-05-12,Email,Delivered,Kolkata
516427,10075,2025-09-11,Paid Search,Delivered,Bhopal
516428,13437,2025-12-28,Paid Search,Delivered,Mumbai
516429,10118,2025-08-22,Paid Search,Delivered,Bengaluru
516430,11198,2025-04-26,Social,Delivered,Chandigarh
516431,13607,2024-10-26,Direct,Delivered,Patna
516432,11044,2025-09-16,Direct,Delivered,Pune
516433,11138,2024-04-27,Social,Delivered,Ghaziabad
516434,13748,2025-07-09,Paid Search,Delivered,Hyderabad
516435,10111,2024-10-20,Paid Search,Delivered,Bengaluru
516436,11614,2025-01-02,Affiliate,Delivered,Jaipur
516437,12681,2024-12-04,Email,Delivered,Kochi
516438,10342,2024-01-08,Organic,Cancelled,Mumbai
516439,13261,2025-12-22,Organic,Delivered,Patna
516440,12125,2025-05-02,Social,Delivered,Delhi
516441,11553,2025-03-14,Social,Delivered,Kochi
516442,12846,2024-03-14,Direct,Delivered,Lucknow
516443,10194,2025-07-23,Organic,Delivered,Indore
516444,13008,2025-12-03,Affiliate,Delivered,Ghaziabad
516445,12318,2025-08-18,Direct,Delivered,Bhopal
516446,10293,2024-07-01,Paid Search,Delivered,Noida
516447,13929,2024-05-12,Organic,Delivered,Bengaluru
516448,12268,2024-09-25,Paid Search,Delivered,Delhi
516449,10343,2024-01-17,Email,Delivered,Indore
516450,11798,2025-02-07,Organic,Delivered,Mumbai
516451,13726,2024-11-30,Direct,Delivered,Chandigarh
516452,12245,2025-01-02,Affiliate,Delivered,Hyderabad
516453,11937,2025-12-24,Affiliate,Delivered,Ghaziabad
516454,10209,2025-04-23,Affiliate,Delivered,Kolkata
516455,10323,2024-10-31,Organic,Delivered,Bhopal
516456,11479,2025-07-26,Affiliate,Delivered,Chandigarh
516457,11357,2024-09-27,Social,Delivered,Jaipur
516458,13218,2025-07-07,Organic,Delivered,Delhi
516459,12352,2025-11-12,Paid Search,Delivered,Pune
516460,10630,2025-10-25,Paid Search,Delivered,Hyderabad
516461,13259,2025-01-14,Social,Delivered,Chandigarh
516462,14797,2024-12-09,Organic,Delivered,Chandigarh
516463,14293,2024-10-17,Social,Delivered,Ahmedabad
516464,14970,2025-01-25,Direct,Delivered,Ahmedabad
516465,12401,2025-11-15,Paid Search,Delivered,Noida
516466,11803,2025-09-30,Organic,Delivered,Jaipur
516467,10279,2025-03-19,Social,Delivered,Jaipur
516468,13405,2024-07-25,Social,Delivered,Mumbai
516469,12201,2024-10-02,Direct,Delivered,Bhopal
516470,13177,2024-06-28,Social,Delivered,Pune
516471,11506,2024-05-16,Paid Search,Delivered,Ahmedabad
516472,10836,2024-01-07,Organic,Delivered,Kolkata
516473,13451,2025-07-19,Organic,Delivered,Kochi
516474,11941,2025-06-23,Affiliate,Delivered,Kochi
516475,12645,2024-05-10,Paid Search,Delivered,Patna
516476,14904,2025-05-17,Affiliate,Delivered,Noida
516477,11407,2024-04-30,Social,Delivered,Pune
516478,10639,2024-07-21,Email,Delivered,Bengaluru
516479,13560,2024-07-07,Organic,Delivered,Lucknow
516480,12876,2024-04-04,Organic,Delivered,Chandigarh
516481,11991,2025-06-16,Paid Search,Delivered,Gurugram
516482,12996,2024-02-01,Paid Search,Delivered,Patna
516483,14616,2024-10-23,Social,Delivered,Kochi
516484,10838,2024-12-22,Affiliate,Delivered,Delhi
516485,13955,2025-02-25,Direct,Cancelled,Ahmedabad
516486,12677,2024-05-21,Social,Delivered,Lucknow
516487,14028,2024-12-10,Organic,Delivered,Noida
516488,14588,2025-08-02,Paid Search,Delivered,Ahmedabad
516489,10800,2024-09-30,Direct,Delivered,Ghaziabad
516490,10579,2025-11-25,Organic,Delivered,Ghaziabad
516491,10020,2024-11-10,Organic,Delivered,Lucknow
516492,10949,2025-07-21,Direct,Delivered,Mumbai
516493,11734,2024-03-24,Organic,Delivered,Pune
516494,11279,2025-09-14,Affiliate,Cancelled,Bengaluru
516495,14118,2024-12-16,Organic,Delivered,Kolkata
516496,13755,2025-12-25,Email,Delivered,Lucknow
516497,11759,2025-05-27,Organic,Delivered,Kolkata
516498,12887,2025-06-25,Direct,Delivered,Jaipur
516499,11564,2024-04-18,Organic,Delivered,Pune
516500,12518,2025-02-18,Paid Search,Delivered,Gurugram
516501,11454,2025-06-23,Affiliate,Delivered,Lucknow
516502,13961,2025-08-15,Social,Delivered,Gurugram
516503,11140,2024-10-02,Paid Search,Delivered,Mumbai
516504,14892,2025-02-16,Paid Search,Delivered,Indore
516505,14662,2024-05-06,Social,Delivered,Indore
516506,10980,2024-11-12,Direct,Delivered,Chandigarh
516507,12855,2024-12-13,Email,Delivered,Delhi
516508,14061,2024-01-24,Social,Delivered,Kochi
516509,14220,2025-11-01,Paid Search,Delivered,Ghaziabad
516510,11851,2025-04-15,Social,Delivered,Noida
516511,12738,2024-05-13,Direct,Delivered,Mumbai
516512,10730,2025-10-18,Organic,Delivered,Chandigarh
516513,11258,2025-05-20,Paid Search,Cancelled,Kochi
516514,11283,2025-05-21,Organic,Delivered,Patna
516515,11429,2025-11-12,Email,Delivered,Noida
516516,11997,2024-10-22,Affiliate,Delivered,Jaipur
516517,13439,2024-09-16,Email,Delivered,Ahmedabad
516518,14496,2025-03-26,Affiliate,Delivered,Bengaluru
516519,12908,2025-10-11,Affiliate,Delivered,Kolkata
516520,12393,2025-08-17,Direct,Delivered,Bhopal
516521,13515,2025-07-29,Social,Delivered,Patna
516522,13072,2025-07-12,Organic,Delivered,Bengaluru
516523,12233,2024-01-26,Social,Delivered,Hyderabad
516524,10167,2024-12-25,Affiliate,Delivered,Kolkata
516525,12710,2024-09-17,Paid Search,Delivered,Jaipur
516526,10321,2024-09-21,Paid Search,Delivered,Indore
516527,13054,2025-09-17,Affiliate,Delivered,Noida
516528,14692,2024-10-17,Organic,Delivered,Hyderabad
516529,13989,2025-09-03,Email,Delivered,Bengaluru
516530,14192,2025-10-25,Email,Delivered,Hyderabad
516531,12309,2024-11-28,Direct,Delivered,Hyderabad
516532,12449,2024-05-04,Email,Delivered,Indore
516533,12627,2025-05-25,Organic,Delivered,Mumbai
516534,11002,2025-09-22,Social,Delivered,Kolkata
516535,14904,2024-10-23,Paid Search,Delivered,Bhopal
516536,10201,2024-05-22,Paid Search,Delivered,Lucknow
516537,14951,2025-01-15,Affiliate,Delivered,Delhi
516538,14877,2025-12-18,Social,Delivered,Chennai
516539,14701,2025-01-12,Affiliate,Cancelled,Hyderabad
516540,10029,2024-11-23,Affiliate,Delivered,Kolkata
516541,14772,2024-11-17,Email,Delivered,Lucknow
516542,11189,2025-06-20,Affiliate,Delivered,Indore
516543,11304,2024-09-06,Organic,Delivered,Kochi
516544,13420,2025-06-17,Organic,Delivered,Bhopal
516545,11989,2025-12-22,Organic,Delivered,Lucknow
516546,14690,2025-07-18,Affiliate,Cancelled,Jaipur
516547,12483,2025-11-09,Direct,Delivered,Kolkata
516548,10586,2025-07-31,Direct,Delivered,Lucknow
516549,11198,2025-09-08,Organic,Delivered,Bengaluru
516550,13870,2024-01-29,Direct,Delivered,Gurugram
516551,12879,2024-09-15,Direct,Delivered,Bengaluru
516552,11659,2024-07-18,Organic,Delivered,Pune
516553,11097,2025-09-23,Social,Delivered,Indore
516554,13399,2024-06-16,Direct,Delivered,Chandigarh
516555,11334,2025-12-08,Social,Delivered,Kolkata
516556,10484,2025-05-25,Direct,Delivered,Kochi
516557,12782,2024-03-31,Social,Delivered,Jaipur
516558,14325,2025-05-14,Paid Search,Delivered,Hyderabad
516559,11542,2024-09-07,Organic,Delivered,Patna
516560,13537,2024-08-05,Organic,Delivered,Kolkata
516561,12233,2025-12-27,Email,Delivered,Ahmedabad
516562,14779,2025-08-03,Paid Search,Delivered,Bengaluru
516563,13036,2025-07-12,Paid Search,Delivered,Hyderabad
516564,12513,2024-08-15,Direct,Delivered,Mumbai
516565,11140,2025-04-29,Organic,Delivered,Jaipur
516566,14439,2024-09-07,Paid Search,Delivered,Noida
516567,10229,2025-03-16,Direct,Delivered,Lucknow
516568,12702,2024-10-18,Direct,Delivered,Pune
516569,11331,2025-03-21,Affiliate,Delivered,Delhi
516570,12564,2025-06-28,Paid Search,Delivered,Chennai
516571,14917,2024-08-18,Organic,Delivered,Kochi
516572,10474,2024-01-09,Affiliate,Delivered,Ahmedabad
516573,10263,2024-03-11,Direct,Delivered,Chennai
516574,14071,2025-10-24,Email,Delivered,Gurugram
516575,13492,2025-12-02,Paid Search,Delivered,Jaipur
516576,12062,2025-05-20,Email,Delivered,Pune
516577,11113,2024-03-19,Email,Delivered,Pune
516578,13001,2025-03-04,Direct,Delivered,Lucknow
516579,11286,2024-11-12,Organic,Delivered,Kochi
516580,13254,2024-06-22,Paid Search,Delivered,Indore
516581,12025,2024-10-04,Paid Search,Delivered,Lucknow
516582,13875,2025-07-28,Affiliate,Delivered,Mumbai
516583,13292,2025-12-29,Direct,Delivered,Gurugram
516584,12877,2025-09-30,Paid Search,Delivered,Hyderabad
516585,10488,2024-05-28,Social,Delivered,Bhopal
516586,13100,2025-01-01,Social,Delivered,Lucknow
516587,13492,2025-01-21,Organic,Delivered,Bengaluru
516588,12604,2024-08-01,Affiliate,Delivered,Chennai
516589,12965,2024-11-14,Social,Delivered,Ahmedabad
516590,13070,2024-10-05,Direct,Delivered,Patna
516591,11169,2024-02-20,Social,Delivered,Ghaziabad
516592,12222,2024-10-31,Direct,Delivered,Mumbai
516593,10631,2024-09-23,Organic,Delivered,Lucknow
516594,13883,2024-08-11,Paid Search,Delivered,Pune
516595,10729,2025-03-24,Paid Search,Delivered,Indore
516596,14053,2025-06-04,Organic,Delivered,Delhi
516597,13182,2024-02-04,Social,Delivered,Patna
516598,12586,2024-09-07,Affiliate,Delivered,Delhi
516599,12525,2024-01-23,Social,Delivered,Lucknow
516600,10734,2025-08-23,Direct,Delivered,Mumbai
516601,13259,2025-11-08,Paid Search,Delivered,Kolkata
516602,11868,2024-12-04,Paid Search,Delivered,Ahmedabad
516603,13918,2025-11-21,Organic,Delivered,Noida
516604,14200,2025-04-04,Affiliate,Delivered,Kolkata
516605,14587,2025-09-27,Organic,Delivered,Patna
516606,14584,2025-11-23,Organic,Delivered,Ahmedabad
516607,13810,2025-03-05,Organic,Delivered,Patna
516608,11336,2024-11-22,Paid Search,Delivered,Kolkata
516609,11369,2025-06-26,Paid Search,Delivered,Gurugram
516610,14706,2024-05-04,Social,Delivered,Mumbai
516611,14819,2024-08-04,Affiliate,Delivered,Kolkata
516612,11384,2025-02-05,Paid Search,Delivered,Noida
516613,13241,2024-05-27,Organic,Delivered,Kolkata
516614,14595,2024-12-29,Social,Delivered,Pune
516615,14239,2025-09-17,Organic,Delivered,Jaipur
516616,14678,2025-07-26,Organic,Delivered,Lucknow
516617,11759,2025-10-13,Affiliate,Delivered,Jaipur
516618,12525,2025-09-20,Paid Search,Delivered,Indore
516619,12993,2024-08-30,Affiliate,Delivered,Noida
516620,14753,2025-06-04,Email,Delivered,Patna
516621,14915,2024-09-28,Direct,Delivered,Hyderabad
516622,12747,2025-12-11,Paid Search,Delivered,Bhopal
516623,14263,2024-05-09,Email,Delivered,Pune
516624,11895,2024-07-15,Social,Cancelled,Kolkata
516625,13020,2025-11-19,Affiliate,Delivered,Indore
516626,14051,2024-06-23,Paid Search,Delivered,Hyderabad
516627,14436,2025-03-28,Social,Delivered,Patna
516628,10543,2024-07-31,Social,Delivered,Noida
516629,10366,2024-07-26,Organic,Delivered,Noida
516630,11084,2025-05-05,Organic,Delivered,Bhopal
516631,10510,2025-08-04,Direct,Delivered,Noida
516632,11067,2024-06-18,Email,Delivered,Indore
516633,14744,2025-12-19,Email,Delivered,Chennai
516634,13111,2024-03-05,Affiliate,Delivered,Jaipur
516635,10486,2024-03-14,Organic,Delivered,Chennai
516636,13545,2025-12-15,Paid Search,Delivered,Chandigarh
516637,14697,2024-02-10,Email,Delivered,Patna
516638,14188,2024-08-17,Email,Delivered,Hyderabad
516639,14278,2024-03-29,Email,Delivered,Patna
516640,14500,2024-06-11,Paid Search,Delivered,Delhi
516641,13756,2024-02-24,Social,Delivered,Indore
516642,14376,2024-09-19,Email,Delivered,Patna
516643,13986,2024-08-04,Paid Search,Delivered,Indore
516644,13410,2024-04-25,Social,Delivered,Kochi
516645,10998,2025-06-09,Organic,Delivered,Bhopal
516646,14575,2024-01-27,Organic,Delivered,Chandigarh
516647,10449,2024-12-12,Affiliate,Delivered,Hyderabad
516648,11378,2024-08-11,Paid Search,Delivered,Kolkata
516649,13612,2025-04-20,Affiliate,Delivered,Hyderabad
516650,13627,2024-09-03,Email,Delivered,Mumbai
516651,14416,2024-12-11,Paid Search,Delivered,Jaipur
516652,10384,2025-08-15,Affiliate,Delivered,Delhi
516653,13938,2024-04-15,Organic,Delivered,Hyderabad
516654,10627,2024-11-14,Organic,Delivered,Delhi
516655,13045,2025-02-14,Paid Search,Delivered,Chandigarh
516656,11131,2025-06-22,Email,Delivered,Pune
516657,12843,2025-01-27,Paid Search,Delivered,Bhopal
516658,10514,2025-06-21,Paid Search,Delivered,Chennai
516659,10171,2025-08-04,Direct,Delivered,Noida
516660,14829,2025-07-30,Direct,Delivered,Chennai
516661,12556,2025-03-25,Direct,Delivered,Noida
516662,12332,2025-11-02,Organic,Delivered,Bhopal
516663,11964,2024-01-17,Affiliate,Delivered,Kolkata
516664,14534,2024-12-30,Affiliate,Delivered,Hyderabad
516665,13916,2025-08-09,Paid Search,Delivered,Chennai
516666,12384,2024-03-16,Organic,Delivered,Bengaluru
516667,10615,2025-08-21,Organic,Delivered,Chandigarh
516668,13499,2024-01-29,Affiliate,Delivered,Ahmedabad
516669,11020,2025-07-28,Social,Delivered,Jaipur
516670,11609,2024-05-16,Organic,Delivered,Indore
516671,13305,2025-05-02,Organic,Delivered,Noida
516672,14754,2025-08-29,Direct,Delivered,Jaipur
516673,11110,2025-08-18,Social,Delivered,Bengaluru
516674,10175,2025-02-23,Direct,Delivered,Ghaziabad
516675,12124,2025-10-26,Organic,Delivered,Ahmedabad
516676,13488,2024-04-12,Direct,Delivered,Ghaziabad
516677,13290,2024-06-21,Organic,Delivered,Delhi
516678,14752,2024-04-06,Paid Search,Delivered,Bengaluru
516679,11040,2025-06-09,Direct,Delivered,Patna
516680,13941,2025-10-13,Paid Search,Delivered,Chandigarh
516681,13869,2025-11-11,Social,Delivered,Noida
516682,14138,2025-01-15,Paid Search,Delivered,Bengaluru
516683,14512,2024-04-06,Affiliate,Delivered,Noida
516684,11496,2024-05-05,Paid Search,Cancelled,Gurugram
516685,11548,2025-04-02,Paid Search,Delivered,Indore
516686,12260,2025-10-17,Organic,Delivered,Patna
516687,11750,2025-12-23,Direct,Delivered,Bhopal
516688,10681,2025-06-10,Direct,Delivered,Bengaluru
516689,11648,2025-10-05,Affiliate,Delivered,Kolkata
516690,11883,2024-12-15,Direct,Delivered,Bengaluru
516691,13792,2024-05-23,Social,Delivered,Bengaluru
516692,10043,2024-12-05,Organic,Delivered,Kochi
516693,13755,2024-03-13,Organic,Delivered,Ahmedabad
516694,13894,2025-05-06,Affiliate,Delivered,Kochi
516695,10665,2024-08-28,Social,Delivered,Kochi
516696,14766,2024-09-04,Paid Search,Delivered,Jaipur
516697,13619,2024-01-03,Organic,Delivered,Noida
516698,13505,2025-12-31,Direct,Cancelled,Bengaluru
516699,13835,2024-11-08,Organic,Delivered,Hyderabad
516700,14052,2025-07-27,Paid Search,Delivered,Ghaziabad
516701,12013,2025-01-14,Email,Delivered,Bhopal
516702,12568,2025-04-13,Email,Delivered,Lucknow
516703,13053,2024-12-08,Organic,Delivered,Hyderabad
516704,10959,2025-05-17,Email,Delivered,Ahmedabad
516705,10306,2024-05-26,Paid Search,Delivered,Noida
516706,13605,2025-12-29,Organic,Delivered,Chandigarh
516707,11249,2024-11-08,Email,Delivered,Mumbai
516708,11497,2024-01-08,Direct,Delivered,Chennai
516709,10517,2025-11-27,Affiliate,Delivered,Hyderabad
516710,12298,2024-01-17,Organic,Delivered,Indore
516711,12843,2024-12-11,Organic,Delivered,Chennai
516712,14504,2025-07-27,Social,Delivered,Ghaziabad
516713,12458,2024-09-27,Organic,Delivered,Bengaluru
516714,11865,2024-06-02,Organic,Delivered,Bengaluru
516715,13972,2024-06-24,Paid Search,Delivered,Bengaluru
516716,11447,2025-05-15,Organic,Delivered,Ahmedabad
516717,10056,2025-02-23,Social,Delivered,Delhi
516718,10159,2025-01-02,Organic,Delivered,Lucknow
516719,14224,2025-01-10,Paid Search,Delivered,Chennai
516720,13508,2024-08-20,Organic,Delivered,Jaipur
516721,10901,2025-11-14,Social,Delivered,Ghaziabad
516722,11077,2024-06-18,Paid Search,Delivered,Jaipur
516723,14185,2025-09-04,Organic,Delivered,Indore
516724,13198,2025-07-21,Paid Search,Delivered,Indore
516725,12411,2024-01-05,Organic,Delivered,Ghaziabad
516726,11834,2024-05-04,Affiliate,Delivered,Lucknow
516727,11909,2025-02-07,Paid Search,Delivered,Noida
516728,13939,2024-04-26,Email,Delivered,Chennai
516729,10987,2025-09-15,Email,Delivered,Jaipur
516730,14450,2024-11-19,Social,Delivered,Noida
516731,11191,2025-09-03,Social,Delivered,Patna
516732,11179,2024-03-28,Paid Search,Delivered,Pune
516733,11887,2024-01-18,Paid Search,Delivered,Gurugram
516734,13962,2025-04-13,Paid Search,Delivered,Hyderabad
516735,10026,2025-08-09,Organic,Delivered,Mumbai
516736,10765,2025-12-26,Paid Search,Delivered,Kochi
516737,11878,2025-07-29,Social,Delivered,Chennai
516738,10705,2025-06-30,Organic,Delivered,Ghaziabad
516739,11917,2024-02-12,Direct,Delivered,Chennai
516740,12143,2025-03-16,Organic,Delivered,Pune
516741,13093,2025-06-05,Organic,Delivered,Chandigarh
516742,11623,2024-10-15,Email,Delivered,Chennai
516743,12691,2025-12-31,Affiliate,Delivered,Mumbai
516744,14936,2025-12-23,Social,Delivered,Ahmedabad
516745,12309,2025-09-17,Social,Delivered,Chandigarh
516746,14020,2025-10-05,Paid Search,Delivered,Chandigarh
516747,11370,2025-02-19,Direct,Delivered,Noida
516748,14452,2025-08-22,Email,Delivered,Chandigarh
516749,12843,2024-02-22,Organic,Delivered,Indore
516750,10680,2024-06-17,Affiliate,Delivered,Noida
516751,14532,2025-04-30,Organic,Delivered,Jaipur
516752,13570,2024-03-31,Paid Search,Delivered,Indore
516753,11715,2025-08-17,Social,Delivered,Gurugram
516754,13022,2024-05-10,Email,Delivered,Lucknow
516755,14737,2024-09-12,Direct,Cancelled,Mumbai
516756,10497,2024-07-08,Paid Search,Delivered,Indore
516757,10197,2025-01-30,Email,Delivered,Delhi
516758,13969,2024-02-29,Email,Delivered,Indore
516759,11441,2025-08-16,Organic,Delivered,Noida
516760,14269,2025-10-11,Email,Delivered,Noida
516761,13855,2025-06-30,Direct,Delivered,Kochi
516762,14571,2024-05-15,Social,Delivered,Hyderabad
516763,13796,2024-07-31,Social,Delivered,Ahmedabad
516764,14700,2024-06-14,Email,Delivered,Chandigarh
516765,13099,2025-03-16,Affiliate,Delivered,Patna
516766,10540,2025-10-11,Organic,Delivered,Bhopal
516767,11046,2025-10-04,Organic,Delivered,Gurugram
516768,14411,2025-12-01,Email,Delivered,Lucknow
516769,11458,2025-05-19,Organic,Cancelled,Patna
516770,14727,2024-06-11,Affiliate,Delivered,Gurugram
516771,14370,2024-10-18,Paid Search,Delivered,Lucknow
516772,13454,2024-08-03,Organic,Delivered,Jaipur
516773,10682,2024-02-16,Affiliate,Delivered,Pune
516774,10920,2025-08-07,Organic,Delivered,Delhi
516775,13720,2025-02-26,Paid Search,Delivered,Gurugram
516776,12005,2025-12-10,Paid Search,Delivered,Indore
516777,12009,2025-09-06,Affiliate,Delivered,Delhi
516778,10451,2025-04-19,Paid Search,Delivered,Jaipur
516779,12296,2024-02-01,Email,Delivered,Pune
516780,10022,2024-11-19,Direct,Delivered,Kochi
516781,10709,2024-12-13,Social,Delivered,Indore
516782,14601,2025-05-08,Organic,Delivered,Delhi
516783,13773,2025-02-18,Paid Search,Delivered,Ahmedabad
516784,14862,2025-07-24,Social,Delivered,Bhopal
516785,14558,2024-01-17,Paid Search,Cancelled,Ghaziabad
516786,14597,2024-03-23,Social,Delivered,Bengaluru
516787,12037,2025-11-27,Social,Delivered,Ahmedabad
516788,11270,2024-11-14,Affiliate,Delivered,Mumbai
516789,13426,2025-08-24,Email,Delivered,Chennai
516790,13106,2025-09-18,Email,Delivered,Ahmedabad
516791,12164,2024-03-29,Organic,Delivered,Bhopal
516792,12499,2025-05-30,Paid Search,Delivered,Hyderabad
516793,11005,2024-05-07,Affiliate,Delivered,Lucknow
516794,12481,2024-04-22,Affiliate,Delivered,Ghaziabad
516795,14822,2024-06-27,Organic,Delivered,Chandigarh
516796,12142,2025-07-06,Organic,Delivered,Noida
516797,12588,2024-03-09,Email,Delivered,Bengaluru
516798,14706,2025-05-02,Paid Search,Delivered,Bhopal
516799,14267,2024-10-05,Paid Search,Delivered,Kochi
516800,13955,2024-07-12,Organic,Delivered,Bhopal
516801,10027,2024-06-24,Paid Search,Delivered,Hyderabad
516802,14235,2024-09-08,Organic,Delivered,Pune
516803,10385,2024-09-12,Organic,Delivered,Mumbai
516804,10174,2024-08-17,Paid Search,Delivered,Chandigarh
516805,11766,2025-01-13,Affiliate,Delivered,Hyderabad
516806,12060,2025-12-27,Direct,Delivered,Patna
516807,10604,2024-11-26,Paid Search,Delivered,Ghaziabad
516808,12990,2024-05-14,Paid Search,Delivered,Pune
516809,14604,2025-03-23,Organic,Delivered,Jaipur
516810,13294,2025-08-29,Direct,Delivered,Kolkata
516811,14805,2025-03-14,Organic,Delivered,Mumbai
516812,14475,2025-01-22,Direct,Delivered,Bengaluru
516813,14077,2025-05-04,Email,Delivered,Lucknow
516814,10836,2025-10-05,Affiliate,Delivered,Kochi
516815,13191,2024-02-25,Organic,Delivered,Hyderabad
516816,10451,2025-12-18,Social,Delivered,Kochi
516817,13863,2025-10-14,Organic,Delivered,Bengaluru
516818,14466,2025-12-03,Email,Delivered,Gurugram
516819,10599,2024-12-30,Social,Delivered,Patna
516820,12534,2025-09-16,Affiliate,Delivered,Delhi
516821,10638,2024-02-29,Email,Delivered,Pune
516822,12697,2024-10-29,Direct,Delivered,Lucknow
516823,12258,2025-10-04,Social,Delivered,Lucknow
516824,14451,2024-07-17,Social,Delivered,Bhopal
516825,11362,2025-07-12,Organic,Delivered,Pune
516826,13750,2024-08-21,Organic,Delivered,Mumbai
516827,13288,2025-03-06,Organic,Delivered,Ghaziabad
516828,13654,2025-04-22,Organic,Delivered,Ahmedabad
516829,14806,2025-10-03,Organic,Delivered,Hyderabad
516830,10931,2024-09-06,Paid Search,Delivered,Mumbai
516831,10068,2025-07-29,Paid Search,Delivered,Pune
516832,13108,2024-11-13,Email,Delivered,Patna
516833,10612,2024-10-14,Social,Delivered,Delhi
516834,12251,2024-02-28,Direct,Delivered,Ghaziabad
516835,12606,2024-02-25,Paid Search,Delivered,Chennai
516836,13056,2025-07-17,Organic,Delivered,Ghaziabad
516837,10061,2024-03-17,Direct,Delivered,Bhopal
516838,12879,2024-03-22,Direct,Delivered,Pune
516839,13895,2024-05-15,Paid Search,Delivered,Ahmedabad
516840,10132,2024-09-03,Organic,Delivered,Ahmedabad
516841,11975,2024-04-28,Direct,Delivered,Gurugram
516842,11720,2025-03-07,Direct,Delivered,Chandigarh
516843,11704,2025-08-23,Direct,Delivered,Ahmedabad
516844,12290,2025-01-23,Paid Search,Delivered,Mumbai
516845,10708,2025-05-01,Organic,Delivered,Lucknow
516846,12502,2025-10-14,Paid Search,Delivered,Gurugram
516847,10385,2025-10-15,Social,Cancelled,Jaipur
516848,10498,2025-04-26,Organic,Delivered,Jaipur
516849,12684,2024-02-19,Paid Search,Delivered,Gurugram
516850,14493,2025-07-30,Direct,Delivered,Ahmedabad
516851,13540,2025-07-07,Organic,Delivered,Gurugram
516852,11672,2024-08-09,Organic,Cancelled,Ghaziabad
516853,11730,2024-04-28,Social,Delivered,Mumbai
516854,12448,2024-04-06,Direct,Delivered,Delhi
516855,10174,2024-07-20,Direct,Delivered,Kochi
516856,13319,2025-06-27,Paid Search,Delivered,Lucknow
516857,10670,2025-11-22,Email,Delivered,Indore
516858,13596,2024-04-22,Direct,Delivered,Noida
516859,11869,2024-10-30,Email,Delivered,Chennai
516860,11891,2025-09-01,Organic,Delivered,Bengaluru
516861,12201,2024-03-03,Email,Delivered,Bhopal
516862,10646,2025-11-20,Social,Delivered,Bengaluru
516863,11199,2024-01-14,Social,Delivered,Ahmedabad
516864,11037,2024-07-25,Social,Delivered,Kolkata
516865,14237,2024-01-24,Organic,Delivered,Hyderabad
516866,10826,2025-07-10,Affiliate,Delivered,Patna
516867,10645,2024-11-08,Paid Search,Delivered,Lucknow
516868,11221,2024-11-15,Organic,Delivered,Noida
516869,12124,2025-02-03,Paid Search,Delivered,Kolkata
516870,13019,2024-08-06,Email,Delivered,Noida
516871,12118,2025-07-07,Social,Delivered,Bhopal
516872,12679,2024-11-11,Affiliate,Delivered,Kochi
516873,12588,2025-08-04,Direct,Delivered,Pune
516874,10844,2025-04-17,Email,Delivered,Lucknow
516875,10037,2025-05-08,Social,Delivered,Kolkata
516876,13408,2025-12-23,Social,Delivered,Delhi
516877,14719,2025-01-05,Paid Search,Delivered,Gurugram
516878,10319,2024-08-07,Social,Delivered,Bhopal
516879,14591,2025-06-16,Social,Delivered,Jaipur
516880,14549,2025-05-31,Affiliate,Delivered,Kochi
516881,13943,2024-12-19,Affiliate,Delivered,Chandigarh
516882,12831,2024-09-01,Organic,Delivered,Kochi
516883,11700,2025-11-11,Direct,Delivered,Delhi
516884,12953,2024-07-02,Direct,Delivered,Hyderabad
516885,10057,2024-02-27,Paid Search,Delivered,Chennai
516886,11430,2025-04-06,Direct,Delivered,Lucknow
516887,11969,2024-02-29,Social,Cancelled,Patna
516888,12559,2025-07-10,Organic,Delivered,Ahmedabad
516889,11364,2025-09-07,Email,Delivered,Chennai
516890,12132,2025-06-08,Organic,Delivered,Ahmedabad
516891,13626,2024-06-21,Email,Delivered,Jaipur
516892,14754,2025-11-20,Direct,Delivered,Pune
516893,14113,2024-03-05,Paid Search,Delivered,Gurugram
516894,10382,2024-03-19,Paid Search,Delivered,Delhi
516895,12947,2024-08-10,Paid Search,Delivered,Pune
516896,12294,2025-01-30,Paid Search,Delivered,Hyderabad
516897,12611,2025-06-03,Social,Delivered,Mumbai
516898,13958,2024-07-31,Affiliate,Delivered,Mumbai
516899,11635,2025-10-31,Direct,Delivered,Bhopal
516900,12723,2025-08-20,Social,Delivered,Jaipur
516901,14436,2024-06-17,Social,Delivered,Kochi
516902,12827,2024-02-15,Paid Search,Delivered,Hyderabad
516903,12777,2025-05-28,Social,Delivered,Kochi
516904,14557,2024-05-08,Organic,Delivered,Lucknow
516905,10146,2024-07-25,Social,Delivered,Mumbai
516906,11879,2025-07-18,Social,Delivered,Hyderabad
516907,12464,2024-05-18,Email,Delivered,Jaipur
516908,10011,2024-09-16,Organic,Delivered,Gurugram
516909,12374,2025-11-08,Paid Search,Delivered,Indore
516910,14629,2025-05-13,Affiliate,Delivered,Patna
516911,13942,2025-03-29,Affiliate,Delivered,Patna
516912,10166,2025-12-30,Social,Delivered,Noida
516913,14383,2025-07-17,Direct,Delivered,Delhi
516914,13988,2024-12-02,Affiliate,Delivered,Mumbai
516915,14387,2025-04-30,Affiliate,Delivered,Kochi
516916,10698,2025-01-24,Affiliate,Delivered,Bengaluru
516917,14485,2024-09-22,Email,Delivered,Mumbai
516918,10104,2025-12-13,Direct,Delivered,Indore
516919,10175,2025-03-09,Organic,Delivered,Lucknow
516920,11774,2025-06-29,Social,Delivered,Ahmedabad
516921,14078,2024-10-26,Affiliate,Delivered,Jaipur
516922,14321,2024-05-23,Organic,Delivered,Gurugram
516923,13167,2024-03-30,Organic,Delivered,Kochi
516924,10185,2025-08-10,Paid Search,Delivered,Gurugram
516925,14371,2025-01-15,Social,Delivered,Noida
516926,11314,2025-01-12,Email,Delivered,Hyderabad
516927,13724,2024-03-29,Social,Delivered,Kolkata
516928,11396,2025-07-29,Organic,Delivered,Pune
516929,12829,2024-07-11,Direct,Delivered,Chandigarh
516930,10475,2025-03-13,Paid Search,Delivered,Gurugram
516931,14989,2024-09-13,Direct,Delivered,Delhi
516932,10463,2024-06-15,Social,Delivered,Delhi
516933,14780,2024-04-29,Organic,Delivered,Kochi
516934,14541,2025-08-18,Social,Delivered,Jaipur
516935,10751,2024-03-10,Email,Delivered,Patna
516936,13477,2024-01-02,Direct,Delivered,Bengaluru
516937,11720,2024-08-12,Social,Delivered,Kolkata
516938,11556,2025-10-11,Direct,Delivered,Lucknow
516939,11638,2025-05-28,Paid Search,Delivered,Hyderabad
516940,11192,2025-08-21,Paid Search,Delivered,Jaipur
516941,14807,2024-05-29,Paid Search,Delivered,Chennai
516942,10215,2025-12-10,Email,Delivered,Lucknow
516943,11772,2024-03-27,Organic,Delivered,Ahmedabad
516944,11794,2024-01-26,Organic,Delivered,Kolkata
516945,12095,2024-12-14,Email,Delivered,Chandigarh
516946,11506,2024-11-15,Paid Search,Delivered,Chennai
516947,13319,2024-07-31,Affiliate,Delivered,Pune
516948,14586,2024-05-03,Paid Search,Delivered,Jaipur
516949,13334,2024-08-22,Paid Search,Delivered,Pune
516950,11103,2024-09-30,Social,Cancelled,Jaipur
516951,14985,2025-03-15,Direct,Delivered,Hyderabad
516952,12026,2024-09-20,Organic,Delivered,Jaipur
516953,11551,2024-06-27,Organic,Delivered,Jaipur
516954,13411,2025-03-12,Organic,Delivered,Lucknow
516955,14874,2025-03-01,Direct,Delivered,Lucknow
516956,11606,2024-11-15,Organic,Delivered,Jaipur
516957,11004,2024-03-21,Affiliate,Delivered,Kolkata
516958,13909,2025-12-06,Social,Delivered,Kolkata
516959,12386,2025-01-14,Affiliate,Delivered,Lucknow
516960,13632,2024-07-22,Paid Search,Delivered,Pune
516961,12270,2025-06-14,Social,Delivered,Pune
516962,10178,2024-11-02,Direct,Delivered,Chandigarh
516963,11809,2024-04-30,Organic,Delivered,Chandigarh
516964,14280,2025-05-27,Email,Delivered,Lucknow
516965,14681,2024-03-08,Direct,Delivered,Chandigarh
516966,11820,2024-07-21,Organic,Delivered,Mumbai
516967,13467,2025-04-29,Direct,Delivered,Bhopal
516968,10480,2025-06-13,Paid Search,Delivered,Hyderabad
516969,11087,2025-12-25,Organic,Delivered,Ahmedabad
516970,13492,2025-06-02,Organic,Delivered,Jaipur
516971,10208,2024-06-18,Affiliate,Delivered,Ahmedabad
516972,13736,2025-06-04,Organic,Delivered,Delhi
516973,14816,2025-07-03,Paid Search,Delivered,Chandigarh
516974,10356,2025-05-08,Email,Delivered,Bengaluru
516975,12911,2025-06-29,Organic,Delivered,Bhopal
516976,11770,2025-08-20,Organic,Delivered,Bengaluru
516977,13216,2025-02-19,Organic,Delivered,Ghaziabad
516978,14478,2025-12-28,Organic,Delivered,Bhopal
516979,10404,2025-04-16,Social,Delivered,Ghaziabad
516980,13348,2024-02-10,Social,Delivered,Kolkata
516981,10914,2024-05-06,Direct,Delivered,Ghaziabad
516982,12670,2024-12-29,Email,Delivered,Bhopal
516983,12211,2024-11-14,Direct,Delivered,Ghaziabad
516984,12521,2025-08-17,Affiliate,Delivered,Kolkata
516985,13829,2025-05-06,Direct,Delivered,Chennai
516986,13043,2024-01-01,Paid Search,Delivered,Gurugram
516987,11732,2024-11-29,Organic,Delivered,Hyderabad
516988,13266,2025-02-02,Paid Search,Delivered,Lucknow
516989,12986,2025-12-17,Social,Delivered,Bengaluru
516990,10345,2025-04-27,Affiliate,Cancelled,Chennai
516991,13068,2024-05-11,Social,Delivered,Bhopal
516992,11671,2024-05-20,Direct,Delivered,Patna
516993,10732,2024-08-18,Paid Search,Delivered,Indore
516994,12634,2024-10-19,Social,Delivered,Bhopal
516995,12584,2024-03-20,Email,Delivered,Chandigarh
516996,13652,2025-07-31,Organic,Delivered,Chandigarh
516997,12163,2024-02-19,Affiliate,Delivered,Indore
516998,13714,2024-02-18,Email,Delivered,Ghaziabad
516999,11411,2024-04-03,Organic,Delivered,Chandigarh
517000,13028,2024-04-08,Paid Search,Delivered,Ahmedabad
517001,14815,2025-02-16,Email,Delivered,Gurugram
517002,12933,2025-08-21,Affiliate,Delivered,Bengaluru
517003,13408,2025-11-19,Paid Search,Delivered,Ahmedabad
517004,11839,2025-08-14,Email,Delivered,Ahmedabad
517005,13377,2025-05-16,Paid Search,Delivered,Noida
517006,14174,2025-03-07,Paid Search,Delivered,Chandigarh
517007,14366,2024-08-14,Organic,Delivered,Kochi
517008,14583,2024-10-31,Social,Delivered,Jaipur
517009,11534,2025-09-29,Organic,Delivered,Indore
517010,14232,2024-03-18,Social,Delivered,Kochi
517011,11743,2025-08-26,Direct,Delivered,Chennai
517012,14360,2025-08-16,Direct,Delivered,Ghaziabad
517013,10030,2024-02-12,Paid Search,Delivered,Bengaluru
517014,14545,2024-06-25,Affiliate,Delivered,Bengaluru
517015,11081,2024-08-14,Direct,Delivered,Lucknow
517016,11011,2025-10-29,Social,Delivered,Mumbai
517017,12798,2024-11-16,Paid Search,Delivered,Lucknow
517018,12570,2025-07-21,Organic,Delivered,Hyderabad
517019,10787,2025-03-15,Organic,Delivered,Gurugram
517020,12673,2024-02-29,Direct,Delivered,Lucknow
517021,14007,2025-05-02,Paid Search,Delivered,Indore
517022,12428,2025-04-09,Paid Search,Delivered,Kochi
517023,12906,2025-09-28,Affiliate,Delivered,Bhopal
517024,14243,2025-11-03,Direct,Delivered,Kochi
517025,10900,2025-03-05,Organic,Delivered,Lucknow
517026,11626,2025-10-04,Email,Delivered,Chandigarh
517027,14471,2024-04-11,Paid Search,Delivered,Patna
517028,10807,2025-03-24,Paid Search,Delivered,Chennai
517029,11270,2025-02-26,Social,Delivered,Bhopal
517030,11372,2024-05-05,Affiliate,Delivered,Kochi
517031,14123,2025-01-28,Organic,Delivered,Kolkata
517032,10716,2025-05-12,Organic,Delivered,Patna
517033,11873,2024-10-30,Direct,Delivered,Ahmedabad
517034,12024,2025-05-01,Direct,Delivered,Ghaziabad
517035,10407,2025-06-28,Social,Delivered,Mumbai
517036,10585,2025-03-06,Organic,Delivered,Delhi
517037,11882,2024-10-18,Organic,Delivered,Indore
517038,10438,2024-07-13,Organic,Delivered,Chennai
517039,14897,2025-04-28,Paid Search,Delivered,Indore
517040,12256,2025-10-20,Email,Delivered,Jaipur
517041,10034,2024-12-03,Organic,Delivered,Mumbai
517042,13006,2025-01-02,Organic,Delivered,Pune
517043,13776,2025-10-28,Email,Delivered,Hyderabad
517044,13039,2024-08-05,Paid Search,Delivered,Ghaziabad
517045,12857,2025-08-13,Organic,Delivered,Mumbai
517046,10462,2024-07-05,Social,Delivered,Noida
517047,13649,2024-07-07,Organic,Delivered,Indore
517048,14858,2024-07-24,Email,Delivered,Kochi
517049,11822,2024-02-08,Organic,Delivered,Gurugram
517050,10609,2024-12-03,Paid Search,Delivered,Ahmedabad
517051,11070,2024-09-15,Social,Delivered,Lucknow
517052,13303,2024-06-17,Email,Delivered,Delhi
517053,13213,2025-07-07,Organic,Delivered,Patna
517054,14444,2025-01-13,Direct,Delivered,Delhi
517055,12031,2024-05-23,Direct,Delivered,Kochi
517056,14424,2024-05-20,Social,Cancelled,Bengaluru
517057,11378,2025-08-14,Paid Search,Delivered,Patna
517058,12561,2024-07-17,Organic,Delivered,Chennai
517059,13292,2024-10-15,Direct,Delivered,Delhi
517060,11388,2024-03-28,Organic,Delivered,Gurugram
517061,11845,2025-08-10,Paid Search,Delivered,Kochi
517062,14140,2024-09-18,Paid Search,Cancelled,Gurugram
517063,12890,2025-05-30,Paid Search,Delivered,Pune
517064,13063,2024-10-23,Organic,Delivered,Bhopal
517065,13119,2025-08-08,Organic,Delivered,Noida
517066,13956,2024-10-22,Affiliate,Delivered,Delhi
517067,14858,2025-10-16,Organic,Delivered,Hyderabad
517068,12000,2025-06-13,Affiliate,Delivered,Gurugram
517069,11773,2024-12-17,Paid Search,Delivered,Mumbai
517070,14568,2024-12-19,Organic,Delivered,Noida
517071,12397,2025-03-29,Affiliate,Delivered,Pune
517072,14648,2025-05-21,Email,Delivered,Chennai
517073,14409,2025-05-31,Email,Cancelled,Lucknow
517074,13687,2024-01-25,Organic,Delivered,Noida
517075,13602,2024-07-12,Email,Delivered,Noida
517076,14713,2024-11-15,Affiliate,Delivered,Bengaluru
517077,11369,2025-01-27,Direct,Delivered,Gurugram
517078,12268,2024-03-06,Email,Delivered,Delhi
517079,12730,2024-05-25,Paid Search,Delivered,Ahmedabad
517080,10973,2024-12-03,Affiliate,Delivered,Jaipur
517081,12588,2024-11-22,Organic,Delivered,Lucknow
517082,13280,2025-03-25,Paid Search,Delivered,Ghaziabad
517083,12517,2024-02-20,Affiliate,Delivered,Bhopal
517084,13267,2025-08-05,Paid Search,Delivered,Lucknow
517085,10508,2024-08-08,Organic,Delivered,Chandigarh
517086,12457,2025-02-06,Organic,Delivered,Indore
517087,14647,2025-11-23,Organic,Delivered,Ahmedabad
517088,11304,2024-10-04,Direct,Delivered,Chennai
517089,12279,2024-08-17,Email,Delivered,Gurugram
517090,13122,2024-07-12,Affiliate,Delivered,Kolkata
517091,13128,2025-04-21,Direct,Delivered,Bengaluru
517092,10904,2025-11-30,Paid Search,Delivered,Noida
517093,10565,2025-02-13,Affiliate,Delivered,Chennai
517094,13767,2024-05-24,Paid Search,Delivered,Kolkata
517095,12666,2025-11-22,Affiliate,Delivered,Jaipur
517096,14535,2024-02-01,Email,Delivered,Chandigarh
517097,14951,2024-10-26,Direct,Delivered,Ghaziabad
517098,10834,2024-04-02,Affiliate,Delivered,Delhi
517099,11805,2024-01-25,Organic,Delivered,Mumbai
517100,14102,2025-12-30,Email,Delivered,Chandigarh
517101,11472,2024-03-03,Organic,Delivered,Patna
517102,10993,2025-10-24,Social,Delivered,Indore
517103,10781,2025-02-02,Organic,Delivered,Hyderabad
517104,12503,2024-08-22,Social,Delivered,Gurugram
517105,11910,2025-09-22,Affiliate,Delivered,Mumbai
517106,14647,2024-01-03,Paid Search,Delivered,Lucknow
517107,14825,2025-05-19,Organic,Delivered,Pune
517108,10414,2025-07-14,Paid Search,Delivered,Chennai
517109,14517,2024-09-23,Organic,Delivered,Kolkata
517110,10449,2024-08-07,Organic,Delivered,Bengaluru
517111,13595,2024-01-07,Email,Delivered,Patna
517112,14794,2024-01-17,Email,Delivered,Patna
517113,11729,2024-02-02,Social,Delivered,Patna
517114,10795,2024-11-29,Paid Search,Delivered,Kochi
517115,10330,2025-01-23,Social,Delivered,Bhopal
517116,11711,2024-11-06,Direct,Delivered,Bengaluru
517117,14763,2025-05-28,Paid Search,Delivered,Jaipur
517118,12295,2024-09-21,Paid Search,Delivered,Kolkata
517119,12090,2025-07-31,Social,Delivered,Delhi
517120,10034,2025-04-22,Organic,Delivered,Chennai
517121,13333,2025-11-15,Paid Search,Delivered,Gurugram
517122,10941,2025-06-14,Email,Delivered,Hyderabad
517123,13446,2024-04-03,Organic,Delivered,Noida
517124,14143,2025-02-12,Social,Delivered,Gurugram
517125,13872,2025-04-25,Paid Search,Delivered,Delhi
517126,12595,2024-01-11,Paid Search,Delivered,Patna
517127,13251,2024-02-02,Social,Delivered,Jaipur
517128,11970,2024-01-17,Organic,Delivered,Ahmedabad
517129,13545,2024-05-05,Paid Search,Delivered,Delhi
517130,13410,2025-10-06,Social,Delivered,Bhopal
517131,10942,2024-06-24,Email,Delivered,Patna
517132,11624,2024-05-16,Direct,Cancelled,Bhopal
517133,13878,2024-11-22,Affiliate,Delivered,Noida
517134,12193,2024-10-17,Social,Delivered,Gurugram
517135,11179,2025-12-27,Organic,Delivered,Indore
517136,14969,2024-03-16,Organic,Delivered,Indore
517137,14340,2025-09-06,Organic,Delivered,Jaipur
517138,13872,2024-06-16,Organic,Delivered,Mumbai
517139,12110,2024-08-14,Organic,Delivered,Ahmedabad
517140,12770,2024-12-20,Email,Delivered,Indore
517141,14729,2025-12-14,Social,Delivered,Kochi
517142,12634,2024-06-21,Organic,Delivered,Bengaluru
517143,14126,2024-09-08,Email,Delivered,Bhopal
517144,14222,2025-04-26,Affiliate,Delivered,Chandigarh
517145,14023,2025-05-04,Organic,Delivered,Kolkata
517146,13005,2024-09-25,Organic,Delivered,Kochi
517147,11726,2024-04-05,Social,Delivered,Delhi
517148,11697,2025-07-30,Organic,Delivered,Pune
517149,14057,2025-10-20,Organic,Delivered,Mumbai
517150,12089,2025-03-16,Social,Delivered,Jaipur
517151,11237,2025-09-30,Social,Delivered,Chandigarh
517152,10917,2024-07-04,Affiliate,Cancelled,Jaipur
517153,13078,2025-09-23,Organic,Delivered,Ahmedabad
517154,14798,2025-08-13,Direct,Delivered,Hyderabad
517155,11894,2025-10-21,Organic,Delivered,Kolkata
517156,13262,2025-11-12,Paid Search,Delivered,Delhi
517157,11545,2024-09-09,Organic,Delivered,Noida
517158,11993,2024-03-28,Paid Search,Delivered,Chandigarh
517159,12042,2025-07-01,Affiliate,Delivered,Gurugram
517160,11800,2025-05-04,Organic,Delivered,Patna
517161,14238,2025-04-18,Organic,Delivered,Jaipur
517162,14535,2025-04-06,Email,Delivered,Chennai
517163,11346,2024-01-30,Organic,Delivered,Lucknow
517164,11802,2025-05-04,Social,Delivered,Gurugram
517165,10100,2024-12-19,Direct,Delivered,Chandigarh
517166,13782,2024-01-23,Organic,Delivered,Ghaziabad
517167,13540,2025-09-17,Organic,Delivered,Hyderabad
517168,14178,2024-01-21,Paid Search,Cancelled,Pune
517169,12799,2024-06-19,Direct,Delivered,Bengaluru
517170,14550,2024-08-03,Direct,Delivered,Chennai
517171,10706,2025-07-26,Affiliate,Delivered,Ahmedabad
517172,11866,2024-02-28,Email,Delivered,Bhopal
517173,12240,2024-10-07,Paid Search,Cancelled,Kolkata
517174,13827,2024-09-24,Affiliate,Delivered,Ahmedabad
517175,11097,2024-10-30,Affiliate,Delivered,Ghaziabad
517176,11635,2025-09-29,Organic,Delivered,Kochi
517177,10471,2024-08-25,Email,Delivered,Pune
517178,14721,2024-09-16,Affiliate,Delivered,Indore
517179,12267,2024-10-25,Direct,Delivered,Patna
517180,10056,2024-10-14,Email,Delivered,Bhopal
517181,11177,2025-11-28,Affiliate,Delivered,Hyderabad
517182,12851,2024-07-14,Direct,Delivered,Hyderabad
517183,12457,2024-03-23,Organic,Delivered,Indore
517184,12550,2024-11-04,Social,Delivered,Ahmedabad
517185,10312,2024-03-02,Direct,Delivered,Jaipur
517186,14389,2025-08-05,Email,Delivered,Bengaluru
517187,14148,2025-10-14,Direct,Delivered,Bengaluru
517188,11082,2025-08-30,Organic,Delivered,Kolkata
517189,11834,2025-08-11,Organic,Delivered,Gurugram
517190,10437,2024-11-03,Organic,Delivered,Kochi
517191,10639,2025-05-25,Organic,Delivered,Mumbai
517192,14233,2024-10-17,Email,Delivered,Ghaziabad
517193,10569,2025-09-16,Paid Search,Delivered,Patna
517194,11751,2024-05-22,Paid Search,Delivered,Kolkata
517195,14968,2024-04-12,Email,Delivered,Bhopal
517196,11625,2025-12-14,Email,Delivered,Pune
517197,13435,2024-09-20,Organic,Delivered,Lucknow
517198,10527,2024-08-15,Paid Search,Delivered,Hyderabad
517199,14369,2025-05-03,Email,Delivered,Indore
517200,14601,2024-09-07,Organic,Delivered,Mumbai
517201,14564,2025-06-30,Affiliate,Delivered,Noida
517202,13165,2024-11-10,Email,Delivered,Hyderabad
517203,14861,2025-07-27,Email,Delivered,Hyderabad
517204,13461,2024-02-28,Paid Search,Delivered,Kolkata
517205,11881,2025-06-15,Affiliate,Cancelled,Mumbai
517206,14490,2024-08-28,Organic,Delivered,Ahmedabad
517207,11367,2024-11-05,Direct,Delivered,Pune
517208,14220,2025-11-11,Organic,Delivered,Kolkata
517209,14654,2024-12-18,Paid Search,Delivered,Hyderabad
517210,12260,2024-02-24,Email,Delivered,Bengaluru
517211,11161,2024-12-01,Paid Search,Delivered,Chandigarh
517212,10799,2024-06-24,Paid Search,Delivered,Pune
517213,12687,2024-12-13,Organic,Delivered,Noida
517214,13362,2024-06-08,Affiliate,Delivered,Ahmedabad
517215,12951,2025-04-15,Social,Delivered,Pune
517216,13254,2024-06-20,Paid Search,Delivered,Mumbai
517217,10127,2024-12-06,Paid Search,Delivered,Lucknow
517218,10236,2025-11-28,Social,Delivered,Delhi
517219,11316,2025-04-11,Social,Delivered,Chennai
517220,14498,2025-06-01,Organic,Delivered,Indore
517221,12521,2025-07-18,Organic,Cancelled,Bengaluru
517222,11677,2025-11-03,Email,Delivered,Hyderabad
517223,13328,2025-10-09,Paid Search,Delivered,Bhopal
517224,12144,2025-09-18,Direct,Delivered,Pune
517225,10718,2024-09-06,Paid Search,Delivered,Jaipur
517226,12569,2025-04-01,Organic,Delivered,Mumbai
517227,13488,2025-08-21,Organic,Delivered,Jaipur
517228,14561,2025-02-13,Email,Delivered,Hyderabad
517229,11841,2024-04-02,Paid Search,Delivered,Ahmedabad
517230,10853,2025-01-07,Paid Search,Delivered,Bhopal
517231,14328,2024-06-07,Organic,Delivered,Lucknow
517232,11844,2025-05-19,Organic,Delivered,Patna
517233,10789,2025-09-20,Paid Search,Delivered,Kochi
517234,12507,2025-05-28,Paid Search,Delivered,Ahmedabad
517235,10300,2025-02-06,Email,Delivered,Chennai
517236,14960,2025-03-14,Organic,Delivered,Hyderabad
517237,13898,2025-01-28,Paid Search,Delivered,Ghaziabad
517238,12199,2024-11-24,Direct,Delivered,Gurugram
517239,12727,2024-06-14,Email,Delivered,Chandigarh
517240,11993,2025-05-08,Direct,Delivered,Hyderabad
517241,12345,2024-09-12,Organic,Delivered,Ghaziabad
517242,14676,2024-04-24,Paid Search,Delivered,Gurugram
517243,13632,2025-08-07,Paid Search,Delivered,Jaipur
517244,13308,2025-02-07,Direct,Delivered,Gurugram
517245,14884,2025-01-15,Direct,Delivered,Jaipur
517246,10818,2025-01-14,Social,Delivered,Indore
517247,14542,2024-02-26,Paid Search,Delivered,Pune
517248,10880,2025-01-25,Social,Delivered,Chennai
517249,11298,2025-02-01,Direct,Delivered,Ghaziabad
517250,13223,2025-01-08,Social,Delivered,Pune
517251,10683,2024-01-06,Affiliate,Delivered,Lucknow
517252,12336,2025-07-02,Email,Delivered,Chennai
517253,11681,2025-03-24,Organic,Delivered,Chennai
517254,10045,2025-07-07,Affiliate,Delivered,Ghaziabad
517255,10919,2025-01-03,Organic,Delivered,Pune
517256,12243,2024-08-28,Direct,Delivered,Kochi
517257,10422,2025-09-01,Paid Search,Delivered,Indore
517258,14699,2024-09-13,Social,Delivered,Ahmedabad
517259,12145,2024-11-27,Paid Search,Delivered,Chennai
517260,13737,2024-01-13,Organic,Delivered,Kolkata
517261,11023,2024-04-29,Affiliate,Delivered,Jaipur
517262,12794,2024-03-23,Email,Delivered,Noida
517263,10568,2024-11-05,Direct,Delivered,Kolkata
517264,10976,2024-07-10,Social,Delivered,Kolkata
517265,13421,2024-08-31,Organic,Delivered,Jaipur
517266,11679,2025-07-13,Organic,Delivered,Bengaluru
517267,14914,2025-05-14,Paid Search,Delivered,Delhi
517268,14984,2025-08-06,Paid Search,Delivered,Jaipur
517269,10659,2025-08-19,Paid Search,Delivered,Gurugram
517270,13296,2024-06-30,Organic,Delivered,Noida
517271,13914,2025-03-26,Direct,Delivered,Mumbai
517272,11382,2025-09-27,Organic,Delivered,Ahmedabad
517273,14207,2024-08-10,Affiliate,Delivered,Lucknow
517274,13690,2024-10-01,Social,Delivered,Chandigarh
517275,11624,2025-01-23,Social,Delivered,Gurugram
517276,10457,2025-08-06,Email,Delivered,Gurugram
517277,12217,2024-04-17,Direct,Delivered,Delhi
517278,11853,2024-12-07,Email,Delivered,Jaipur
517279,12640,2024-06-26,Paid Search,Delivered,Patna
517280,11146,2025-06-04,Paid Search,Delivered,Kochi
517281,11559,2024-06-25,Affiliate,Delivered,Chandigarh
517282,14481,2024-09-17,Social,Delivered,Noida
517283,14212,2024-09-10,Email,Delivered,Indore
517284,13676,2024-02-21,Paid Search,Delivered,Kolkata
517285,11764,2025-05-03,Affiliate,Delivered,Jaipur
517286,12488,2024-07-04,Paid Search,Delivered,Kolkata
517287,11465,2024-12-24,Social,Delivered,Mumbai
517288,12040,2025-05-24,Direct,Delivered,Delhi
517289,12586,2025-07-29,Social,Delivered,Pune
517290,14293,2025-11-02,Organic,Delivered,Gurugram
517291,13980,2024-04-02,Social,Delivered,Gurugram
517292,10978,2025-04-04,Organic,Delivered,Chandigarh
517293,14728,2024-08-27,Paid Search,Cancelled,Noida
517294,10374,2025-07-16,Social,Delivered,Chennai
517295,10240,2024-10-11,Organic,Delivered,Bhopal
517296,14259,2024-01-11,Social,Delivered,Chandigarh
517297,11417,2025-09-17,Social,Delivered,Hyderabad
517298,14283,2025-07-09,Organic,Delivered,Gurugram
517299,10345,2024-08-29,Organic,Delivered,Chennai
517300,11216,2025-09-02,Email,Delivered,Delhi
517301,14127,2024-10-27,Direct,Delivered,Delhi
517302,10977,2024-10-28,Paid Search,Delivered,Chennai
517303,12597,2024-08-07,Organic,Delivered,Hyderabad
517304,13607,2024-12-27,Direct,Delivered,Kochi
517305,11745,2025-12-27,Direct,Delivered,Kochi
517306,10717,2024-02-08,Direct,Delivered,Delhi
517307,14167,2025-03-09,Organic,Delivered,Kochi
517308,13110,2024-05-07,Direct,Delivered,Patna
517309,14561,2024-03-31,Direct,Delivered,Kochi
517310,13507,2024-02-11,Paid Search,Delivered,Indore
517311,13722,2024-07-18,Email,Delivered,Bengaluru
517312,13110,2025-06-18,Organic,Delivered,Chandigarh
517313,13351,2025-06-22,Paid Search,Delivered,Chandigarh
517314,12135,2025-08-07,Social,Delivered,Noida
517315,14634,2024-04-16,Organic,Delivered,Mumbai
517316,14081,2024-03-20,Direct,Delivered,Chennai
517317,11212,2025-12-18,Direct,Delivered,Lucknow
517318,14650,2025-11-04,Direct,Delivered,Bengaluru
517319,11170,2025-05-26,Organic,Delivered,Kochi
517320,13529,2025-09-05,Email,Delivered,Mumbai
517321,14605,2025-08-11,Direct,Delivered,Lucknow
517322,12095,2025-02-25,Organic,Delivered,Noida
517323,10925,2024-12-13,Email,Delivered,Jaipur
517324,14979,2025-12-16,Organic,Delivered,Bhopal
517325,13969,2025-05-09,Email,Delivered,Bengaluru
517326,12248,2025-10-07,Email,Delivered,Bengaluru
517327,14956,2024-05-31,Direct,Delivered,Mumbai
517328,10582,2024-06-11,Social,Delivered,Chennai
517329,12637,2025-04-05,Affiliate,Delivered,Delhi
517330,10913,2025-11-28,Organic,Delivered,Bengaluru
517331,10925,2025-03-29,Email,Delivered,Ghaziabad
517332,11740,2024-11-19,Direct,Delivered,Ghaziabad
517333,12871,2024-01-19,Email,Cancelled,Chandigarh
517334,10856,2024-04-23,Direct,Delivered,Chandigarh
517335,12602,2024-06-17,Email,Delivered,Chandigarh
517336,13892,2024-05-26,Social,Delivered,Bhopal
517337,10734,2025-05-28,Direct,Delivered,Chandigarh
517338,10071,2025-05-15,Paid Search,Delivered,Chennai
517339,13735,2024-10-04,Affiliate,Delivered,Kochi
517340,12030,2025-12-22,Email,Delivered,Gurugram
517341,10951,2024-10-14,Affiliate,Delivered,Bengaluru
517342,14392,2024-11-21,Social,Delivered,Jaipur
517343,12136,2025-01-19,Social,Delivered,Patna
517344,10589,2025-02-22,Organic,Delivered,Kochi
517345,11545,2024-05-19,Direct,Delivered,Kochi
517346,12881,2024-08-07,Paid Search,Delivered,Gurugram
517347,11456,2025-05-17,Social,Delivered,Noida
517348,14670,2025-09-10,Organic,Delivered,Mumbai
517349,13137,2024-11-05,Email,Delivered,Noida
517350,10358,2024-03-25,Paid Search,Delivered,Pune
517351,11736,2025-09-14,Social,Delivered,Chennai
517352,11749,2025-03-01,Affiliate,Delivered,Gurugram
517353,10730,2024-11-14,Social,Delivered,Chennai
517354,10189,2025-03-04,Organic,Delivered,Gurugram
517355,10561,2025-08-24,Affiliate,Cancelled,Ahmedabad
517356,13411,2024-01-01,Social,Delivered,Ahmedabad
517357,11242,2024-09-20,Paid Search,Delivered,Pune
517358,12088,2025-11-18,Paid Search,Delivered,Pune
517359,10714,2024-08-07,Affiliate,Cancelled,Indore
517360,14737,2025-12-13,Direct,Delivered,Chennai
517361,14933,2024-07-24,Affiliate,Delivered,Ghaziabad
517362,13457,2024-12-07,Direct,Delivered,Pune
517363,11659,2024-02-21,Social,Delivered,Gurugram
517364,13010,2025-06-14,Paid Search,Delivered,Mumbai
517365,11930,2024-06-24,Affiliate,Delivered,Patna
517366,14552,2025-09-12,Paid Search,Delivered,Kolkata
517367,13026,2024-04-04,Email,Delivered,Hyderabad
517368,10649,2024-03-26,Email,Delivered,Bengaluru
517369,10484,2024-12-09,Organic,Delivered,Chandigarh
517370,13918,2024-03-02,Paid Search,Delivered,Hyderabad
517371,13639,2024-08-28,Organic,Delivered,Chennai
517372,13650,2025-05-18,Organic,Delivered,Chennai
517373,11666,2025-01-04,Paid Search,Delivered,Pune
517374,13367,2025-02-12,Organic,Delivered,Hyderabad
517375,11356,2024-03-07,Organic,Delivered,Noida
517376,13191,2025-05-11,Organic,Delivered,Lucknow
517377,11643,2024-03-07,Email,Delivered,Mumbai
517378,10622,2025-02-22,Affiliate,Delivered,Ghaziabad
517379,14161,2025-08-01,Social,Delivered,Patna
517380,14071,2025-06-14,Social,Delivered,Bhopal
517381,13919,2024-09-14,Email,Delivered,Pune
517382,13176,2024-04-23,Email,Delivered,Lucknow
517383,13195,2025-08-30,Direct,Delivered,Ahmedabad
517384,13858,2024-06-06,Social,Delivered,Delhi
517385,12818,2024-12-28,Social,Cancelled,Lucknow
517386,14381,2024-06-22,Direct,Delivered,Pune
517387,13832,2024-01-22,Email,Delivered,Bhopal
517388,12713,2024-10-31,Social,Delivered,Lucknow
517389,12936,2025-02-06,Affiliate,Delivered,Kolkata
517390,14785,2025-07-09,Organic,Delivered,Gurugram
517391,12524,2025-06-14,Email,Delivered,Hyderabad
517392,10547,2025-08-30,Affiliate,Delivered,Chennai
517393,14217,2025-08-17,Email,Delivered,Noida
517394,10021,2024-10-20,Organic,Delivered,Chandigarh
517395,11236,2024-09-06,Social,Delivered,Indore
517396,11650,2025-03-16,Affiliate,Cancelled,Chandigarh
517397,10130,2024-12-16,Paid Search,Delivered,Gurugram
517398,11083,2024-08-03,Direct,Delivered,Chandigarh
517399,10881,2024-01-24,Organic,Delivered,Indore
517400,12769,2024-12-13,Email,Delivered,Ghaziabad
517401,14403,2024-12-09,Paid Search,Delivered,Lucknow
517402,11402,2025-11-18,Email,Delivered,Chennai
517403,11955,2025-08-16,Direct,Delivered,Chandigarh
517404,13441,2024-07-15,Social,Delivered,Noida
517405,13372,2024-03-21,Paid Search,Delivered,Hyderabad
517406,14727,2025-07-29,Direct,Delivered,Chennai
517407,12613,2024-12-22,Social,Delivered,Kochi
517408,13847,2024-01-31,Social,Delivered,Patna
517409,14228,2025-07-05,Paid Search,Delivered,Mumbai
517410,12102,2024-09-09,Social,Delivered,Delhi
517411,14184,2024-05-05,Email,Delivered,Bhopal
517412,14928,2025-04-26,Social,Delivered,Gurugram
517413,10598,2025-07-27,Organic,Delivered,Lucknow
517414,13856,2025-07-21,Organic,Delivered,Bhopal
517415,13117,2024-07-19,Organic,Delivered,Jaipur
517416,14055,2025-03-08,Direct,Delivered,Kolkata
517417,12747,2024-12-06,Direct,Delivered,Hyderabad
517418,11024,2025-09-27,Social,Delivered,Chennai
517419,12145,2024-05-18,Affiliate,Delivered,Pune
517420,13435,2025-08-22,Organic,Delivered,Bengaluru
517421,14483,2024-09-10,Direct,Delivered,Ahmedabad
517422,10354,2025-03-27,Paid Search,Cancelled,Lucknow
517423,10939,2025-01-02,Organic,Delivered,Chandigarh
517424,11177,2024-09-11,Paid Search,Delivered,Hyderabad
517425,12957,2024-06-18,Social,Delivered,Kochi
517426,10083,2024-09-22,Social,Delivered,Noida
517427,14762,2025-03-20,Organic,Delivered,Hyderabad
517428,13527,2025-03-25,Paid Search,Cancelled,Noida
517429,14527,2025-03-31,Email,Cancelled,Lucknow
517430,10105,2025-04-24,Affiliate,Delivered,Bengaluru
517431,11373,2024-02-07,Paid Search,Delivered,Lucknow
517432,12246,2024-10-15,Paid Search,Delivered,Gurugram
517433,13854,2024-08-18,Email,Delivered,Delhi
517434,13245,2024-10-17,Social,Delivered,Patna
517435,12090,2024-10-06,Social,Delivered,Kochi
517436,11525,2024-05-09,Social,Delivered,Patna
517437,11654,2025-12-06,Social,Delivered,Kochi
517438,11837,2024-01-01,Paid Search,Delivered,Bengaluru
517439,13448,2025-03-11,Affiliate,Delivered,Hyderabad
517440,14341,2024-12-03,Direct,Delivered,Indore
517441,12383,2025-05-29,Email,Delivered,Bengaluru
517442,14508,2025-08-30,Paid Search,Delivered,Chandigarh
517443,11500,2025-04-19,Direct,Delivered,Mumbai
517444,14294,2025-07-14,Organic,Delivered,Kochi
517445,10005,2024-07-19,Direct,Delivered,Lucknow
517446,13750,2025-12-27,Social,Delivered,Chennai
517447,14748,2024-03-04,Email,Delivered,Hyderabad
517448,11388,2025-05-04,Paid Search,Delivered,Noida
517449,13409,2024-04-17,Paid Search,Delivered,Hyderabad
517450,10374,2024-06-19,Organic,Delivered,Lucknow
517451,14257,2025-08-26,Organic,Delivered,Chandigarh
517452,12444,2025-05-10,Paid Search,Delivered,Indore
517453,12124,2025-04-08,Paid Search,Delivered,Kochi
517454,14622,2025-08-28,Social,Delivered,Mumbai
517455,14628,2024-07-22,Direct,Delivered,Bhopal
517456,11117,2025-04-13,Organic,Delivered,Lucknow
517457,14799,2024-05-27,Affiliate,Delivered,Indore
517458,11048,2024-12-18,Paid Search,Delivered,Jaipur
517459,14061,2024-10-22,Email,Cancelled,Jaipur
517460,13899,2025-03-28,Email,Delivered,Kochi
517461,12520,2024-02-17,Affiliate,Delivered,Jaipur
517462,12960,2024-01-19,Organic,Delivered,Indore
517463,11971,2024-01-24,Organic,Delivered,Indore
517464,12022,2024-07-12,Organic,Delivered,Kochi
517465,12576,2025-02-25,Direct,Delivered,Bengaluru
517466,14314,2024-04-25,Paid Search,Delivered,Gurugram
517467,12415,2025-12-25,Email,Delivered,Gurugram
517468,12913,2024-10-29,Paid Search,Delivered,Chennai
517469,13538,2024-08-09,Social,Delivered,Lucknow
517470,14602,2025-10-14,Paid Search,Delivered,Ghaziabad
517471,14303,2024-05-08,Organic,Delivered,Pune
517472,11841,2024-05-17,Paid Search,Delivered,Bhopal
517473,14318,2024-10-05,Organic,Delivered,Ghaziabad
517474,12221,2024-02-21,Paid Search,Cancelled,Pune
517475,10470,2025-05-13,Paid Search,Delivered,Chandigarh
517476,10372,2025-07-21,Affiliate,Delivered,Noida
517477,11027,2024-09-15,Organic,Delivered,Kochi
517478,11839,2025-09-26,Organic,Delivered,Mumbai
517479,12001,2024-01-06,Paid Search,Delivered,Noida
517480,10899,2025-01-23,Affiliate,Delivered,Bengaluru
517481,10891,2025-06-17,Paid Search,Delivered,Indore
517482,10165,2024-10-02,Affiliate,Delivered,Ahmedabad
517483,14558,2025-11-22,Paid Search,Delivered,Kolkata
517484,11279,2024-11-10,Paid Search,Delivered,Lucknow
517485,13246,2025-11-02,Paid Search,Delivered,Hyderabad
517486,12454,2025-04-26,Paid Search,Delivered,Ahmedabad
517487,11802,2024-06-17,Paid Search,Delivered,Noida
517488,11237,2025-08-30,Paid Search,Delivered,Delhi
517489,10321,2024-01-23,Direct,Delivered,Ghaziabad
517490,10546,2024-05-18,Email,Delivered,Indore
517491,13387,2025-07-24,Direct,Delivered,Chandigarh
517492,12258,2025-10-21,Direct,Delivered,Pune
517493,14840,2024-10-10,Paid Search,Delivered,Gurugram
517494,10740,2025-04-25,Affiliate,Delivered,Patna
517495,14652,2025-05-24,Social,Delivered,Pune
517496,10430,2025-06-23,Social,Delivered,Chennai
517497,13665,2025-10-24,Affiliate,Delivered,Kochi
517498,14801,2024-03-04,Social,Cancelled,Ghaziabad
517499,10770,2024-05-20,Social,Delivered,Mumbai
517500,12380,2025-11-02,Organic,Delivered,Jaipur
517501,14602,2025-02-02,Direct,Delivered,Patna
517502,14012,2025-01-21,Organic,Delivered,Delhi
517503,11092,2024-10-21,Organic,Delivered,Bhopal
517504,10854,2024-09-21,Organic,Cancelled,Noida
517505,11689,2024-06-27,Email,Delivered,Noida
517506,12308,2024-10-18,Paid Search,Delivered,Delhi
517507,11470,2024-02-23,Direct,Delivered,Chandigarh
517508,10450,2024-08-02,Social,Delivered,Delhi
517509,12489,2025-12-27,Affiliate,Delivered,Kolkata
517510,12060,2024-04-29,Organic,Delivered,Ghaziabad
517511,11528,2025-06-19,Paid Search,Delivered,Kochi
517512,14132,2024-01-26,Email,Delivered,Jaipur
517513,11450,2025-06-20,Organic,Delivered,Gurugram
517514,14464,2024-07-12,Paid Search,Delivered,Bhopal
517515,10056,2025-05-28,Affiliate,Delivered,Bhopal
517516,12596,2024-12-29,Email,Delivered,Jaipur
517517,14752,2025-07-20,Direct,Delivered,Bhopal
517518,11433,2025-05-02,Social,Delivered,Kochi
517519,13276,2025-02-11,Organic,Delivered,Ahmedabad
517520,13668,2025-06-20,Direct,Delivered,Delhi
517521,11712,2025-12-07,Direct,Delivered,Bengaluru
517522,13195,2025-03-11,Social,Delivered,Patna
517523,13262,2024-05-07,Organic,Delivered,Gurugram
517524,12353,2024-03-25,Paid Search,Delivered,Hyderabad
517525,11883,2025-02-04,Affiliate,Delivered,Gurugram
517526,12377,2024-11-11,Organic,Delivered,Hyderabad
517527,10745,2025-03-20,Paid Search,Delivered,Bhopal
517528,12467,2025-05-02,Paid Search,Delivered,Jaipur
517529,11626,2024-05-16,Affiliate,Delivered,Bhopal
517530,11697,2025-06-27,Paid Search,Delivered,Ghaziabad
517531,11229,2025-12-25,Social,Delivered,Hyderabad
517532,12595,2024-08-25,Email,Delivered,Ghaziabad
517533,10038,2025-11-09,Affiliate,Delivered,Gurugram
517534,10287,2025-11-09,Paid Search,Delivered,Kolkata
517535,11045,2024-11-01,Organic,Delivered,Lucknow
517536,12851,2025-08-04,Organic,Delivered,Ghaziabad
517537,11285,2025-11-12,Organic,Delivered,Mumbai
517538,12482,2025-09-14,Organic,Delivered,Jaipur
517539,10740,2024-10-11,Paid Search,Delivered,Chandigarh
517540,12103,2025-05-02,Organic,Delivered,Hyderabad
517541,12268,2025-03-09,Affiliate,Delivered,Bengaluru
517542,11620,2024-10-29,Organic,Delivered,Delhi
517543,10249,2025-04-12,Direct,Delivered,Gurugram
517544,13109,2025-11-13,Organic,Delivered,Ghaziabad
517545,11019,2024-01-20,Paid Search,Delivered,Delhi
517546,12425,2025-10-20,Affiliate,Cancelled,Noida
517547,13548,2024-09-26,Direct,Delivered,Kolkata
517548,10505,2025-08-28,Organic,Delivered,Lucknow
517549,13394,2024-03-19,Affiliate,Delivered,Ghaziabad
517550,11873,2025-10-13,Affiliate,Delivered,Jaipur
517551,12518,2024-11-23,Social,Delivered,Ahmedabad
517552,10383,2025-11-01,Email,Delivered,Lucknow
517553,12497,2024-11-08,Paid Search,Delivered,Patna
517554,11896,2025-06-29,Paid Search,Delivered,Bengaluru
517555,10891,2025-03-11,Organic,Delivered,Kolkata
517556,12665,2024-05-26,Organic,Delivered,Gurugram
517557,13254,2024-07-01,Social,Delivered,Jaipur
517558,11956,2025-01-28,Organic,Delivered,Bhopal
517559,13172,2024-12-21,Organic,Delivered,Pune
517560,11709,2025-03-26,Organic,Delivered,Bengaluru
517561,14153,2025-08-12,Email,Delivered,Hyderabad
517562,11406,2025-07-19,Email,Delivered,Chandigarh
517563,13992,2024-02-12,Affiliate,Delivered,Ghaziabad
517564,11909,2024-12-27,Direct,Delivered,Ahmedabad
517565,12791,2024-04-18,Direct,Delivered,Hyderabad
517566,10347,2025-01-09,Organic,Delivered,Indore
517567,10372,2025-01-26,Paid Search,Delivered,Pune
517568,14970,2025-12-28,Social,Delivered,Lucknow
517569,10039,2024-10-10,Organic,Delivered,Indore
517570,12777,2024-11-26,Organic,Delivered,Hyderabad
517571,12287,2025-01-08,Direct,Delivered,Ahmedabad
517572,13181,2024-04-05,Paid Search,Delivered,Ahmedabad
517573,10019,2024-02-13,Social,Delivered,Mumbai
517574,10916,2025-06-02,Affiliate,Delivered,Bengaluru
517575,11695,2024-08-07,Affiliate,Delivered,Chennai
517576,14618,2024-09-22,Direct,Delivered,Delhi
517577,11749,2025-12-26,Direct,Delivered,Ahmedabad
517578,12856,2024-06-30,Paid Search,Delivered,Delhi
517579,12867,2025-10-22,Email,Delivered,Ghaziabad
517580,12072,2025-04-04,Organic,Delivered,Kochi
517581,14146,2024-07-12,Direct,Delivered,Lucknow
517582,13567,2025-11-28,Paid Search,Delivered,Kochi
517583,12221,2025-03-30,Paid Search,Delivered,Lucknow
517584,11522,2024-08-16,Direct,Delivered,Delhi
517585,11390,2024-11-25,Email,Delivered,Ahmedabad
517586,14674,2024-09-29,Paid Search,Delivered,Hyderabad
517587,10630,2025-09-10,Organic,Delivered,Jaipur
517588,10847,2024-12-06,Social,Delivered,Jaipur
517589,11310,2024-01-27,Social,Delivered,Chandigarh
517590,14166,2025-05-17,Email,Cancelled,Ghaziabad
517591,13441,2025-07-07,Organic,Delivered,Hyderabad
517592,14834,2024-10-16,Email,Delivered,Hyderabad
517593,13610,2025-11-04,Paid Search,Delivered,Bengaluru
517594,12459,2024-11-06,Direct,Delivered,Hyderabad
517595,10202,2024-07-12,Email,Delivered,Kochi
517596,14384,2025-05-27,Direct,Delivered,Lucknow
517597,13349,2024-04-03,Organic,Delivered,Chennai
517598,10358,2025-12-21,Direct,Delivered,Delhi
517599,14854,2025-05-14,Direct,Delivered,Lucknow
517600,13103,2024-08-19,Social,Delivered,Lucknow
517601,13100,2024-02-29,Direct,Delivered,Ghaziabad
517602,11782,2025-03-03,Affiliate,Delivered,Bhopal
517603,11654,2025-03-04,Direct,Delivered,Ahmedabad
517604,11822,2025-08-03,Affiliate,Delivered,Kochi
517605,10251,2024-07-26,Direct,Delivered,Jaipur
517606,12252,2024-06-04,Organic,Delivered,Lucknow
517607,10312,2024-10-28,Organic,Delivered,Kochi
517608,12984,2025-08-21,Social,Delivered,Kolkata
517609,11036,2025-10-25,Email,Delivered,Delhi
517610,13081,2024-09-16,Paid Search,Delivered,Chandigarh
517611,11867,2024-02-04,Paid Search,Delivered,Ghaziabad
517612,11392,2024-03-22,Organic,Delivered,Patna
517613,10724,2025-02-01,Direct,Delivered,Patna
517614,11920,2024-01-19,Affiliate,Delivered,Jaipur
517615,10346,2025-06-13,Organic,Delivered,Gurugram
517616,11248,2024-01-25,Organic,Delivered,Bhopal
517617,12319,2024-11-05,Direct,Delivered,Chandigarh
517618,13163,2025-08-06,Paid Search,Delivered,Ahmedabad
517619,12299,2024-12-08,Social,Delivered,Ahmedabad
517620,10511,2025-05-08,Direct,Cancelled,Jaipur
517621,13605,2024-09-01,Direct,Delivered,Gurugram
517622,12118,2025-08-03,Organic,Delivered,Noida
517623,13134,2024-11-07,Email,Delivered,Bengaluru
517624,14893,2025-07-04,Direct,Delivered,Ahmedabad
517625,10243,2025-11-27,Organic,Delivered,Kolkata
517626,14944,2024-10-05,Email,Delivered,Chennai
517627,14759,2024-06-18,Affiliate,Delivered,Patna
517628,12590,2025-11-13,Organic,Delivered,Bhopal
517629,10136,2025-05-12,Paid Search,Delivered,Ghaziabad
517630,11238,2025-10-03,Organic,Delivered,Kochi
517631,11130,2024-10-03,Organic,Delivered,Hyderabad
517632,12918,2024-09-11,Organic,Delivered,Lucknow
517633,13458,2024-03-31,Paid Search,Delivered,Gurugram
517634,12443,2025-07-19,Social,Delivered,Indore
517635,11780,2025-09-09,Direct,Delivered,Ahmedabad
517636,10213,2025-08-22,Direct,Delivered,Chennai
517637,14696,2024-07-31,Direct,Delivered,Ahmedabad
517638,14946,2024-12-23,Affiliate,Delivered,Gurugram
517639,10164,2024-12-26,Organic,Delivered,Kochi
517640,11636,2024-03-29,Paid Search,Delivered,Pune
517641,14915,2024-01-01,Affiliate,Delivered,Kolkata
517642,11997,2024-09-01,Direct,Delivered,Hyderabad
517643,13114,2025-01-08,Social,Delivered,Kolkata
517644,12568,2025-12-23,Email,Delivered,Jaipur
517645,13167,2025-09-30,Direct,Delivered,Noida
517646,14402,2025-06-07,Email,Delivered,Delhi
517647,11899,2025-12-04,Affiliate,Delivered,Bengaluru
517648,13996,2025-07-20,Direct,Delivered,Pune
517649,12282,2025-01-19,Email,Delivered,Jaipur
517650,11028,2025-10-28,Organic,Delivered,Chennai
517651,10375,2025-11-03,Direct,Delivered,Bengaluru
517652,13583,2024-05-28,Affiliate,Delivered,Jaipur
517653,13013,2024-07-25,Paid Search,Delivered,Kochi
517654,14373,2025-12-08,Direct,Delivered,Jaipur
517655,11177,2024-01-05,Organic,Delivered,Patna
517656,13572,2025-01-13,Direct,Delivered,Gurugram
517657,10118,2024-10-06,Direct,Delivered,Indore
517658,10696,2025-06-28,Paid Search,Cancelled,Bengaluru
517659,12973,2025-12-01,Direct,Delivered,Indore
517660,12695,2024-08-20,Organic,Delivered,Ahmedabad
517661,12962,2024-06-10,Direct,Delivered,Indore
517662,14193,2024-08-28,Social,Delivered,Delhi
517663,14169,2025-06-07,Social,Delivered,Pune
517664,10979,2024-09-19,Direct,Delivered,Indore
517665,11014,2025-04-14,Organic,Delivered,Mumbai
517666,12693,2024-09-11,Social,Delivered,Patna
517667,14787,2025-06-25,Affiliate,Delivered,Hyderabad
517668,13348,2024-02-15,Organic,Delivered,Kochi
517669,10731,2024-09-07,Organic,Delivered,Bhopal
517670,13177,2024-08-14,Email,Delivered,Lucknow
517671,11691,2025-03-13,Paid Search,Delivered,Delhi
517672,10534,2025-04-18,Social,Delivered,Bhopal
517673,13562,2025-06-15,Email,Delivered,Delhi
517674,11388,2025-10-21,Paid Search,Delivered,Jaipur
517675,13879,2025-08-05,Organic,Delivered,Chandigarh
517676,12761,2024-01-31,Paid Search,Delivered,Hyderabad
517677,12234,2025-05-10,Organic,Delivered,Delhi
517678,11044,2024-01-13,Email,Delivered,Bhopal
517679,11463,2024-10-29,Organic,Delivered,Bhopal
517680,11669,2025-03-09,Direct,Delivered,Delhi
517681,13467,2024-08-21,Organic,Delivered,Bengaluru
517682,12076,2025-05-26,Paid Search,Delivered,Noida
517683,10170,2025-08-04,Affiliate,Delivered,Delhi
517684,10069,2025-03-20,Organic,Delivered,Patna
517685,11373,2025-01-18,Social,Delivered,Ahmedabad
517686,12553,2025-12-12,Paid Search,Delivered,Chennai
517687,11667,2025-04-21,Direct,Delivered,Chennai
517688,14974,2024-06-16,Organic,Delivered,Chennai
517689,11157,2025-04-24,Organic,Delivered,Chandigarh
517690,12042,2024-12-17,Email,Delivered,Mumbai
517691,11989,2024-01-18,Paid Search,Delivered,Noida
517692,11372,2025-10-31,Direct,Delivered,Lucknow
517693,14415,2025-08-04,Direct,Delivered,Hyderabad
517694,11265,2025-03-27,Affiliate,Delivered,Ghaziabad
517695,10054,2025-05-06,Organic,Delivered,Kolkata
517696,12576,2025-02-25,Email,Delivered,Lucknow
517697,13175,2024-09-07,Organic,Delivered,Hyderabad
517698,12281,2025-11-12,Organic,Delivered,Kolkata
517699,12107,2025-02-08,Organic,Delivered,Chandigarh
517700,14310,2024-09-04,Social,Delivered,Ahmedabad
517701,11870,2025-05-15,Social,Delivered,Noida
517702,13197,2024-04-24,Affiliate,Delivered,Bhopal
517703,14188,2024-08-21,Social,Delivered,Ghaziabad
517704,11994,2024-04-04,Paid Search,Delivered,Patna
517705,12704,2024-03-03,Organic,Delivered,Pune
517706,11929,2025-08-23,Social,Delivered,Pune
517707,13073,2024-11-15,Email,Delivered,Chennai
517708,12736,2025-09-18,Organic,Delivered,Ghaziabad
517709,14262,2025-04-11,Email,Cancelled,Chandigarh
517710,11267,2024-06-19,Direct,Delivered,Indore
517711,10809,2024-06-03,Paid Search,Delivered,Pune
517712,12115,2024-11-30,Affiliate,Delivered,Ghaziabad
517713,13063,2024-03-10,Direct,Delivered,Chennai
517714,11426,2025-03-03,Direct,Delivered,Bhopal
517715,14991,2024-12-01,Organic,Delivered,Mumbai
517716,12578,2024-04-11,Organic,Delivered,Ghaziabad
517717,14059,2025-01-18,Email,Delivered,Pune
517718,12734,2025-09-12,Paid Search,Delivered,Chennai
517719,11965,2025-10-26,Organic,Delivered,Delhi
517720,14235,2024-11-02,Paid Search,Delivered,Noida
517721,10788,2024-02-23,Social,Delivered,Chennai
517722,11256,2025-09-23,Organic,Delivered,Noida
517723,13826,2025-02-06,Organic,Delivered,Pune
517724,14524,2025-07-09,Affiliate,Delivered,Kolkata
517725,11455,2024-02-03,Social,Delivered,Hyderabad
517726,12677,2024-08-03,Paid Search,Delivered,Mumbai
517727,12432,2024-07-27,Direct,Delivered,Bhopal
517728,13635,2025-06-07,Affiliate,Delivered,Indore
517729,12497,2025-05-12,Paid Search,Delivered,Gurugram
517730,13059,2025-06-25,Paid Search,Delivered,Indore
517731,13346,2024-10-17,Email,Delivered,Bhopal
517732,14146,2024-08-15,Email,Delivered,Delhi
517733,10694,2024-05-18,Direct,Delivered,Kolkata
517734,13316,2024-07-04,Organic,Delivered,Chandigarh
517735,10904,2024-04-30,Email,Delivered,Delhi
517736,10056,2025-08-24,Paid Search,Delivered,Ghaziabad
517737,13583,2025-05-10,Direct,Delivered,Ghaziabad
517738,11952,2025-05-10,Organic,Delivered,Kolkata
517739,13584,2025-10-09,Social,Delivered,Bhopal
517740,14692,2025-06-24,Email,Delivered,Indore
517741,10645,2024-08-22,Affiliate,Delivered,Gurugram
517742,12258,2024-08-16,Email,Delivered,Indore
517743,10495,2024-04-03,Social,Delivered,Bengaluru
517744,14142,2025-06-11,Direct,Delivered,Bhopal
517745,14998,2025-10-01,Social,Delivered,Noida
517746,14345,2025-06-06,Social,Delivered,Mumbai
517747,14969,2024-12-10,Direct,Delivered,Noida
517748,11663,2024-08-31,Paid Search,Delivered,Kolkata
517749,11391,2024-11-16,Social,Delivered,Noida
517750,14289,2024-07-16,Paid Search,Delivered,Delhi
517751,13259,2024-04-30,Organic,Delivered,Delhi
517752,11888,2024-11-11,Social,Delivered,Chandigarh
517753,11052,2024-06-22,Paid Search,Delivered,Indore
517754,10127,2025-06-24,Organic,Delivered,Ahmedabad
517755,10191,2025-10-24,Social,Delivered,Kolkata
517756,13473,2024-05-21,Email,Delivered,Chandigarh
517757,11320,2024-01-05,Organic,Delivered,Pune
517758,14102,2025-10-01,Social,Delivered,Indore
517759,14231,2024-08-02,Paid Search,Delivered,Noida
517760,12259,2024-07-05,Organic,Delivered,Mumbai
517761,11500,2025-09-17,Organic,Delivered,Gurugram
517762,10868,2025-09-05,Email,Delivered,Patna
517763,11284,2025-02-28,Social,Delivered,Chandigarh
517764,13077,2024-04-23,Direct,Delivered,Jaipur
517765,13780,2025-05-30,Email,Delivered,Ghaziabad
517766,13692,2025-06-24,Direct,Delivered,Kochi
517767,14794,2024-11-20,Paid Search,Delivered,Lucknow
517768,13275,2025-02-14,Social,Delivered,Bengaluru
517769,12540,2025-01-27,Social,Delivered,Hyderabad
517770,11779,2025-04-28,Social,Delivered,Kolkata
517771,11682,2025-01-11,Direct,Delivered,Bhopal
517772,11842,2025-12-13,Social,Delivered,Jaipur
517773,14399,2024-01-26,Paid Search,Delivered,Gurugram
517774,12746,2024-02-08,Email,Delivered,Patna
517775,11105,2024-04-20,Paid Search,Cancelled,Gurugram
517776,10967,2024-04-19,Organic,Delivered,Mumbai
517777,10142,2024-12-30,Social,Delivered,Patna
517778,14231,2024-02-27,Organic,Delivered,Lucknow
517779,11099,2024-05-19,Email,Delivered,Jaipur
517780,10512,2025-01-14,Paid Search,Delivered,Bengaluru
517781,11448,2025-10-19,Direct,Delivered,Jaipur
517782,12433,2025-08-09,Paid Search,Delivered,Chennai
517783,14798,2024-06-07,Paid Search,Delivered,Ahmedabad
517784,14298,2024-02-10,Paid Search,Delivered,Noida
517785,10855,2025-06-24,Email,Delivered,Bengaluru
517786,12648,2025-07-23,Organic,Delivered,Pune
517787,14122,2025-11-10,Paid Search,Delivered,Lucknow
517788,13805,2024-11-12,Paid Search,Delivered,Pune
517789,12349,2024-02-12,Paid Search,Delivered,Lucknow
517790,11198,2025-11-19,Direct,Delivered,Gurugram
517791,13927,2024-07-29,Email,Delivered,Chennai
517792,12228,2024-10-06,Social,Delivered,Indore
517793,11186,2024-10-29,Organic,Delivered,Pune
517794,13566,2025-12-20,Social,Delivered,Delhi
517795,14413,2024-09-21,Affiliate,Delivered,Bhopal
517796,14442,2025-02-10,Paid Search,Delivered,Chennai
517797,14688,2025-01-03,Direct,Delivered,Ahmedabad
517798,13216,2025-12-24,Paid Search,Delivered,Lucknow
517799,13840,2025-11-27,Organic,Delivered,Chandigarh
517800,11214,2025-04-06,Affiliate,Delivered,Patna
517801,11620,2024-03-18,Social,Delivered,Ahmedabad
517802,10732,2024-09-10,Social,Delivered,Kolkata
517803,10406,2025-05-01,Direct,Delivered,Hyderabad
517804,14208,2025-08-10,Affiliate,Delivered,Pune
517805,12287,2025-07-03,Direct,Delivered,Noida
517806,12771,2024-12-21,Email,Delivered,Mumbai
517807,10437,2025-05-05,Social,Delivered,Bhopal
517808,10920,2024-08-13,Social,Delivered,Hyderabad
517809,10382,2025-04-09,Paid Search,Delivered,Noida
517810,12429,2024-12-15,Organic,Delivered,Jaipur
517811,12905,2025-05-14,Affiliate,Delivered,Hyderabad
517812,10632,2025-09-29,Organic,Delivered,Pune
517813,13542,2025-08-22,Direct,Delivered,Lucknow
517814,10526,2025-06-19,Paid Search,Delivered,Noida
517815,14194,2025-07-15,Paid Search,Delivered,Hyderabad
517816,14600,2024-05-07,Organic,Delivered,Pune
517817,13201,2024-05-15,Paid Search,Delivered,Jaipur
517818,12724,2025-09-05,Organic,Delivered,Chennai
517819,13660,2025-01-30,Organic,Delivered,Bengaluru
517820,11245,2024-11-11,Email,Delivered,Ghaziabad
517821,14606,2025-05-01,Paid Search,Delivered,Hyderabad
517822,14407,2024-03-01,Organic,Delivered,Chandigarh
517823,13478,2024-04-30,Paid Search,Delivered,Bengaluru
517824,14995,2024-04-17,Organic,Delivered,Patna
517825,11515,2025-02-17,Direct,Delivered,Lucknow
517826,14422,2024-02-18,Direct,Delivered,Noida
517827,10170,2024-02-02,Paid Search,Cancelled,Ahmedabad
517828,13738,2025-05-09,Paid Search,Delivered,Kochi
517829,11448,2025-06-21,Organic,Delivered,Mumbai
517830,14811,2024-07-07,Email,Delivered,Hyderabad
517831,12837,2025-05-20,Organic,Delivered,Chandigarh
517832,10987,2024-03-11,Email,Delivered,Lucknow
517833,11575,2024-10-26,Paid Search,Delivered,Lucknow
517834,14389,2024-09-24,Email,Delivered,Jaipur
517835,14023,2024-09-10,Paid Search,Delivered,Lucknow
517836,11794,2025-09-25,Organic,Delivered,Gurugram
517837,11313,2024-02-27,Paid Search,Delivered,Lucknow
517838,10162,2025-04-04,Email,Delivered,Chennai
517839,10618,2024-07-19,Email,Delivered,Indore
517840,10162,2024-12-21,Social,Delivered,Bengaluru
517841,11650,2024-05-27,Paid Search,Delivered,Patna
517842,10940,2025-06-19,Email,Delivered,Ahmedabad
517843,10102,2024-02-14,Organic,Delivered,Jaipur
517844,13898,2024-02-25,Social,Delivered,Gurugram
517845,14397,2024-08-28,Affiliate,Delivered,Bhopal
517846,14484,2025-10-07,Organic,Delivered,Gurugram
517847,14185,2024-01-18,Affiliate,Delivered,Bengaluru
517848,10640,2024-05-09,Direct,Delivered,Gurugram
517849,10822,2024-12-25,Direct,Delivered,Chandigarh
517850,14227,2024-01-16,Organic,Delivered,Ghaziabad
517851,10076,2025-01-25,Direct,Delivered,Ahmedabad
517852,13778,2024-09-21,Organic,Delivered,Bengaluru
517853,10631,2025-04-16,Paid Search,Delivered,Mumbai
517854,10262,2024-02-12,Social,Delivered,Indore
517855,13903,2024-05-09,Organic,Delivered,Bhopal
517856,13657,2024-05-02,Paid Search,Delivered,Noida
517857,10426,2025-06-23,Direct,Delivered,Patna
517858,10192,2025-06-24,Organic,Delivered,Mumbai
517859,14417,2024-03-26,Social,Delivered,Patna
517860,11313,2024-10-22,Affiliate,Delivered,Chennai
517861,14846,2025-05-29,Paid Search,Delivered,Kolkata
517862,12655,2024-01-06,Direct,Delivered,Chennai
517863,14894,2024-03-14,Direct,Delivered,Kolkata
517864,14547,2025-04-15,Paid Search,Delivered,Bengaluru
517865,13080,2025-02-16,Social,Delivered,Jaipur
517866,10527,2025-05-31,Organic,Delivered,Bengaluru
517867,14486,2024-12-07,Direct,Cancelled,Hyderabad
517868,11742,2025-10-21,Organic,Delivered,Patna
517869,11261,2024-04-01,Paid Search,Delivered,Mumbai
517870,12885,2024-04-23,Email,Delivered,Jaipur
517871,11787,2025-04-09,Email,Delivered,Lucknow
517872,13702,2025-09-18,Email,Delivered,Ahmedabad
517873,11325,2024-01-17,Organic,Delivered,Jaipur
517874,14577,2025-06-02,Affiliate,Delivered,Indore
517875,10498,2025-12-11,Affiliate,Delivered,Kolkata
517876,12345,2025-02-16,Social,Delivered,Kolkata
517877,14803,2025-08-30,Affiliate,Delivered,Hyderabad
517878,14205,2024-07-10,Organic,Cancelled,Pune
517879,14102,2025-08-11,Organic,Delivered,Bhopal
517880,13086,2024-11-30,Organic,Delivered,Hyderabad
517881,12847,2024-08-06,Paid Search,Delivered,Hyderabad
517882,11021,2024-05-24,Organic,Delivered,Mumbai
517883,11490,2025-09-15,Organic,Delivered,Kochi
517884,12898,2025-06-08,Paid Search,Delivered,Hyderabad
517885,11534,2025-07-30,Email,Delivered,Hyderabad
517886,11570,2025-05-29,Social,Delivered,Indore
517887,13396,2024-07-05,Direct,Delivered,Patna
517888,13519,2024-05-20,Paid Search,Delivered,Noida
517889,12481,2025-04-18,Paid Search,Delivered,Pune
517890,11423,2024-07-03,Organic,Delivered,Noida
517891,10882,2025-04-18,Affiliate,Delivered,Indore
517892,11315,2025-10-20,Social,Delivered,Kolkata
517893,11649,2025-07-01,Organic,Delivered,Indore
517894,14727,2024-12-10,Organic,Delivered,Jaipur
517895,11613,2025-10-26,Organic,Delivered,Gurugram
517896,14544,2025-02-06,Paid Search,Delivered,Ghaziabad
517897,12693,2024-12-09,Organic,Delivered,Ahmedabad
517898,12259,2025-12-01,Affiliate,Delivered,Ahmedabad
517899,11339,2024-09-01,Paid Search,Delivered,Indore
517900,13828,2024-05-31,Direct,Delivered,Pune
517901,14213,2024-04-11,Paid Search,Delivered,Ghaziabad
517902,14911,2025-04-03,Paid Search,Delivered,Chennai
517903,14102,2025-01-07,Direct,Delivered,Ghaziabad
517904,10444,2025-07-19,Organic,Delivered,Hyderabad
517905,14397,2024-04-17,Direct,Delivered,Lucknow
517906,13031,2024-08-21,Organic,Delivered,Noida
517907,12566,2024-03-29,Social,Delivered,Bengaluru
517908,11268,2024-08-13,Direct,Delivered,Mumbai
517909,12533,2025-12-02,Organic,Delivered,Chennai
517910,14001,2025-10-17,Organic,Delivered,Bengaluru
517911,12946,2024-12-28,Paid Search,Delivered,Pune
517912,10508,2024-03-13,Paid Search,Delivered,Noida
517913,13779,2025-12-28,Paid Search,Delivered,Kolkata
517914,13945,2024-04-25,Affiliate,Delivered,Indore
517915,13362,2024-03-14,Organic,Delivered,Jaipur
517916,11004,2024-10-27,Social,Delivered,Chennai
517917,11477,2025-11-18,Email,Delivered,Delhi
517918,12281,2025-08-06,Affiliate,Delivered,Delhi
517919,14347,2024-09-19,Direct,Delivered,Patna
517920,14070,2024-11-28,Affiliate,Delivered,Gurugram
517921,10478,2024-02-14,Organic,Delivered,Bhopal
517922,10338,2024-07-16,Organic,Delivered,Delhi
517923,10249,2025-05-04,Email,Delivered,Hyderabad
517924,14641,2024-11-03,Organic,Delivered,Pune
517925,14320,2025-12-16,Paid Search,Delivered,Mumbai
517926,11087,2024-11-21,Direct,Delivered,Jaipur
517927,14581,2025-09-11,Social,Delivered,Patna
517928,12504,2025-06-15,Paid Search,Delivered,Chandigarh
517929,11567,2025-01-06,Social,Delivered,Chennai
517930,13673,2025-09-27,Paid Search,Cancelled,Chandigarh
517931,10346,2025-09-28,Organic,Delivered,Chennai
517932,10618,2024-08-22,Direct,Delivered,Ahmedabad
517933,11281,2024-07-22,Paid Search,Delivered,Chandigarh
517934,13044,2025-06-01,Social,Delivered,Bhopal
517935,14193,2024-01-20,Organic,Delivered,Gurugram
517936,12578,2025-05-27,Organic,Delivered,Kolkata
517937,12198,2024-11-13,Organic,Delivered,Chennai
517938,12930,2025-07-14,Organic,Delivered,Jaipur
517939,10059,2024-04-05,Email,Delivered,Indore
517940,13313,2025-02-24,Organic,Delivered,Ahmedabad
517941,14025,2025-01-26,Social,Delivered,Jaipur
517942,12104,2024-01-11,Email,Delivered,Ghaziabad
517943,13239,2025-01-18,Paid Search,Delivered,Noida
517944,11494,2025-04-24,Organic,Cancelled,Ahmedabad
517945,14683,2024-10-23,Organic,Delivered,Chennai
517946,10920,2025-03-23,Organic,Delivered,Patna
517947,10689,2024-08-26,Paid Search,Delivered,Kochi
517948,14696,2025-03-23,Paid Search,Delivered,Bhopal
517949,12536,2024-06-26,Paid Search,Delivered,Hyderabad
517950,12007,2024-07-24,Organic,Delivered,Ahmedabad
517951,14080,2024-02-21,Paid Search,Cancelled,Ahmedabad
517952,11412,2024-03-12,Email,Delivered,Delhi
517953,11479,2024-04-08,Organic,Delivered,Lucknow
517954,10263,2024-05-18,Paid Search,Cancelled,Lucknow
517955,12592,2025-06-09,Direct,Delivered,Gurugram
517956,13757,2024-06-07,Affiliate,Delivered,Chennai
517957,14932,2024-09-16,Paid Search,Delivered,Jaipur
517958,12639,2024-05-06,Social,Delivered,Pune
517959,10374,2024-11-05,Direct,Delivered,Bengaluru
517960,10955,2024-06-27,Email,Delivered,Jaipur
517961,11407,2024-08-28,Social,Delivered,Hyderabad
517962,14467,2024-02-20,Social,Delivered,Indore
517963,12904,2025-01-04,Direct,Delivered,Jaipur
517964,14669,2024-07-15,Organic,Delivered,Chandigarh
517965,14221,2025-04-21,Social,Delivered,Hyderabad
517966,14404,2025-12-30,Paid Search,Delivered,Noida
517967,11399,2024-12-20,Social,Delivered,Pune
517968,12805,2025-01-08,Organic,Delivered,Chandigarh
517969,10302,2025-08-30,Affiliate,Delivered,Patna
517970,11867,2024-09-08,Organic,Delivered,Pune
517971,11566,2024-04-13,Social,Delivered,Jaipur
517972,10810,2025-06-10,Direct,Delivered,Jaipur
517973,10309,2025-04-19,Paid Search,Delivered,Hyderabad
517974,11887,2024-12-09,Paid Search,Delivered,Mumbai
517975,10352,2024-10-09,Paid Search,Delivered,Chandigarh
517976,13061,2024-01-22,Social,Delivered,Delhi
517977,11387,2025-02-11,Paid Search,Delivered,Delhi
517978,11133,2025-02-04,Affiliate,Delivered,Bengaluru
517979,10554,2025-01-11,Email,Delivered,Jaipur
517980,12320,2024-08-10,Organic,Delivered,Chandigarh
517981,10845,2024-04-20,Social,Delivered,Patna
517982,12866,2025-02-21,Paid Search,Cancelled,Patna
517983,14932,2025-03-29,Paid Search,Delivered,Patna
517984,13658,2024-05-06,Direct,Delivered,Ghaziabad
517985,10581,2024-03-29,Paid Search,Delivered,Jaipur
517986,10457,2024-12-18,Organic,Delivered,Delhi
517987,14377,2024-02-05,Paid Search,Delivered,Jaipur
517988,14335,2024-05-21,Social,Delivered,Ghaziabad
517989,11813,2025-04-10,Social,Delivered,Gurugram
517990,12281,2024-08-06,Organic,Delivered,Chennai
517991,11886,2024-12-02,Organic,Delivered,Pune
517992,12910,2025-05-17,Affiliate,Delivered,Bhopal
517993,11044,2024-05-09,Organic,Delivered,Bhopal
517994,14702,2024-06-15,Paid Search,Delivered,Chandigarh
517995,12020,2024-08-05,Direct,Delivered,Kolkata
517996,10840,2024-10-31,Email,Delivered,Kolkata
517997,11506,2025-02-13,Paid Search,Delivered,Lucknow
517998,14423,2024-02-23,Organic,Delivered,Ahmedabad
517999,11445,2024-12-12,Paid Search,Delivered,Indore
518000,14023,2025-05-17,Email,Delivered,Gurugram
