order_id,payment_id,payment_method,payment_amount,payment_status
500001,700001,Debit Card,12846.49,Paid
500002,700002,Net Banking,3636.7,Paid
500003,700003,Debit Card,22464.42,Paid
500004,700004,UPI,27287.97,Paid
500005,700005,Credit Card,1487.65,Paid
500006,700006,COD,3373.71,Paid
500007,700007,UPI,757.98,Paid
500008,700008,UPI,8499.43,Paid
500009,700009,UPI,2166.78,Paid
500010,700010,UPI,461.48,Paid
500011,700011,Credit Card,1705.19,Paid
500012,700012,UPI,513.81,Paid
500013,700013,COD,27827.94,Paid
500014,700014,Debit Card,2763.53,Paid
500015,700015,Debit Card,396.22,Paid
500016,700016,UPI,1047.8,Paid
500017,700017,COD,4106.37,Paid
500018,700018,UPI,5252.24,Pending
500019,700019,UPI,39900.08,Paid
500020,700020,UPI,6357.47,Paid
500021,700021,UPI,4168.08,Paid
500022,700022,Debit Card,1851.11,Paid
500023,700023,Net Banking,2934.33,Paid
500024,700024,UPI,3122.73,Paid
500025,700025,COD,17483.15,Paid
500026,700026,Credit Card,1575.74,Paid
500027,700027,Net Banking,947.27,Paid
500028,700028,UPI,67216.58,Paid
500029,700029,Net Banking,58263.77,Paid
500030,700030,UPI,386.94,Paid
500031,700031,UPI,24112.4,Pending
500032,700032,UPI,16784.62,Paid
500033,700033,COD,36516.01,Paid
500034,700034,Credit Card,30806.59,Paid
500035,700035,Credit Card,24065.93,Paid
500036,700036,Credit Card,12443.67,Paid
500037,700037,Credit Card,2173.95,Paid
500038,700038,COD,8657.59,Paid
500039,700039,Credit Card,34839.64,Paid
500040,700040,UPI,23793.67,Paid
500041,700041,Net Banking,7748.1,Paid
500042,700042,COD,12747.04,Paid
500043,700043,UPI,6940.61,Paid
500044,700044,Debit Card,3078.19,Paid
500045,700045,UPI,1185.37,Paid
500046,700046,Wallet,18837.36,Paid
500047,700047,UPI,23989.48,Paid
500048,700048,Debit Card,29754.08,Paid
500049,700049,Credit Card,7531.42,Paid
500050,700050,Credit Card,957.83,Paid
500051,700051,COD,15024.28,Paid
500052,700052,UPI,8487.81,Paid
500053,700053,UPI,265.01,Paid
500054,700054,Debit Card,16359.93,Pending
500055,700055,UPI,7860.04,Paid
500056,700056,UPI,1561.38,Paid
500057,700057,Credit Card,986.13,Paid
500058,700058,COD,4466.96,Paid
500059,700059,COD,10762.79,Paid
500060,700060,Net Banking,32235.35,Paid
500061,700061,UPI,137811.96,Paid
500062,700062,Net Banking,1846.95,Paid
500063,700063,Wallet,2151.41,Paid
500064,700064,Debit Card,11941.35,Paid
500065,700065,Credit Card,11226.34,Paid
500066,700066,COD,4234.21,Paid
500067,700067,Debit Card,27813.97,Paid
500068,700068,Credit Card,21920.53,Paid
500069,700069,UPI,1264.52,Paid
500070,700070,Debit Card,3525.11,Paid
500071,700071,Net Banking,20921.08,Paid
500072,700072,Credit Card,59725.71,Paid
500073,700073,COD,9633.82,Paid
500074,700074,Credit Card,29358.16,Paid
500075,700075,UPI,99513.06,Paid
500076,700076,Debit Card,639.3,Paid
500077,700077,UPI,71947.69,Paid
500078,700078,COD,4812.87,Paid
500079,700079,COD,173399.84,Paid
500080,700080,Credit Card,7735.98,Paid
500081,700081,Wallet,2374.82,Paid
500082,700082,UPI,257936.55,Paid
500083,700083,UPI,5056.73,Paid
500084,700084,UPI,586.18,Paid
500085,700085,Credit Card,3570.7,Paid
500086,700086,Credit Card,7362.84,Paid
500087,700087,Credit Card,35956.57,Paid
500088,700088,UPI,4512.81,Paid
500089,700089,UPI,2943.73,Paid
500090,700090,UPI,12573.4,Paid
500091,700091,Wallet,4590.59,Paid
500092,700092,Credit Card,558.34,Paid
500093,700093,UPI,48399.17,Paid
500094,700094,Credit Card,23808.61,Paid
500095,700095,UPI,51651.73,Pending
500096,700096,Credit Card,137271.78,Paid
500097,700097,COD,56517.5,Paid
500098,700098,Debit Card,37033.97,Paid
500099,700099,Credit Card,1475.73,Paid
500100,700100,Credit Card,11013.42,Paid
500101,700101,Wallet,4114.16,Paid
500102,700102,COD,5237.17,Paid
500103,700103,COD,5225.64,Paid
500104,700104,UPI,2690.66,Paid
500105,700105,COD,2231.0,Paid
500106,700106,Net Banking,7647.53,Paid
500107,700107,UPI,2304.7,Paid
500108,700108,Credit Card,8681.26,Paid
500109,700109,Credit Card,8780.34,Paid
500110,700110,Debit Card,9949.34,Paid
500111,700111,Wallet,10156.85,Paid
500112,700112,Net Banking,3943.51,Paid
500113,700113,UPI,2701.38,Paid
500114,700114,Credit Card,37008.03,Paid
500115,700115,UPI,24000.14,Pending
500116,700116,Credit Card,5851.29,Paid
500117,700117,Net Banking,7999.35,Paid
500118,700118,COD,7772.35,Paid
500119,700119,Credit Card,76115.43,Paid
500120,700120,COD,4850.41,Paid
500121,700121,UPI,1553.78,Paid
500122,700122,Credit Card,26794.41,Paid
500123,700123,UPI,2108.57,Paid
500124,700124,UPI,1104.23,Paid
500125,700125,UPI,3639.74,Paid
500126,700126,UPI,13255.09,Paid
500127,700127,Net Banking,11306.25,Paid
500128,700128,UPI,7499.51,Paid
500129,700129,Credit Card,48699.61,Paid
500130,700130,Debit Card,2380.24,Paid
500131,700131,UPI,37712.97,Paid
500132,700132,UPI,4783.52,Paid
500133,700133,Credit Card,754.24,Paid
500134,700134,UPI,3301.65,Paid
500135,700135,UPI,2025.8,Paid
500136,700136,Wallet,2697.08,Paid
500137,700137,Wallet,39420.99,Paid
500138,700138,UPI,9215.78,Paid
500139,700139,Debit Card,529.34,Paid
500140,700140,UPI,1391.54,Paid
500141,700141,Wallet,9816.39,Failed
500142,700142,Credit Card,648.09,Paid
500143,700143,UPI,13833.74,Paid
500144,700144,Debit Card,10783.59,Paid
500145,700145,COD,43910.41,Paid
500146,700146,COD,1169.18,Paid
500147,700147,UPI,123607.85,Paid
500148,700148,UPI,1170.88,Paid
500149,700149,Debit Card,1056.79,Paid
500150,700150,UPI,7671.78,Paid
500151,700151,UPI,11298.09,Paid
500152,700152,UPI,1707.93,Paid
500153,700153,COD,507.3,Paid
500154,700154,Credit Card,2237.88,Paid
500155,700155,Credit Card,130772.58,Paid
500156,700156,Net Banking,25128.54,Paid
500157,700157,COD,1268.1,Paid
500158,700158,Wallet,13600.08,Paid
500159,700159,COD,14899.93,Paid
500160,700160,Debit Card,62649.22,Paid
500161,700161,Net Banking,32523.94,Paid
500162,700162,Credit Card,10009.33,Paid
500163,700163,Net Banking,63548.56,Paid
500164,700164,Net Banking,4701.73,Paid
500165,700165,UPI,8990.81,Paid
500166,700166,UPI,25536.43,Paid
500167,700167,UPI,5342.15,Paid
500168,700168,COD,3424.46,Failed
500169,700169,Debit Card,5804.22,Paid
500170,700170,COD,2986.82,Paid
500171,700171,COD,12706.92,Paid
500172,700172,Debit Card,4525.16,Paid
500173,700173,Debit Card,1264.52,Paid
500174,700174,UPI,10197.61,Paid
500175,700175,Credit Card,17408.02,Failed
500176,700176,Net Banking,24023.26,Paid
500177,700177,UPI,11013.42,Paid
500178,700178,Net Banking,10835.21,Paid
500179,700179,Credit Card,3887.09,Paid
500180,700180,Credit Card,24988.41,Paid
500181,700181,Credit Card,6170.74,Paid
500182,700182,UPI,933.54,Failed
500183,700183,COD,27585.17,Paid
500184,700184,COD,18339.42,Paid
500185,700185,Credit Card,17365.04,Paid
500186,700186,Credit Card,8569.59,Paid
500187,700187,Credit Card,9782.5,Paid
500188,700188,Credit Card,3183.18,Paid
500189,700189,Wallet,10016.19,Paid
500190,700190,Debit Card,73575.76,Paid
500191,700191,COD,511.82,Paid
500192,700192,Credit Card,8429.43,Paid
500193,700193,UPI,7489.11,Paid
500194,700194,COD,14947.63,Paid
500195,700195,Wallet,3166.39,Paid
500196,700196,Net Banking,9410.19,Paid
500197,700197,UPI,2374.82,Paid
500198,700198,UPI,3900.2,Failed
500199,700199,Wallet,35270.29,Pending
500200,700200,Net Banking,7096.76,Paid
500201,700201,Debit Card,31613.71,Paid
500202,700202,Credit Card,6864.32,Paid
500203,700203,COD,33699.9,Paid
500204,700204,Credit Card,23226.38,Paid
500205,700205,UPI,4144.92,Paid
500206,700206,Credit Card,15311.36,Failed
500207,700207,Credit Card,73544.17,Paid
500208,700208,Credit Card,23229.62,Paid
500209,700209,COD,66946.68,Paid
500210,700210,Net Banking,9876.68,Paid
500211,700211,UPI,8004.76,Paid
500212,700212,Net Banking,37415.28,Paid
500213,700213,UPI,58895.03,Paid
500214,700214,Debit Card,3884.29,Paid
500215,700215,UPI,4445.98,Paid
500216,700216,UPI,8765.15,Paid
500217,700217,COD,24867.17,Paid
500218,700218,UPI,92525.6,Paid
500219,700219,Credit Card,5225.66,Paid
500220,700220,Net Banking,14181.42,Paid
500221,700221,Net Banking,22154.72,Paid
500222,700222,UPI,27535.05,Paid
500223,700223,UPI,4983.73,Paid
500224,700224,UPI,1731.82,Paid
500225,700225,Wallet,5950.37,Paid
500226,700226,Debit Card,15200.09,Paid
500227,700227,Wallet,2834.76,Paid
500228,700228,UPI,660.98,Paid
500229,700229,Debit Card,2855.73,Paid
500230,700230,Credit Card,4549.68,Paid
500231,700231,Net Banking,16932.86,Paid
500232,700232,Net Banking,10580.69,Paid
500233,700233,UPI,7529.81,Paid
500234,700234,UPI,78525.53,Paid
500235,700235,UPI,5149.65,Paid
500236,700236,Credit Card,4157.29,Paid
500237,700237,UPI,19730.06,Paid
500238,700238,UPI,26674.36,Paid
500239,700239,Credit Card,45358.35,Paid
500240,700240,Credit Card,55318.76,Paid
500241,700241,Credit Card,2030.08,Paid
500242,700242,UPI,9705.94,Paid
500243,700243,UPI,272.15,Paid
500244,700244,Credit Card,76826.3,Paid
500245,700245,UPI,2506.37,Pending
500246,700246,Credit Card,27230.67,Paid
500247,700247,Debit Card,513.81,Paid
500248,700248,Debit Card,1063.77,Paid
500249,700249,UPI,3949.38,Paid
500250,700250,Credit Card,319.83,Paid
500251,700251,UPI,674.95,Paid
500252,700252,UPI,4894.88,Paid
500253,700253,COD,1229.78,Failed
500254,700254,Credit Card,1818.36,Paid
500255,700255,UPI,11414.45,Paid
500256,700256,UPI,439.51,Paid
500257,700257,Credit Card,41550.74,Paid
500258,700258,UPI,18278.61,Paid
500259,700259,COD,17453.23,Paid
500260,700260,Debit Card,1109.27,Paid
500261,700261,Wallet,949.05,Paid
500262,700262,Credit Card,585.44,Pending
500263,700263,COD,13279.03,Paid
500264,700264,COD,2053.18,Paid
500265,700265,Debit Card,4560.43,Paid
500266,700266,Net Banking,47947.89,Paid
500267,700267,UPI,16187.4,Paid
500268,700268,Debit Card,13726.59,Paid
500269,700269,Debit Card,169552.49,Paid
500270,700270,Debit Card,10566.29,Paid
500271,700271,COD,10463.98,Paid
500272,700272,Debit Card,24786.69,Paid
500273,700273,UPI,1344.89,Paid
500274,700274,Credit Card,1253.91,Paid
500275,700275,Credit Card,22174.71,Paid
500276,700276,COD,50441.51,Paid
500277,700277,Credit Card,9945.97,Paid
500278,700278,Net Banking,17189.53,Paid
500279,700279,Debit Card,4221.08,Paid
500280,700280,Net Banking,6968.18,Paid
500281,700281,Debit Card,2839.96,Paid
500282,700282,Credit Card,4215.06,Paid
500283,700283,Debit Card,17469.05,Paid
500284,700284,Debit Card,2108.57,Paid
500285,700285,UPI,4821.58,Paid
500286,700286,UPI,789.05,Paid
500287,700287,UPI,1588.16,Paid
500288,700288,UPI,1420.94,Paid
500289,700289,Wallet,2833.14,Paid
500290,700290,UPI,8586.21,Paid
500291,700291,COD,2038.87,Paid
500292,700292,UPI,5192.49,Paid
500293,700293,Debit Card,3440.05,Paid
500294,700294,UPI,5984.96,Paid
500295,700295,COD,227688.45,Paid
500296,700296,Credit Card,2688.54,Paid
500297,700297,Net Banking,19858.97,Paid
500298,700298,Debit Card,16463.47,Pending
500299,700299,Credit Card,8740.17,Pending
500300,700300,Debit Card,3743.72,Paid
500301,700301,UPI,1239.73,Paid
500302,700302,UPI,15663.95,Paid
500303,700303,COD,6764.2,Paid
500304,700304,Net Banking,2709.5,Paid
500305,700305,UPI,25925.57,Paid
500306,700306,Wallet,2351.46,Paid
500307,700307,UPI,1230.42,Paid
500308,700308,Credit Card,1478.07,Paid
500309,700309,Debit Card,40901.73,Paid
500310,700310,UPI,74639.25,Paid
500311,700311,UPI,24654.64,Paid
500312,700312,Credit Card,16394.87,Paid
500313,700313,COD,17196.51,Paid
500314,700314,Debit Card,3450.48,Paid
500315,700315,COD,281.74,Paid
500316,700316,UPI,2923.87,Failed
500317,700317,Net Banking,44548.97,Paid
500318,700318,COD,6653.59,Paid
500319,700319,Debit Card,803.87,Paid
500320,700320,UPI,15370.16,Failed
500321,700321,UPI,5222.96,Paid
500322,700322,Credit Card,10902.74,Paid
500323,700323,Credit Card,4065.37,Paid
500324,700324,UPI,10922.64,Paid
500325,700325,Debit Card,8226.04,Paid
500326,700326,Debit Card,585.67,Paid
500327,700327,Credit Card,22881.82,Paid
500328,700328,UPI,19700.86,Paid
500329,700329,UPI,6722.58,Paid
500330,700330,Credit Card,13589.46,Paid
500331,700331,COD,46231.2,Paid
500332,700332,Credit Card,37506.04,Paid
500333,700333,COD,2701.38,Paid
500334,700334,Debit Card,1796.76,Paid
500335,700335,Debit Card,1269.46,Paid
500336,700336,Net Banking,15138.16,Paid
500337,700337,UPI,4053.72,Paid
500338,700338,UPI,899.59,Paid
500339,700339,Net Banking,5517.02,Paid
500340,700340,UPI,13395.78,Paid
500341,700341,UPI,311.41,Paid
500342,700342,UPI,9734.92,Paid
500343,700343,UPI,17762.72,Paid
500344,700344,Wallet,14638.91,Paid
500345,700345,Debit Card,5499.52,Paid
500346,700346,Debit Card,7688.04,Paid
500347,700347,COD,23677.1,Paid
500348,700348,UPI,2206.3,Paid
500349,700349,UPI,11314.37,Paid
500350,700350,Wallet,2585.28,Failed
500351,700351,Wallet,1349.94,Paid
500352,700352,UPI,1290.3,Paid
500353,700353,COD,3712.88,Paid
500354,700354,COD,13200.17,Failed
500355,700355,COD,50103.32,Paid
500356,700356,UPI,2697.08,Paid
500357,700357,Credit Card,7186.82,Paid
500358,700358,COD,26836.39,Paid
500359,700359,Debit Card,49362.93,Paid
500360,700360,Credit Card,30327.66,Paid
500361,700361,Net Banking,4746.75,Pending
500362,700362,UPI,18458.76,Paid
500363,700363,Debit Card,1169.46,Paid
500364,700364,UPI,5008.95,Paid
500365,700365,Debit Card,4046.25,Paid
500366,700366,Credit Card,1429.34,Paid
500367,700367,Debit Card,1271.93,Paid
500368,700368,UPI,49621.61,Paid
500369,700369,Debit Card,73762.08,Pending
500370,700370,Credit Card,768.9,Paid
500371,700371,Debit Card,38561.8,Pending
500372,700372,Net Banking,1114.82,Paid
500373,700373,Credit Card,3166.45,Paid
500374,700374,UPI,51823.07,Paid
500375,700375,Debit Card,51119.52,Paid
500376,700376,Credit Card,10492.81,Paid
500377,700377,COD,1553.79,Paid
500378,700378,Credit Card,58727.46,Failed
500379,700379,Net Banking,7124.46,Paid
500380,700380,Credit Card,2338.3,Paid
500381,700381,Credit Card,18086.02,Paid
500382,700382,Net Banking,124039.92,Paid
500383,700383,COD,16161.15,Paid
500384,700384,Wallet,717.14,Paid
500385,700385,UPI,800.93,Paid
500386,700386,COD,7965.07,Pending
500387,700387,UPI,6135.03,Paid
500388,700388,COD,30050.31,Paid
500389,700389,COD,5643.4,Paid
500390,700390,Credit Card,12318.36,Paid
500391,700391,Net Banking,9084.79,Paid
500392,700392,Credit Card,72242.78,Paid
500393,700393,Wallet,1772.71,Paid
500394,700394,UPI,69678.62,Paid
500395,700395,Credit Card,410.08,Paid
500396,700396,UPI,2852.11,Paid
500397,700397,UPI,21294.29,Paid
500398,700398,Credit Card,1482.92,Paid
500399,700399,UPI,27364.21,Paid
500400,700400,UPI,48993.4,Paid
500401,700401,Credit Card,29747.17,Paid
500402,700402,UPI,32367.33,Paid
500403,700403,UPI,3874.78,Paid
500404,700404,UPI,2707.29,Paid
500405,700405,Debit Card,486.57,Paid
500406,700406,COD,2352.22,Paid
500407,700407,UPI,4491.42,Paid
500408,700408,Net Banking,6549.34,Paid
500409,700409,Credit Card,5006.02,Paid
500410,700410,COD,2360.15,Paid
500411,700411,Credit Card,49448.31,Paid
500412,700412,Debit Card,43933.0,Paid
500413,700413,COD,1736.97,Paid
500414,700414,Debit Card,31613.71,Paid
500415,700415,UPI,2136.25,Paid
500416,700416,Credit Card,11115.67,Paid
500417,700417,UPI,47243.1,Paid
500418,700418,Wallet,9733.79,Paid
500419,700419,UPI,31645.23,Paid
500420,700420,Net Banking,22867.54,Paid
500421,700421,UPI,1294.82,Paid
500422,700422,Wallet,45392.04,Paid
500423,700423,Net Banking,20390.45,Paid
500424,700424,Wallet,14651.98,Paid
500425,700425,Net Banking,2895.42,Paid
500426,700426,Credit Card,27494.07,Paid
500427,700427,Net Banking,40862.91,Paid
500428,700428,Debit Card,2079.68,Paid
500429,700429,Credit Card,23670.52,Paid
500430,700430,Credit Card,12138.39,Failed
500431,700431,UPI,10460.45,Paid
500432,700432,Net Banking,28562.67,Paid
500433,700433,Credit Card,1921.77,Paid
500434,700434,Debit Card,11803.58,Paid
500435,700435,UPI,5187.45,Paid
500436,700436,Net Banking,2818.44,Paid
500437,700437,Credit Card,3113.57,Failed
500438,700438,Credit Card,5176.95,Paid
500439,700439,COD,1133.67,Paid
500440,700440,COD,68669.87,Paid
500441,700441,COD,3444.42,Paid
500442,700442,UPI,45656.92,Paid
500443,700443,UPI,9900.73,Paid
500444,700444,Credit Card,3469.84,Paid
500445,700445,UPI,7698.47,Paid
500446,700446,Debit Card,44797.09,Paid
500447,700447,COD,11985.54,Pending
500448,700448,Credit Card,1270.53,Paid
500449,700449,UPI,3163.32,Paid
500450,700450,Debit Card,2165.96,Paid
500451,700451,Credit Card,72849.01,Paid
500452,700452,Credit Card,466.98,Paid
500453,700453,COD,11919.21,Failed
500454,700454,Credit Card,44229.02,Paid
500455,700455,COD,21098.21,Paid
500456,700456,Debit Card,534.01,Paid
500457,700457,UPI,2746.84,Paid
500458,700458,Net Banking,1575.16,Paid
500459,700459,UPI,44856.91,Paid
500460,700460,UPI,435.31,Paid
500461,700461,Credit Card,59459.07,Paid
500462,700462,UPI,19590.24,Paid
500463,700463,Credit Card,2018.6,Paid
500464,700464,Credit Card,114200.65,Paid
500465,700465,Credit Card,2430.38,Paid
500466,700466,Credit Card,3556.05,Paid
500467,700467,UPI,118703.79,Paid
500468,700468,UPI,11312.7,Paid
500469,700469,UPI,89046.09,Paid
500470,700470,Debit Card,530.34,Paid
500471,700471,COD,9319.25,Paid
500472,700472,UPI,1301.15,Paid
500473,700473,UPI,2003.88,Paid
500474,700474,Credit Card,6669.58,Paid
500475,700475,COD,61054.39,Pending
500476,700476,UPI,64383.49,Failed
500477,700477,Credit Card,4929.39,Paid
500478,700478,Net Banking,2466.22,Paid
500479,700479,Credit Card,6784.96,Paid
500480,700480,Credit Card,15121.83,Paid
500481,700481,UPI,6146.64,Paid
500482,700482,UPI,3285.5,Paid
500483,700483,Net Banking,16136.61,Paid
500484,700484,Debit Card,2137.34,Paid
500485,700485,Debit Card,1152.74,Paid
500486,700486,Net Banking,1458.57,Paid
500487,700487,Wallet,11222.45,Paid
500488,700488,Debit Card,7893.19,Pending
500489,700489,Net Banking,7919.54,Pending
500490,700490,Credit Card,43536.07,Paid
500491,700491,Credit Card,678.84,Paid
500492,700492,UPI,1206.98,Paid
500493,700493,Credit Card,2173.96,Paid
500494,700494,COD,2209.84,Paid
500495,700495,Debit Card,71624.75,Paid
500496,700496,COD,4053.0,Paid
500497,700497,Credit Card,3251.16,Paid
500498,700498,UPI,286.47,Paid
500499,700499,UPI,2934.28,Paid
500500,700500,COD,9154.95,Paid
500501,700501,COD,2033.51,Paid
500502,700502,COD,583.61,Paid
500503,700503,UPI,6163.1,Paid
500504,700504,Wallet,11597.76,Failed
500505,700505,Credit Card,1651.64,Paid
500506,700506,Credit Card,10513.43,Paid
500507,700507,Net Banking,12470.16,Paid
500508,700508,Credit Card,95054.58,Paid
500509,700509,UPI,20777.5,Paid
500510,700510,Debit Card,4803.75,Paid
500511,700511,UPI,62009.88,Paid
500512,700512,UPI,17913.49,Paid
500513,700513,UPI,912.35,Paid
500514,700514,Credit Card,2227.3,Paid
500515,700515,COD,5862.9,Paid
500516,700516,UPI,15979.17,Paid
500517,700517,UPI,10953.25,Paid
500518,700518,COD,3889.04,Paid
500519,700519,Net Banking,1828.68,Paid
500520,700520,Net Banking,38633.44,Paid
500521,700521,UPI,1736.59,Paid
500522,700522,UPI,6084.56,Paid
500523,700523,COD,384.82,Pending
500524,700524,UPI,27968.62,Paid
500525,700525,UPI,1561.38,Paid
500526,700526,COD,3949.38,Failed
500527,700527,UPI,10856.71,Paid
500528,700528,COD,902.26,Paid
500529,700529,UPI,87843.58,Pending
500530,700530,Wallet,25384.18,Paid
500531,700531,COD,1282.75,Failed
500532,700532,Debit Card,812.03,Paid
500533,700533,UPI,107241.09,Paid
500534,700534,UPI,7569.08,Paid
500535,700535,COD,36653.62,Paid
500536,700536,UPI,3248.74,Paid
500537,700537,UPI,7196.76,Paid
500538,700538,UPI,70731.48,Paid
500539,700539,Credit Card,19626.83,Paid
500540,700540,Credit Card,66378.42,Paid
500541,700541,Debit Card,2379.71,Paid
500542,700542,UPI,22271.33,Paid
500543,700543,Credit Card,319.83,Paid
500544,700544,Credit Card,11371.43,Paid
500545,700545,Credit Card,9592.75,Paid
500546,700546,Credit Card,29573.79,Paid
500547,700547,UPI,584.73,Paid
500548,700548,Credit Card,8050.75,Paid
500549,700549,Wallet,1136.83,Paid
500550,700550,Credit Card,114030.57,Paid
500551,700551,UPI,526.26,Paid
500552,700552,Credit Card,13316.52,Paid
500553,700553,Credit Card,2415.51,Paid
500554,700554,UPI,12183.12,Paid
500555,700555,UPI,23949.2,Paid
500556,700556,Credit Card,66201.64,Paid
500557,700557,UPI,7860.04,Paid
500558,700558,COD,12258.76,Paid
500559,700559,Net Banking,4605.26,Paid
500560,700560,UPI,2532.65,Paid
500561,700561,Debit Card,44630.23,Paid
500562,700562,Credit Card,429.7,Paid
500563,700563,UPI,45320.58,Paid
500564,700564,UPI,1417.22,Paid
500565,700565,Credit Card,2803.69,Paid
500566,700566,Credit Card,5923.31,Paid
500567,700567,Debit Card,435.31,Paid
500568,700568,Credit Card,19163.28,Paid
500569,700569,Credit Card,11471.66,Paid
500570,700570,UPI,2779.64,Paid
500571,700571,COD,27999.42,Paid
500572,700572,Net Banking,5225.66,Paid
500573,700573,UPI,9685.41,Paid
500574,700574,UPI,3238.91,Paid
500575,700575,UPI,32683.32,Pending
500576,700576,Debit Card,3325.28,Paid
500577,700577,Wallet,987.15,Paid
500578,700578,Credit Card,12056.2,Paid
500579,700579,Wallet,17070.95,Paid
500580,700580,Debit Card,8086.55,Paid
500581,700581,Net Banking,32329.03,Paid
500582,700582,COD,48939.73,Pending
500583,700583,UPI,1972.83,Paid
500584,700584,Credit Card,11854.99,Paid
500585,700585,Credit Card,59651.06,Paid
500586,700586,UPI,11431.68,Paid
500587,700587,UPI,436.14,Paid
500588,700588,COD,21370.75,Paid
500589,700589,Credit Card,5016.99,Paid
500590,700590,UPI,28437.3,Paid
500591,700591,UPI,5047.42,Paid
500592,700592,Credit Card,3287.21,Paid
500593,700593,UPI,61131.5,Paid
500594,700594,Credit Card,16625.0,Paid
500595,700595,Credit Card,1340.19,Paid
500596,700596,COD,1391.54,Pending
500597,700597,UPI,105002.3,Paid
500598,700598,COD,11081.74,Paid
500599,700599,UPI,12948.43,Paid
500600,700600,Net Banking,10149.84,Paid
500601,700601,Debit Card,6137.01,Paid
500602,700602,Credit Card,331.46,Paid
500603,700603,UPI,298.31,Paid
500604,700604,Credit Card,71913.13,Paid
500605,700605,Net Banking,4378.14,Paid
500606,700606,UPI,41309.74,Paid
500607,700607,UPI,4174.72,Paid
500608,700608,Credit Card,5377.04,Paid
500609,700609,Wallet,29709.68,Paid
500610,700610,Debit Card,2934.08,Paid
500611,700611,COD,4618.49,Paid
500612,700612,Debit Card,52672.72,Paid
500613,700613,UPI,13120.49,Paid
500614,700614,UPI,19715.4,Pending
500615,700615,Credit Card,1278.75,Paid
500616,700616,Credit Card,1553.78,Paid
500617,700617,UPI,55880.15,Paid
500618,700618,Credit Card,11116.07,Paid
500619,700619,Credit Card,20033.82,Paid
500620,700620,Debit Card,21431.95,Paid
500621,700621,UPI,30345.69,Paid
500622,700622,Credit Card,35108.42,Paid
500623,700623,Credit Card,3321.05,Paid
500624,700624,Debit Card,6910.44,Paid
500625,700625,COD,67800.33,Paid
500626,700626,Credit Card,13846.32,Paid
500627,700627,COD,38133.87,Paid
500628,700628,UPI,59173.95,Paid
500629,700629,Debit Card,3434.66,Paid
500630,700630,COD,42543.47,Paid
500631,700631,Wallet,3132.41,Paid
500632,700632,UPI,1533.84,Paid
500633,700633,UPI,8048.92,Paid
500634,700634,UPI,1277.98,Paid
500635,700635,Credit Card,13092.45,Paid
500636,700636,UPI,10180.56,Paid
500637,700637,UPI,127860.32,Paid
500638,700638,Debit Card,36116.15,Paid
500639,700639,Credit Card,7130.74,Paid
500640,700640,UPI,1058.34,Paid
500641,700641,Credit Card,67107.88,Paid
500642,700642,UPI,4509.72,Paid
500643,700643,UPI,59298.65,Failed
500644,700644,UPI,14720.02,Paid
500645,700645,COD,8056.65,Paid
500646,700646,Debit Card,6307.57,Paid
500647,700647,UPI,1805.5,Paid
500648,700648,Debit Card,1301.72,Paid
500649,700649,Credit Card,9254.29,Paid
500650,700650,Debit Card,80648.97,Paid
500651,700651,UPI,5484.98,Paid
500652,700652,COD,64840.12,Paid
500653,700653,UPI,9740.42,Paid
500654,700654,UPI,1979.93,Paid
500655,700655,UPI,39602.08,Paid
500656,700656,Credit Card,1693.34,Paid
500657,700657,COD,519.02,Paid
500658,700658,UPI,626.19,Paid
500659,700659,UPI,8035.47,Paid
500660,700660,COD,1478.26,Paid
500661,700661,COD,4919.96,Paid
500662,700662,Wallet,23696.5,Paid
500663,700663,UPI,7376.96,Paid
500664,700664,UPI,10296.18,Paid
500665,700665,COD,7385.48,Paid
500666,700666,Net Banking,10274.89,Paid
500667,700667,Debit Card,68542.68,Paid
500668,700668,UPI,12815.21,Paid
500669,700669,UPI,42451.49,Paid
500670,700670,Credit Card,8982.62,Paid
500671,700671,UPI,2697.96,Paid
500672,700672,Credit Card,9084.79,Paid
500673,700673,UPI,1687.2,Paid
500674,700674,Credit Card,34325.98,Paid
500675,700675,Credit Card,6171.1,Paid
500676,700676,COD,557.2,Paid
500677,700677,Net Banking,1428.15,Paid
500678,700678,UPI,1789.36,Paid
500679,700679,UPI,5531.45,Paid
500680,700680,COD,5713.65,Paid
500681,700681,Credit Card,54541.33,Paid
500682,700682,UPI,6893.98,Paid
500683,700683,Credit Card,30982.79,Pending
500684,700684,COD,3014.98,Paid
500685,700685,UPI,45573.66,Paid
500686,700686,UPI,16214.25,Paid
500687,700687,Net Banking,3107.58,Paid
500688,700688,UPI,5826.44,Paid
500689,700689,Credit Card,1727.4,Paid
500690,700690,Credit Card,33056.21,Paid
500691,700691,UPI,36244.46,Paid
500692,700692,Credit Card,670.39,Paid
500693,700693,Debit Card,51399.59,Paid
500694,700694,UPI,21810.98,Paid
500695,700695,Wallet,2229.71,Paid
500696,700696,Wallet,425.2,Paid
500697,700697,Credit Card,2348.42,Pending
500698,700698,Net Banking,4251.1,Paid
500699,700699,UPI,22552.35,Paid
500700,700700,UPI,4573.96,Paid
500701,700701,UPI,56407.62,Paid
500702,700702,Wallet,23589.33,Paid
500703,700703,UPI,8162.33,Paid
500704,700704,Debit Card,15274.24,Paid
500705,700705,Credit Card,1871.2,Paid
500706,700706,Wallet,5414.01,Paid
500707,700707,UPI,71359.31,Paid
500708,700708,UPI,13761.81,Paid
500709,700709,Credit Card,7093.92,Paid
500710,700710,UPI,158094.1,Paid
500711,700711,UPI,1314.83,Paid
500712,700712,Credit Card,1812.97,Paid
500713,700713,Credit Card,36782.66,Paid
500714,700714,Credit Card,45239.39,Paid
500715,700715,COD,13569.91,Paid
500716,700716,Wallet,5474.24,Paid
500717,700717,Credit Card,2225.9,Paid
500718,700718,UPI,146879.26,Paid
500719,700719,Net Banking,3094.39,Paid
500720,700720,UPI,10852.21,Paid
500721,700721,Credit Card,92271.43,Paid
500722,700722,UPI,1018.17,Paid
500723,700723,Credit Card,2958.37,Paid
500724,700724,Credit Card,3510.56,Paid
500725,700725,COD,22712.27,Paid
500726,700726,Debit Card,81055.11,Paid
500727,700727,COD,13210.24,Paid
500728,700728,UPI,12622.71,Paid
500729,700729,UPI,4470.24,Paid
500730,700730,Net Banking,721.81,Paid
500731,700731,COD,9503.81,Paid
500732,700732,Debit Card,63597.52,Paid
500733,700733,UPI,35199.64,Paid
500734,700734,UPI,9354.88,Paid
500735,700735,Debit Card,3325.92,Paid
500736,700736,Debit Card,44143.93,Paid
500737,700737,Wallet,2687.39,Paid
500738,700738,UPI,8952.4,Paid
500739,700739,COD,61365.98,Paid
500740,700740,UPI,9826.55,Paid
500741,700741,UPI,3749.05,Paid
500742,700742,Debit Card,26998.22,Paid
500743,700743,COD,10554.79,Paid
500744,700744,UPI,56894.99,Paid
500745,700745,Credit Card,761.07,Paid
500746,700746,COD,100194.93,Paid
500747,700747,Wallet,1645.76,Paid
500748,700748,Wallet,46772.1,Paid
500749,700749,UPI,11736.11,Paid
500750,700750,Credit Card,5861.63,Paid
500751,700751,UPI,5933.48,Paid
500752,700752,Net Banking,11588.82,Paid
500753,700753,Credit Card,1576.34,Paid
500754,700754,UPI,934.79,Paid
500755,700755,Debit Card,3389.14,Paid
500756,700756,UPI,25343.24,Paid
500757,700757,COD,67464.65,Paid
500758,700758,COD,1404.45,Failed
500759,700759,UPI,6941.91,Pending
500760,700760,COD,10466.67,Paid
500761,700761,Debit Card,719.25,Paid
500762,700762,COD,1968.78,Paid
500763,700763,Credit Card,17986.0,Paid
500764,700764,Debit Card,6465.79,Paid
500765,700765,Net Banking,7579.51,Paid
500766,700766,UPI,5352.03,Paid
500767,700767,COD,33838.65,Paid
500768,700768,Debit Card,491.56,Paid
500769,700769,Debit Card,992.31,Paid
500770,700770,Net Banking,2425.54,Paid
500771,700771,Debit Card,21531.81,Paid
500772,700772,COD,141285.41,Pending
500773,700773,COD,554.86,Paid
500774,700774,Debit Card,19049.83,Paid
500775,700775,Credit Card,1124.34,Paid
500776,700776,COD,6381.12,Paid
500777,700777,UPI,10451.32,Paid
500778,700778,UPI,4512.81,Paid
500779,700779,Credit Card,27518.39,Paid
500780,700780,Debit Card,10554.28,Failed
500781,700781,Debit Card,35951.18,Paid
500782,700782,Wallet,1896.94,Paid
500783,700783,Debit Card,557.69,Paid
500784,700784,UPI,551.0,Paid
500785,700785,UPI,1352.29,Paid
500786,700786,UPI,9411.82,Paid
500787,700787,UPI,13085.22,Paid
500788,700788,Credit Card,11014.69,Paid
500789,700789,Debit Card,26876.43,Paid
500790,700790,UPI,14678.99,Paid
500791,700791,UPI,11510.05,Paid
500792,700792,Net Banking,7010.48,Paid
500793,700793,COD,3200.04,Paid
500794,700794,UPI,11960.19,Paid
500795,700795,Wallet,1750.78,Paid
500796,700796,Credit Card,2003.55,Paid
500797,700797,Net Banking,4706.81,Paid
500798,700798,Credit Card,9120.87,Paid
500799,700799,UPI,9877.31,Paid
500800,700800,Credit Card,4294.78,Paid
500801,700801,UPI,6575.58,Paid
500802,700802,UPI,6359.77,Paid
500803,700803,Debit Card,29013.28,Paid
500804,700804,UPI,1284.49,Paid
500805,700805,Debit Card,18435.95,Paid
500806,700806,UPI,14218.65,Paid
500807,700807,UPI,43177.98,Paid
500808,700808,UPI,72332.08,Paid
500809,700809,UPI,3884.29,Paid
500810,700810,UPI,3732.47,Paid
500811,700811,UPI,1006.37,Paid
500812,700812,Debit Card,8880.82,Paid
500813,700813,UPI,33056.75,Paid
500814,700814,UPI,7195.88,Paid
500815,700815,UPI,5008.95,Paid
500816,700816,UPI,12796.79,Paid
500817,700817,UPI,11490.12,Paid
500818,700818,UPI,9459.7,Paid
500819,700819,Credit Card,939.7,Paid
500820,700820,UPI,4115.31,Paid
500821,700821,UPI,5964.85,Paid
500822,700822,Credit Card,1038.88,Paid
500823,700823,UPI,3146.79,Paid
500824,700824,COD,10657.56,Failed
500825,700825,UPI,3333.11,Paid
500826,700826,COD,1926.05,Paid
500827,700827,UPI,20746.14,Paid
500828,700828,Wallet,32557.37,Paid
500829,700829,UPI,4891.81,Paid
500830,700830,COD,547.39,Paid
500831,700831,UPI,48503.89,Paid
500832,700832,UPI,3620.26,Pending
500833,700833,UPI,5448.45,Pending
500834,700834,Wallet,17311.04,Paid
500835,700835,COD,24404.9,Paid
500836,700836,Credit Card,7109.73,Paid
500837,700837,UPI,14084.49,Paid
500838,700838,Net Banking,54757.34,Paid
500839,700839,Credit Card,9489.2,Paid
500840,700840,Debit Card,10153.59,Paid
500841,700841,UPI,55052.05,Paid
500842,700842,Credit Card,130706.54,Paid
500843,700843,Debit Card,5087.86,Paid
500844,700844,Credit Card,2012.73,Paid
500845,700845,COD,21450.3,Paid
500846,700846,Wallet,6746.58,Paid
500847,700847,UPI,13398.09,Paid
500848,700848,Credit Card,1582.79,Paid
500849,700849,COD,583.61,Paid
500850,700850,UPI,12617.5,Paid
500851,700851,Credit Card,3019.19,Failed
500852,700852,Wallet,1003.64,Paid
500853,700853,COD,34101.12,Paid
500854,700854,UPI,11047.6,Paid
500855,700855,Debit Card,4173.75,Paid
500856,700856,Credit Card,1467.46,Paid
500857,700857,Debit Card,14251.68,Paid
500858,700858,COD,16105.03,Paid
500859,700859,Debit Card,112429.84,Paid
500860,700860,Debit Card,46976.93,Paid
500861,700861,Credit Card,2431.05,Pending
500862,700862,Debit Card,39729.24,Paid
500863,700863,Credit Card,55692.18,Paid
500864,700864,UPI,15654.62,Paid
500865,700865,Credit Card,55318.76,Paid
500866,700866,Net Banking,5415.97,Paid
500867,700867,UPI,2967.86,Paid
500868,700868,Credit Card,744.15,Paid
500869,700869,Credit Card,513.81,Paid
500870,700870,UPI,12262.17,Paid
500871,700871,Debit Card,9053.36,Paid
500872,700872,Debit Card,7978.16,Paid
500873,700873,UPI,1955.59,Paid
500874,700874,COD,608.21,Paid
500875,700875,UPI,2447.23,Paid
500876,700876,Net Banking,7102.64,Paid
500877,700877,UPI,2148.03,Paid
500878,700878,COD,18248.23,Paid
500879,700879,Net Banking,26093.35,Paid
500880,700880,Debit Card,7920.12,Paid
500881,700881,Credit Card,29268.22,Paid
500882,700882,Wallet,4412.65,Paid
500883,700883,Wallet,1823.35,Paid
500884,700884,COD,46640.76,Paid
500885,700885,Credit Card,850.25,Paid
500886,700886,Wallet,2522.47,Paid
500887,700887,Credit Card,30717.05,Paid
500888,700888,Credit Card,15048.03,Paid
500889,700889,UPI,1436.17,Paid
500890,700890,Debit Card,2124.36,Paid
500891,700891,Credit Card,40219.2,Paid
500892,700892,Credit Card,2221.44,Paid
500893,700893,COD,230.32,Paid
500894,700894,UPI,45250.13,Paid
500895,700895,UPI,2571.14,Paid
500896,700896,Wallet,8382.47,Paid
500897,700897,COD,22685.22,Paid
500898,700898,UPI,1328.5,Paid
500899,700899,COD,21375.98,Paid
500900,700900,Credit Card,2113.58,Paid
500901,700901,UPI,5690.32,Failed
500902,700902,UPI,4611.11,Paid
500903,700903,COD,5146.39,Paid
500904,700904,UPI,530.34,Paid
500905,700905,Debit Card,22563.71,Paid
500906,700906,Debit Card,2915.22,Paid
500907,700907,UPI,2053.75,Paid
500908,700908,UPI,2887.72,Paid
500909,700909,Wallet,12359.46,Paid
500910,700910,Wallet,24817.42,Pending
500911,700911,UPI,10625.24,Paid
500912,700912,Debit Card,4057.71,Paid
500913,700913,Debit Card,3166.39,Paid
500914,700914,UPI,5000.66,Paid
500915,700915,UPI,7561.58,Paid
500916,700916,Credit Card,12915.22,Paid
500917,700917,Credit Card,12050.08,Paid
500918,700918,Debit Card,78846.71,Paid
500919,700919,Debit Card,1049.88,Paid
500920,700920,Debit Card,1288.35,Paid
500921,700921,UPI,20488.43,Paid
500922,700922,UPI,93166.25,Pending
500923,700923,UPI,7712.68,Paid
500924,700924,Credit Card,30425.49,Paid
500925,700925,COD,5806.67,Paid
500926,700926,UPI,15482.02,Paid
500927,700927,Net Banking,16746.42,Paid
500928,700928,Credit Card,428.15,Paid
500929,700929,Net Banking,8280.7,Paid
500930,700930,COD,86565.62,Paid
500931,700931,Credit Card,6181.75,Paid
500932,700932,UPI,98919.82,Failed
500933,700933,UPI,1114.82,Paid
500934,700934,COD,4845.62,Paid
500935,700935,UPI,7123.14,Paid
500936,700936,UPI,10569.92,Pending
500937,700937,COD,21559.3,Paid
500938,700938,Credit Card,9619.19,Paid
500939,700939,Debit Card,501.48,Paid
500940,700940,Debit Card,4596.05,Paid
500941,700941,UPI,2265.84,Paid
500942,700942,UPI,60230.58,Paid
500943,700943,UPI,48407.62,Paid
500944,700944,Debit Card,40537.59,Paid
500945,700945,Net Banking,13518.75,Paid
500946,700946,Debit Card,43328.66,Paid
500947,700947,UPI,1419.95,Paid
500948,700948,Net Banking,6544.64,Paid
500949,700949,UPI,210577.49,Paid
500950,700950,Net Banking,2862.25,Paid
500951,700951,COD,992.39,Paid
500952,700952,UPI,30926.74,Paid
500953,700953,UPI,8170.54,Paid
500954,700954,Debit Card,31292.86,Paid
500955,700955,UPI,853.37,Paid
500956,700956,Debit Card,15353.62,Paid
500957,700957,COD,16130.62,Paid
500958,700958,UPI,12955.2,Failed
500959,700959,UPI,51110.68,Paid
500960,700960,Net Banking,11543.93,Paid
500961,700961,Debit Card,35084.12,Paid
500962,700962,UPI,12987.64,Paid
500963,700963,UPI,2645.39,Paid
500964,700964,Debit Card,39181.14,Paid
500965,700965,Credit Card,5701.36,Paid
500966,700966,UPI,1626.84,Paid
500967,700967,UPI,3301.65,Paid
500968,700968,COD,8921.55,Paid
500969,700969,COD,1694.6,Paid
500970,700970,Credit Card,3049.07,Paid
500971,700971,Credit Card,6634.79,Paid
500972,700972,COD,11014.62,Failed
500973,700973,Net Banking,4903.28,Paid
500974,700974,Debit Card,209820.13,Paid
500975,700975,Debit Card,3734.79,Paid
500976,700976,Debit Card,1481.71,Paid
500977,700977,Debit Card,2832.11,Paid
500978,700978,Debit Card,92109.48,Paid
500979,700979,Credit Card,3039.16,Paid
500980,700980,Credit Card,7087.02,Paid
500981,700981,UPI,3287.79,Paid
500982,700982,COD,971.49,Paid
500983,700983,UPI,29184.67,Paid
500984,700984,Debit Card,15862.6,Paid
500985,700985,Net Banking,86801.65,Paid
500986,700986,UPI,3002.88,Paid
500987,700987,UPI,25384.18,Failed
500988,700988,UPI,2003.14,Paid
500989,700989,Debit Card,35956.57,Paid
500990,700990,UPI,906.94,Paid
500991,700991,UPI,1625.26,Paid
500992,700992,UPI,3311.81,Pending
500993,700993,Credit Card,424.02,Paid
500994,700994,COD,1048.43,Paid
500995,700995,UPI,3469.74,Paid
500996,700996,Credit Card,19030.76,Paid
500997,700997,Debit Card,8550.39,Paid
500998,700998,UPI,794.08,Paid
500999,700999,Credit Card,24681.47,Paid
501000,701000,Debit Card,3290.38,Paid
501001,701001,UPI,34783.94,Paid
501002,701002,UPI,1819.05,Paid
501003,701003,UPI,19726.41,Failed
501004,701004,Credit Card,851.65,Paid
501005,701005,UPI,11628.09,Paid
501006,701006,Credit Card,2040.44,Paid
501007,701007,Net Banking,648.46,Paid
501008,701008,Credit Card,5307.01,Paid
501009,701009,Wallet,1372.2,Paid
501010,701010,COD,20143.01,Paid
501011,701011,UPI,3564.55,Paid
501012,701012,UPI,39913.85,Failed
501013,701013,UPI,46690.81,Paid
501014,701014,COD,59956.1,Paid
501015,701015,UPI,9325.57,Paid
501016,701016,UPI,1825.69,Paid
501017,701017,COD,102392.81,Paid
501018,701018,UPI,8769.43,Paid
501019,701019,COD,34038.61,Paid
501020,701020,Debit Card,6557.36,Paid
501021,701021,Credit Card,7138.17,Paid
501022,701022,Credit Card,2077.03,Paid
501023,701023,Debit Card,13115.54,Paid
501024,701024,COD,24865.0,Paid
501025,701025,Credit Card,642.26,Paid
501026,701026,UPI,4013.1,Paid
501027,701027,Wallet,10201.43,Paid
501028,701028,Credit Card,3209.78,Paid
501029,701029,Credit Card,74069.7,Paid
501030,701030,Credit Card,6193.2,Paid
501031,701031,Credit Card,11273.6,Paid
501032,701032,UPI,8499.23,Paid
501033,701033,COD,4455.32,Paid
501034,701034,UPI,2031.36,Paid
501035,701035,Credit Card,72555.4,Failed
501036,701036,Debit Card,5748.75,Paid
501037,701037,Credit Card,9922.07,Paid
501038,701038,Net Banking,8780.47,Paid
501039,701039,UPI,1729.4,Paid
501040,701040,UPI,8253.46,Paid
501041,701041,Credit Card,1212.62,Paid
501042,701042,Credit Card,33264.88,Paid
501043,701043,Wallet,10627.18,Paid
501044,701044,UPI,11686.91,Paid
501045,701045,Debit Card,1318.91,Paid
501046,701046,Net Banking,35144.84,Paid
501047,701047,Debit Card,43279.44,Paid
501048,701048,Wallet,1334.77,Paid
501049,701049,UPI,7273.4,Paid
501050,701050,UPI,521.83,Paid
501051,701051,Debit Card,1174.21,Paid
501052,701052,COD,270.46,Failed
501053,701053,Credit Card,2154.25,Paid
501054,701054,Credit Card,425.2,Paid
501055,701055,Credit Card,2510.4,Paid
501056,701056,Debit Card,19254.84,Paid
501057,701057,Debit Card,2688.79,Paid
501058,701058,Credit Card,27998.41,Paid
501059,701059,UPI,1884.94,Paid
501060,701060,UPI,8225.48,Paid
501061,701061,UPI,8370.77,Paid
501062,701062,Credit Card,17649.55,Paid
501063,701063,COD,1577.46,Paid
501064,701064,UPI,2819.47,Paid
501065,701065,Debit Card,7669.04,Paid
501066,701066,Wallet,9744.08,Paid
501067,701067,UPI,11755.06,Paid
501068,701068,Wallet,1725.09,Paid
501069,701069,Credit Card,59992.24,Pending
501070,701070,COD,4836.98,Paid
501071,701071,Net Banking,29709.93,Paid
501072,701072,Net Banking,12119.7,Paid
501073,701073,Credit Card,49877.56,Paid
501074,701074,COD,32717.32,Paid
501075,701075,Credit Card,473.63,Failed
501076,701076,UPI,32788.42,Paid
501077,701077,COD,36164.85,Paid
501078,701078,UPI,1984.06,Paid
501079,701079,UPI,59836.4,Paid
501080,701080,UPI,10993.18,Paid
501081,701081,Net Banking,598.98,Paid
501082,701082,COD,32666.77,Paid
501083,701083,Debit Card,66474.43,Paid
501084,701084,UPI,1920.54,Paid
501085,701085,COD,34822.92,Paid
501086,701086,Credit Card,659.46,Paid
501087,701087,Net Banking,21966.5,Paid
501088,701088,UPI,1642.3,Paid
501089,701089,Credit Card,9292.53,Paid
501090,701090,Credit Card,988.9,Paid
501091,701091,UPI,7270.83,Paid
501092,701092,Debit Card,8327.92,Failed
501093,701093,Credit Card,3232.62,Paid
501094,701094,UPI,585.44,Paid
501095,701095,Debit Card,11115.67,Paid
501096,701096,UPI,33380.8,Paid
501097,701097,Debit Card,12156.05,Paid
501098,701098,UPI,670.39,Paid
501099,701099,Debit Card,33585.92,Paid
501100,701100,UPI,24902.23,Paid
501101,701101,UPI,7659.04,Paid
501102,701102,Debit Card,1303.29,Paid
501103,701103,UPI,1700.52,Paid
501104,701104,Net Banking,2759.51,Paid
501105,701105,UPI,97571.82,Paid
501106,701106,Credit Card,5057.19,Paid
501107,701107,COD,16698.7,Paid
501108,701108,COD,29117.28,Paid
501109,701109,Credit Card,53916.97,Paid
501110,701110,UPI,6764.67,Paid
501111,701111,Debit Card,31262.83,Paid
501112,701112,COD,1969.68,Paid
501113,701113,Credit Card,6939.98,Paid
501114,701114,Debit Card,7067.68,Paid
501115,701115,UPI,24268.66,Paid
501116,701116,Credit Card,3799.71,Paid
501117,701117,Credit Card,60996.44,Paid
501118,701118,UPI,10756.12,Paid
501119,701119,Credit Card,53089.52,Failed
501120,701120,UPI,1632.78,Paid
501121,701121,Net Banking,21757.1,Paid
501122,701122,Credit Card,13395.78,Paid
501123,701123,COD,49560.63,Paid
501124,701124,UPI,3649.75,Paid
501125,701125,Debit Card,5265.99,Paid
501126,701126,Credit Card,3723.56,Pending
501127,701127,UPI,2213.35,Paid
501128,701128,Credit Card,5806.29,Paid
501129,701129,UPI,2420.73,Paid
501130,701130,UPI,6700.53,Pending
501131,701131,Debit Card,4823.66,Paid
501132,701132,UPI,3623.12,Paid
501133,701133,UPI,19253.79,Paid
501134,701134,UPI,1473.16,Paid
501135,701135,Debit Card,16492.53,Paid
501136,701136,COD,328.51,Paid
501137,701137,UPI,568.36,Paid
501138,701138,COD,2709.5,Paid
501139,701139,UPI,11577.95,Paid
501140,701140,Credit Card,10378.61,Paid
501141,701141,UPI,16497.82,Paid
501142,701142,COD,27103.28,Paid
501143,701143,UPI,1577.04,Paid
501144,701144,Credit Card,2274.48,Paid
501145,701145,Debit Card,2248.03,Paid
501146,701146,Credit Card,749.6,Paid
501147,701147,Credit Card,12657.53,Paid
501148,701148,UPI,1420.83,Paid
501149,701149,Debit Card,16455.28,Paid
501150,701150,UPI,1397.35,Paid
501151,701151,Credit Card,17700.65,Paid
501152,701152,UPI,3798.57,Paid
501153,701153,Credit Card,28702.65,Paid
501154,701154,UPI,4724.65,Paid
501155,701155,Credit Card,3506.92,Paid
501156,701156,Credit Card,6575.58,Paid
501157,701157,UPI,255.91,Paid
501158,701158,Debit Card,2532.22,Paid
501159,701159,Credit Card,1236.63,Paid
501160,701160,Debit Card,16683.37,Paid
501161,701161,UPI,616.51,Paid
501162,701162,COD,10345.25,Paid
501163,701163,Debit Card,6990.92,Pending
501164,701164,UPI,28057.61,Paid
501165,701165,Credit Card,6854.56,Failed
501166,701166,Debit Card,10596.61,Paid
501167,701167,UPI,13080.46,Paid
501168,701168,Debit Card,23186.09,Paid
501169,701169,Credit Card,6233.78,Paid
501170,701170,Credit Card,6429.19,Paid
501171,701171,Credit Card,8502.39,Paid
501172,701172,Net Banking,39745.97,Paid
501173,701173,Credit Card,25646.16,Paid
501174,701174,Debit Card,7889.0,Paid
501175,701175,UPI,134469.64,Paid
501176,701176,UPI,6962.38,Paid
501177,701177,UPI,10983.25,Paid
501178,701178,UPI,15730.59,Paid
501179,701179,Debit Card,53043.45,Paid
501180,701180,Debit Card,14003.43,Paid
501181,701181,UPI,3099.82,Paid
501182,701182,COD,11348.9,Paid
501183,701183,Debit Card,3418.55,Paid
501184,701184,Credit Card,1447.21,Paid
501185,701185,Credit Card,7961.04,Paid
501186,701186,Debit Card,569.23,Paid
501187,701187,Credit Card,8026.33,Paid
501188,701188,Credit Card,622.82,Paid
501189,701189,Credit Card,17375.19,Paid
501190,701190,UPI,60488.42,Paid
501191,701191,Debit Card,7236.12,Paid
501192,701192,COD,867.71,Paid
501193,701193,UPI,5953.99,Pending
501194,701194,Debit Card,37480.36,Paid
501195,701195,UPI,4456.39,Paid
501196,701196,Debit Card,9254.29,Paid
501197,701197,Net Banking,4072.85,Paid
501198,701198,UPI,25178.1,Paid
501199,701199,Debit Card,29328.42,Paid
501200,701200,Net Banking,7005.49,Paid
501201,701201,Debit Card,4569.98,Paid
501202,701202,COD,6288.03,Paid
501203,701203,Net Banking,2113.58,Paid
501204,701204,Credit Card,5152.62,Paid
501205,701205,COD,7138.17,Paid
501206,701206,UPI,4935.35,Paid
501207,701207,UPI,2810.67,Paid
501208,701208,Credit Card,22120.21,Paid
501209,701209,COD,2808.25,Paid
501210,701210,Credit Card,928.12,Paid
501211,701211,COD,265.01,Paid
501212,701212,Net Banking,4378.56,Paid
501213,701213,UPI,3940.49,Paid
501214,701214,UPI,29754.08,Paid
501215,701215,UPI,45142.33,Paid
501216,701216,Debit Card,11137.67,Paid
501217,701217,UPI,16000.09,Failed
501218,701218,UPI,8107.44,Paid
501219,701219,UPI,670.39,Paid
501220,701220,UPI,8946.51,Paid
501221,701221,COD,3852.52,Paid
501222,701222,Credit Card,2933.81,Paid
501223,701223,Debit Card,12771.8,Paid
501224,701224,COD,2454.88,Paid
501225,701225,UPI,11288.96,Paid
501226,701226,Credit Card,3621.38,Paid
501227,701227,Wallet,146902.99,Paid
501228,701228,UPI,761.56,Paid
501229,701229,UPI,36137.71,Paid
501230,701230,UPI,16377.37,Paid
501231,701231,UPI,8978.37,Paid
501232,701232,Debit Card,16375.59,Paid
501233,701233,UPI,3648.65,Paid
501234,701234,UPI,3723.56,Paid
501235,701235,Credit Card,1169.18,Pending
501236,701236,COD,5981.99,Paid
501237,701237,UPI,784.53,Paid
501238,701238,UPI,20193.4,Paid
501239,701239,COD,36440.79,Paid
501240,701240,COD,1258.58,Paid
501241,701241,UPI,6601.05,Paid
501242,701242,Credit Card,5663.74,Paid
501243,701243,Credit Card,2172.88,Paid
501244,701244,UPI,7481.98,Paid
501245,701245,Credit Card,7361.91,Paid
501246,701246,Credit Card,1001.19,Failed
501247,701247,UPI,1196.32,Paid
501248,701248,UPI,3771.04,Paid
501249,701249,Debit Card,4056.21,Paid
501250,701250,Credit Card,12456.11,Failed
501251,701251,UPI,12470.32,Paid
501252,701252,UPI,61276.06,Paid
501253,701253,COD,15746.08,Paid
501254,701254,UPI,2532.65,Paid
501255,701255,Debit Card,33235.33,Paid
501256,701256,COD,1349.9,Paid
501257,701257,Net Banking,18978.4,Paid
501258,701258,Credit Card,1583.66,Paid
501259,701259,UPI,3681.06,Paid
501260,701260,Credit Card,9269.1,Paid
501261,701261,UPI,3164.52,Paid
501262,701262,UPI,2248.86,Paid
501263,701263,Net Banking,63193.9,Paid
501264,701264,UPI,524.03,Paid
501265,701265,UPI,508.43,Paid
501266,701266,Debit Card,19367.09,Paid
501267,701267,Net Banking,25245.57,Paid
501268,701268,UPI,63513.14,Paid
501269,701269,Debit Card,4235.52,Paid
501270,701270,Credit Card,608.21,Failed
501271,701271,Credit Card,57639.3,Pending
501272,701272,UPI,48430.87,Paid
501273,701273,Credit Card,79846.71,Paid
501274,701274,UPI,2373.42,Paid
501275,701275,Wallet,13023.11,Paid
501276,701276,Debit Card,13576.49,Paid
501277,701277,Credit Card,9832.24,Paid
501278,701278,Debit Card,12016.85,Paid
501279,701279,Net Banking,69665.37,Paid
501280,701280,Credit Card,3649.75,Paid
501281,701281,COD,64371.99,Paid
501282,701282,COD,914.34,Paid
501283,701283,Net Banking,3826.47,Paid
501284,701284,Credit Card,23177.65,Paid
501285,701285,Debit Card,1307.81,Paid
501286,701286,Debit Card,11095.53,Paid
501287,701287,Debit Card,7794.91,Paid
501288,701288,Credit Card,700.38,Paid
501289,701289,Net Banking,813.53,Paid
501290,701290,UPI,3858.62,Paid
501291,701291,Credit Card,15668.58,Paid
501292,701292,Credit Card,19621.44,Paid
501293,701293,Credit Card,20847.36,Pending
501294,701294,UPI,2922.88,Paid
501295,701295,Wallet,14274.4,Paid
501296,701296,Credit Card,42343.24,Paid
501297,701297,Net Banking,18287.84,Paid
501298,701298,Debit Card,10530.25,Pending
501299,701299,UPI,4748.42,Pending
501300,701300,UPI,13044.01,Paid
501301,701301,Credit Card,6427.85,Paid
501302,701302,Credit Card,12509.0,Paid
501303,701303,Credit Card,33596.94,Paid
501304,701304,Net Banking,32523.94,Paid
501305,701305,Debit Card,11693.76,Paid
501306,701306,COD,516.98,Paid
501307,701307,UPI,27725.04,Failed
501308,701308,Credit Card,3381.85,Paid
501309,701309,UPI,648.09,Paid
501310,701310,Net Banking,47551.44,Paid
501311,701311,UPI,671.51,Pending
501312,701312,Net Banking,61402.53,Paid
501313,701313,UPI,11378.73,Paid
501314,701314,UPI,13673.71,Paid
501315,701315,Credit Card,5768.56,Paid
501316,701316,Credit Card,2530.27,Paid
501317,701317,UPI,8616.12,Paid
501318,701318,Credit Card,13600.08,Paid
501319,701319,Credit Card,41646.43,Paid
501320,701320,UPI,230.32,Paid
501321,701321,Credit Card,4040.78,Paid
501322,701322,UPI,18171.6,Paid
501323,701323,Credit Card,1662.64,Paid
501324,701324,UPI,1349.45,Paid
501325,701325,Debit Card,4001.7,Paid
501326,701326,Wallet,78103.15,Paid
501327,701327,COD,2992.4,Paid
501328,701328,Debit Card,5670.36,Failed
501329,701329,UPI,12856.63,Paid
501330,701330,UPI,12000.07,Paid
501331,701331,Credit Card,67040.08,Paid
501332,701332,Net Banking,990.18,Paid
501333,701333,UPI,150483.84,Paid
501334,701334,Wallet,9109.26,Paid
501335,701335,UPI,1429.25,Paid
501336,701336,UPI,30947.46,Paid
501337,701337,Wallet,36388.12,Paid
501338,701338,UPI,102309.14,Paid
501339,701339,Credit Card,4100.11,Paid
501340,701340,Credit Card,8682.59,Paid
501341,701341,UPI,3324.78,Paid
501342,701342,UPI,12114.65,Paid
501343,701343,Credit Card,9365.84,Paid
501344,701344,Debit Card,1213.31,Failed
501345,701345,Debit Card,10146.72,Paid
501346,701346,UPI,43253.73,Paid
501347,701347,COD,11816.67,Paid
501348,701348,COD,5390.46,Failed
501349,701349,COD,8443.76,Paid
501350,701350,UPI,8844.48,Paid
501351,701351,UPI,19748.33,Paid
501352,701352,UPI,718.08,Paid
501353,701353,Debit Card,7677.89,Paid
501354,701354,Credit Card,4966.93,Paid
501355,701355,COD,29297.28,Paid
501356,701356,Debit Card,5254.88,Paid
501357,701357,UPI,52921.38,Paid
501358,701358,Debit Card,1887.84,Paid
501359,701359,UPI,48535.35,Paid
501360,701360,Debit Card,4972.0,Paid
501361,701361,UPI,10774.09,Paid
501362,701362,UPI,207498.2,Paid
501363,701363,Net Banking,3732.47,Paid
501364,701364,UPI,6039.48,Paid
501365,701365,UPI,520.1,Paid
501366,701366,Net Banking,14212.4,Paid
501367,701367,Credit Card,3337.2,Paid
501368,701368,Debit Card,7603.93,Paid
501369,701369,COD,6416.22,Failed
501370,701370,UPI,26794.41,Paid
501371,701371,UPI,766.92,Paid
501372,701372,UPI,3979.86,Paid
501373,701373,UPI,19343.28,Paid
501374,701374,Net Banking,57560.44,Paid
501375,701375,Debit Card,9737.9,Pending
501376,701376,UPI,13633.91,Paid
501377,701377,COD,2166.78,Pending
501378,701378,Debit Card,8376.13,Paid
501379,701379,UPI,9644.36,Paid
501380,701380,UPI,9351.71,Paid
501381,701381,COD,50474.7,Failed
501382,701382,UPI,12236.92,Paid
501383,701383,Credit Card,28202.28,Paid
501384,701384,COD,1977.23,Paid
501385,701385,Wallet,1942.98,Paid
501386,701386,Credit Card,3503.82,Paid
501387,701387,COD,15362.57,Paid
501388,701388,UPI,106646.02,Paid
501389,701389,Credit Card,453.91,Paid
501390,701390,Net Banking,524.03,Paid
501391,701391,Wallet,1024.97,Paid
501392,701392,Credit Card,15200.09,Paid
501393,701393,Credit Card,2695.66,Paid
501394,701394,Debit Card,24197.46,Paid
501395,701395,Net Banking,5981.99,Paid
501396,701396,Credit Card,12833.41,Paid
501397,701397,UPI,6544.19,Paid
501398,701398,COD,30796.87,Paid
501399,701399,COD,464.76,Paid
501400,701400,COD,25378.96,Paid
501401,701401,COD,922.48,Paid
501402,701402,UPI,654.31,Paid
501403,701403,UPI,65946.55,Paid
501404,701404,COD,1077.66,Paid
501405,701405,Wallet,132266.85,Paid
501406,701406,Credit Card,54893.22,Paid
501407,701407,UPI,1377.5,Paid
501408,701408,UPI,11081.74,Paid
501409,701409,Net Banking,10614.64,Paid
501410,701410,Debit Card,3765.71,Paid
501411,701411,COD,5213.01,Paid
501412,701412,Credit Card,47892.97,Paid
501413,701413,Net Banking,4388.2,Paid
501414,701414,Debit Card,577.8,Paid
501415,701415,UPI,1277.98,Paid
501416,701416,UPI,6427.34,Paid
501417,701417,Net Banking,3671.14,Paid
501418,701418,Wallet,639.3,Paid
501419,701419,Credit Card,73752.96,Paid
501420,701420,COD,47851.19,Paid
501421,701421,Debit Card,1642.3,Paid
501422,701422,UPI,2171.57,Paid
501423,701423,Debit Card,994.98,Paid
501424,701424,Debit Card,27819.96,Paid
501425,701425,UPI,93276.71,Paid
501426,701426,UPI,3622.29,Paid
501427,701427,Wallet,39851.32,Paid
501428,701428,UPI,1724.19,Failed
501429,701429,UPI,3867.99,Paid
501430,701430,Net Banking,1299.09,Pending
501431,701431,UPI,27081.39,Paid
501432,701432,UPI,11795.29,Paid
501433,701433,COD,3738.75,Paid
501434,701434,COD,12030.72,Paid
501435,701435,Credit Card,3912.1,Paid
501436,701436,COD,1047.8,Paid
501437,701437,UPI,15489.54,Paid
501438,701438,Debit Card,4670.88,Paid
501439,701439,UPI,2014.41,Paid
501440,701440,Net Banking,7429.6,Paid
501441,701441,Net Banking,17339.05,Paid
501442,701442,COD,16076.12,Paid
501443,701443,COD,18311.04,Paid
501444,701444,COD,65370.5,Paid
501445,701445,COD,1348.81,Paid
501446,701446,Debit Card,21016.31,Paid
501447,701447,COD,11015.46,Paid
501448,701448,Credit Card,24640.59,Pending
501449,701449,Credit Card,5008.95,Paid
501450,701450,Wallet,534.01,Paid
501451,701451,UPI,2573.06,Paid
501452,701452,Credit Card,257.82,Paid
501453,701453,Credit Card,4701.73,Paid
501454,701454,UPI,23215.1,Paid
501455,701455,UPI,13157.42,Pending
501456,701456,UPI,1926.05,Paid
501457,701457,COD,109514.67,Paid
501458,701458,UPI,66482.82,Paid
501459,701459,Wallet,5158.21,Paid
501460,701460,COD,10866.62,Paid
501461,701461,Credit Card,813.42,Paid
501462,701462,UPI,6840.53,Paid
501463,701463,COD,8215.6,Paid
501464,701464,UPI,40817.37,Pending
501465,701465,UPI,1076.72,Paid
501466,701466,Credit Card,406.71,Paid
501467,701467,COD,1011.7,Paid
501468,701468,Net Banking,16609.59,Paid
501469,701469,Net Banking,916.88,Paid
501470,701470,UPI,3298.54,Paid
501471,701471,UPI,22001.84,Paid
501472,701472,Credit Card,6074.69,Paid
501473,701473,Credit Card,37654.88,Paid
501474,701474,UPI,342.7,Paid
501475,701475,Debit Card,3203.09,Paid
501476,701476,Debit Card,11196.08,Paid
501477,701477,Credit Card,20046.92,Paid
501478,701478,Debit Card,1502.37,Paid
501479,701479,Debit Card,12021.04,Paid
501480,701480,Net Banking,1597.28,Paid
501481,701481,Credit Card,101369.69,Paid
501482,701482,Debit Card,2374.15,Paid
501483,701483,Credit Card,64106.74,Paid
501484,701484,COD,10576.83,Paid
501485,701485,Credit Card,17812.19,Paid
501486,701486,COD,12288.39,Paid
501487,701487,COD,3107.43,Paid
501488,701488,Debit Card,803.18,Paid
501489,701489,Debit Card,73256.19,Paid
501490,701490,Credit Card,2626.29,Paid
501491,701491,Credit Card,260.05,Paid
501492,701492,Net Banking,37975.55,Paid
501493,701493,UPI,16282.95,Paid
501494,701494,Debit Card,1597.28,Paid
501495,701495,Debit Card,34073.97,Pending
501496,701496,Net Banking,1472.05,Paid
501497,701497,UPI,2571.81,Paid
501498,701498,Credit Card,9952.9,Paid
501499,701499,UPI,16979.91,Paid
501500,701500,Credit Card,9768.42,Paid
501501,701501,Credit Card,4157.29,Paid
501502,701502,Credit Card,616.04,Paid
501503,701503,Credit Card,21098.21,Paid
501504,701504,Credit Card,16214.88,Paid
501505,701505,UPI,2638.82,Paid
501506,701506,Wallet,1058.34,Paid
501507,701507,UPI,14400.08,Paid
501508,701508,UPI,85665.98,Paid
501509,701509,COD,2860.28,Paid
501510,701510,Credit Card,1256.72,Paid
501511,701511,COD,2246.25,Paid
501512,701512,UPI,2348.99,Paid
501513,701513,Debit Card,14969.29,Paid
501514,701514,UPI,2146.49,Paid
501515,701515,COD,52591.94,Paid
501516,701516,COD,5767.24,Paid
501517,701517,COD,6336.19,Paid
501518,701518,UPI,1569.55,Paid
501519,701519,Credit Card,7862.09,Paid
501520,701520,Credit Card,2064.24,Paid
501521,701521,COD,8163.84,Paid
501522,701522,COD,57507.59,Paid
501523,701523,COD,32191.2,Paid
501524,701524,UPI,61878.88,Paid
501525,701525,Credit Card,5355.59,Paid
501526,701526,UPI,3835.89,Paid
501527,701527,UPI,4563.08,Paid
501528,701528,Credit Card,69747.19,Paid
501529,701529,Credit Card,8921.35,Paid
501530,701530,UPI,6270.68,Pending
501531,701531,UPI,608.54,Paid
501532,701532,Net Banking,61389.43,Paid
501533,701533,UPI,3150.76,Paid
501534,701534,COD,2633.34,Paid
501535,701535,UPI,5977.01,Paid
501536,701536,Debit Card,11733.21,Paid
501537,701537,Credit Card,1245.64,Paid
501538,701538,Credit Card,5455.68,Paid
501539,701539,Wallet,39439.28,Paid
501540,701540,UPI,1400.02,Paid
501541,701541,Credit Card,48090.6,Paid
501542,701542,COD,3669.58,Paid
501543,701543,UPI,6332.91,Paid
501544,701544,Wallet,52205.2,Paid
501545,701545,Credit Card,10666.17,Paid
501546,701546,UPI,1292.49,Paid
501547,701547,UPI,5282.82,Paid
501548,701548,Credit Card,853.37,Failed
501549,701549,UPI,5742.52,Paid
501550,701550,Credit Card,62649.22,Pending
501551,701551,COD,10549.1,Paid
501552,701552,Wallet,64902.83,Paid
501553,701553,Credit Card,25500.52,Paid
501554,701554,UPI,797.87,Paid
501555,701555,COD,15023.91,Paid
501556,701556,UPI,13623.69,Paid
501557,701557,Credit Card,3593.68,Paid
501558,701558,Credit Card,13610.1,Paid
501559,701559,Debit Card,1532.19,Pending
501560,701560,COD,1109.27,Paid
501561,701561,Debit Card,321.18,Paid
501562,701562,Debit Card,551.19,Paid
501563,701563,COD,5558.79,Paid
501564,701564,UPI,480.61,Paid
501565,701565,COD,30124.9,Paid
501566,701566,Wallet,12413.18,Paid
501567,701567,Credit Card,4335.55,Pending
501568,701568,UPI,3732.47,Paid
501569,701569,Net Banking,13736.03,Paid
501570,701570,Credit Card,3864.82,Paid
501571,701571,UPI,15366.32,Paid
501572,701572,UPI,10159.1,Paid
501573,701573,Wallet,21151.75,Paid
501574,701574,UPI,16039.15,Paid
501575,701575,Net Banking,28467.6,Paid
501576,701576,UPI,7742.76,Paid
501577,701577,UPI,1080.92,Paid
501578,701578,Credit Card,1333.54,Paid
501579,701579,Credit Card,1426.3,Paid
501580,701580,Credit Card,11879.25,Paid
501581,701581,UPI,18693.56,Paid
501582,701582,Debit Card,6049.63,Paid
501583,701583,Net Banking,37656.4,Paid
501584,701584,Credit Card,51523.6,Paid
501585,701585,Credit Card,3002.88,Paid
501586,701586,Wallet,11720.65,Paid
501587,701587,UPI,39385.1,Paid
501588,701588,COD,3382.01,Paid
501589,701589,UPI,11013.42,Paid
501590,701590,Credit Card,5633.57,Paid
501591,701591,COD,9683.54,Paid
501592,701592,UPI,6427.85,Paid
501593,701593,UPI,79239.84,Paid
501594,701594,Credit Card,1142.93,Paid
501595,701595,UPI,678.84,Paid
501596,701596,COD,992.39,Paid
501597,701597,UPI,2033.51,Paid
501598,701598,Credit Card,11129.06,Paid
501599,701599,UPI,609.97,Failed
501600,701600,Debit Card,58278.97,Paid
501601,701601,Debit Card,3504.22,Paid
501602,701602,UPI,260.05,Failed
501603,701603,UPI,4989.35,Paid
501604,701604,UPI,13588.74,Paid
501605,701605,Credit Card,3660.02,Paid
501606,701606,Credit Card,13489.61,Paid
501607,701607,COD,16143.04,Pending
501608,701608,Credit Card,120766.96,Paid
501609,701609,UPI,2468.24,Paid
501610,701610,UPI,10529.67,Paid
501611,701611,Credit Card,5896.93,Paid
501612,701612,Credit Card,16243.56,Paid
501613,701613,UPI,12854.69,Paid
501614,701614,UPI,355.37,Paid
501615,701615,COD,38151.75,Paid
501616,701616,UPI,4335.55,Paid
501617,701617,Debit Card,3333.11,Paid
501618,701618,Wallet,6293.58,Paid
501619,701619,Net Banking,3318.03,Paid
501620,701620,Debit Card,1234.14,Paid
501621,701621,UPI,14221.07,Paid
501622,701622,COD,62649.22,Paid
501623,701623,UPI,7790.7,Paid
501624,701624,Credit Card,61894.93,Paid
501625,701625,Wallet,12601.45,Paid
501626,701626,COD,7144.08,Paid
501627,701627,UPI,1682.84,Failed
501628,701628,Debit Card,15832.12,Pending
501629,701629,Debit Card,11481.08,Paid
501630,701630,UPI,4904.02,Paid
501631,701631,Wallet,22640.83,Paid
501632,701632,UPI,2173.96,Paid
501633,701633,UPI,547.39,Paid
501634,701634,UPI,3210.66,Paid
501635,701635,COD,18862.4,Paid
501636,701636,Credit Card,7324.52,Paid
501637,701637,Wallet,9326.8,Paid
501638,701638,COD,13013.44,Paid
501639,701639,Credit Card,58913.3,Paid
501640,701640,Net Banking,5986.39,Paid
501641,701641,UPI,1006.37,Paid
501642,701642,COD,4054.86,Paid
501643,701643,Net Banking,2129.97,Paid
501644,701644,UPI,2872.33,Paid
501645,701645,Credit Card,28675.67,Paid
501646,701646,UPI,103247.93,Failed
501647,701647,Credit Card,4835.82,Paid
501648,701648,UPI,15434.69,Paid
501649,701649,Credit Card,11616.52,Paid
501650,701650,Debit Card,989.59,Paid
501651,701651,Debit Card,13175.2,Paid
501652,701652,Credit Card,705.67,Paid
501653,701653,UPI,14753.0,Paid
501654,701654,Wallet,1789.36,Paid
501655,701655,Credit Card,5768.56,Paid
501656,701656,Wallet,3753.6,Failed
501657,701657,COD,23462.15,Paid
501658,701658,COD,1323.57,Paid
501659,701659,COD,1826.57,Paid
501660,701660,UPI,18625.64,Paid
501661,701661,UPI,6636.92,Paid
501662,701662,Credit Card,1173.49,Paid
501663,701663,UPI,1509.59,Paid
501664,701664,Debit Card,11744.67,Paid
501665,701665,Debit Card,1057.97,Paid
501666,701666,UPI,150738.52,Paid
501667,701667,Net Banking,42303.04,Paid
501668,701668,UPI,4380.66,Paid
501669,701669,Credit Card,3335.56,Paid
501670,701670,UPI,3946.87,Paid
501671,701671,UPI,6726.47,Paid
501672,701672,UPI,20020.89,Paid
501673,701673,UPI,32553.12,Paid
501674,701674,Wallet,109319.62,Paid
501675,701675,Debit Card,787.92,Paid
501676,701676,Debit Card,8330.99,Paid
501677,701677,UPI,3847.31,Paid
501678,701678,UPI,7966.4,Paid
501679,701679,COD,803.15,Paid
501680,701680,UPI,10019.28,Paid
501681,701681,Wallet,17080.56,Paid
501682,701682,Credit Card,2448.53,Paid
501683,701683,UPI,397.82,Paid
501684,701684,Wallet,844.98,Paid
501685,701685,COD,30715.76,Paid
501686,701686,UPI,198.76,Paid
501687,701687,UPI,4095.54,Paid
501688,701688,Credit Card,619.36,Paid
501689,701689,COD,13615.56,Paid
501690,701690,COD,1315.3,Paid
501691,701691,UPI,5169.12,Paid
501692,701692,Credit Card,55075.07,Paid
501693,701693,UPI,2277.96,Paid
501694,701694,COD,901.75,Paid
501695,701695,UPI,1965.27,Paid
501696,701696,Net Banking,3873.17,Paid
501697,701697,Credit Card,26230.62,Failed
501698,701698,UPI,996.36,Paid
501699,701699,UPI,32328.6,Paid
501700,701700,COD,56015.57,Paid
501701,701701,UPI,2728.9,Paid
501702,701702,Credit Card,2912.43,Paid
501703,701703,Credit Card,10094.13,Paid
501704,701704,UPI,4080.52,Paid
501705,701705,UPI,17321.5,Paid
501706,701706,Credit Card,12272.97,Paid
501707,701707,Credit Card,2473.72,Paid
501708,701708,Debit Card,3161.19,Paid
501709,701709,COD,53293.72,Paid
501710,701710,COD,5704.22,Paid
501711,701711,Credit Card,5673.95,Paid
501712,701712,COD,1014.76,Paid
501713,701713,Wallet,9951.98,Paid
501714,701714,Wallet,1849.16,Paid
501715,701715,Debit Card,6410.14,Paid
501716,701716,Net Banking,4721.56,Paid
501717,701717,UPI,8991.82,Paid
501718,701718,Credit Card,20488.43,Paid
501719,701719,UPI,4949.89,Paid
501720,701720,UPI,134229.05,Paid
501721,701721,Debit Card,8903.25,Pending
501722,701722,Credit Card,9343.63,Paid
501723,701723,UPI,3943.51,Paid
501724,701724,Credit Card,4334.18,Paid
501725,701725,Net Banking,1124.34,Paid
501726,701726,COD,3378.24,Paid
501727,701727,COD,3591.14,Paid
501728,701728,Credit Card,495.5,Paid
501729,701729,UPI,5558.46,Pending
501730,701730,UPI,5004.31,Paid
501731,701731,Net Banking,37571.47,Paid
501732,701732,Credit Card,2006.11,Paid
501733,701733,Debit Card,7349.18,Paid
501734,701734,Debit Card,5361.35,Paid
501735,701735,UPI,111210.12,Paid
501736,701736,Credit Card,44757.57,Paid
501737,701737,Credit Card,8158.65,Pending
501738,701738,Credit Card,14788.17,Paid
501739,701739,COD,40914.68,Paid
501740,701740,Debit Card,11320.97,Paid
501741,701741,Debit Card,15578.54,Paid
501742,701742,UPI,1109.27,Paid
501743,701743,UPI,1477.8,Failed
501744,701744,UPI,3413.34,Pending
501745,701745,UPI,513.81,Paid
501746,701746,COD,54796.18,Paid
501747,701747,UPI,7996.26,Paid
501748,701748,UPI,39768.91,Paid
501749,701749,UPI,57110.65,Paid
501750,701750,UPI,13413.95,Paid
501751,701751,Debit Card,3403.89,Paid
501752,701752,COD,8730.74,Paid
501753,701753,UPI,51875.37,Paid
501754,701754,Credit Card,14973.19,Paid
501755,701755,UPI,6394.32,Paid
501756,701756,UPI,884.42,Paid
501757,701757,Debit Card,2775.33,Paid
501758,701758,Credit Card,2518.56,Paid
501759,701759,COD,6994.57,Paid
501760,701760,COD,26247.44,Paid
501761,701761,UPI,22905.08,Paid
501762,701762,Credit Card,13691.25,Paid
501763,701763,Credit Card,721.81,Paid
501764,701764,Debit Card,1400.14,Paid
501765,701765,Net Banking,51823.07,Paid
501766,701766,Debit Card,5500.07,Paid
501767,701767,Credit Card,12600.05,Paid
501768,701768,UPI,204.73,Paid
501769,701769,COD,1104.93,Paid
501770,701770,Debit Card,18439.59,Paid
501771,701771,COD,41497.95,Paid
501772,701772,Credit Card,37699.49,Pending
501773,701773,Credit Card,648.46,Paid
501774,701774,UPI,2033.06,Paid
501775,701775,Debit Card,13576.12,Paid
501776,701776,Net Banking,3378.24,Paid
501777,701777,UPI,126087.61,Paid
501778,701778,Debit Card,6643.71,Paid
501779,701779,UPI,40189.05,Pending
501780,701780,Debit Card,3162.79,Paid
501781,701781,UPI,22574.66,Paid
501782,701782,Debit Card,1044.13,Paid
501783,701783,UPI,12692.74,Paid
501784,701784,UPI,1586.83,Paid
501785,701785,Debit Card,11116.92,Paid
501786,701786,UPI,11422.68,Paid
501787,701787,UPI,13822.29,Paid
501788,701788,Debit Card,31613.71,Paid
501789,701789,Credit Card,1655.88,Paid
501790,701790,Credit Card,6758.27,Paid
501791,701791,COD,5515.98,Paid
501792,701792,Debit Card,1911.38,Paid
501793,701793,Credit Card,11206.71,Paid
501794,701794,Net Banking,64194.03,Paid
501795,701795,Wallet,1510.22,Paid
501796,701796,Debit Card,25384.18,Paid
501797,701797,COD,11891.93,Paid
501798,701798,COD,389.29,Paid
501799,701799,UPI,72722.96,Paid
501800,701800,Debit Card,4154.95,Paid
501801,701801,Credit Card,3588.26,Paid
501802,701802,COD,5191.7,Pending
501803,701803,COD,2964.66,Pending
501804,701804,UPI,10683.03,Pending
501805,701805,Debit Card,11658.68,Paid
501806,701806,Debit Card,429.3,Paid
501807,701807,Debit Card,12394.24,Paid
501808,701808,UPI,944.84,Paid
501809,701809,Credit Card,1245.02,Paid
501810,701810,Net Banking,52757.24,Paid
501811,701811,COD,1645.76,Failed
501812,701812,COD,2360.09,Paid
501813,701813,UPI,710.15,Paid
501814,701814,Net Banking,62855.69,Paid
501815,701815,UPI,3504.36,Paid
501816,701816,Debit Card,1011.7,Paid
501817,701817,UPI,30947.46,Paid
501818,701818,COD,28110.27,Paid
501819,701819,COD,10019.97,Paid
501820,701820,UPI,4903.28,Paid
501821,701821,COD,188690.77,Paid
501822,701822,Credit Card,5208.39,Paid
501823,701823,Credit Card,16709.15,Paid
501824,701824,COD,4590.59,Paid
501825,701825,COD,21519.14,Paid
501826,701826,COD,6410.93,Paid
501827,701827,Debit Card,2107.61,Paid
501828,701828,UPI,18598.98,Paid
501829,701829,Debit Card,2921.97,Paid
501830,701830,Credit Card,3014.38,Paid
501831,701831,Credit Card,1586.83,Paid
501832,701832,Credit Card,2053.9,Paid
501833,701833,COD,2004.06,Paid
501834,701834,UPI,4380.83,Paid
501835,701835,COD,727.9,Paid
501836,701836,Debit Card,255.91,Paid
501837,701837,Credit Card,616.04,Paid
501838,701838,COD,2188.57,Paid
501839,701839,UPI,365.36,Paid
501840,701840,UPI,50509.9,Paid
501841,701841,UPI,7138.33,Paid
501842,701842,COD,27623.66,Paid
501843,701843,COD,3706.07,Paid
501844,701844,UPI,30797.34,Paid
501845,701845,Net Banking,5295.83,Paid
501846,701846,Net Banking,1289.14,Paid
501847,701847,UPI,61143.99,Paid
501848,701848,Net Banking,16382.46,Paid
501849,701849,UPI,548.59,Paid
501850,701850,Debit Card,8939.88,Paid
501851,701851,UPI,947.17,Paid
501852,701852,Debit Card,4748.38,Paid
501853,701853,Debit Card,405.84,Paid
501854,701854,UPI,257.82,Paid
501855,701855,COD,7183.5,Paid
501856,701856,UPI,16578.89,Paid
501857,701857,UPI,3566.96,Paid
501858,701858,UPI,2796.14,Paid
501859,701859,UPI,60892.48,Paid
501860,701860,UPI,1863.13,Paid
501861,701861,COD,6793.55,Paid
501862,701862,UPI,3462.45,Paid
501863,701863,UPI,4823.66,Paid
501864,701864,COD,19321.77,Paid
501865,701865,Credit Card,4307.08,Paid
501866,701866,COD,4443.31,Paid
501867,701867,UPI,2177.44,Paid
501868,701868,Credit Card,1364.98,Paid
501869,701869,UPI,507.31,Paid
501870,701870,UPI,2391.44,Paid
501871,701871,UPI,24290.19,Failed
501872,701872,UPI,1750.18,Paid
501873,701873,UPI,6694.49,Paid
501874,701874,Credit Card,5649.68,Paid
501875,701875,UPI,15669.29,Paid
501876,701876,COD,4610.02,Paid
501877,701877,Credit Card,12268.53,Paid
501878,701878,UPI,10126.16,Paid
501879,701879,UPI,2189.34,Paid
501880,701880,COD,1696.28,Paid
501881,701881,UPI,2360.32,Paid
501882,701882,UPI,24937.36,Paid
501883,701883,UPI,164693.32,Paid
501884,701884,UPI,6680.95,Paid
501885,701885,Debit Card,15507.96,Paid
501886,701886,UPI,4675.07,Paid
501887,701887,UPI,3259.32,Paid
501888,701888,UPI,19781.24,Paid
501889,701889,Net Banking,5060.57,Paid
501890,701890,Credit Card,448.8,Paid
501891,701891,COD,1002.96,Paid
501892,701892,Debit Card,1605.04,Paid
501893,701893,Debit Card,70486.98,Paid
501894,701894,Credit Card,1133.35,Paid
501895,701895,COD,6219.4,Paid
501896,701896,UPI,6051.36,Paid
501897,701897,Credit Card,361.52,Paid
501898,701898,Wallet,10607.22,Paid
501899,701899,UPI,2967.86,Paid
501900,701900,Credit Card,64229.07,Paid
501901,701901,UPI,3593.0,Paid
501902,701902,Net Banking,78556.07,Paid
501903,701903,Credit Card,4905.43,Paid
501904,701904,Net Banking,632.31,Paid
501905,701905,Credit Card,49296.7,Paid
501906,701906,Credit Card,10811.75,Paid
501907,701907,UPI,4863.01,Paid
501908,701908,Credit Card,48407.96,Paid
501909,701909,COD,4274.68,Paid
501910,701910,Credit Card,15888.8,Paid
501911,701911,UPI,2161.18,Paid
501912,701912,UPI,7351.09,Paid
501913,701913,Credit Card,30048.57,Pending
501914,701914,Debit Card,1926.05,Paid
501915,701915,Credit Card,4050.96,Paid
501916,701916,UPI,7772.94,Paid
501917,701917,Credit Card,11268.94,Paid
501918,701918,Net Banking,1220.54,Paid
501919,701919,UPI,19238.38,Paid
501920,701920,COD,312.08,Paid
501921,701921,Credit Card,544.29,Paid
501922,701922,UPI,1124.34,Paid
501923,701923,Credit Card,2069.61,Paid
501924,701924,Net Banking,1892.6,Paid
501925,701925,UPI,1596.08,Paid
501926,701926,Credit Card,19951.94,Paid
501927,701927,Debit Card,626.19,Paid
501928,701928,Credit Card,260.05,Paid
501929,701929,Credit Card,22163.47,Paid
501930,701930,UPI,5929.24,Paid
501931,701931,Wallet,47258.28,Paid
501932,701932,UPI,3173.03,Paid
501933,701933,UPI,88614.16,Paid
501934,701934,UPI,568.36,Paid
501935,701935,Debit Card,2190.42,Paid
501936,701936,Debit Card,1423.46,Paid
501937,701937,Net Banking,2255.03,Paid
501938,701938,Credit Card,16246.21,Pending
501939,701939,UPI,41478.98,Paid
501940,701940,Credit Card,20548.59,Paid
501941,701941,UPI,1897.71,Paid
501942,701942,UPI,44231.63,Paid
501943,701943,Net Banking,628.36,Paid
501944,701944,Credit Card,7554.94,Paid
501945,701945,UPI,304.27,Paid
501946,701946,UPI,243.5,Paid
501947,701947,Credit Card,5310.53,Paid
501948,701948,Debit Card,23155.46,Paid
501949,701949,COD,550.69,Paid
501950,701950,Credit Card,17154.38,Paid
501951,701951,Net Banking,843.6,Paid
501952,701952,UPI,21772.84,Paid
501953,701953,Credit Card,796.68,Paid
501954,701954,UPI,306.63,Paid
501955,701955,UPI,9481.48,Paid
501956,701956,Wallet,6811.16,Paid
501957,701957,Credit Card,5187.5,Paid
501958,701958,UPI,26736.57,Paid
501959,701959,Credit Card,843.26,Paid
501960,701960,UPI,4411.1,Paid
501961,701961,UPI,2331.3,Paid
501962,701962,Credit Card,35021.84,Paid
501963,701963,UPI,11028.02,Paid
501964,701964,Credit Card,4137.66,Paid
501965,701965,Credit Card,1991.72,Paid
501966,701966,Credit Card,122591.14,Paid
501967,701967,UPI,991.0,Paid
501968,701968,Debit Card,9857.83,Paid
501969,701969,COD,8891.46,Paid
501970,701970,UPI,1211.56,Paid
501971,701971,Credit Card,21918.99,Paid
501972,701972,UPI,6470.02,Paid
501973,701973,UPI,23670.52,Paid
501974,701974,Net Banking,3610.13,Paid
501975,701975,Credit Card,34128.75,Paid
501976,701976,UPI,8410.09,Paid
501977,701977,Debit Card,26118.97,Paid
501978,701978,UPI,2786.46,Paid
501979,701979,UPI,21888.46,Paid
501980,701980,UPI,2852.11,Paid
501981,701981,UPI,48400.76,Paid
501982,701982,UPI,294.11,Paid
501983,701983,COD,41782.26,Paid
501984,701984,UPI,8677.76,Paid
501985,701985,COD,6146.64,Paid
501986,701986,UPI,1003.97,Paid
501987,701987,UPI,7218.23,Paid
501988,701988,COD,5892.88,Paid
501989,701989,COD,2415.51,Paid
501990,701990,Credit Card,1812.97,Paid
501991,701991,UPI,4494.71,Paid
501992,701992,UPI,30400.17,Paid
501993,701993,UPI,64646.01,Paid
501994,701994,Credit Card,56619.45,Paid
501995,701995,Debit Card,8410.09,Pending
501996,701996,COD,29331.68,Paid
501997,701997,Credit Card,48561.83,Paid
501998,701998,UPI,638.3,Paid
501999,701999,Credit Card,8557.13,Paid
502000,702000,UPI,1440.81,Paid
502001,702001,Credit Card,11882.73,Paid
502002,702002,Net Banking,25073.94,Paid
502003,702003,Credit Card,3006.27,Paid
502004,702004,UPI,7980.78,Paid
502005,702005,UPI,83328.04,Paid
502006,702006,UPI,9899.39,Paid
502007,702007,UPI,27496.19,Paid
502008,702008,Credit Card,24481.08,Paid
502009,702009,Net Banking,1926.68,Paid
502010,702010,UPI,39680.11,Paid
502011,702011,UPI,1356.16,Paid
502012,702012,Wallet,8368.72,Paid
502013,702013,Credit Card,45811.26,Paid
502014,702014,UPI,2667.08,Paid
502015,702015,UPI,39495.22,Paid
502016,702016,COD,1626.38,Pending
502017,702017,UPI,10419.03,Paid
502018,702018,Debit Card,2432.34,Paid
502019,702019,Debit Card,14518.48,Paid
502020,702020,Wallet,8545.76,Paid
502021,702021,Credit Card,13380.86,Paid
502022,702022,Credit Card,2546.4,Paid
502023,702023,UPI,40485.24,Paid
502024,702024,Net Banking,4970.83,Paid
502025,702025,UPI,19505.71,Paid
502026,702026,Debit Card,12572.21,Paid
502027,702027,UPI,723.86,Pending
502028,702028,Credit Card,38223.9,Paid
502029,702029,Debit Card,90056.93,Paid
502030,702030,Debit Card,5527.03,Paid
502031,702031,Credit Card,11317.67,Paid
502032,702032,UPI,15323.83,Paid
502033,702033,Debit Card,11046.05,Paid
502034,702034,Debit Card,24672.67,Paid
502035,702035,COD,14979.66,Paid
502036,702036,Credit Card,32487.19,Paid
502037,702037,UPI,28523.79,Paid
502038,702038,Net Banking,2056.79,Paid
502039,702039,Debit Card,8203.66,Paid
502040,702040,UPI,14653.4,Paid
502041,702041,COD,9479.7,Paid
502042,702042,Debit Card,563.48,Paid
502043,702043,Debit Card,998.34,Paid
502044,702044,UPI,686.21,Paid
502045,702045,UPI,16015.34,Paid
502046,702046,UPI,3732.47,Paid
502047,702047,Debit Card,126760.11,Paid
502048,702048,Credit Card,4614.85,Pending
502049,702049,UPI,21228.71,Paid
502050,702050,Debit Card,20257.57,Paid
502051,702051,UPI,36095.38,Paid
502052,702052,UPI,1070.39,Paid
502053,702053,UPI,1114.59,Paid
502054,702054,Credit Card,17422.04,Paid
502055,702055,COD,21600.62,Paid
502056,702056,COD,116155.01,Paid
502057,702057,Credit Card,4353.16,Paid
502058,702058,COD,6605.98,Paid
502059,702059,Credit Card,35606.34,Failed
502060,702060,Wallet,54179.97,Paid
502061,702061,COD,15803.05,Paid
502062,702062,Wallet,40872.85,Paid
502063,702063,Debit Card,11077.39,Paid
502064,702064,Debit Card,5182.98,Paid
502065,702065,Credit Card,23476.46,Paid
502066,702066,UPI,8225.48,Paid
502067,702067,Wallet,17621.89,Failed
502068,702068,UPI,17408.95,Paid
502069,702069,UPI,540.46,Paid
502070,702070,COD,5889.59,Paid
502071,702071,UPI,3352.09,Paid
502072,702072,UPI,48102.33,Paid
502073,702073,Debit Card,1645.19,Paid
502074,702074,Debit Card,37954.15,Paid
502075,702075,Debit Card,26709.41,Paid
502076,702076,Credit Card,19980.02,Pending
502077,702077,UPI,3617.74,Paid
502078,702078,Credit Card,87843.58,Paid
502079,702079,Debit Card,15950.04,Failed
502080,702080,UPI,9892.8,Paid
502081,702081,UPI,27851.38,Paid
502082,702082,UPI,2862.67,Paid
502083,702083,UPI,34330.82,Paid
502084,702084,UPI,710.15,Paid
502085,702085,Credit Card,1740.22,Paid
502086,702086,Debit Card,2958.58,Paid
502087,702087,Debit Card,11270.76,Paid
502088,702088,Debit Card,10549.1,Paid
502089,702089,UPI,8340.85,Paid
502090,702090,Credit Card,158562.71,Pending
502091,702091,UPI,7411.28,Paid
502092,702092,UPI,6805.42,Paid
502093,702093,Net Banking,15488.72,Paid
502094,702094,Credit Card,1173.49,Paid
502095,702095,Wallet,2879.96,Paid
502096,702096,COD,959.25,Paid
502097,702097,UPI,27859.08,Paid
502098,702098,Debit Card,4595.15,Paid
502099,702099,Credit Card,42814.98,Paid
502100,702100,Debit Card,30149.83,Paid
502101,702101,UPI,1639.7,Paid
502102,702102,UPI,1281.11,Paid
502103,702103,Debit Card,2945.37,Paid
502104,702104,UPI,4185.07,Paid
502105,702105,UPI,4123.23,Paid
502106,702106,Credit Card,3487.05,Paid
502107,702107,Net Banking,4368.1,Paid
502108,702108,UPI,3398.3,Paid
502109,702109,UPI,5214.91,Paid
502110,702110,UPI,4753.46,Paid
502111,702111,UPI,5238.19,Paid
502112,702112,Credit Card,21140.2,Paid
502113,702113,Credit Card,11733.49,Paid
502114,702114,UPI,17619.86,Paid
502115,702115,Net Banking,5115.78,Paid
502116,702116,UPI,27675.64,Paid
502117,702117,Credit Card,110999.76,Paid
502118,702118,UPI,21121.49,Paid
502119,702119,Credit Card,5457.81,Pending
502120,702120,UPI,11612.58,Paid
502121,702121,Net Banking,39804.05,Paid
502122,702122,Net Banking,22908.4,Paid
502123,702123,UPI,494.45,Paid
502124,702124,Debit Card,20750.0,Paid
502125,702125,UPI,1063.77,Paid
502126,702126,Credit Card,23169.85,Paid
502127,702127,Debit Card,425.2,Paid
502128,702128,Credit Card,3499.13,Paid
502129,702129,Debit Card,15844.69,Paid
502130,702130,COD,29037.02,Paid
502131,702131,Credit Card,2082.75,Paid
502132,702132,COD,5534.43,Paid
502133,702133,Credit Card,20975.04,Paid
502134,702134,Credit Card,2572.44,Paid
502135,702135,COD,16924.12,Paid
502136,702136,Wallet,1977.49,Paid
502137,702137,Net Banking,9431.2,Paid
502138,702138,Credit Card,10249.76,Paid
502139,702139,COD,1667.78,Paid
502140,702140,UPI,1778.84,Paid
502141,702141,Net Banking,942.69,Paid
502142,702142,Debit Card,4918.11,Paid
502143,702143,UPI,12037.34,Paid
502144,702144,COD,5375.79,Paid
502145,702145,Wallet,41278.58,Paid
502146,702146,Credit Card,5402.75,Paid
502147,702147,Debit Card,60427.79,Paid
502148,702148,Credit Card,270.46,Paid
502149,702149,Debit Card,88829.3,Paid
502150,702150,Credit Card,9142.95,Paid
502151,702151,Credit Card,2355.66,Paid
502152,702152,UPI,1605.04,Paid
502153,702153,UPI,8761.32,Paid
502154,702154,Wallet,13164.75,Paid
502155,702155,Debit Card,740.7,Paid
502156,702156,Credit Card,3389.14,Paid
502157,702157,UPI,3333.85,Paid
502158,702158,Debit Card,3495.86,Paid
502159,702159,Credit Card,3838.74,Paid
502160,702160,UPI,5804.22,Paid
502161,702161,Credit Card,31358.05,Paid
502162,702162,Debit Card,10869.56,Paid
502163,702163,UPI,6523.52,Paid
502164,702164,UPI,15783.71,Paid
502165,702165,COD,22101.04,Paid
502166,702166,UPI,4423.92,Paid
502167,702167,Debit Card,26065.16,Paid
502168,702168,Net Banking,69892.68,Paid
502169,702169,Credit Card,11706.86,Paid
502170,702170,UPI,3191.3,Paid
502171,702171,COD,25661.17,Paid
502172,702172,Net Banking,916.82,Paid
502173,702173,UPI,27600.24,Paid
502174,702174,Net Banking,6504.13,Paid
502175,702175,Net Banking,24705.57,Paid
502176,702176,Credit Card,26746.18,Paid
502177,702177,Net Banking,801.02,Paid
502178,702178,Debit Card,2689.71,Paid
502179,702179,UPI,135835.92,Paid
502180,702180,Net Banking,5261.17,Pending
502181,702181,Net Banking,1920.54,Paid
502182,702182,UPI,5187.5,Paid
502183,702183,UPI,21145.21,Paid
502184,702184,Debit Card,4889.31,Paid
502185,702185,Credit Card,9569.75,Paid
502186,702186,UPI,2623.52,Pending
502187,702187,COD,27604.62,Paid
502188,702188,COD,11923.73,Paid
502189,702189,UPI,9927.52,Paid
502190,702190,Wallet,9761.25,Paid
502191,702191,Debit Card,7290.19,Paid
502192,702192,Credit Card,3536.9,Paid
502193,702193,UPI,886.98,Paid
502194,702194,Wallet,11084.64,Paid
502195,702195,Credit Card,15486.52,Paid
502196,702196,COD,7571.98,Paid
502197,702197,Credit Card,9860.71,Paid
502198,702198,UPI,1240.86,Paid
502199,702199,Net Banking,1098.78,Paid
502200,702200,UPI,10156.91,Paid
502201,702201,UPI,1566.77,Paid
502202,702202,Wallet,1769.0,Paid
502203,702203,COD,89912.97,Paid
502204,702204,UPI,9437.17,Paid
502205,702205,UPI,812.03,Paid
502206,702206,UPI,34497.63,Paid
502207,702207,UPI,5037.12,Pending
502208,702208,COD,4823.66,Paid
502209,702209,COD,71113.01,Paid
502210,702210,Credit Card,3971.9,Paid
502211,702211,Debit Card,12382.82,Failed
502212,702212,UPI,2958.38,Paid
502213,702213,UPI,8161.77,Paid
502214,702214,UPI,6779.81,Paid
502215,702215,UPI,3415.72,Paid
502216,702216,Credit Card,14761.98,Paid
502217,702217,UPI,8496.33,Paid
502218,702218,Net Banking,10893.99,Paid
502219,702219,Debit Card,1250.25,Paid
502220,702220,COD,1134.6,Failed
502221,702221,Net Banking,1461.44,Paid
502222,702222,Net Banking,13327.0,Paid
502223,702223,Debit Card,6605.92,Paid
502224,702224,UPI,379.39,Paid
502225,702225,Debit Card,12107.97,Paid
502226,702226,Net Banking,4100.11,Paid
502227,702227,UPI,11830.15,Paid
502228,702228,COD,1918.51,Paid
502229,702229,UPI,6285.51,Paid
502230,702230,Debit Card,124418.37,Paid
502231,702231,Credit Card,7867.29,Paid
502232,702232,Wallet,72850.33,Paid
502233,702233,Debit Card,13815.37,Paid
502234,702234,Net Banking,5495.6,Paid
502235,702235,UPI,12598.38,Paid
502236,702236,Credit Card,5335.79,Failed
502237,702237,Credit Card,13917.7,Paid
502238,702238,Credit Card,923.94,Paid
502239,702239,COD,3552.74,Paid
502240,702240,Debit Card,5841.67,Paid
502241,702241,Net Banking,17286.25,Paid
502242,702242,Net Banking,1553.78,Paid
502243,702243,COD,5842.4,Paid
502244,702244,UPI,1047.53,Paid
502245,702245,UPI,1340.71,Paid
502246,702246,UPI,678.19,Paid
502247,702247,UPI,2502.98,Paid
502248,702248,UPI,4602.71,Paid
502249,702249,UPI,1477.8,Paid
502250,702250,COD,13115.38,Paid
502251,702251,UPI,39245.02,Paid
502252,702252,Credit Card,974.89,Paid
502253,702253,COD,74746.82,Paid
502254,702254,UPI,23355.05,Paid
502255,702255,UPI,12615.14,Paid
502256,702256,UPI,903.57,Paid
502257,702257,UPI,45052.29,Paid
502258,702258,Debit Card,7067.68,Paid
502259,702259,COD,4082.29,Paid
502260,702260,Debit Card,3601.88,Paid
502261,702261,Credit Card,4989.59,Paid
502262,702262,COD,1351.23,Paid
502263,702263,Debit Card,3177.23,Pending
502264,702264,Net Banking,4782.12,Paid
502265,702265,Debit Card,41125.14,Paid
502266,702266,UPI,554.86,Paid
502267,702267,Credit Card,1277.1,Paid
502268,702268,Credit Card,19899.14,Paid
502269,702269,UPI,33430.0,Paid
502270,702270,UPI,3291.15,Paid
502271,702271,UPI,1205.09,Paid
502272,702272,Credit Card,688.8,Paid
502273,702273,Credit Card,4217.14,Paid
502274,702274,Wallet,3785.24,Paid
502275,702275,COD,24208.86,Paid
502276,702276,Credit Card,4738.08,Paid
502277,702277,Debit Card,4142.15,Paid
502278,702278,Credit Card,6347.49,Paid
502279,702279,Debit Card,9362.23,Paid
502280,702280,COD,2473.27,Paid
502281,702281,UPI,1939.79,Paid
502282,702282,Debit Card,5968.9,Paid
502283,702283,Credit Card,29335.46,Paid
502284,702284,Credit Card,30447.26,Paid
502285,702285,COD,18127.09,Paid
502286,702286,Credit Card,6353.99,Paid
502287,702287,Debit Card,9668.07,Paid
502288,702288,Credit Card,2312.5,Paid
502289,702289,UPI,14760.11,Paid
502290,702290,COD,1645.23,Paid
502291,702291,Credit Card,14934.17,Pending
502292,702292,Credit Card,14304.3,Paid
502293,702293,Credit Card,39139.99,Paid
502294,702294,COD,6417.16,Paid
502295,702295,Credit Card,76563.51,Paid
502296,702296,UPI,1532.0,Paid
502297,702297,Wallet,38239.07,Paid
502298,702298,UPI,11593.43,Paid
502299,702299,UPI,56773.75,Paid
502300,702300,COD,2584.56,Paid
502301,702301,UPI,45767.5,Paid
502302,702302,Credit Card,487.0,Paid
502303,702303,COD,24142.44,Paid
502304,702304,Credit Card,7983.84,Paid
502305,702305,UPI,3169.23,Paid
502306,702306,UPI,857.15,Paid
502307,702307,Wallet,9768.42,Paid
502308,702308,Credit Card,408.34,Paid
502309,702309,UPI,21725.59,Pending
502310,702310,Debit Card,24221.31,Paid
502311,702311,Debit Card,28504.26,Paid
502312,702312,Net Banking,8695.84,Paid
502313,702313,UPI,770.71,Paid
502314,702314,Credit Card,28800.16,Paid
502315,702315,Net Banking,34187.75,Paid
502316,702316,Credit Card,8852.14,Paid
502317,702317,Debit Card,22410.5,Paid
502318,702318,Debit Card,812.03,Paid
502319,702319,Debit Card,1643.54,Paid
502320,702320,COD,2242.64,Paid
502321,702321,UPI,6059.52,Pending
502322,702322,Debit Card,4079.51,Paid
502323,702323,Wallet,19691.11,Paid
502324,702324,Credit Card,3287.21,Paid
502325,702325,Credit Card,17868.47,Paid
502326,702326,Net Banking,25530.9,Paid
502327,702327,UPI,2608.31,Paid
502328,702328,COD,23653.4,Paid
502329,702329,COD,3652.46,Paid
502330,702330,Credit Card,2566.9,Paid
502331,702331,Debit Card,10180.82,Pending
502332,702332,Credit Card,2196.6,Failed
502333,702333,UPI,33400.05,Paid
502334,702334,Wallet,131972.0,Paid
502335,702335,UPI,22125.8,Paid
502336,702336,UPI,4463.99,Paid
502337,702337,COD,47706.32,Paid
502338,702338,COD,2855.73,Paid
502339,702339,UPI,26065.56,Paid
502340,702340,Credit Card,4085.52,Paid
502341,702341,COD,1578.1,Paid
502342,702342,Net Banking,10780.95,Pending
502343,702343,Debit Card,939.7,Paid
502344,702344,UPI,2638.8,Paid
502345,702345,UPI,4935.35,Paid
502346,702346,UPI,4682.92,Paid
502347,702347,Credit Card,797.87,Failed
502348,702348,Credit Card,10497.82,Paid
502349,702349,Credit Card,830.92,Failed
502350,702350,UPI,1730.3,Paid
502351,702351,Credit Card,2720.59,Paid
502352,702352,COD,871.69,Paid
502353,702353,Credit Card,813.42,Paid
502354,702354,Debit Card,2963.95,Paid
502355,702355,Credit Card,2958.37,Paid
502356,702356,Debit Card,4413.3,Paid
502357,702357,Credit Card,64070.13,Paid
502358,702358,COD,10258.09,Paid
502359,702359,UPI,5008.95,Paid
502360,702360,UPI,29956.57,Paid
502361,702361,Credit Card,20463.62,Paid
502362,702362,UPI,937.26,Paid
502363,702363,UPI,6238.93,Paid
502364,702364,Wallet,46812.06,Paid
502365,702365,Debit Card,18854.81,Paid
502366,702366,UPI,10725.83,Failed
502367,702367,COD,24290.16,Paid
502368,702368,UPI,9571.68,Paid
502369,702369,UPI,9358.21,Paid
502370,702370,COD,47350.76,Paid
502371,702371,COD,1743.53,Paid
502372,702372,UPI,3455.22,Paid
502373,702373,Debit Card,2264.03,Paid
502374,702374,UPI,20593.38,Paid
502375,702375,UPI,99883.22,Paid
502376,702376,Credit Card,16756.77,Paid
502377,702377,UPI,22163.47,Paid
502378,702378,UPI,2871.89,Paid
502379,702379,Credit Card,595.29,Paid
502380,702380,UPI,46399.64,Paid
502381,702381,UPI,5524.8,Paid
502382,702382,Debit Card,104920.53,Paid
502383,702383,Credit Card,85233.26,Paid
502384,702384,Credit Card,3806.35,Paid
502385,702385,Debit Card,10546.52,Paid
502386,702386,UPI,4368.57,Paid
502387,702387,Credit Card,27493.84,Paid
502388,702388,Credit Card,4089.64,Paid
502389,702389,UPI,1994.89,Pending
502390,702390,UPI,13610.84,Paid
502391,702391,Debit Card,8249.99,Paid
502392,702392,Debit Card,2521.76,Paid
502393,702393,Credit Card,5499.52,Paid
502394,702394,UPI,15200.09,Paid
502395,702395,UPI,5332.66,Paid
502396,702396,Debit Card,7464.94,Paid
502397,702397,UPI,13251.24,Paid
502398,702398,COD,41902.04,Paid
502399,702399,Net Banking,551.19,Paid
502400,702400,Credit Card,6011.0,Paid
502401,702401,UPI,2557.49,Paid
502402,702402,UPI,547.39,Paid
502403,702403,Credit Card,2424.29,Paid
502404,702404,Credit Card,107277.03,Paid
502405,702405,Debit Card,4921.39,Paid
502406,702406,Credit Card,3126.5,Paid
502407,702407,Credit Card,2729.95,Paid
502408,702408,COD,2380.24,Pending
502409,702409,UPI,4591.08,Paid
502410,702410,Wallet,31469.15,Paid
502411,702411,Credit Card,16475.36,Paid
502412,702412,UPI,43675.64,Paid
502413,702413,Credit Card,48279.94,Paid
502414,702414,Wallet,3949.44,Paid
502415,702415,COD,2448.53,Paid
502416,702416,COD,29852.77,Paid
502417,702417,UPI,8470.52,Paid
502418,702418,Credit Card,29213.38,Paid
502419,702419,Credit Card,1075.41,Paid
502420,702420,Credit Card,9370.65,Paid
502421,702421,COD,16450.96,Paid
502422,702422,Debit Card,492.1,Paid
502423,702423,UPI,942.69,Paid
502424,702424,UPI,294.11,Paid
502425,702425,UPI,5869.83,Paid
502426,702426,UPI,524.03,Paid
502427,702427,UPI,25082.62,Paid
502428,702428,UPI,4201.63,Paid
502429,702429,Debit Card,8648.76,Paid
502430,702430,Credit Card,11075.03,Paid
502431,702431,UPI,54876.29,Paid
502432,702432,Credit Card,716.62,Paid
502433,702433,COD,319.83,Paid
502434,702434,UPI,3660.02,Paid
502435,702435,COD,12270.52,Paid
502436,702436,Credit Card,69222.17,Paid
502437,702437,Debit Card,11523.94,Paid
502438,702438,UPI,14400.08,Paid
502439,702439,Credit Card,6755.31,Paid
502440,702440,UPI,1044.92,Paid
502441,702441,UPI,59351.89,Paid
502442,702442,Credit Card,2146.49,Paid
502443,702443,Net Banking,8699.49,Paid
502444,702444,COD,548.59,Paid
502445,702445,UPI,8241.57,Paid
502446,702446,UPI,3464.41,Paid
502447,702447,COD,24562.63,Paid
502448,702448,Debit Card,10443.57,Paid
502449,702449,Credit Card,18506.51,Paid
502450,702450,UPI,248.6,Paid
502451,702451,COD,2277.54,Paid
502452,702452,UPI,97986.81,Paid
502453,702453,Debit Card,2712.32,Paid
502454,702454,UPI,6657.52,Paid
502455,702455,COD,64376.46,Paid
502456,702456,Credit Card,338.08,Paid
502457,702457,Debit Card,2388.53,Failed
502458,702458,Credit Card,3831.3,Paid
502459,702459,UPI,4052.36,Paid
502460,702460,Credit Card,1675.9,Paid
502461,702461,Credit Card,26722.72,Failed
502462,702462,UPI,4037.19,Paid
502463,702463,Credit Card,767.73,Paid
502464,702464,Debit Card,1565.76,Failed
502465,702465,Credit Card,10220.97,Paid
502466,702466,Credit Card,1017.12,Paid
502467,702467,UPI,17187.41,Paid
502468,702468,Credit Card,11991.36,Paid
502469,702469,Credit Card,3593.0,Paid
502470,702470,Credit Card,3887.09,Paid
502471,702471,COD,401.56,Paid
502472,702472,COD,3126.81,Paid
502473,702473,Debit Card,43444.93,Paid
502474,702474,UPI,3867.99,Paid
502475,702475,Wallet,3068.6,Paid
502476,702476,COD,20790.21,Paid
502477,702477,COD,22738.21,Paid
502478,702478,COD,2140.06,Paid
502479,702479,Debit Card,549.55,Paid
502480,702480,UPI,66702.95,Paid
502481,702481,UPI,1496.75,Paid
502482,702482,UPI,27258.43,Paid
502483,702483,UPI,4649.3,Paid
502484,702484,Debit Card,429.3,Paid
502485,702485,Credit Card,710.15,Paid
502486,702486,COD,5133.73,Paid
502487,702487,Credit Card,466.14,Paid
502488,702488,Credit Card,3903.86,Paid
502489,702489,Debit Card,4280.21,Paid
502490,702490,Debit Card,35222.72,Paid
502491,702491,Credit Card,6839.76,Paid
502492,702492,UPI,30572.23,Paid
502493,702493,Credit Card,35023.64,Paid
502494,702494,Credit Card,9471.48,Paid
502495,702495,Debit Card,1542.48,Paid
502496,702496,Debit Card,5037.46,Paid
502497,702497,UPI,49771.43,Paid
502498,702498,UPI,125430.07,Paid
502499,702499,UPI,1792.65,Paid
502500,702500,Debit Card,281.74,Paid
502501,702501,UPI,959.25,Failed
502502,702502,UPI,1094.78,Paid
502503,702503,Debit Card,8265.27,Paid
502504,702504,Credit Card,129623.18,Paid
502505,702505,UPI,8225.48,Paid
502506,702506,Credit Card,68937.6,Paid
502507,702507,COD,2091.18,Paid
502508,702508,UPI,2382.24,Paid
502509,702509,UPI,1508.75,Paid
502510,702510,UPI,4069.18,Paid
502511,702511,UPI,6669.58,Paid
502512,702512,UPI,16448.89,Failed
502513,702513,Credit Card,494.45,Paid
502514,702514,Wallet,19468.5,Paid
502515,702515,UPI,48047.34,Paid
502516,702516,Credit Card,3726.67,Paid
502517,702517,Debit Card,2481.91,Paid
502518,702518,Credit Card,572.94,Paid
502519,702519,Net Banking,78296.85,Paid
502520,702520,COD,10291.25,Paid
502521,702521,Credit Card,20469.19,Paid
502522,702522,Wallet,19791.25,Paid
502523,702523,Debit Card,4940.87,Paid
502524,702524,UPI,5902.38,Paid
502525,702525,UPI,887.48,Paid
502526,702526,Debit Card,947.17,Paid
502527,702527,UPI,462.38,Paid
502528,702528,Net Banking,8965.84,Paid
502529,702529,Wallet,60915.13,Paid
502530,702530,UPI,97603.98,Paid
502531,702531,UPI,2565.38,Paid
502532,702532,Debit Card,2872.69,Paid
502533,702533,Credit Card,3553.28,Paid
502534,702534,UPI,760.29,Paid
502535,702535,Net Banking,100610.45,Paid
502536,702536,Credit Card,2888.12,Paid
502537,702537,UPI,8179.57,Paid
502538,702538,Debit Card,882.13,Failed
502539,702539,Debit Card,490.84,Paid
502540,702540,Wallet,338.08,Paid
502541,702541,UPI,15568.91,Paid
502542,702542,Credit Card,780.89,Paid
502543,702543,Credit Card,19987.1,Paid
502544,702544,UPI,4320.31,Paid
502545,702545,UPI,8967.07,Paid
502546,702546,UPI,12566.7,Paid
502547,702547,UPI,916.88,Paid
502548,702548,Credit Card,3303.77,Paid
502549,702549,UPI,12298.19,Paid
502550,702550,Net Banking,10460.54,Paid
502551,702551,UPI,6915.56,Paid
502552,702552,COD,521.83,Paid
502553,702553,Debit Card,678.84,Paid
502554,702554,UPI,723.86,Paid
502555,702555,UPI,230.32,Failed
502556,702556,Credit Card,17505.69,Failed
502557,702557,UPI,133303.22,Paid
502558,702558,Debit Card,28959.33,Paid
502559,702559,Debit Card,14963.17,Paid
502560,702560,Credit Card,22992.48,Paid
502561,702561,UPI,5663.76,Paid
502562,702562,UPI,49612.98,Failed
502563,702563,Net Banking,1801.68,Paid
502564,702564,UPI,41519.97,Paid
502565,702565,UPI,5305.87,Paid
502566,702566,Debit Card,73329.16,Pending
502567,702567,COD,5209.77,Paid
502568,702568,UPI,27710.73,Paid
502569,702569,Debit Card,16223.24,Paid
502570,702570,COD,42664.06,Paid
502571,702571,Credit Card,69275.98,Paid
502572,702572,UPI,1736.59,Paid
502573,702573,Credit Card,1781.11,Paid
502574,702574,Debit Card,6763.71,Failed
502575,702575,Credit Card,2281.69,Failed
502576,702576,UPI,207273.39,Paid
502577,702577,Debit Card,21197.36,Paid
502578,702578,Credit Card,932.28,Paid
502579,702579,Credit Card,6882.96,Paid
502580,702580,UPI,32897.44,Paid
502581,702581,COD,10910.11,Paid
502582,702582,Credit Card,729.31,Pending
502583,702583,COD,430.83,Paid
502584,702584,COD,4115.67,Paid
502585,702585,Net Banking,16000.09,Failed
502586,702586,Debit Card,89003.29,Pending
502587,702587,Debit Card,21544.38,Paid
502588,702588,Credit Card,28169.9,Paid
502589,702589,UPI,1294.82,Paid
502590,702590,COD,21098.21,Paid
502591,702591,Net Banking,3508.73,Paid
502592,702592,Credit Card,1755.56,Paid
502593,702593,Credit Card,3150.32,Paid
502594,702594,Credit Card,22552.35,Paid
502595,702595,UPI,1670.58,Paid
502596,702596,Debit Card,3768.27,Paid
502597,702597,Credit Card,29241.16,Paid
502598,702598,UPI,67114.53,Paid
502599,702599,Net Banking,676.7,Paid
502600,702600,Wallet,4161.63,Paid
502601,702601,UPI,1674.23,Paid
502602,702602,Credit Card,9671.6,Paid
502603,702603,Wallet,13285.09,Paid
502604,702604,UPI,8507.41,Paid
502605,702605,COD,6844.91,Paid
502606,702606,UPI,1213.24,Paid
502607,702607,Credit Card,1006.37,Paid
502608,702608,COD,9327.0,Paid
502609,702609,Net Banking,501.48,Paid
502610,702610,UPI,8046.23,Paid
502611,702611,Credit Card,51063.91,Paid
502612,702612,Net Banking,5134.75,Paid
502613,702613,Credit Card,5432.36,Paid
502614,702614,Debit Card,2541.96,Paid
502615,702615,UPI,2033.51,Paid
502616,702616,UPI,57110.65,Failed
502617,702617,UPI,3173.66,Paid
502618,702618,Credit Card,1236.13,Paid
502619,702619,COD,4284.44,Paid
502620,702620,Debit Card,6984.78,Paid
502621,702621,UPI,595.29,Paid
502622,702622,UPI,13391.13,Paid
502623,702623,Net Banking,2476.39,Paid
502624,702624,UPI,3278.79,Paid
502625,702625,UPI,961.22,Paid
502626,702626,Debit Card,26587.13,Paid
502627,702627,UPI,11551.15,Paid
502628,702628,UPI,11640.98,Paid
502629,702629,UPI,15584.63,Paid
502630,702630,COD,10168.33,Paid
502631,702631,UPI,12017.5,Paid
502632,702632,UPI,10241.43,Paid
502633,702633,COD,1135.98,Paid
502634,702634,UPI,9335.65,Paid
502635,702635,Credit Card,755.87,Failed
502636,702636,UPI,2533.79,Paid
502637,702637,UPI,79583.63,Paid
502638,702638,UPI,2035.75,Paid
502639,702639,UPI,45688.52,Paid
502640,702640,Debit Card,32772.7,Paid
502641,702641,UPI,4614.85,Paid
502642,702642,Credit Card,91822.7,Paid
502643,702643,Credit Card,26849.47,Paid
502644,702644,UPI,13342.23,Failed
502645,702645,UPI,6009.62,Paid
502646,702646,UPI,1511.58,Paid
502647,702647,Credit Card,11503.3,Paid
502648,702648,Credit Card,3239.24,Paid
502649,702649,UPI,25278.22,Paid
502650,702650,Net Banking,39581.36,Paid
502651,702651,Debit Card,7979.12,Paid
502652,702652,Wallet,631.51,Paid
502653,702653,UPI,1111.28,Paid
502654,702654,Credit Card,4559.22,Paid
502655,702655,UPI,466.98,Paid
502656,702656,UPI,24869.7,Paid
502657,702657,Credit Card,1838.99,Paid
502658,702658,UPI,29825.66,Paid
502659,702659,UPI,31858.31,Paid
502660,702660,Credit Card,4915.0,Paid
502661,702661,COD,4978.31,Paid
502662,702662,UPI,8110.56,Paid
502663,702663,COD,1514.61,Paid
502664,702664,UPI,71683.92,Paid
502665,702665,Credit Card,230018.71,Pending
502666,702666,UPI,20447.59,Pending
502667,702667,COD,700.38,Paid
502668,702668,UPI,8927.2,Paid
502669,702669,Credit Card,3939.83,Paid
502670,702670,UPI,745.9,Paid
502671,702671,COD,27594.36,Paid
502672,702672,UPI,47947.89,Paid
502673,702673,Credit Card,9181.17,Pending
502674,702674,COD,1734.87,Paid
502675,702675,Debit Card,13344.49,Paid
502676,702676,Wallet,3939.83,Paid
502677,702677,Credit Card,11009.55,Paid
502678,702678,Credit Card,5144.85,Paid
502679,702679,UPI,11086.46,Paid
502680,702680,UPI,6408.39,Paid
502681,702681,UPI,1334.03,Paid
502682,702682,Net Banking,7533.9,Paid
502683,702683,Credit Card,1259.45,Paid
502684,702684,UPI,14489.01,Paid
502685,702685,COD,2359.03,Paid
502686,702686,Credit Card,649.33,Paid
502687,702687,COD,14843.23,Paid
502688,702688,Credit Card,1425.48,Paid
502689,702689,Net Banking,11835.26,Paid
502690,702690,COD,35293.01,Failed
502691,702691,Debit Card,21375.98,Pending
502692,702692,Credit Card,68853.58,Paid
502693,702693,Credit Card,5428.44,Paid
502694,702694,Debit Card,24328.49,Paid
502695,702695,COD,8443.78,Paid
502696,702696,UPI,3714.99,Paid
502697,702697,UPI,5190.21,Pending
502698,702698,Wallet,244.75,Paid
502699,702699,UPI,3360.84,Paid
502700,702700,UPI,7700.59,Paid
502701,702701,UPI,2376.06,Paid
502702,702702,UPI,1113.65,Failed
502703,702703,UPI,7376.75,Paid
502704,702704,Credit Card,19593.0,Paid
502705,702705,Credit Card,12525.21,Paid
502706,702706,UPI,710.15,Paid
502707,702707,Net Banking,5901.27,Paid
502708,702708,Credit Card,1003.97,Paid
502709,702709,Debit Card,109514.67,Paid
502710,702710,Debit Card,11081.74,Paid
502711,702711,UPI,4867.96,Paid
502712,702712,UPI,60049.84,Paid
502713,702713,Credit Card,11809.89,Paid
502714,702714,Net Banking,1114.2,Pending
502715,702715,COD,3717.08,Paid
502716,702716,UPI,71291.11,Paid
502717,702717,UPI,2736.36,Failed
502718,702718,UPI,2551.02,Paid
502719,702719,UPI,16227.67,Paid
502720,702720,UPI,1750.94,Pending
502721,702721,UPI,8766.67,Paid
502722,702722,UPI,12744.01,Paid
502723,702723,Debit Card,1461.44,Paid
502724,702724,UPI,46983.26,Paid
502725,702725,UPI,30377.52,Paid
502726,702726,Credit Card,7000.48,Paid
502727,702727,Credit Card,1299.09,Paid
502728,702728,UPI,4909.76,Paid
502729,702729,Debit Card,803.18,Paid
502730,702730,Wallet,3403.89,Paid
502731,702731,Credit Card,15033.69,Paid
502732,702732,UPI,63043.8,Paid
502733,702733,Net Banking,30872.26,Paid
502734,702734,COD,7257.2,Paid
502735,702735,UPI,23441.19,Paid
502736,702736,Credit Card,21823.77,Pending
502737,702737,COD,1428.15,Paid
502738,702738,Credit Card,26857.97,Paid
502739,702739,Debit Card,1898.1,Paid
502740,702740,UPI,3427.26,Paid
502741,702741,Debit Card,9759.61,Paid
502742,702742,Debit Card,4841.96,Paid
502743,702743,UPI,8136.12,Paid
502744,702744,UPI,15006.55,Paid
502745,702745,Debit Card,17718.86,Paid
502746,702746,UPI,1253.12,Paid
502747,702747,Net Banking,36879.17,Paid
502748,702748,Credit Card,959.25,Paid
502749,702749,Credit Card,36573.56,Failed
502750,702750,Credit Card,8740.17,Paid
502751,702751,Credit Card,6209.18,Paid
502752,702752,UPI,599.93,Paid
502753,702753,UPI,18842.25,Paid
502754,702754,UPI,3150.32,Paid
502755,702755,UPI,4653.28,Paid
502756,702756,COD,39706.98,Paid
502757,702757,Wallet,2370.13,Paid
502758,702758,UPI,10299.87,Paid
502759,702759,UPI,3539.69,Paid
502760,702760,Credit Card,1462.39,Paid
502761,702761,Wallet,111095.84,Paid
502762,702762,UPI,988.9,Paid
502763,702763,COD,1534.47,Paid
502764,702764,UPI,324.67,Paid
502765,702765,Net Banking,1451.25,Paid
502766,702766,COD,1585.81,Paid
502767,702767,Credit Card,10016.19,Paid
502768,702768,UPI,22950.13,Paid
502769,702769,Debit Card,3716.57,Paid
502770,702770,UPI,529.25,Failed
502771,702771,UPI,6026.76,Paid
502772,702772,UPI,1436.35,Paid
502773,702773,Credit Card,30280.12,Failed
502774,702774,Credit Card,6969.64,Paid
502775,702775,Debit Card,354.32,Paid
502776,702776,Debit Card,957.83,Paid
502777,702777,Credit Card,40284.96,Paid
502778,702778,UPI,3905.24,Paid
502779,702779,Wallet,26689.85,Paid
502780,702780,COD,41751.64,Failed
502781,702781,Net Banking,18233.0,Paid
502782,702782,UPI,26532.18,Paid
502783,702783,Credit Card,2256.08,Paid
502784,702784,UPI,12271.4,Paid
502785,702785,Debit Card,7711.91,Paid
502786,702786,Net Banking,2600.16,Paid
502787,702787,Credit Card,619.87,Paid
502788,702788,UPI,3375.3,Paid
502789,702789,Net Banking,2302.02,Paid
502790,702790,UPI,13137.39,Paid
502791,702791,Credit Card,853.37,Paid
502792,702792,UPI,6219.4,Paid
502793,702793,COD,2750.52,Paid
502794,702794,Net Banking,1173.2,Paid
502795,702795,UPI,3660.02,Paid
502796,702796,UPI,24858.33,Paid
502797,702797,UPI,3684.37,Pending
502798,702798,UPI,1553.78,Paid
502799,702799,Debit Card,13502.25,Paid
502800,702800,COD,37296.36,Paid
502801,702801,Debit Card,45127.42,Paid
502802,702802,UPI,70581.41,Paid
502803,702803,UPI,2916.8,Paid
502804,702804,UPI,2778.41,Paid
502805,702805,Wallet,8315.43,Paid
502806,702806,Debit Card,2833.14,Paid
502807,702807,UPI,8862.45,Pending
502808,702808,Debit Card,15926.03,Paid
502809,702809,Debit Card,13789.19,Paid
502810,702810,COD,3943.62,Paid
502811,702811,Credit Card,1050.91,Paid
502812,702812,Net Banking,6491.25,Paid
502813,702813,UPI,2621.64,Paid
502814,702814,Debit Card,130337.94,Paid
502815,702815,UPI,16331.21,Paid
502816,702816,COD,3980.09,Paid
502817,702817,Credit Card,11065.86,Pending
502818,702818,COD,994.98,Pending
502819,702819,UPI,1047.53,Paid
502820,702820,UPI,6409.46,Paid
502821,702821,Credit Card,9275.53,Paid
502822,702822,UPI,23016.97,Paid
502823,702823,COD,6144.75,Paid
502824,702824,Credit Card,28658.62,Paid
502825,702825,COD,7534.74,Paid
502826,702826,UPI,8238.25,Paid
502827,702827,Net Banking,58727.46,Paid
502828,702828,Net Banking,23919.2,Paid
502829,702829,COD,1797.96,Paid
502830,702830,UPI,43569.2,Paid
502831,702831,Net Banking,2245.19,Paid
502832,702832,UPI,5119.32,Paid
502833,702833,UPI,119534.63,Paid
502834,702834,Net Banking,26360.09,Paid
502835,702835,COD,36636.9,Paid
502836,702836,Wallet,38597.17,Paid
502837,702837,UPI,9619.19,Paid
502838,702838,UPI,3990.05,Paid
502839,702839,Debit Card,2397.02,Paid
502840,702840,Debit Card,1476.65,Paid
502841,702841,Debit Card,43475.11,Paid
502842,702842,Credit Card,14381.71,Failed
502843,702843,Credit Card,11835.26,Failed
502844,702844,UPI,3743.05,Paid
502845,702845,Debit Card,689.77,Paid
502846,702846,Net Banking,2877.58,Paid
502847,702847,COD,5361.9,Paid
502848,702848,Credit Card,12671.56,Paid
502849,702849,UPI,2019.17,Paid
502850,702850,Net Banking,7450.64,Paid
502851,702851,Debit Card,9245.22,Paid
502852,702852,Debit Card,696.09,Pending
502853,702853,Net Banking,521.83,Paid
502854,702854,Debit Card,6540.34,Paid
502855,702855,COD,2849.75,Paid
502856,702856,Net Banking,7447.9,Paid
502857,702857,Net Banking,7620.33,Paid
502858,702858,Credit Card,11204.78,Paid
502859,702859,Wallet,1058.34,Paid
502860,702860,Credit Card,34874.75,Paid
502861,702861,Net Banking,1392.85,Failed
502862,702862,Credit Card,2023.81,Paid
502863,702863,COD,48801.99,Paid
502864,702864,Credit Card,15675.11,Paid
502865,702865,UPI,4399.64,Paid
502866,702866,Net Banking,39970.87,Paid
502867,702867,Wallet,48225.12,Paid
502868,702868,UPI,676.94,Paid
502869,702869,Credit Card,8088.47,Paid
502870,702870,COD,22135.31,Paid
502871,702871,Debit Card,4835.82,Paid
502872,702872,Credit Card,46431.27,Paid
502873,702873,Wallet,20328.36,Paid
502874,702874,COD,26185.32,Pending
502875,702875,UPI,12346.1,Paid
502876,702876,COD,4102.22,Paid
502877,702877,UPI,13884.19,Paid
502878,702878,Debit Card,547.39,Paid
502879,702879,UPI,7430.22,Paid
502880,702880,Credit Card,11070.69,Paid
502881,702881,COD,5443.1,Paid
502882,702882,COD,4796.17,Paid
502883,702883,Debit Card,67533.12,Paid
502884,702884,Debit Card,3474.66,Paid
502885,702885,UPI,928.12,Paid
502886,702886,UPI,9909.88,Paid
502887,702887,UPI,3014.16,Paid
502888,702888,COD,15017.29,Paid
502889,702889,UPI,5352.31,Paid
502890,702890,Wallet,4037.47,Paid
502891,702891,UPI,46681.95,Paid
502892,702892,Debit Card,2171.57,Paid
502893,702893,UPI,31398.25,Paid
502894,702894,UPI,5184.58,Paid
502895,702895,Net Banking,51601.66,Paid
502896,702896,Debit Card,1486.48,Paid
502897,702897,Wallet,21001.43,Paid
502898,702898,UPI,22424.71,Paid
502899,702899,UPI,745.57,Paid
502900,702900,COD,10979.33,Paid
502901,702901,Credit Card,18404.33,Paid
502902,702902,Credit Card,1381.14,Paid
502903,702903,Credit Card,1236.63,Paid
502904,702904,UPI,24069.08,Paid
502905,702905,UPI,27169.85,Paid
502906,702906,Credit Card,43229.48,Paid
502907,702907,COD,114063.68,Paid
502908,702908,UPI,13341.13,Paid
502909,702909,UPI,33044.07,Paid
502910,702910,Credit Card,583.61,Paid
502911,702911,UPI,4357.76,Paid
502912,702912,UPI,24931.98,Paid
502913,702913,UPI,2034.59,Pending
502914,702914,COD,7627.81,Paid
502915,702915,Credit Card,19619.4,Paid
502916,702916,Debit Card,13027.94,Paid
502917,702917,UPI,1065.56,Failed
502918,702918,UPI,2095.6,Paid
502919,702919,Credit Card,13509.97,Paid
502920,702920,UPI,10031.55,Paid
502921,702921,Debit Card,810.35,Paid
502922,702922,UPI,939.93,Paid
502923,702923,Net Banking,3955.65,Paid
502924,702924,Net Banking,462.28,Paid
502925,702925,Credit Card,6388.21,Paid
502926,702926,Wallet,25543.27,Paid
502927,702927,COD,1231.72,Paid
502928,702928,Credit Card,35689.41,Paid
502929,702929,Debit Card,7591.36,Paid
502930,702930,COD,2248.03,Paid
502931,702931,COD,8872.97,Paid
502932,702932,Credit Card,45047.08,Paid
502933,702933,Credit Card,138267.72,Paid
502934,702934,Debit Card,3282.46,Paid
502935,702935,Debit Card,1348.81,Paid
502936,702936,Debit Card,97147.46,Paid
502937,702937,UPI,30138.65,Paid
502938,702938,Credit Card,6410.83,Paid
502939,702939,UPI,44165.24,Paid
502940,702940,Credit Card,2921.97,Paid
502941,702941,COD,49632.63,Paid
502942,702942,Net Banking,7670.8,Paid
502943,702943,COD,8344.83,Paid
502944,702944,UPI,38867.3,Paid
502945,702945,Credit Card,3558.34,Paid
502946,702946,Debit Card,2667.18,Paid
502947,702947,Debit Card,674.95,Paid
502948,702948,Net Banking,230.32,Paid
502949,702949,Credit Card,4222.87,Paid
502950,702950,COD,1948.74,Paid
502951,702951,Credit Card,11284.25,Paid
502952,702952,Wallet,5059.9,Paid
502953,702953,UPI,3649.75,Paid
502954,702954,COD,19979.32,Paid
502955,702955,UPI,13425.15,Paid
502956,702956,Debit Card,5499.52,Paid
502957,702957,UPI,337.23,Paid
502958,702958,Wallet,8205.24,Paid
502959,702959,Wallet,1437.55,Paid
502960,702960,Debit Card,294.11,Paid
502961,702961,Wallet,7992.97,Paid
502962,702962,Wallet,51720.08,Failed
502963,702963,COD,5629.79,Paid
502964,702964,UPI,15998.71,Paid
502965,702965,Credit Card,21989.23,Paid
502966,702966,UPI,8336.97,Paid
502967,702967,COD,109216.59,Paid
502968,702968,Debit Card,103687.34,Paid
502969,702969,Debit Card,8295.95,Paid
502970,702970,UPI,2088.28,Paid
502971,702971,COD,39410.72,Paid
502972,702972,Credit Card,33320.49,Paid
502973,702973,UPI,1447.71,Paid
502974,702974,UPI,7542.42,Paid
502975,702975,Debit Card,9010.91,Paid
502976,702976,COD,322.37,Paid
502977,702977,UPI,39763.07,Paid
502978,702978,UPI,9008.64,Paid
502979,702979,UPI,15150.02,Paid
502980,702980,Net Banking,11105.14,Paid
502981,702981,COD,21787.97,Pending
502982,702982,UPI,1949.78,Paid
502983,702983,Credit Card,4065.8,Paid
502984,702984,UPI,3880.33,Paid
502985,702985,Credit Card,1560.18,Pending
502986,702986,UPI,47320.71,Paid
502987,702987,Net Banking,55234.5,Paid
502988,702988,Credit Card,3301.33,Paid
502989,702989,Credit Card,355.37,Paid
502990,702990,UPI,10460.54,Paid
502991,702991,Credit Card,5823.02,Paid
502992,702992,COD,73667.43,Paid
502993,702993,Debit Card,3937.01,Paid
502994,702994,Debit Card,2137.34,Paid
502995,702995,Wallet,76647.93,Paid
502996,702996,Net Banking,22827.84,Paid
502997,702997,Net Banking,695.77,Paid
502998,702998,UPI,9459.7,Paid
502999,702999,Net Banking,2436.1,Paid
503000,703000,UPI,42452.55,Paid
503001,703001,Credit Card,10201.3,Paid
503002,703002,UPI,893.08,Paid
503003,703003,COD,35308.69,Paid
503004,703004,Wallet,8699.8,Paid
503005,703005,UPI,12432.13,Paid
503006,703006,Net Banking,8123.06,Paid
503007,703007,UPI,69745.53,Paid
503008,703008,Debit Card,7081.73,Paid
503009,703009,Credit Card,1232.66,Pending
503010,703010,UPI,9916.54,Paid
503011,703011,Debit Card,1102.14,Paid
503012,703012,Credit Card,15312.29,Paid
503013,703013,Credit Card,14612.32,Paid
503014,703014,Credit Card,4561.48,Paid
503015,703015,UPI,27396.52,Paid
503016,703016,Credit Card,2913.22,Paid
503017,703017,UPI,13522.66,Paid
503018,703018,Credit Card,6234.88,Paid
503019,703019,Wallet,5866.78,Paid
503020,703020,Credit Card,6166.08,Paid
503021,703021,COD,4147.19,Paid
503022,703022,UPI,10292.22,Paid
503023,703023,Credit Card,24004.88,Paid
503024,703024,UPI,40081.23,Paid
503025,703025,Credit Card,38880.38,Paid
503026,703026,COD,63927.2,Paid
503027,703027,Credit Card,3083.1,Paid
503028,703028,Debit Card,749.6,Paid
503029,703029,UPI,48023.93,Paid
503030,703030,Debit Card,3807.04,Paid
503031,703031,COD,551.19,Paid
503032,703032,UPI,6600.09,Paid
503033,703033,Credit Card,15863.75,Paid
503034,703034,Wallet,29847.34,Paid
503035,703035,Net Banking,884.42,Paid
503036,703036,Credit Card,2699.87,Paid
503037,703037,Credit Card,635.26,Paid
503038,703038,Credit Card,46361.89,Paid
503039,703039,Credit Card,60277.29,Paid
503040,703040,UPI,11026.42,Failed
503041,703041,Credit Card,10246.71,Paid
503042,703042,Wallet,3982.49,Paid
503043,703043,UPI,1097.17,Paid
503044,703044,Credit Card,4399.64,Paid
503045,703045,Debit Card,18312.2,Paid
503046,703046,Debit Card,115278.6,Paid
503047,703047,Credit Card,22079.13,Paid
503048,703048,Debit Card,18465.23,Paid
503049,703049,COD,13362.07,Paid
503050,703050,Credit Card,14963.96,Paid
503051,703051,Wallet,10829.62,Paid
503052,703052,COD,3146.79,Paid
503053,703053,UPI,50828.43,Paid
503054,703054,Net Banking,10016.19,Paid
503055,703055,Credit Card,2033.51,Paid
503056,703056,UPI,2062.84,Paid
503057,703057,COD,11456.36,Paid
503058,703058,Credit Card,15681.92,Paid
503059,703059,Credit Card,11818.41,Paid
503060,703060,UPI,1868.46,Paid
503061,703061,Debit Card,13815.93,Paid
503062,703062,Debit Card,12952.59,Paid
503063,703063,COD,24382.54,Paid
503064,703064,Credit Card,3406.63,Paid
503065,703065,Net Banking,26700.66,Paid
503066,703066,Credit Card,3625.56,Paid
503067,703067,Debit Card,1460.58,Paid
503068,703068,UPI,894.68,Paid
503069,703069,Net Banking,32550.65,Failed
503070,703070,COD,17733.12,Paid
503071,703071,Net Banking,20952.31,Paid
503072,703072,UPI,2868.74,Paid
503073,703073,UPI,497.02,Paid
503074,703074,UPI,4189.98,Paid
503075,703075,UPI,2166.78,Paid
503076,703076,Net Banking,54255.12,Paid
503077,703077,UPI,27027.72,Paid
503078,703078,Net Banking,30816.69,Paid
503079,703079,UPI,1558.64,Paid
503080,703080,Credit Card,3107.43,Pending
503081,703081,Wallet,10907.13,Paid
503082,703082,COD,7348.7,Paid
503083,703083,UPI,4110.39,Paid
503084,703084,UPI,1573.35,Paid
503085,703085,Debit Card,11215.82,Paid
503086,703086,Credit Card,7320.04,Paid
503087,703087,COD,7876.19,Paid
503088,703088,UPI,4191.97,Pending
503089,703089,UPI,51063.75,Paid
503090,703090,UPI,1164.22,Paid
503091,703091,UPI,15200.09,Paid
503092,703092,UPI,7504.33,Paid
503093,703093,Credit Card,2633.36,Pending
503094,703094,COD,9431.2,Paid
503095,703095,COD,25661.0,Paid
503096,703096,COD,9700.82,Paid
503097,703097,UPI,2448.53,Paid
503098,703098,Credit Card,4196.71,Paid
503099,703099,Credit Card,5225.66,Paid
503100,703100,UPI,8479.57,Paid
503101,703101,UPI,2040.61,Paid
503102,703102,UPI,2759.6,Paid
503103,703103,Wallet,6126.48,Paid
503104,703104,UPI,2943.73,Paid
503105,703105,Credit Card,6578.71,Paid
503106,703106,Credit Card,7275.62,Paid
503107,703107,UPI,12750.85,Paid
503108,703108,COD,364.96,Paid
503109,703109,UPI,22672.9,Paid
503110,703110,UPI,1504.58,Paid
503111,703111,Debit Card,15824.51,Failed
503112,703112,COD,12373.57,Paid
503113,703113,UPI,2044.92,Paid
503114,703114,UPI,875.47,Paid
503115,703115,Credit Card,8455.32,Paid
503116,703116,Credit Card,20640.8,Paid
503117,703117,Credit Card,5514.01,Paid
503118,703118,Credit Card,2031.36,Paid
503119,703119,Credit Card,11362.05,Paid
503120,703120,COD,8671.1,Paid
503121,703121,COD,67225.3,Pending
503122,703122,Credit Card,843.6,Paid
503123,703123,COD,8117.08,Paid
503124,703124,Debit Card,421.18,Paid
503125,703125,UPI,8535.07,Paid
503126,703126,Debit Card,41728.65,Paid
503127,703127,COD,7531.42,Paid
503128,703128,Debit Card,16409.18,Paid
503129,703129,Credit Card,4291.41,Paid
503130,703130,Net Banking,27504.14,Paid
503131,703131,Net Banking,17821.08,Paid
503132,703132,UPI,1206.98,Paid
503133,703133,COD,7599.34,Paid
503134,703134,COD,4096.91,Paid
503135,703135,Wallet,2839.81,Paid
503136,703136,Credit Card,4365.37,Paid
503137,703137,COD,2691.43,Paid
503138,703138,Credit Card,8682.45,Paid
503139,703139,UPI,2598.81,Paid
503140,703140,Net Banking,50768.35,Paid
503141,703141,Credit Card,70600.81,Paid
503142,703142,Credit Card,30704.54,Paid
503143,703143,Wallet,43419.28,Paid
503144,703144,COD,717.14,Paid
503145,703145,Wallet,24187.36,Paid
503146,703146,Debit Card,1169.18,Paid
503147,703147,Net Banking,155513.82,Paid
503148,703148,Credit Card,22366.91,Paid
503149,703149,Debit Card,287.37,Paid
503150,703150,Credit Card,1002.96,Paid
503151,703151,Wallet,445.95,Pending
503152,703152,Credit Card,11921.96,Paid
503153,703153,UPI,79857.57,Pending
503154,703154,Net Banking,15809.08,Paid
503155,703155,Credit Card,12321.37,Paid
503156,703156,Credit Card,8884.53,Paid
503157,703157,Credit Card,7430.22,Paid
503158,703158,COD,2053.9,Paid
503159,703159,UPI,843.26,Paid
503160,703160,Credit Card,1007.42,Paid
503161,703161,UPI,5056.38,Paid
503162,703162,UPI,3674.59,Paid
503163,703163,Net Banking,11557.99,Paid
503164,703164,Debit Card,1899.86,Paid
503165,703165,Credit Card,5341.48,Paid
503166,703166,Debit Card,4903.26,Paid
503167,703167,Net Banking,5841.55,Paid
503168,703168,Credit Card,27874.49,Paid
503169,703169,UPI,10827.54,Paid
503170,703170,UPI,9358.42,Paid
503171,703171,COD,5518.58,Paid
503172,703172,Net Banking,803.18,Paid
503173,703173,COD,6773.35,Paid
503174,703174,Debit Card,11036.98,Pending
503175,703175,UPI,8992.85,Paid
503176,703176,Credit Card,1620.7,Paid
503177,703177,UPI,305.94,Paid
503178,703178,Debit Card,10326.04,Paid
503179,703179,UPI,4620.19,Paid
503180,703180,UPI,14284.12,Paid
503181,703181,Credit Card,8504.95,Paid
503182,703182,UPI,516.98,Paid
503183,703183,UPI,7999.35,Paid
503184,703184,UPI,564.54,Paid
503185,703185,UPI,71955.74,Paid
503186,703186,COD,4069.18,Paid
503187,703187,Credit Card,1106.01,Paid
503188,703188,COD,1667.78,Paid
503189,703189,UPI,11913.01,Paid
503190,703190,UPI,4080.52,Paid
503191,703191,Credit Card,1553.79,Paid
503192,703192,Net Banking,2096.86,Paid
503193,703193,Net Banking,328.51,Paid
503194,703194,Debit Card,10016.15,Paid
503195,703195,Debit Card,4850.41,Paid
503196,703196,COD,13186.12,Paid
503197,703197,UPI,16431.7,Paid
503198,703198,UPI,585.44,Paid
503199,703199,Net Banking,13962.59,Paid
503200,703200,Wallet,7383.15,Paid
503201,703201,Credit Card,1345.42,Paid
503202,703202,UPI,9435.24,Paid
503203,703203,Credit Card,6134.28,Paid
503204,703204,Credit Card,3782.1,Paid
503205,703205,UPI,3110.39,Paid
503206,703206,UPI,1353.38,Paid
503207,703207,Credit Card,1553.79,Paid
503208,703208,Credit Card,6718.96,Pending
503209,703209,UPI,894.68,Pending
503210,703210,UPI,37369.86,Pending
503211,703211,Debit Card,23774.64,Paid
503212,703212,UPI,13688.8,Paid
503213,703213,Wallet,718.08,Paid
503214,703214,COD,5251.6,Paid
503215,703215,Credit Card,29228.16,Paid
503216,703216,Net Banking,850.25,Paid
503217,703217,Credit Card,20521.68,Paid
503218,703218,COD,30853.85,Paid
503219,703219,UPI,837.44,Paid
503220,703220,COD,66653.66,Paid
503221,703221,Debit Card,63335.13,Paid
503222,703222,UPI,9909.39,Paid
503223,703223,Net Banking,10162.5,Paid
503224,703224,Debit Card,504.71,Paid
503225,703225,COD,2273.33,Paid
503226,703226,Credit Card,18485.58,Paid
503227,703227,Credit Card,2715.57,Paid
503228,703228,COD,583.61,Paid
503229,703229,UPI,4400.81,Paid
503230,703230,UPI,8064.71,Paid
503231,703231,UPI,1885.39,Paid
503232,703232,UPI,4080.52,Paid
503233,703233,Debit Card,6055.0,Paid
503234,703234,UPI,3376.33,Paid
503235,703235,UPI,7503.69,Paid
503236,703236,UPI,25078.04,Paid
503237,703237,COD,29794.42,Paid
503238,703238,UPI,2451.72,Paid
503239,703239,UPI,1393.23,Failed
503240,703240,Wallet,3935.11,Paid
503241,703241,COD,22737.78,Paid
503242,703242,Credit Card,3175.02,Paid
503243,703243,Net Banking,9692.7,Paid
503244,703244,Net Banking,429.83,Paid
503245,703245,Debit Card,6670.51,Paid
503246,703246,Debit Card,33958.98,Paid
503247,703247,Credit Card,83330.79,Paid
503248,703248,COD,3147.6,Paid
503249,703249,UPI,30036.4,Pending
503250,703250,UPI,657.42,Paid
503251,703251,Credit Card,25178.1,Paid
503252,703252,UPI,15289.9,Paid
503253,703253,Credit Card,37569.01,Paid
503254,703254,Debit Card,1138.77,Paid
503255,703255,Credit Card,2168.0,Paid
503256,703256,Debit Card,60870.31,Paid
503257,703257,UPI,39124.5,Paid
503258,703258,UPI,4244.03,Paid
503259,703259,Credit Card,3866.89,Paid
503260,703260,COD,18404.7,Paid
503261,703261,Debit Card,16872.85,Paid
503262,703262,COD,16319.46,Paid
503263,703263,UPI,284785.98,Failed
503264,703264,UPI,1950.67,Paid
503265,703265,Net Banking,20142.48,Paid
503266,703266,COD,8700.22,Paid
503267,703267,Debit Card,7989.59,Pending
503268,703268,UPI,1005.42,Paid
503269,703269,COD,30948.54,Pending
503270,703270,COD,55584.52,Paid
503271,703271,Credit Card,13587.33,Paid
503272,703272,UPI,557.2,Paid
503273,703273,UPI,5955.33,Paid
503274,703274,Wallet,8481.22,Paid
503275,703275,UPI,23998.06,Paid
503276,703276,UPI,5499.52,Paid
503277,703277,Wallet,19418.48,Paid
503278,703278,Debit Card,1294.82,Paid
503279,703279,COD,2285.89,Paid
503280,703280,Debit Card,6182.48,Paid
503281,703281,Credit Card,1755.61,Paid
503282,703282,Credit Card,7644.05,Paid
503283,703283,UPI,654.31,Paid
503284,703284,Credit Card,11448.01,Paid
503285,703285,COD,2281.69,Paid
503286,703286,Credit Card,17450.0,Paid
503287,703287,UPI,9353.76,Paid
503288,703288,Credit Card,182462.02,Paid
503289,703289,UPI,3440.14,Paid
503290,703290,Debit Card,45636.65,Paid
503291,703291,UPI,16410.3,Paid
503292,703292,UPI,486.41,Paid
503293,703293,Credit Card,2999.8,Paid
503294,703294,Credit Card,63138.06,Failed
503295,703295,UPI,40557.68,Paid
503296,703296,Debit Card,19212.82,Paid
503297,703297,UPI,76672.25,Paid
503298,703298,COD,5614.16,Paid
503299,703299,Wallet,1555.58,Paid
503300,703300,UPI,30622.51,Paid
503301,703301,UPI,2818.44,Paid
503302,703302,COD,12556.14,Paid
503303,703303,UPI,38823.57,Paid
503304,703304,Credit Card,184050.74,Pending
503305,703305,UPI,12962.57,Paid
503306,703306,COD,13704.26,Paid
503307,703307,Credit Card,10120.5,Paid
503308,703308,UPI,21760.35,Paid
503309,703309,UPI,9937.51,Paid
503310,703310,Net Banking,8005.02,Pending
503311,703311,Wallet,7924.1,Paid
503312,703312,Wallet,3605.09,Paid
503313,703313,Wallet,14418.76,Paid
503314,703314,UPI,12085.85,Paid
503315,703315,UPI,396.4,Paid
503316,703316,UPI,964.02,Failed
503317,703317,Credit Card,27883.91,Paid
503318,703318,UPI,59495.06,Paid
503319,703319,Credit Card,5755.45,Paid
503320,703320,Debit Card,61433.94,Paid
503321,703321,COD,54818.36,Paid
503322,703322,UPI,18604.58,Paid
503323,703323,COD,38708.64,Paid
503324,703324,UPI,13383.84,Paid
503325,703325,UPI,4200.43,Paid
503326,703326,Credit Card,14368.56,Paid
503327,703327,COD,7345.39,Paid
503328,703328,Debit Card,33033.46,Paid
503329,703329,Debit Card,3028.37,Paid
503330,703330,Wallet,7677.48,Failed
503331,703331,UPI,16498.55,Paid
503332,703332,COD,2468.24,Paid
503333,703333,UPI,35544.52,Paid
503334,703334,Debit Card,16295.01,Paid
503335,703335,UPI,7737.38,Paid
503336,703336,UPI,8025.6,Paid
503337,703337,UPI,59725.71,Paid
503338,703338,UPI,8658.79,Paid
503339,703339,Net Banking,4701.73,Paid
503340,703340,Credit Card,5010.43,Paid
503341,703341,UPI,43458.16,Paid
503342,703342,COD,13980.14,Paid
503343,703343,UPI,26133.32,Paid
503344,703344,COD,2953.53,Paid
503345,703345,Credit Card,2704.57,Paid
503346,703346,Debit Card,34835.53,Paid
503347,703347,COD,9527.63,Paid
503348,703348,Debit Card,2367.92,Paid
503349,703349,Credit Card,15520.62,Paid
503350,703350,Credit Card,11482.09,Paid
503351,703351,Wallet,1822.13,Paid
503352,703352,Credit Card,3704.96,Paid
503353,703353,UPI,7110.54,Failed
503354,703354,Debit Card,10278.86,Paid
503355,703355,COD,1481.04,Paid
503356,703356,Debit Card,4456.81,Paid
503357,703357,UPI,7328.2,Paid
503358,703358,UPI,5054.82,Paid
503359,703359,Credit Card,4274.68,Paid
503360,703360,Credit Card,13325.71,Paid
503361,703361,Credit Card,14483.76,Paid
503362,703362,UPI,3610.15,Paid
503363,703363,UPI,8780.9,Paid
503364,703364,COD,5545.49,Paid
503365,703365,UPI,1884.53,Paid
503366,703366,COD,913.28,Paid
503367,703367,Credit Card,1259.45,Paid
503368,703368,UPI,4291.41,Paid
503369,703369,Credit Card,25232.72,Failed
503370,703370,Debit Card,17957.38,Paid
503371,703371,UPI,2453.52,Paid
503372,703372,Debit Card,3556.16,Failed
503373,703373,UPI,33918.3,Paid
503374,703374,Debit Card,2059.06,Paid
503375,703375,COD,33333.87,Paid
503376,703376,UPI,729.31,Paid
503377,703377,UPI,9700.82,Paid
503378,703378,UPI,10809.65,Paid
503379,703379,COD,6778.28,Paid
503380,703380,UPI,15595.47,Paid
503381,703381,Credit Card,28204.64,Paid
503382,703382,UPI,17417.84,Paid
503383,703383,Debit Card,946.6,Paid
503384,703384,COD,1071.46,Paid
503385,703385,Credit Card,12458.17,Pending
503386,703386,Credit Card,6465.12,Paid
503387,703387,Debit Card,5806.29,Paid
503388,703388,Credit Card,7579.29,Paid
503389,703389,Debit Card,9857.06,Paid
503390,703390,COD,3510.56,Paid
503391,703391,Debit Card,11602.28,Paid
503392,703392,UPI,19534.36,Paid
503393,703393,UPI,19674.48,Paid
503394,703394,UPI,3208.58,Paid
503395,703395,UPI,24149.91,Paid
503396,703396,UPI,27096.98,Paid
503397,703397,Debit Card,7450.4,Paid
503398,703398,COD,53432.32,Paid
503399,703399,UPI,42689.79,Paid
503400,703400,Debit Card,8340.52,Paid
503401,703401,COD,12821.65,Paid
503402,703402,UPI,9624.82,Paid
503403,703403,UPI,3690.08,Paid
503404,703404,Credit Card,1703.83,Paid
503405,703405,Debit Card,2026.47,Paid
503406,703406,Credit Card,25777.37,Paid
503407,703407,Credit Card,9880.6,Paid
503408,703408,UPI,32154.19,Paid
503409,703409,UPI,10389.63,Paid
503410,703410,UPI,460.64,Paid
503411,703411,Debit Card,7963.91,Paid
503412,703412,UPI,4871.31,Paid
503413,703413,Debit Card,12229.28,Paid
503414,703414,COD,288.59,Paid
503415,703415,Credit Card,5698.51,Paid
503416,703416,Debit Card,29037.02,Paid
503417,703417,UPI,19406.74,Paid
503418,703418,UPI,43658.23,Paid
503419,703419,Debit Card,48873.27,Paid
503420,703420,UPI,22151.49,Paid
503421,703421,UPI,4053.72,Paid
503422,703422,COD,4287.17,Paid
503423,703423,Debit Card,5458.6,Paid
503424,703424,UPI,472.41,Paid
503425,703425,UPI,4823.66,Paid
503426,703426,UPI,98572.33,Paid
503427,703427,UPI,19896.91,Paid
503428,703428,Debit Card,1137.48,Paid
503429,703429,COD,204.73,Paid
503430,703430,COD,52208.66,Paid
503431,703431,Debit Card,5158.52,Paid
503432,703432,UPI,974.32,Pending
503433,703433,COD,3912.1,Paid
503434,703434,Credit Card,59343.43,Paid
503435,703435,Credit Card,1036.51,Paid
503436,703436,UPI,3158.49,Paid
503437,703437,Net Banking,11697.39,Paid
503438,703438,Wallet,61549.33,Paid
503439,703439,Debit Card,7445.55,Paid
503440,703440,UPI,1743.32,Paid
503441,703441,Credit Card,2130.43,Paid
503442,703442,Credit Card,2388.53,Paid
503443,703443,Debit Card,15537.01,Failed
503444,703444,COD,676.94,Paid
503445,703445,UPI,53089.52,Paid
503446,703446,Credit Card,3426.92,Paid
503447,703447,COD,18993.29,Paid
503448,703448,Debit Card,8678.41,Paid
503449,703449,Debit Card,2380.45,Paid
503450,703450,UPI,38109.78,Paid
503451,703451,Credit Card,1965.65,Paid
503452,703452,Debit Card,9762.33,Paid
503453,703453,COD,48356.88,Paid
503454,703454,COD,5939.21,Paid
503455,703455,UPI,24676.43,Paid
503456,703456,UPI,2116.84,Paid
503457,703457,UPI,2320.95,Paid
503458,703458,Credit Card,25016.91,Paid
503459,703459,UPI,14265.64,Failed
503460,703460,COD,3084.94,Paid
503461,703461,UPI,4879.61,Pending
503462,703462,Debit Card,22567.18,Paid
503463,703463,COD,654.31,Paid
503464,703464,Credit Card,7304.92,Paid
503465,703465,Credit Card,8093.7,Paid
503466,703466,Debit Card,1487.65,Paid
503467,703467,Debit Card,518.77,Paid
503468,703468,Wallet,3712.8,Paid
503469,703469,UPI,60269.26,Paid
503470,703470,Credit Card,14828.97,Paid
503471,703471,UPI,9268.39,Pending
503472,703472,UPI,97474.56,Pending
503473,703473,Net Banking,1738.75,Paid
503474,703474,Debit Card,803.87,Paid
503475,703475,Debit Card,337.6,Paid
503476,703476,UPI,2674.77,Paid
503477,703477,Debit Card,577.18,Paid
503478,703478,UPI,12262.17,Paid
503479,703479,UPI,16046.29,Paid
503480,703480,UPI,30695.76,Paid
503481,703481,Debit Card,18193.11,Paid
503482,703482,COD,7497.68,Failed
503483,703483,UPI,45434.65,Paid
503484,703484,Credit Card,31815.12,Paid
503485,703485,COD,13441.29,Paid
503486,703486,Debit Card,10176.55,Paid
503487,703487,COD,28606.45,Paid
503488,703488,Debit Card,2936.94,Paid
503489,703489,Credit Card,11663.03,Paid
503490,703490,UPI,1322.24,Paid
503491,703491,UPI,1706.75,Pending
503492,703492,Credit Card,10822.55,Failed
503493,703493,Credit Card,3640.49,Paid
503494,703494,Debit Card,2395.92,Paid
503495,703495,UPI,11604.56,Paid
503496,703496,UPI,526.26,Paid
503497,703497,UPI,1407.62,Paid
503498,703498,UPI,51875.37,Failed
503499,703499,UPI,6539.54,Pending
503500,703500,Credit Card,8655.84,Paid
503501,703501,UPI,2193.99,Paid
503502,703502,UPI,1333.54,Pending
503503,703503,UPI,12952.21,Paid
503504,703504,Debit Card,42193.12,Paid
503505,703505,UPI,4597.95,Paid
503506,703506,UPI,5806.29,Paid
503507,703507,UPI,64286.59,Paid
503508,703508,UPI,6466.51,Failed
503509,703509,COD,15370.5,Paid
503510,703510,Credit Card,9289.78,Paid
503511,703511,Credit Card,9723.18,Pending
503512,703512,UPI,789.05,Paid
503513,703513,Debit Card,1048.43,Paid
503514,703514,Net Banking,14291.01,Paid
503515,703515,UPI,4454.65,Paid
503516,703516,UPI,37490.34,Paid
503517,703517,UPI,11493.87,Paid
503518,703518,Credit Card,9985.98,Paid
503519,703519,Credit Card,1334.77,Paid
503520,703520,Debit Card,14491.49,Paid
503521,703521,UPI,2281.69,Paid
503522,703522,COD,14116.62,Paid
503523,703523,Net Banking,45127.42,Paid
503524,703524,COD,2976.67,Paid
503525,703525,Net Banking,32585.2,Paid
503526,703526,COD,1889.47,Paid
503527,703527,COD,3529.89,Paid
503528,703528,UPI,47833.99,Paid
503529,703529,UPI,3362.3,Failed
503530,703530,Credit Card,3660.02,Paid
503531,703531,UPI,3850.02,Paid
503532,703532,Credit Card,50309.63,Paid
503533,703533,Net Banking,6577.03,Paid
503534,703534,COD,16002.96,Paid
503535,703535,Debit Card,49231.92,Paid
503536,703536,UPI,619.87,Paid
503537,703537,Debit Card,20032.31,Paid
503538,703538,Debit Card,4480.48,Paid
503539,703539,Credit Card,3994.56,Paid
503540,703540,Debit Card,38328.35,Paid
503541,703541,Debit Card,4967.1,Paid
503542,703542,UPI,43618.2,Paid
503543,703543,UPI,20642.19,Paid
503544,703544,UPI,32337.66,Paid
503545,703545,COD,5518.05,Paid
503546,703546,COD,1992.91,Paid
503547,703547,COD,13950.63,Paid
503548,703548,UPI,16870.22,Paid
503549,703549,Debit Card,7498.35,Paid
503550,703550,UPI,74234.79,Paid
503551,703551,COD,18417.07,Paid
503552,703552,Net Banking,3651.7,Paid
503553,703553,COD,965.14,Paid
503554,703554,COD,63481.75,Paid
503555,703555,UPI,17365.18,Paid
503556,703556,UPI,10723.91,Paid
503557,703557,Debit Card,1393.74,Pending
503558,703558,UPI,45852.22,Paid
503559,703559,UPI,4586.72,Paid
503560,703560,Credit Card,4992.04,Paid
503561,703561,UPI,35138.39,Paid
503562,703562,Credit Card,23919.2,Paid
503563,703563,COD,1527.76,Paid
503564,703564,UPI,8457.36,Paid
503565,703565,Wallet,9867.32,Paid
503566,703566,Credit Card,45804.18,Paid
503567,703567,Credit Card,137335.66,Paid
503568,703568,UPI,27103.28,Paid
503569,703569,UPI,1550.84,Paid
503570,703570,Debit Card,6934.77,Paid
503571,703571,COD,18082.43,Paid
503572,703572,UPI,8478.37,Paid
503573,703573,Credit Card,1774.83,Paid
503574,703574,Net Banking,427.21,Paid
503575,703575,Credit Card,2312.5,Paid
503576,703576,UPI,7518.62,Paid
503577,703577,Credit Card,12104.43,Paid
503578,703578,COD,3765.71,Paid
503579,703579,UPI,4631.2,Paid
503580,703580,Credit Card,11934.21,Paid
503581,703581,Debit Card,9617.12,Paid
503582,703582,UPI,676.7,Paid
503583,703583,Credit Card,649.33,Paid
503584,703584,Debit Card,39022.68,Pending
503585,703585,COD,24407.22,Paid
503586,703586,Credit Card,27043.71,Paid
503587,703587,Debit Card,229.18,Paid
503588,703588,Credit Card,2645.49,Paid
503589,703589,Credit Card,43063.76,Paid
503590,703590,UPI,6993.14,Paid
503591,703591,UPI,3342.47,Paid
503592,703592,UPI,1863.13,Failed
503593,703593,Debit Card,73236.13,Paid
503594,703594,Credit Card,8903.58,Paid
503595,703595,UPI,7538.86,Paid
503596,703596,COD,12166.83,Paid
503597,703597,Credit Card,959.25,Paid
503598,703598,Debit Card,248.6,Paid
503599,703599,Net Banking,2963.89,Paid
503600,703600,Credit Card,425.18,Paid
503601,703601,Debit Card,4949.0,Paid
503602,703602,UPI,26907.89,Paid
503603,703603,Credit Card,266.53,Pending
503604,703604,UPI,7342.28,Paid
503605,703605,UPI,2438.48,Paid
503606,703606,COD,8267.67,Paid
503607,703607,Credit Card,15120.87,Paid
503608,703608,UPI,2115.94,Paid
503609,703609,COD,51057.64,Paid
503610,703610,Credit Card,7189.55,Paid
503611,703611,UPI,6546.91,Paid
503612,703612,Debit Card,4347.92,Paid
503613,703613,COD,124364.03,Paid
503614,703614,Credit Card,17110.79,Paid
503615,703615,Debit Card,12665.56,Paid
503616,703616,UPI,1729.4,Paid
503617,703617,UPI,57981.81,Paid
503618,703618,Credit Card,42807.3,Paid
503619,703619,UPI,4850.41,Pending
503620,703620,Debit Card,5558.5,Paid
503621,703621,UPI,2649.59,Paid
503622,703622,Net Banking,1014.76,Paid
503623,703623,UPI,109126.75,Paid
503624,703624,Net Banking,4719.56,Paid
503625,703625,UPI,63152.58,Paid
503626,703626,Credit Card,49803.84,Paid
503627,703627,Credit Card,19144.94,Paid
503628,703628,Net Banking,688.75,Paid
503629,703629,COD,25883.93,Paid
503630,703630,Debit Card,5169.12,Paid
503631,703631,UPI,234909.84,Paid
503632,703632,UPI,7561.58,Failed
503633,703633,COD,11028.02,Paid
503634,703634,Credit Card,27669.14,Paid
503635,703635,UPI,98812.27,Paid
503636,703636,UPI,3196.69,Paid
503637,703637,Credit Card,2108.57,Paid
503638,703638,UPI,2670.1,Paid
503639,703639,Credit Card,516.56,Paid
503640,703640,COD,36251.36,Paid
503641,703641,UPI,305.94,Paid
503642,703642,Wallet,12458.17,Paid
503643,703643,UPI,1581.75,Paid
503644,703644,UPI,1038.65,Paid
503645,703645,UPI,1264.52,Paid
503646,703646,Debit Card,136562.9,Paid
503647,703647,Wallet,429.3,Paid
503648,703648,Credit Card,9482.61,Paid
503649,703649,UPI,6021.41,Pending
503650,703650,UPI,10059.09,Paid
503651,703651,Wallet,5369.59,Paid
503652,703652,UPI,3828.31,Failed
503653,703653,Net Banking,3025.68,Paid
503654,703654,UPI,1102.14,Paid
503655,703655,UPI,5882.61,Paid
503656,703656,Wallet,238.51,Paid
503657,703657,Debit Card,11491.22,Paid
503658,703658,Credit Card,1439.63,Paid
503659,703659,UPI,2074.85,Paid
503660,703660,Debit Card,12679.05,Paid
503661,703661,Net Banking,15004.12,Paid
503662,703662,Debit Card,30631.29,Paid
503663,703663,Debit Card,26917.08,Paid
503664,703664,UPI,7991.94,Paid
503665,703665,Wallet,1645.19,Paid
503666,703666,Credit Card,1582.79,Paid
503667,703667,UPI,512.76,Paid
503668,703668,Debit Card,4966.93,Paid
503669,703669,Net Banking,57078.52,Paid
503670,703670,Net Banking,4476.94,Paid
503671,703671,Wallet,53089.52,Paid
503672,703672,UPI,4528.73,Paid
503673,703673,Credit Card,3378.24,Paid
503674,703674,Credit Card,6805.42,Paid
503675,703675,UPI,3793.99,Paid
503676,703676,Credit Card,25178.1,Paid
503677,703677,Net Banking,3014.38,Paid
503678,703678,Credit Card,906.94,Paid
503679,703679,Credit Card,4423.92,Paid
503680,703680,Debit Card,1310.82,Paid
503681,703681,UPI,72798.36,Paid
503682,703682,Debit Card,55977.97,Paid
503683,703683,Wallet,994.09,Paid
503684,703684,COD,13259.29,Pending
503685,703685,UPI,1044.13,Paid
503686,703686,Credit Card,51818.35,Paid
503687,703687,UPI,1310.84,Paid
503688,703688,Debit Card,39951.74,Paid
503689,703689,UPI,10957.59,Paid
503690,703690,Credit Card,4582.48,Paid
503691,703691,UPI,24612.63,Pending
503692,703692,COD,1281.11,Paid
503693,703693,Credit Card,1349.79,Paid
503694,703694,Net Banking,1086.24,Paid
503695,703695,Net Banking,2727.29,Failed
503696,703696,Debit Card,2936.94,Paid
503697,703697,Credit Card,1605.04,Paid
503698,703698,UPI,6939.67,Pending
503699,703699,Credit Card,5776.8,Paid
503700,703700,UPI,84309.18,Paid
503701,703701,Wallet,12952.21,Paid
503702,703702,Debit Card,524.03,Paid
503703,703703,Credit Card,31566.07,Paid
503704,703704,UPI,21464.65,Paid
503705,703705,Credit Card,1014.03,Paid
503706,703706,UPI,16032.62,Paid
503707,703707,Debit Card,3610.8,Paid
503708,703708,UPI,529.25,Paid
503709,703709,Credit Card,8314.58,Paid
503710,703710,COD,8631.97,Paid
503711,703711,Debit Card,90191.79,Paid
503712,703712,UPI,6291.94,Paid
503713,703713,Debit Card,7041.78,Paid
503714,703714,Debit Card,2999.8,Paid
503715,703715,COD,146044.56,Paid
503716,703716,UPI,20942.26,Paid
503717,703717,Credit Card,2900.11,Paid
503718,703718,Debit Card,8104.78,Paid
503719,703719,Credit Card,1233.97,Paid
503720,703720,Credit Card,32421.55,Paid
503721,703721,Credit Card,1673.61,Paid
503722,703722,UPI,2900.93,Paid
503723,703723,UPI,17778.67,Paid
503724,703724,Debit Card,710.15,Paid
503725,703725,UPI,74706.68,Paid
503726,703726,Credit Card,4932.69,Paid
503727,703727,COD,1124.43,Paid
503728,703728,UPI,6233.42,Paid
503729,703729,COD,2533.11,Paid
503730,703730,Debit Card,20646.71,Paid
503731,703731,UPI,22653.64,Paid
503732,703732,Net Banking,5097.57,Paid
503733,703733,Credit Card,2529.2,Paid
503734,703734,UPI,2684.74,Paid
503735,703735,COD,35243.98,Paid
503736,703736,Wallet,11507.67,Paid
503737,703737,Net Banking,72184.72,Paid
503738,703738,Wallet,605.65,Paid
503739,703739,Credit Card,37699.86,Paid
503740,703740,UPI,1933.44,Paid
503741,703741,UPI,16739.09,Paid
503742,703742,UPI,16131.64,Paid
503743,703743,Debit Card,22113.94,Paid
503744,703744,Debit Card,71381.0,Failed
503745,703745,UPI,64598.57,Paid
503746,703746,Credit Card,8761.32,Paid
503747,703747,COD,2012.73,Paid
503748,703748,COD,1404.45,Paid
503749,703749,UPI,384.12,Paid
503750,703750,UPI,1780.42,Paid
503751,703751,Net Banking,2205.94,Paid
503752,703752,COD,16090.62,Failed
503753,703753,Credit Card,6899.22,Paid
503754,703754,UPI,15366.6,Paid
503755,703755,UPI,11352.44,Paid
503756,703756,Net Banking,5638.93,Paid
503757,703757,Debit Card,12203.33,Paid
503758,703758,Credit Card,3611.56,Paid
503759,703759,UPI,2379.77,Paid
503760,703760,UPI,5346.7,Pending
503761,703761,UPI,12368.04,Paid
503762,703762,Credit Card,2113.58,Paid
503763,703763,Wallet,3290.38,Paid
503764,703764,COD,12324.19,Paid
503765,703765,Net Banking,4147.19,Paid
503766,703766,Debit Card,58113.78,Paid
503767,703767,UPI,16506.75,Paid
503768,703768,UPI,5409.15,Paid
503769,703769,UPI,1812.33,Paid
503770,703770,UPI,8528.56,Paid
503771,703771,Wallet,3887.09,Paid
503772,703772,Debit Card,6894.4,Paid
503773,703773,Credit Card,34700.57,Paid
503774,703774,Credit Card,2095.6,Paid
503775,703775,UPI,6914.97,Paid
503776,703776,COD,13237.09,Paid
503777,703777,Credit Card,7684.39,Paid
503778,703778,COD,15933.74,Pending
503779,703779,UPI,13518.94,Paid
503780,703780,Net Banking,10933.44,Paid
503781,703781,Net Banking,46164.06,Paid
503782,703782,Debit Card,2073.3,Paid
503783,703783,Debit Card,6427.34,Paid
503784,703784,UPI,5806.29,Failed
503785,703785,UPI,108680.39,Failed
503786,703786,UPI,1348.98,Paid
503787,703787,Net Banking,549.39,Paid
503788,703788,COD,1259.45,Paid
503789,703789,Credit Card,11578.1,Paid
503790,703790,UPI,6945.28,Paid
503791,703791,COD,23151.33,Paid
503792,703792,Credit Card,459.5,Paid
503793,703793,Net Banking,83292.68,Pending
503794,703794,COD,4089.02,Paid
503795,703795,UPI,7556.99,Paid
503796,703796,Debit Card,17711.12,Paid
503797,703797,UPI,1047.53,Paid
503798,703798,Credit Card,8869.48,Paid
503799,703799,COD,2671.07,Paid
503800,703800,Credit Card,9858.78,Paid
503801,703801,Debit Card,7112.97,Pending
503802,703802,UPI,2427.72,Paid
503803,703803,UPI,12901.33,Paid
503804,703804,Debit Card,9452.71,Paid
503805,703805,COD,10660.97,Paid
503806,703806,UPI,4356.26,Paid
503807,703807,COD,17271.34,Paid
503808,703808,Credit Card,12900.38,Paid
503809,703809,Credit Card,13994.57,Paid
503810,703810,Credit Card,8960.94,Paid
503811,703811,UPI,33713.94,Paid
503812,703812,Net Banking,50440.03,Paid
503813,703813,Credit Card,2727.29,Paid
503814,703814,Debit Card,6777.25,Paid
503815,703815,Debit Card,2328.37,Paid
503816,703816,Credit Card,4567.48,Paid
503817,703817,UPI,23179.79,Paid
503818,703818,Wallet,38422.96,Paid
503819,703819,Credit Card,4734.41,Paid
503820,703820,UPI,10441.56,Paid
503821,703821,Credit Card,45520.49,Paid
503822,703822,Net Banking,22412.72,Paid
503823,703823,Debit Card,7634.94,Paid
503824,703824,Debit Card,4112.53,Paid
503825,703825,UPI,19998.38,Paid
503826,703826,UPI,4987.45,Paid
503827,703827,Net Banking,71940.24,Paid
503828,703828,UPI,1445.01,Paid
503829,703829,UPI,2798.11,Paid
503830,703830,Credit Card,7529.07,Paid
503831,703831,COD,294.11,Paid
503832,703832,Credit Card,65516.46,Paid
503833,703833,Credit Card,21394.27,Paid
503834,703834,Debit Card,6631.42,Paid
503835,703835,UPI,10491.12,Pending
503836,703836,UPI,4287.17,Paid
503837,703837,UPI,730.61,Paid
503838,703838,COD,5716.21,Paid
503839,703839,Wallet,29064.92,Paid
503840,703840,COD,9317.66,Paid
503841,703841,UPI,1251.02,Paid
503842,703842,UPI,35979.92,Paid
503843,703843,COD,16556.93,Paid
503844,703844,Net Banking,25333.43,Paid
503845,703845,Net Banking,23337.55,Pending
503846,703846,UPI,7534.43,Paid
503847,703847,UPI,994.98,Paid
503848,703848,COD,1645.49,Paid
503849,703849,Debit Card,34703.12,Paid
503850,703850,UPI,26744.19,Paid
503851,703851,UPI,1561.38,Paid
503852,703852,Credit Card,419.53,Paid
503853,703853,Debit Card,16441.79,Paid
503854,703854,Net Banking,13127.92,Paid
503855,703855,Credit Card,34830.33,Paid
503856,703856,Net Banking,1001.94,Paid
503857,703857,UPI,3729.97,Paid
503858,703858,Credit Card,3161.42,Paid
503859,703859,Debit Card,810.35,Pending
503860,703860,Credit Card,44049.61,Paid
503861,703861,UPI,6883.64,Paid
503862,703862,Debit Card,8601.54,Paid
503863,703863,COD,1470.6,Paid
503864,703864,Credit Card,6744.99,Paid
503865,703865,Debit Card,39698.19,Paid
503866,703866,Debit Card,1465.94,Paid
503867,703867,Wallet,22633.19,Paid
503868,703868,Debit Card,14619.36,Paid
503869,703869,UPI,2576.7,Paid
503870,703870,COD,15379.59,Pending
503871,703871,Credit Card,642.26,Paid
503872,703872,Net Banking,717.14,Paid
503873,703873,Debit Card,66955.98,Paid
503874,703874,COD,11015.65,Paid
503875,703875,Debit Card,31304.91,Paid
503876,703876,Debit Card,1977.23,Paid
503877,703877,COD,3941.5,Paid
503878,703878,UPI,12796.79,Paid
503879,703879,UPI,8323.25,Paid
503880,703880,Credit Card,9293.28,Paid
503881,703881,UPI,58431.95,Paid
503882,703882,UPI,3695.3,Paid
503883,703883,COD,1825.99,Paid
503884,703884,Credit Card,18617.89,Paid
503885,703885,Debit Card,3005.32,Paid
503886,703886,UPI,68901.29,Paid
503887,703887,Net Banking,2839.96,Paid
503888,703888,UPI,5732.23,Paid
503889,703889,Debit Card,8721.83,Paid
503890,703890,Credit Card,16002.07,Paid
503891,703891,Debit Card,7200.99,Paid
503892,703892,Debit Card,1259.9,Paid
503893,703893,UPI,2010.53,Paid
503894,703894,Net Banking,535.19,Paid
503895,703895,UPI,7533.86,Paid
503896,703896,UPI,524.03,Paid
503897,703897,Wallet,14637.24,Paid
503898,703898,UPI,868.63,Paid
503899,703899,Net Banking,752.98,Paid
503900,703900,UPI,29222.38,Paid
503901,703901,Credit Card,974.32,Paid
503902,703902,Credit Card,1957.66,Paid
503903,703903,COD,19471.18,Paid
503904,703904,Credit Card,27548.59,Paid
503905,703905,UPI,24407.22,Paid
503906,703906,COD,4618.28,Paid
503907,703907,UPI,1472.05,Paid
503908,703908,UPI,3481.19,Paid
503909,703909,Net Banking,10034.03,Paid
503910,703910,Credit Card,3990.67,Paid
503911,703911,UPI,11556.05,Paid
503912,703912,UPI,17403.92,Paid
503913,703913,UPI,408.34,Paid
503914,703914,Credit Card,4771.91,Failed
503915,703915,Debit Card,2684.04,Paid
503916,703916,Credit Card,4436.45,Paid
503917,703917,Credit Card,882.85,Paid
503918,703918,Credit Card,21375.98,Paid
503919,703919,Net Banking,6963.0,Paid
503920,703920,Net Banking,20493.49,Paid
503921,703921,UPI,9494.85,Paid
503922,703922,Credit Card,2608.31,Paid
503923,703923,COD,7348.33,Paid
503924,703924,Debit Card,9122.83,Paid
503925,703925,UPI,934.23,Paid
503926,703926,UPI,801.51,Paid
503927,703927,COD,5254.88,Paid
503928,703928,Credit Card,6805.42,Paid
503929,703929,COD,9573.83,Paid
503930,703930,Credit Card,3926.33,Paid
503931,703931,UPI,15540.2,Paid
503932,703932,Credit Card,30578.45,Paid
503933,703933,UPI,19525.78,Paid
503934,703934,UPI,6694.49,Paid
503935,703935,Debit Card,6025.04,Paid
503936,703936,Debit Card,10718.79,Paid
503937,703937,UPI,634.05,Paid
503938,703938,Credit Card,33874.19,Paid
503939,703939,COD,45429.86,Paid
503940,703940,UPI,5008.95,Paid
503941,703941,Credit Card,11216.66,Paid
503942,703942,Credit Card,7471.67,Paid
503943,703943,UPI,100420.02,Paid
503944,703944,UPI,7395.14,Paid
503945,703945,Credit Card,11237.38,Paid
503946,703946,Debit Card,6044.72,Paid
503947,703947,UPI,1105.53,Paid
503948,703948,COD,4252.82,Paid
503949,703949,Debit Card,10071.47,Paid
503950,703950,UPI,8368.43,Paid
503951,703951,Debit Card,57959.17,Paid
503952,703952,Credit Card,5571.11,Paid
503953,703953,UPI,9084.79,Paid
503954,703954,COD,21946.66,Paid
503955,703955,COD,519.71,Paid
503956,703956,UPI,39911.39,Paid
503957,703957,Credit Card,7297.26,Paid
503958,703958,Wallet,705.67,Paid
503959,703959,Debit Card,5823.02,Paid
503960,703960,Net Banking,8623.44,Paid
503961,703961,Credit Card,23378.45,Paid
503962,703962,UPI,793.85,Paid
503963,703963,Credit Card,36576.89,Paid
503964,703964,Debit Card,64222.74,Paid
503965,703965,Credit Card,15421.58,Paid
503966,703966,Credit Card,2166.78,Paid
503967,703967,UPI,513.81,Paid
503968,703968,UPI,942.69,Paid
503969,703969,COD,15497.2,Paid
503970,703970,Debit Card,591.32,Paid
503971,703971,UPI,6663.08,Paid
503972,703972,Debit Card,4850.41,Paid
503973,703973,Debit Card,9014.57,Paid
503974,703974,Debit Card,3449.65,Paid
503975,703975,COD,7561.58,Paid
503976,703976,UPI,1665.13,Paid
503977,703977,Net Banking,3995.68,Paid
503978,703978,UPI,33240.25,Failed
503979,703979,UPI,1949.5,Paid
503980,703980,Debit Card,5499.52,Paid
503981,703981,UPI,20615.64,Paid
503982,703982,UPI,1685.21,Paid
503983,703983,COD,11136.94,Paid
503984,703984,Debit Card,7048.21,Paid
503985,703985,Credit Card,3988.89,Paid
503986,703986,UPI,21811.23,Paid
503987,703987,Net Banking,1729.4,Paid
503988,703988,Credit Card,5495.71,Paid
503989,703989,UPI,4469.5,Paid
503990,703990,Credit Card,986.13,Paid
503991,703991,Credit Card,3154.91,Paid
503992,703992,COD,4841.96,Paid
503993,703993,Credit Card,1974.14,Paid
503994,703994,UPI,88427.98,Paid
503995,703995,Credit Card,8328.24,Paid
503996,703996,Credit Card,1007.42,Paid
503997,703997,UPI,74935.06,Paid
503998,703998,Debit Card,608.54,Paid
503999,703999,Credit Card,20451.83,Failed
504000,704000,COD,1109.27,Paid
504001,704001,UPI,2353.17,Paid
504002,704002,COD,2955.6,Paid
504003,704003,UPI,16020.09,Paid
504004,704004,COD,77545.8,Paid
504005,704005,Wallet,3131.03,Paid
504006,704006,Credit Card,1875.34,Paid
504007,704007,Debit Card,1779.51,Paid
504008,704008,Debit Card,9825.43,Paid
504009,704009,UPI,11697.39,Pending
504010,704010,Net Banking,13594.02,Paid
504011,704011,Wallet,11075.75,Paid
504012,704012,COD,41055.54,Failed
504013,704013,Credit Card,15670.42,Pending
504014,704014,Credit Card,15619.54,Paid
504015,704015,Net Banking,456.72,Paid
504016,704016,Credit Card,3724.36,Paid
504017,704017,Credit Card,31613.71,Paid
504018,704018,UPI,1662.64,Paid
504019,704019,UPI,4168.08,Paid
504020,704020,UPI,3702.4,Paid
504021,704021,Debit Card,789.05,Paid
504022,704022,Debit Card,12304.18,Paid
504023,704023,Debit Card,15555.0,Paid
504024,704024,Credit Card,14186.18,Paid
504025,704025,UPI,10999.45,Paid
504026,704026,Credit Card,944.81,Paid
504027,704027,UPI,22728.62,Paid
504028,704028,Net Banking,15135.6,Paid
504029,704029,UPI,48248.78,Paid
504030,704030,UPI,648.28,Paid
504031,704031,UPI,11577.88,Paid
504032,704032,UPI,1645.23,Paid
504033,704033,COD,19306.22,Paid
504034,704034,UPI,2814.34,Pending
504035,704035,UPI,2251.24,Paid
504036,704036,UPI,37694.32,Paid
504037,704037,UPI,2428.3,Paid
504038,704038,UPI,2846.92,Paid
504039,704039,COD,1944.82,Paid
504040,704040,UPI,1885.17,Paid
504041,704041,UPI,5891.81,Failed
504042,704042,UPI,3463.21,Paid
504043,704043,UPI,4300.41,Paid
504044,704044,UPI,56168.78,Paid
504045,704045,UPI,17485.24,Paid
504046,704046,UPI,6266.3,Paid
504047,704047,UPI,1135.98,Paid
504048,704048,UPI,10447.7,Paid
504049,704049,UPI,1509.09,Paid
504050,704050,UPI,177025.66,Paid
504051,704051,Debit Card,3030.19,Paid
504052,704052,UPI,1183.96,Paid
504053,704053,Credit Card,29833.51,Paid
504054,704054,COD,4931.52,Paid
504055,704055,Debit Card,6574.43,Paid
504056,704056,COD,1277.98,Paid
504057,704057,Credit Card,34912.17,Paid
504058,704058,UPI,8393.55,Paid
504059,704059,COD,7967.27,Paid
504060,704060,Credit Card,60049.84,Paid
504061,704061,Credit Card,14619.55,Paid
504062,704062,UPI,795.63,Paid
504063,704063,UPI,2455.21,Paid
504064,704064,COD,1113.65,Paid
504065,704065,Debit Card,2360.09,Paid
504066,704066,Debit Card,11014.69,Paid
504067,704067,UPI,66946.68,Paid
504068,704068,Credit Card,1538.57,Paid
504069,704069,UPI,5876.18,Paid
504070,704070,Debit Card,3446.99,Paid
504071,704071,Debit Card,754.38,Paid
504072,704072,Credit Card,45487.11,Paid
504073,704073,Credit Card,33350.3,Failed
504074,704074,UPI,25082.62,Paid
504075,704075,UPI,9313.86,Paid
504076,704076,UPI,10607.18,Paid
504077,704077,COD,3008.07,Paid
504078,704078,UPI,27756.69,Paid
504079,704079,Credit Card,2341.14,Paid
504080,704080,Credit Card,11785.13,Paid
504081,704081,UPI,941.45,Paid
504082,704082,UPI,10629.89,Paid
504083,704083,UPI,22162.91,Pending
504084,704084,UPI,47670.47,Paid
504085,704085,Debit Card,10345.5,Paid
504086,704086,Credit Card,2856.29,Paid
504087,704087,Credit Card,7365.74,Paid
504088,704088,Net Banking,7406.04,Paid
504089,704089,Debit Card,16106.49,Paid
504090,704090,UPI,2765.3,Paid
504091,704091,Debit Card,74617.24,Paid
504092,704092,COD,15649.91,Paid
504093,704093,UPI,10078.52,Paid
504094,704094,Debit Card,670.39,Paid
504095,704095,UPI,23763.11,Paid
504096,704096,Debit Card,68047.85,Paid
504097,704097,UPI,843.46,Paid
504098,704098,Credit Card,1056.79,Paid
504099,704099,UPI,18952.3,Paid
504100,704100,UPI,4427.19,Paid
504101,704101,Net Banking,624.71,Paid
504102,704102,UPI,8150.59,Paid
504103,704103,UPI,34330.82,Paid
504104,704104,UPI,507.3,Paid
504105,704105,COD,45661.22,Paid
504106,704106,COD,10540.24,Paid
504107,704107,COD,506.86,Paid
504108,704108,UPI,15123.16,Paid
504109,704109,COD,6147.89,Paid
504110,704110,Credit Card,3690.08,Paid
504111,704111,UPI,427.21,Paid
504112,704112,COD,1965.65,Paid
504113,704113,Credit Card,3057.39,Paid
504114,704114,UPI,3286.04,Paid
504115,704115,Credit Card,1518.54,Paid
504116,704116,UPI,21673.58,Paid
504117,704117,COD,893.08,Paid
504118,704118,Debit Card,12541.31,Paid
504119,704119,COD,10214.31,Paid
504120,704120,COD,17088.37,Paid
504121,704121,UPI,45600.26,Paid
504122,704122,Credit Card,372.91,Paid
504123,704123,Credit Card,396.22,Paid
504124,704124,UPI,4545.47,Paid
504125,704125,Net Banking,793.85,Failed
504126,704126,Credit Card,58053.59,Paid
504127,704127,Credit Card,324.67,Failed
504128,704128,UPI,6756.62,Paid
504129,704129,Debit Card,1211.31,Paid
504130,704130,Credit Card,19099.97,Paid
504131,704131,Net Banking,15377.39,Paid
504132,704132,Credit Card,16502.58,Paid
504133,704133,UPI,2839.81,Paid
504134,704134,Debit Card,9975.97,Paid
504135,704135,Credit Card,557.2,Paid
504136,704136,Wallet,792.44,Paid
504137,704137,COD,3389.81,Paid
504138,704138,COD,2388.53,Paid
504139,704139,UPI,7211.5,Paid
504140,704140,UPI,3824.06,Paid
504141,704141,UPI,18877.34,Paid
504142,704142,Credit Card,7627.42,Paid
504143,704143,UPI,3585.95,Paid
504144,704144,UPI,34881.84,Paid
504145,704145,UPI,60877.37,Paid
504146,704146,Credit Card,453.91,Paid
504147,704147,UPI,12495.03,Paid
504148,704148,UPI,5999.6,Paid
504149,704149,UPI,50234.13,Paid
504150,704150,COD,290.64,Paid
504151,704151,UPI,21101.49,Paid
504152,704152,UPI,35421.23,Paid
504153,704153,Credit Card,6300.65,Paid
504154,704154,Credit Card,5605.21,Paid
504155,704155,Credit Card,4290.71,Paid
504156,704156,UPI,44849.41,Paid
504157,704157,COD,2679.24,Paid
504158,704158,UPI,4547.05,Paid
504159,704159,Net Banking,14285.66,Paid
504160,704160,UPI,8091.28,Paid
504161,704161,UPI,97603.98,Paid
504162,704162,UPI,11870.7,Paid
504163,704163,UPI,6033.86,Paid
504164,704164,Credit Card,4002.89,Paid
504165,704165,COD,7931.23,Paid
504166,704166,Credit Card,6937.5,Paid
504167,704167,Debit Card,6966.86,Paid
504168,704168,UPI,3178.09,Paid
504169,704169,Debit Card,7123.14,Paid
504170,704170,UPI,710.85,Pending
504171,704171,Credit Card,138952.45,Paid
504172,704172,UPI,8019.64,Paid
504173,704173,Credit Card,2245.63,Paid
504174,704174,Credit Card,7768.51,Paid
504175,704175,Net Banking,11981.03,Paid
504176,704176,Credit Card,18828.97,Failed
504177,704177,Wallet,10882.36,Paid
504178,704178,UPI,79107.25,Paid
504179,704179,UPI,54281.21,Paid
504180,704180,Debit Card,5517.79,Paid
504181,704181,UPI,421.18,Paid
504182,704182,Credit Card,4712.75,Paid
504183,704183,UPI,9975.97,Paid
504184,704184,COD,24406.41,Paid
504185,704185,Wallet,1031.42,Paid
504186,704186,Credit Card,608.21,Paid
504187,704187,UPI,8635.48,Paid
504188,704188,Wallet,113874.84,Paid
504189,704189,Net Banking,2402.77,Paid
504190,704190,Credit Card,1232.07,Paid
504191,704191,Wallet,10870.12,Paid
504192,704192,UPI,9870.69,Paid
504193,704193,COD,546.78,Paid
504194,704194,Debit Card,29461.18,Failed
504195,704195,Credit Card,1969.68,Failed
504196,704196,Net Banking,19406.08,Paid
504197,704197,COD,92625.65,Paid
504198,704198,Debit Card,4221.89,Paid
504199,704199,Net Banking,13371.56,Paid
504200,704200,Credit Card,5685.93,Paid
504201,704201,UPI,11704.97,Paid
504202,704202,Credit Card,50268.58,Paid
504203,704203,UPI,25360.67,Paid
504204,704204,UPI,5140.68,Paid
504205,704205,Net Banking,33447.76,Paid
504206,704206,UPI,1693.34,Paid
504207,704207,Credit Card,2855.73,Paid
504208,704208,COD,1462.39,Paid
504209,704209,Credit Card,5931.69,Paid
504210,704210,COD,36168.61,Pending
504211,704211,COD,557.2,Paid
504212,704212,UPI,4863.67,Paid
504213,704213,COD,12293.04,Paid
504214,704214,UPI,2800.29,Paid
504215,704215,Debit Card,87001.45,Paid
504216,704216,UPI,15023.58,Paid
504217,704217,UPI,13890.12,Paid
504218,704218,UPI,41048.3,Paid
504219,704219,Credit Card,7843.24,Paid
504220,704220,Net Banking,38473.57,Paid
504221,704221,COD,3883.21,Paid
504222,704222,UPI,461.79,Paid
504223,704223,UPI,1846.95,Paid
504224,704224,COD,13418.73,Paid
504225,704225,Debit Card,2563.25,Paid
504226,704226,Debit Card,6642.02,Paid
504227,704227,Credit Card,58727.46,Paid
504228,704228,COD,2438.55,Paid
504229,704229,Net Banking,6993.69,Paid
504230,704230,Debit Card,16106.17,Paid
504231,704231,COD,11104.32,Paid
504232,704232,COD,26133.32,Paid
504233,704233,Wallet,3815.26,Paid
504234,704234,Net Banking,29228.16,Pending
504235,704235,UPI,29228.16,Paid
504236,704236,Credit Card,619.87,Paid
504237,704237,Credit Card,29090.6,Paid
504238,704238,Credit Card,3051.88,Paid
504239,704239,UPI,11697.39,Paid
504240,704240,Debit Card,959.25,Paid
504241,704241,COD,9075.9,Paid
504242,704242,Debit Card,28663.23,Paid
504243,704243,UPI,23483.74,Paid
504244,704244,UPI,2040.44,Failed
504245,704245,UPI,1694.1,Pending
504246,704246,Credit Card,7183.5,Paid
504247,704247,UPI,21140.62,Paid
504248,704248,UPI,11616.79,Paid
504249,704249,UPI,15503.9,Paid
504250,704250,Credit Card,6018.5,Paid
504251,704251,Credit Card,94620.12,Paid
504252,704252,COD,2522.68,Paid
504253,704253,UPI,10808.1,Paid
504254,704254,Debit Card,7198.48,Paid
504255,704255,Wallet,27589.68,Paid
504256,704256,Debit Card,58075.79,Paid
504257,704257,Credit Card,899.59,Pending
504258,704258,Credit Card,7146.63,Paid
504259,704259,COD,622.82,Paid
504260,704260,Credit Card,7136.67,Paid
504261,704261,UPI,1126.34,Paid
504262,704262,Credit Card,33500.0,Paid
504263,704263,UPI,3218.32,Paid
504264,704264,Net Banking,50604.93,Paid
504265,704265,UPI,9985.98,Paid
504266,704266,Debit Card,12262.17,Paid
504267,704267,Net Banking,8181.52,Paid
504268,704268,UPI,7912.75,Paid
504269,704269,Debit Card,5836.04,Paid
504270,704270,Net Banking,3782.1,Paid
504271,704271,UPI,490.84,Paid
504272,704272,Debit Card,10847.97,Paid
504273,704273,UPI,2313.69,Paid
504274,704274,Credit Card,25707.44,Paid
504275,704275,Debit Card,3795.43,Paid
504276,704276,UPI,11354.72,Paid
504277,704277,Net Banking,4591.0,Paid
504278,704278,Credit Card,28552.4,Paid
504279,704279,UPI,15421.51,Paid
504280,704280,UPI,60014.91,Paid
504281,704281,Credit Card,3378.24,Paid
504282,704282,Debit Card,316.16,Paid
504283,704283,Credit Card,10434.97,Failed
504284,704284,Debit Card,10492.81,Paid
504285,704285,UPI,98463.83,Paid
504286,704286,UPI,454.91,Paid
504287,704287,UPI,20032.31,Paid
504288,704288,Debit Card,4094.59,Paid
504289,704289,UPI,3190.56,Paid
504290,704290,UPI,112604.64,Paid
504291,704291,Credit Card,7086.42,Paid
504292,704292,UPI,896.32,Paid
504293,704293,UPI,141584.96,Paid
504294,704294,Net Banking,466.98,Paid
504295,704295,UPI,2282.11,Paid
504296,704296,COD,121921.11,Paid
504297,704297,COD,15366.6,Paid
504298,704298,UPI,4373.43,Paid
504299,704299,Debit Card,92776.22,Paid
504300,704300,COD,1561.38,Paid
504301,704301,COD,2951.46,Paid
504302,704302,COD,72483.94,Paid
504303,704303,UPI,14754.48,Paid
504304,704304,UPI,2281.65,Paid
504305,704305,Credit Card,4619.21,Paid
504306,704306,COD,41102.91,Paid
504307,704307,UPI,19238.38,Paid
504308,704308,COD,59225.12,Paid
504309,704309,UPI,11354.72,Paid
504310,704310,UPI,3378.14,Paid
504311,704311,Credit Card,204.73,Paid
504312,704312,Credit Card,28074.63,Paid
504313,704313,UPI,6799.05,Paid
504314,704314,Credit Card,2599.66,Paid
504315,704315,UPI,6585.71,Paid
504316,704316,Net Banking,6427.34,Paid
504317,704317,COD,4237.24,Paid
504318,704318,COD,12788.95,Paid
504319,704319,Credit Card,3214.78,Paid
504320,704320,Credit Card,10201.3,Paid
504321,704321,Debit Card,386.94,Paid
504322,704322,Wallet,4357.76,Paid
504323,704323,UPI,5043.53,Paid
504324,704324,Credit Card,1477.8,Paid
504325,704325,UPI,54255.12,Paid
504326,704326,Credit Card,23518.77,Paid
504327,704327,UPI,127813.4,Paid
504328,704328,Debit Card,2592.64,Paid
504329,704329,Credit Card,3406.63,Paid
504330,704330,UPI,27812.19,Paid
504331,704331,Debit Card,9390.67,Paid
504332,704332,Credit Card,417.9,Paid
504333,704333,UPI,12709.08,Paid
504334,704334,Credit Card,42759.78,Paid
504335,704335,UPI,21401.38,Paid
504336,704336,COD,51152.01,Paid
504337,704337,Debit Card,2220.87,Paid
504338,704338,UPI,15979.66,Paid
504339,704339,COD,1037.54,Paid
504340,704340,UPI,540.93,Paid
504341,704341,Credit Card,37192.6,Paid
504342,704342,UPI,125961.46,Paid
504343,704343,UPI,66782.2,Paid
504344,704344,Credit Card,43091.06,Paid
504345,704345,Credit Card,37507.49,Paid
504346,704346,UPI,4010.69,Paid
504347,704347,Net Banking,7312.9,Paid
504348,704348,Credit Card,10146.29,Paid
504349,704349,COD,62525.27,Paid
504350,704350,Net Banking,36125.87,Paid
504351,704351,UPI,41827.0,Paid
504352,704352,COD,34516.72,Paid
504353,704353,Credit Card,1199.64,Paid
504354,704354,Credit Card,3455.19,Paid
504355,704355,UPI,38007.26,Paid
504356,704356,COD,798.64,Paid
504357,704357,Debit Card,5713.65,Paid
504358,704358,COD,2047.15,Paid
504359,704359,COD,456.57,Paid
504360,704360,UPI,6420.42,Paid
504361,704361,UPI,3616.36,Paid
504362,704362,Debit Card,34624.12,Paid
504363,704363,UPI,6907.75,Paid
504364,704364,Credit Card,9489.46,Paid
504365,704365,Debit Card,1356.45,Paid
504366,704366,UPI,1093.56,Paid
504367,704367,COD,3795.43,Paid
504368,704368,Credit Card,16029.02,Paid
504369,704369,UPI,88760.86,Paid
504370,704370,Debit Card,1277.98,Paid
504371,704371,Credit Card,12273.68,Paid
504372,704372,UPI,1583.66,Failed
504373,704373,UPI,9193.28,Paid
504374,704374,Credit Card,20772.87,Paid
504375,704375,Credit Card,4136.54,Paid
504376,704376,UPI,8550.66,Paid
504377,704377,COD,134229.05,Paid
504378,704378,Debit Card,26086.09,Paid
504379,704379,Credit Card,60829.72,Paid
504380,704380,Debit Card,1133.67,Paid
504381,704381,Debit Card,4701.73,Paid
504382,704382,COD,11346.87,Paid
504383,704383,Wallet,29194.17,Paid
504384,704384,Credit Card,3546.69,Paid
504385,704385,Credit Card,1251.49,Paid
504386,704386,Wallet,3449.14,Paid
504387,704387,Credit Card,516.98,Paid
504388,704388,UPI,41612.07,Paid
504389,704389,Credit Card,10104.69,Paid
504390,704390,UPI,71480.05,Failed
504391,704391,Debit Card,1278.75,Paid
504392,704392,Credit Card,9855.25,Pending
504393,704393,Debit Card,19525.13,Paid
504394,704394,UPI,7494.17,Paid
504395,704395,Net Banking,2303.95,Paid
504396,704396,UPI,743.24,Paid
504397,704397,Credit Card,1461.44,Paid
504398,704398,Credit Card,10483.28,Paid
504399,704399,Net Banking,3942.59,Paid
504400,704400,Credit Card,2941.75,Paid
504401,704401,UPI,2695.57,Paid
504402,704402,COD,1392.19,Paid
504403,704403,Credit Card,68476.51,Paid
504404,704404,Credit Card,609.97,Paid
504405,704405,UPI,19899.14,Paid
504406,704406,COD,20257.96,Paid
504407,704407,UPI,5210.73,Paid
504408,704408,UPI,10434.97,Paid
504409,704409,Net Banking,3949.27,Paid
504410,704410,COD,4147.19,Pending
504411,704411,COD,6434.67,Paid
504412,704412,UPI,26926.44,Paid
504413,704413,UPI,20204.0,Paid
504414,704414,UPI,7885.19,Paid
504415,704415,Debit Card,2642.56,Paid
504416,704416,Credit Card,12171.76,Paid
504417,704417,UPI,3809.54,Paid
504418,704418,Debit Card,2813.81,Paid
504419,704419,Wallet,6359.77,Paid
504420,704420,Wallet,7989.59,Paid
504421,704421,Debit Card,108254.52,Paid
504422,704422,Debit Card,2423.38,Paid
504423,704423,Net Banking,7665.49,Paid
504424,704424,COD,639.67,Paid
504425,704425,COD,48703.6,Paid
504426,704426,UPI,33942.71,Paid
504427,704427,Credit Card,21965.77,Paid
504428,704428,Credit Card,4600.2,Paid
504429,704429,Net Banking,21858.55,Paid
504430,704430,Net Banking,8216.62,Paid
504431,704431,Credit Card,6217.39,Paid
504432,704432,UPI,626.19,Paid
504433,704433,UPI,6635.5,Paid
504434,704434,Credit Card,12434.78,Paid
504435,704435,Wallet,453.91,Paid
504436,704436,UPI,4037.19,Paid
504437,704437,Debit Card,6490.61,Paid
504438,704438,UPI,2943.73,Paid
504439,704439,Credit Card,14361.44,Paid
504440,704440,UPI,78694.06,Paid
504441,704441,UPI,486.61,Paid
504442,704442,UPI,2053.9,Paid
504443,704443,Credit Card,1250.53,Paid
504444,704444,UPI,6070.86,Paid
504445,704445,UPI,1149.39,Paid
504446,704446,UPI,1428.28,Paid
504447,704447,Wallet,51408.02,Paid
504448,704448,UPI,5514.59,Paid
504449,704449,UPI,1056.14,Paid
504450,704450,Credit Card,7640.27,Paid
504451,704451,Debit Card,754.38,Paid
504452,704452,UPI,1270.21,Paid
504453,704453,Debit Card,2623.18,Paid
504454,704454,Wallet,11958.05,Paid
504455,704455,COD,138245.82,Paid
504456,704456,Wallet,913.28,Paid
504457,704457,UPI,62407.69,Paid
504458,704458,Credit Card,1519.21,Paid
504459,704459,COD,14400.08,Paid
504460,704460,Net Banking,18439.59,Paid
504461,704461,UPI,5139.44,Paid
504462,704462,UPI,10657.31,Paid
504463,704463,COD,57836.76,Paid
504464,704464,Wallet,7860.04,Paid
504465,704465,Credit Card,2483.7,Paid
504466,704466,UPI,608.21,Paid
504467,704467,UPI,2959.76,Paid
504468,704468,Net Banking,1561.38,Paid
504469,704469,UPI,23906.95,Paid
504470,704470,Credit Card,801.51,Paid
504471,704471,Credit Card,5334.16,Paid
504472,704472,UPI,2700.17,Paid
504473,704473,UPI,1883.81,Paid
504474,704474,Debit Card,4318.99,Paid
504475,704475,Net Banking,1255.41,Paid
504476,704476,UPI,1641.22,Paid
504477,704477,UPI,12211.65,Paid
504478,704478,UPI,3023.44,Paid
504479,704479,Credit Card,2374.29,Paid
504480,704480,COD,39902.28,Paid
504481,704481,Wallet,435.05,Paid
504482,704482,Credit Card,33732.32,Paid
504483,704483,Debit Card,2126.92,Paid
504484,704484,Debit Card,39852.91,Paid
504485,704485,COD,38735.97,Paid
504486,704486,UPI,9139.42,Paid
504487,704487,Debit Card,719.25,Paid
504488,704488,UPI,1404.99,Paid
504489,704489,Credit Card,19183.29,Paid
504490,704490,Credit Card,4221.34,Paid
504491,704491,UPI,2404.29,Paid
504492,704492,UPI,12348.01,Paid
504493,704493,Credit Card,16754.55,Paid
504494,704494,Credit Card,7234.69,Paid
504495,704495,COD,11960.24,Paid
504496,704496,Credit Card,74041.49,Paid
504497,704497,UPI,903.57,Pending
504498,704498,UPI,16558.65,Pending
504499,704499,Debit Card,3547.75,Paid
504500,704500,UPI,1356.16,Paid
504501,704501,UPI,111392.67,Paid
504502,704502,Credit Card,68061.47,Pending
504503,704503,UPI,1070.39,Paid
504504,704504,COD,16206.87,Pending
504505,704505,UPI,1874.52,Paid
504506,704506,Wallet,2855.73,Paid
504507,704507,Net Banking,8093.7,Paid
504508,704508,UPI,6807.78,Paid
504509,704509,COD,8336.97,Paid
504510,704510,Net Banking,54482.93,Failed
504511,704511,COD,82547.1,Paid
504512,704512,UPI,13139.79,Paid
504513,704513,UPI,810.35,Paid
504514,704514,UPI,5011.09,Paid
504515,704515,UPI,94111.78,Paid
504516,704516,Wallet,50323.99,Paid
504517,704517,Credit Card,1014.76,Paid
504518,704518,Debit Card,35332.97,Paid
504519,704519,Debit Card,1114.82,Paid
504520,704520,UPI,7915.88,Paid
504521,704521,COD,10002.9,Paid
504522,704522,Credit Card,12085.85,Paid
504523,704523,UPI,1349.79,Paid
504524,704524,Credit Card,3333.0,Paid
504525,704525,Credit Card,3870.19,Paid
504526,704526,Credit Card,801.55,Paid
504527,704527,UPI,14683.89,Paid
504528,704528,Wallet,39912.71,Paid
504529,704529,UPI,1318.31,Paid
504530,704530,COD,1364.19,Paid
504531,704531,UPI,12646.59,Paid
504532,704532,Debit Card,49761.06,Paid
504533,704533,Credit Card,7050.79,Paid
504534,704534,UPI,672.95,Paid
504535,704535,UPI,12568.68,Paid
504536,704536,Credit Card,2226.83,Paid
504537,704537,COD,494.45,Paid
504538,704538,Debit Card,72006.09,Paid
504539,704539,UPI,7987.12,Paid
504540,704540,Credit Card,554.86,Pending
504541,704541,Debit Card,3804.67,Paid
504542,704542,Credit Card,41633.99,Paid
504543,704543,Wallet,1054.5,Pending
504544,704544,Wallet,1006.37,Paid
504545,704545,Wallet,71511.38,Paid
504546,704546,Debit Card,6286.5,Paid
504547,704547,COD,38056.65,Paid
504548,704548,COD,34970.87,Paid
504549,704549,UPI,5030.45,Paid
504550,704550,COD,8577.24,Paid
504551,704551,Net Banking,13557.96,Paid
504552,704552,UPI,6417.86,Failed
504553,704553,Net Banking,1589.48,Paid
504554,704554,COD,696.09,Paid
504555,704555,UPI,8709.5,Paid
504556,704556,Debit Card,18031.47,Paid
504557,704557,Credit Card,26581.8,Paid
504558,704558,Debit Card,33226.0,Paid
504559,704559,Debit Card,1769.97,Paid
504560,704560,Debit Card,10980.05,Paid
504561,704561,UPI,4384.68,Pending
504562,704562,UPI,2923.79,Paid
504563,704563,UPI,365.36,Paid
504564,704564,Credit Card,46372.18,Paid
504565,704565,UPI,1333.54,Paid
504566,704566,Debit Card,598.4,Paid
504567,704567,Credit Card,9855.25,Paid
504568,704568,Debit Card,52689.09,Paid
504569,704569,UPI,16661.53,Paid
504570,704570,Credit Card,22799.21,Paid
504571,704571,Debit Card,30624.99,Paid
504572,704572,Credit Card,5548.41,Paid
504573,704573,UPI,16010.77,Paid
504574,704574,Credit Card,12796.79,Paid
504575,704575,UPI,1831.9,Paid
504576,704576,UPI,5573.74,Paid
504577,704577,Debit Card,678.84,Paid
504578,704578,UPI,142178.06,Pending
504579,704579,Credit Card,102799.17,Paid
504580,704580,Credit Card,5069.46,Paid
504581,704581,COD,2136.25,Paid
504582,704582,UPI,11295.23,Paid
504583,704583,Credit Card,1553.78,Paid
504584,704584,UPI,118991.48,Paid
504585,704585,COD,39650.3,Paid
504586,704586,Wallet,2667.08,Failed
504587,704587,Debit Card,4279.24,Paid
504588,704588,Debit Card,11938.34,Paid
504589,704589,Net Banking,5225.31,Paid
504590,704590,Credit Card,10985.0,Paid
504591,704591,Net Banking,365.36,Paid
504592,704592,Debit Card,137821.1,Paid
504593,704593,Wallet,11379.64,Paid
504594,704594,UPI,18068.14,Paid
504595,704595,UPI,8091.76,Paid
504596,704596,UPI,728.43,Failed
504597,704597,COD,3717.4,Paid
504598,704598,UPI,33193.22,Paid
504599,704599,UPI,595.56,Failed
504600,704600,Credit Card,19828.13,Paid
504601,704601,Credit Card,229.18,Paid
504602,704602,Debit Card,18169.58,Paid
504603,704603,UPI,2226.79,Paid
504604,704604,Credit Card,5281.32,Paid
504605,704605,UPI,40420.88,Pending
504606,704606,Net Banking,265.01,Pending
504607,704607,UPI,1757.87,Paid
504608,704608,Debit Card,56407.62,Paid
504609,704609,UPI,1314.83,Paid
504610,704610,UPI,128037.78,Paid
504611,704611,UPI,732.73,Paid
504612,704612,UPI,7706.02,Paid
504613,704613,Credit Card,7169.55,Paid
504614,704614,Wallet,5303.59,Paid
504615,704615,Credit Card,4765.26,Paid
504616,704616,Credit Card,6773.22,Paid
504617,704617,UPI,10615.74,Paid
504618,704618,Credit Card,1948.23,Paid
504619,704619,Credit Card,60799.44,Paid
504620,704620,Debit Card,6301.66,Paid
504621,704621,Net Banking,4061.73,Paid
504622,704622,UPI,3330.56,Paid
504623,704623,UPI,10612.94,Paid
504624,704624,Wallet,3217.02,Paid
504625,704625,UPI,1420.83,Paid
504626,704626,COD,5627.01,Paid
504627,704627,Debit Card,24126.63,Paid
504628,704628,COD,4933.59,Paid
504629,704629,Debit Card,701.95,Paid
504630,704630,Debit Card,15288.1,Paid
504631,704631,Credit Card,519.71,Pending
504632,704632,Credit Card,41162.01,Paid
504633,704633,UPI,3581.2,Paid
504634,704634,UPI,6752.19,Paid
504635,704635,Wallet,6359.77,Paid
504636,704636,UPI,871.2,Paid
504637,704637,Credit Card,13756.16,Paid
504638,704638,Debit Card,13175.2,Paid
504639,704639,UPI,3868.26,Paid
504640,704640,Debit Card,7336.15,Paid
504641,704641,Credit Card,67394.22,Paid
504642,704642,Debit Card,23631.69,Paid
504643,704643,UPI,1294.82,Paid
504644,704644,Net Banking,15734.57,Paid
504645,704645,Debit Card,15607.52,Paid
504646,704646,Credit Card,2237.59,Paid
504647,704647,UPI,9230.75,Paid
504648,704648,COD,11212.35,Paid
504649,704649,Net Banking,45579.7,Paid
504650,704650,Wallet,52173.37,Paid
504651,704651,UPI,4833.71,Paid
504652,704652,COD,3631.47,Paid
504653,704653,Credit Card,17901.64,Paid
504654,704654,Net Banking,5622.52,Paid
504655,704655,Credit Card,12598.12,Paid
504656,704656,Credit Card,20982.88,Paid
504657,704657,UPI,48220.96,Paid
504658,704658,Credit Card,139642.29,Paid
504659,704659,UPI,562.22,Paid
504660,704660,Credit Card,50491.98,Paid
504661,704661,Credit Card,3021.62,Paid
504662,704662,COD,3690.08,Paid
504663,704663,Credit Card,4855.39,Pending
504664,704664,Debit Card,11766.22,Paid
504665,704665,Debit Card,3662.26,Paid
504666,704666,UPI,12066.12,Paid
504667,704667,UPI,86804.06,Failed
504668,704668,Wallet,2932.58,Paid
504669,704669,UPI,16666.26,Paid
504670,704670,Credit Card,1114.2,Paid
504671,704671,Wallet,2135.17,Paid
504672,704672,Net Banking,7582.87,Paid
504673,704673,UPI,13406.12,Paid
504674,704674,Debit Card,3850.05,Paid
504675,704675,Credit Card,11293.67,Paid
504676,704676,UPI,10375.0,Paid
504677,704677,UPI,14381.26,Paid
504678,704678,Credit Card,4157.29,Paid
504679,704679,COD,955.69,Pending
504680,704680,Wallet,3795.43,Paid
504681,704681,Debit Card,14460.93,Paid
504682,704682,UPI,84201.02,Paid
504683,704683,Credit Card,3222.11,Paid
504684,704684,UPI,11499.21,Paid
504685,704685,UPI,10287.39,Paid
504686,704686,Credit Card,12215.51,Pending
504687,704687,Wallet,346.01,Paid
504688,704688,Credit Card,73076.97,Paid
504689,704689,UPI,2550.76,Paid
504690,704690,COD,4039.62,Paid
504691,704691,Net Banking,314.89,Paid
504692,704692,UPI,10346.14,Paid
504693,704693,UPI,20827.83,Paid
504694,704694,Credit Card,13930.41,Paid
504695,704695,UPI,5409.27,Paid
504696,704696,UPI,485.26,Paid
504697,704697,UPI,461.79,Paid
504698,704698,Net Banking,638.3,Paid
504699,704699,UPI,13487.52,Paid
504700,704700,UPI,41791.1,Paid
504701,704701,Debit Card,8549.25,Paid
504702,704702,Credit Card,2907.76,Paid
504703,704703,UPI,512.76,Paid
504704,704704,Credit Card,1783.52,Paid
504705,704705,UPI,21540.73,Paid
504706,704706,Credit Card,63843.57,Paid
504707,704707,COD,8052.49,Paid
504708,704708,Credit Card,8694.39,Paid
504709,704709,UPI,16588.76,Failed
504710,704710,Credit Card,57868.59,Paid
504711,704711,UPI,15151.69,Paid
504712,704712,Wallet,7297.14,Paid
504713,704713,COD,27809.91,Paid
504714,704714,UPI,1135.98,Failed
504715,704715,COD,11126.52,Paid
504716,704716,COD,75869.99,Paid
504717,704717,UPI,2441.65,Paid
504718,704718,UPI,10890.71,Paid
504719,704719,Credit Card,2167.17,Paid
504720,704720,UPI,3215.84,Paid
504721,704721,UPI,8993.0,Paid
504722,704722,COD,741.85,Paid
504723,704723,Debit Card,6693.53,Paid
504724,704724,COD,25715.03,Paid
504725,704725,COD,28552.4,Paid
504726,704726,Credit Card,17389.29,Paid
504727,704727,Credit Card,30947.46,Paid
504728,704728,Credit Card,6906.37,Paid
504729,704729,Debit Card,3479.84,Paid
504730,704730,UPI,1893.65,Paid
504731,704731,UPI,1176.78,Paid
504732,704732,Debit Card,13687.75,Paid
504733,704733,Credit Card,4339.48,Paid
504734,704734,COD,39272.83,Paid
504735,704735,COD,56482.72,Pending
504736,704736,UPI,724.34,Paid
504737,704737,Credit Card,10540.75,Paid
504738,704738,UPI,731.51,Paid
504739,704739,COD,14575.6,Paid
504740,704740,UPI,1824.63,Paid
504741,704741,COD,3361.29,Failed
504742,704742,Debit Card,2089.57,Paid
504743,704743,UPI,65852.82,Paid
504744,704744,Credit Card,472.42,Paid
504745,704745,Debit Card,9937.51,Paid
504746,704746,Debit Card,47607.8,Paid
504747,704747,UPI,7569.08,Paid
504748,704748,Net Banking,58779.72,Paid
504749,704749,COD,3560.09,Paid
504750,704750,Net Banking,18189.62,Paid
504751,704751,Debit Card,9834.43,Paid
504752,704752,Credit Card,1088.59,Paid
504753,704753,UPI,25205.57,Paid
504754,704754,UPI,4475.75,Paid
504755,704755,UPI,5191.7,Paid
504756,704756,Credit Card,15328.77,Paid
504757,704757,COD,18919.4,Paid
504758,704758,UPI,3296.25,Paid
504759,704759,Credit Card,33059.74,Paid
504760,704760,Credit Card,42208.09,Paid
504761,704761,Net Banking,743.24,Paid
504762,704762,UPI,5008.95,Paid
504763,704763,Credit Card,4688.23,Paid
504764,704764,Credit Card,9477.17,Paid
504765,704765,UPI,76901.06,Paid
504766,704766,Credit Card,42993.25,Paid
504767,704767,Credit Card,17875.09,Paid
504768,704768,UPI,13837.99,Pending
504769,704769,Debit Card,3164.52,Paid
504770,704770,Credit Card,3480.45,Paid
504771,704771,UPI,4740.01,Paid
504772,704772,Net Banking,40492.37,Paid
504773,704773,Credit Card,1381.14,Paid
504774,704774,Credit Card,445.95,Paid
504775,704775,UPI,1183.58,Paid
504776,704776,UPI,1392.57,Paid
504777,704777,UPI,2018.6,Paid
504778,704778,Credit Card,16804.49,Failed
504779,704779,UPI,1207.71,Paid
504780,704780,UPI,14771.55,Paid
504781,704781,UPI,40012.88,Failed
504782,704782,UPI,12907.55,Paid
504783,704783,UPI,1846.95,Paid
504784,704784,Wallet,6429.57,Paid
504785,704785,COD,1700.52,Paid
504786,704786,Credit Card,14198.2,Paid
504787,704787,Credit Card,41847.6,Paid
504788,704788,UPI,2598.18,Paid
504789,704789,COD,11432.56,Paid
504790,704790,UPI,17356.28,Paid
504791,704791,Debit Card,68831.88,Paid
504792,704792,UPI,513.1,Paid
504793,704793,Wallet,3864.66,Paid
504794,704794,UPI,11245.43,Paid
504795,704795,UPI,30941.31,Paid
504796,704796,UPI,9993.89,Paid
504797,704797,COD,11563.55,Paid
504798,704798,Credit Card,56054.57,Paid
504799,704799,Credit Card,880.66,Paid
504800,704800,UPI,887.42,Paid
504801,704801,Debit Card,1299.09,Paid
504802,704802,Wallet,4259.1,Paid
504803,704803,UPI,10667.12,Paid
504804,704804,Net Banking,11588.82,Paid
504805,704805,COD,16887.52,Paid
504806,704806,UPI,6879.52,Paid
504807,704807,Credit Card,5132.69,Paid
504808,704808,Debit Card,14967.2,Paid
504809,704809,UPI,8224.2,Paid
504810,704810,Credit Card,49444.35,Paid
504811,704811,UPI,31086.96,Paid
504812,704812,UPI,23878.96,Paid
504813,704813,COD,13956.01,Paid
504814,704814,Debit Card,38723.1,Paid
504815,704815,Debit Card,4657.12,Paid
504816,704816,Credit Card,15529.57,Paid
504817,704817,Debit Card,4326.42,Paid
504818,704818,Credit Card,1794.35,Paid
504819,704819,COD,26022.86,Paid
504820,704820,Credit Card,4518.4,Paid
504821,704821,COD,1676.82,Paid
504822,704822,Credit Card,7134.78,Paid
504823,704823,UPI,12562.49,Paid
504824,704824,Debit Card,73485.31,Paid
504825,704825,UPI,11338.1,Paid
504826,704826,Credit Card,1871.2,Paid
504827,704827,UPI,24916.34,Paid
504828,704828,UPI,2542.47,Paid
504829,704829,Net Banking,1991.17,Failed
504830,704830,Credit Card,3285.5,Paid
504831,704831,Credit Card,2744.86,Pending
504832,704832,COD,13220.72,Paid
504833,704833,UPI,600.68,Paid
504834,704834,UPI,1481.71,Paid
504835,704835,Credit Card,151224.04,Paid
504836,704836,Debit Card,7201.41,Paid
504837,704837,Net Banking,2921.26,Paid
504838,704838,UPI,3422.54,Paid
504839,704839,COD,1653.81,Paid
504840,704840,COD,10821.28,Paid
504841,704841,COD,3945.24,Paid
504842,704842,Debit Card,13989.13,Paid
504843,704843,UPI,466.98,Paid
504844,704844,Debit Card,4178.41,Paid
504845,704845,UPI,15314.16,Paid
504846,704846,Debit Card,17186.6,Paid
504847,704847,COD,2620.0,Paid
504848,704848,Credit Card,550.69,Paid
504849,704849,UPI,18362.54,Paid
504850,704850,Net Banking,21787.97,Paid
504851,704851,Debit Card,942.88,Paid
504852,704852,COD,1872.46,Paid
504853,704853,COD,73469.72,Paid
504854,704854,Debit Card,1311.76,Paid
504855,704855,Net Banking,22741.23,Failed
504856,704856,COD,7920.12,Paid
504857,704857,Net Banking,21510.92,Paid
504858,704858,UPI,2014.41,Paid
504859,704859,Net Banking,3811.61,Paid
504860,704860,COD,44768.74,Paid
504861,704861,UPI,13557.58,Paid
504862,704862,Credit Card,6582.09,Paid
504863,704863,Credit Card,8481.75,Paid
504864,704864,Debit Card,138182.26,Paid
504865,704865,Debit Card,13482.68,Paid
504866,704866,Credit Card,16742.91,Paid
504867,704867,COD,39104.28,Paid
504868,704868,Credit Card,2557.56,Pending
504869,704869,Net Banking,2406.77,Paid
504870,704870,COD,3166.45,Paid
504871,704871,UPI,45439.51,Paid
504872,704872,COD,857.2,Paid
504873,704873,UPI,13657.34,Paid
504874,704874,Credit Card,22660.29,Pending
504875,704875,UPI,13317.57,Paid
504876,704876,Credit Card,31014.84,Paid
504877,704877,UPI,2521.76,Paid
504878,704878,Debit Card,1209.94,Paid
504879,704879,UPI,34731.55,Paid
504880,704880,Credit Card,567.31,Failed
504881,704881,UPI,14005.23,Paid
504882,704882,UPI,8244.41,Paid
504883,704883,UPI,11711.29,Paid
504884,704884,Credit Card,1054.5,Paid
504885,704885,Debit Card,24664.32,Paid
504886,704886,Debit Card,1289.14,Failed
504887,704887,UPI,48801.99,Paid
504888,704888,Debit Card,15109.89,Paid
504889,704889,Debit Card,84478.63,Paid
504890,704890,UPI,328.51,Paid
504891,704891,UPI,11110.52,Failed
504892,704892,Credit Card,1348.81,Paid
504893,704893,UPI,91014.49,Paid
504894,704894,UPI,1333.54,Paid
504895,704895,UPI,38855.26,Paid
504896,704896,Debit Card,2361.48,Paid
504897,704897,UPI,1755.56,Paid
504898,704898,Wallet,2236.7,Paid
504899,704899,Debit Card,29679.84,Paid
504900,704900,Wallet,13141.98,Paid
504901,704901,COD,3068.6,Failed
504902,704902,Credit Card,13562.17,Paid
504903,704903,UPI,1315.3,Paid
504904,704904,Debit Card,1490.08,Paid
504905,704905,Debit Card,66693.07,Failed
504906,704906,COD,6694.49,Paid
504907,704907,COD,949.05,Paid
504908,704908,UPI,585.44,Pending
504909,704909,Credit Card,846.67,Paid
504910,704910,COD,20847.55,Paid
504911,704911,Credit Card,34090.8,Paid
504912,704912,UPI,10100.83,Paid
504913,704913,UPI,428.15,Paid
504914,704914,UPI,14455.39,Paid
504915,704915,COD,1971.82,Paid
504916,704916,UPI,1983.55,Paid
504917,704917,COD,14470.98,Paid
504918,704918,Credit Card,331.46,Paid
504919,704919,UPI,11360.97,Paid
504920,704920,COD,7195.48,Paid
504921,704921,Debit Card,5609.74,Paid
504922,704922,UPI,1871.2,Paid
504923,704923,Credit Card,843.46,Paid
504924,704924,UPI,185380.71,Paid
504925,704925,Credit Card,40024.71,Paid
504926,704926,UPI,14697.39,Paid
504927,704927,UPI,5975.76,Paid
504928,704928,COD,5188.2,Paid
504929,704929,Credit Card,34769.54,Paid
504930,704930,UPI,28963.76,Paid
504931,704931,UPI,11594.41,Paid
504932,704932,Credit Card,10267.6,Failed
504933,704933,UPI,24370.1,Paid
504934,704934,Credit Card,44321.52,Paid
504935,704935,UPI,70303.8,Paid
504936,704936,Net Banking,1472.05,Paid
504937,704937,Net Banking,12883.35,Paid
504938,704938,Credit Card,7347.11,Paid
504939,704939,UPI,8146.44,Paid
504940,704940,Credit Card,18398.49,Paid
504941,704941,COD,3869.25,Paid
504942,704942,Net Banking,4040.78,Paid
504943,704943,COD,17569.06,Paid
504944,704944,Net Banking,12720.68,Paid
504945,704945,Debit Card,65673.1,Paid
504946,704946,Credit Card,7330.97,Paid
504947,704947,UPI,743.24,Paid
504948,704948,COD,17376.46,Paid
504949,704949,Debit Card,41490.9,Paid
504950,704950,Wallet,4505.9,Paid
504951,704951,COD,5172.82,Paid
504952,704952,UPI,50333.14,Paid
504953,704953,Credit Card,3655.88,Paid
504954,704954,Net Banking,17480.34,Paid
504955,704955,Credit Card,994.98,Paid
504956,704956,UPI,156726.5,Paid
504957,704957,COD,1965.65,Paid
504958,704958,Credit Card,4978.31,Paid
504959,704959,Credit Card,35727.41,Paid
504960,704960,Credit Card,12327.22,Failed
504961,704961,Credit Card,6051.36,Paid
504962,704962,UPI,23406.7,Paid
504963,704963,UPI,8410.09,Failed
504964,704964,UPI,7407.7,Paid
504965,704965,Credit Card,45957.44,Paid
504966,704966,Credit Card,15514.71,Paid
504967,704967,Net Banking,3200.85,Paid
504968,704968,Debit Card,5514.01,Paid
504969,704969,Net Banking,24009.94,Paid
504970,704970,Net Banking,3695.37,Paid
504971,704971,UPI,10098.59,Paid
504972,704972,COD,204.73,Failed
504973,704973,UPI,3577.54,Paid
504974,704974,Credit Card,1428.15,Paid
504975,704975,COD,11081.74,Paid
504976,704976,COD,15648.76,Failed
504977,704977,Net Banking,126775.69,Paid
504978,704978,Net Banking,761.56,Paid
504979,704979,Debit Card,37209.53,Paid
504980,704980,Credit Card,9329.09,Paid
504981,704981,Credit Card,18508.59,Paid
504982,704982,Wallet,40729.13,Paid
504983,704983,UPI,6042.02,Paid
504984,704984,COD,626.19,Paid
504985,704985,UPI,67347.5,Paid
504986,704986,Credit Card,16279.29,Paid
504987,704987,Net Banking,15676.98,Paid
504988,704988,Credit Card,32515.5,Paid
504989,704989,Credit Card,40133.93,Paid
504990,704990,UPI,2529.18,Paid
504991,704991,UPI,18036.93,Paid
504992,704992,Wallet,1133.67,Paid
504993,704993,Credit Card,12829.41,Paid
504994,704994,UPI,1411.34,Paid
504995,704995,Debit Card,661.43,Paid
504996,704996,Credit Card,21034.83,Paid
504997,704997,Credit Card,2988.46,Failed
504998,704998,UPI,4217.14,Paid
504999,704999,UPI,4643.38,Paid
505000,705000,Debit Card,12301.78,Failed
505001,705001,Credit Card,27669.14,Paid
505002,705002,UPI,7074.04,Paid
505003,705003,Credit Card,5703.45,Paid
505004,705004,UPI,11168.0,Paid
505005,705005,Debit Card,22231.35,Paid
505006,705006,Credit Card,12164.29,Paid
505007,705007,Debit Card,4279.55,Paid
505008,705008,Debit Card,1812.97,Paid
505009,705009,Credit Card,1816.77,Paid
505010,705010,UPI,5704.72,Paid
505011,705011,UPI,100420.02,Paid
505012,705012,Credit Card,1856.44,Paid
505013,705013,UPI,13300.19,Paid
505014,705014,Credit Card,14246.28,Paid
505015,705015,Debit Card,23631.35,Paid
505016,705016,COD,5949.52,Paid
505017,705017,Credit Card,11132.63,Paid
505018,705018,UPI,32051.74,Paid
505019,705019,Debit Card,11406.13,Paid
505020,705020,Credit Card,39769.65,Paid
505021,705021,Credit Card,27862.4,Paid
505022,705022,Debit Card,8903.25,Paid
505023,705023,Credit Card,44852.15,Failed
505024,705024,Credit Card,3504.53,Paid
505025,705025,Credit Card,11378.43,Paid
505026,705026,UPI,6701.19,Paid
505027,705027,COD,481.67,Paid
505028,705028,UPI,16820.18,Paid
505029,705029,Wallet,2674.77,Paid
505030,705030,Net Banking,2275.91,Paid
505031,705031,Debit Card,495.5,Paid
505032,705032,COD,72980.07,Paid
505033,705033,Debit Card,9307.46,Paid
505034,705034,Credit Card,37899.88,Paid
505035,705035,Debit Card,9515.38,Paid
505036,705036,Debit Card,893.08,Paid
505037,705037,UPI,1142.93,Paid
505038,705038,UPI,7915.36,Paid
505039,705039,UPI,7452.24,Paid
505040,705040,UPI,2302.21,Paid
505041,705041,UPI,9979.52,Paid
505042,705042,UPI,22341.58,Paid
505043,705043,Credit Card,6381.12,Paid
505044,705044,UPI,6656.88,Paid
505045,705045,Credit Card,538.36,Paid
505046,705046,COD,7551.69,Paid
505047,705047,Credit Card,12545.05,Paid
505048,705048,Debit Card,7678.01,Paid
505049,705049,UPI,6145.54,Paid
505050,705050,Wallet,2841.66,Paid
505051,705051,Net Banking,3697.04,Paid
505052,705052,Debit Card,66623.04,Paid
505053,705053,UPI,34881.57,Paid
505054,705054,Credit Card,6125.37,Paid
505055,705055,Debit Card,74830.56,Paid
505056,705056,Debit Card,1114.82,Paid
505057,705057,UPI,2816.63,Paid
505058,705058,UPI,31613.71,Paid
505059,705059,Credit Card,10509.76,Paid
505060,705060,Credit Card,14533.54,Paid
505061,705061,UPI,23147.32,Paid
505062,705062,UPI,1819.05,Paid
505063,705063,Credit Card,105404.73,Paid
505064,705064,Wallet,7341.31,Paid
505065,705065,UPI,811.68,Paid
505066,705066,Credit Card,9973.74,Paid
505067,705067,UPI,2480.48,Paid
505068,705068,Credit Card,23878.96,Paid
505069,705069,Credit Card,25687.06,Failed
505070,705070,Wallet,3317.4,Paid
505071,705071,UPI,7863.07,Paid
505072,705072,Credit Card,53967.37,Paid
505073,705073,COD,18159.56,Paid
505074,705074,Credit Card,8875.97,Paid
505075,705075,UPI,9326.94,Paid
505076,705076,COD,34858.05,Paid
505077,705077,COD,38856.18,Failed
505078,705078,UPI,73427.82,Paid
505079,705079,Credit Card,5480.13,Paid
505080,705080,COD,2410.75,Paid
505081,705081,UPI,29859.79,Pending
505082,705082,UPI,25724.94,Paid
505083,705083,Credit Card,1174.21,Paid
505084,705084,Net Banking,15770.38,Paid
505085,705085,Credit Card,21176.47,Paid
505086,705086,Net Banking,10949.88,Paid
505087,705087,COD,19468.23,Paid
505088,705088,UPI,493.21,Paid
505089,705089,COD,8716.5,Paid
505090,705090,COD,137960.54,Paid
505091,705091,UPI,9138.62,Paid
505092,705092,UPI,12821.65,Paid
505093,705093,COD,20985.62,Paid
505094,705094,Credit Card,9880.6,Paid
505095,705095,Net Banking,2033.51,Paid
505096,705096,Debit Card,3389.14,Paid
505097,705097,Debit Card,77082.81,Paid
505098,705098,UPI,2634.14,Paid
505099,705099,UPI,28307.38,Paid
505100,705100,UPI,3398.12,Paid
505101,705101,Net Banking,3955.65,Paid
505102,705102,Credit Card,1400.14,Paid
505103,705103,Wallet,386.85,Paid
505104,705104,COD,6902.84,Paid
505105,705105,Credit Card,11594.41,Paid
505106,705106,Wallet,7937.76,Paid
505107,705107,UPI,721.81,Paid
505108,705108,Net Banking,5884.38,Paid
505109,705109,Debit Card,26151.97,Paid
505110,705110,Net Banking,343.86,Paid
505111,705111,Debit Card,33906.29,Paid
505112,705112,COD,12831.6,Paid
505113,705113,Credit Card,493.21,Paid
505114,705114,Debit Card,25906.53,Paid
505115,705115,Debit Card,567.31,Paid
505116,705116,Net Banking,12342.12,Paid
505117,705117,UPI,20194.98,Paid
505118,705118,UPI,9014.57,Failed
505119,705119,UPI,14168.54,Paid
505120,705120,Credit Card,30611.56,Paid
505121,705121,Credit Card,29839.47,Paid
505122,705122,UPI,7994.61,Paid
505123,705123,UPI,12293.04,Paid
505124,705124,UPI,429.83,Pending
505125,705125,Credit Card,3445.67,Paid
505126,705126,UPI,654.31,Paid
505127,705127,UPI,74662.68,Paid
505128,705128,UPI,6459.93,Paid
505129,705129,Debit Card,1185.37,Paid
505130,705130,UPI,25089.27,Paid
505131,705131,Credit Card,10637.56,Paid
505132,705132,Credit Card,11212.68,Paid
505133,705133,Debit Card,8967.83,Paid
505134,705134,Net Banking,71278.42,Paid
505135,705135,Credit Card,30791.32,Paid
505136,705136,Credit Card,4017.23,Paid
505137,705137,UPI,151853.17,Paid
505138,705138,Debit Card,22476.61,Paid
505139,705139,Net Banking,22123.88,Paid
505140,705140,COD,5628.1,Paid
505141,705141,COD,1489.69,Pending
505142,705142,COD,29941.62,Paid
505143,705143,UPI,4107.8,Paid
505144,705144,Credit Card,7867.29,Failed
505145,705145,Credit Card,48659.61,Paid
505146,705146,UPI,1307.54,Failed
505147,705147,Wallet,3549.28,Paid
505148,705148,Wallet,2966.74,Paid
505149,705149,Debit Card,7278.1,Paid
505150,705150,Debit Card,3440.71,Paid
505151,705151,Debit Card,8336.97,Paid
505152,705152,Credit Card,4231.12,Paid
505153,705153,UPI,1028.64,Paid
505154,705154,COD,17336.28,Paid
505155,705155,Debit Card,1253.91,Paid
505156,705156,Credit Card,1196.8,Paid
505157,705157,UPI,11594.41,Paid
505158,705158,UPI,8156.39,Paid
505159,705159,UPI,1745.93,Paid
505160,705160,UPI,11807.21,Paid
505161,705161,COD,586.18,Paid
505162,705162,Net Banking,2708.48,Paid
505163,705163,Credit Card,16549.96,Paid
505164,705164,Credit Card,3481.07,Paid
505165,705165,Credit Card,466.98,Paid
505166,705166,Credit Card,10554.25,Paid
505167,705167,COD,69675.02,Paid
505168,705168,UPI,411.13,Paid
505169,705169,UPI,1734.87,Paid
505170,705170,COD,38392.49,Paid
505171,705171,Net Banking,20375.6,Paid
505172,705172,COD,103636.7,Paid
505173,705173,Debit Card,36895.49,Paid
505174,705174,Debit Card,16508.04,Paid
505175,705175,Credit Card,8268.22,Paid
505176,705176,UPI,2305.88,Paid
505177,705177,Wallet,3949.38,Paid
505178,705178,UPI,18508.59,Paid
505179,705179,Credit Card,7320.01,Paid
505180,705180,Wallet,1467.46,Paid
505181,705181,Credit Card,4427.19,Paid
505182,705182,Debit Card,2367.92,Paid
505183,705183,COD,729.92,Paid
505184,705184,UPI,8589.93,Paid
505185,705185,UPI,26406.45,Paid
505186,705186,UPI,43977.1,Paid
505187,705187,COD,1265.68,Paid
505188,705188,COD,11750.6,Paid
505189,705189,Credit Card,2824.4,Paid
505190,705190,Net Banking,9266.15,Paid
505191,705191,UPI,7048.76,Paid
505192,705192,UPI,4966.67,Paid
505193,705193,Net Banking,5368.63,Paid
505194,705194,UPI,62182.02,Paid
505195,705195,UPI,519.71,Paid
505196,705196,COD,115278.6,Paid
505197,705197,Credit Card,3690.08,Paid
505198,705198,UPI,13410.71,Paid
505199,705199,UPI,2797.6,Paid
505200,705200,UPI,1174.21,Paid
505201,705201,UPI,45203.2,Paid
505202,705202,Credit Card,670.39,Paid
505203,705203,Credit Card,187880.1,Paid
505204,705204,Credit Card,316.16,Paid
505205,705205,COD,2105.04,Paid
505206,705206,Credit Card,149990.37,Paid
505207,705207,Wallet,1359.67,Paid
505208,705208,COD,9423.58,Paid
505209,705209,COD,18578.34,Paid
505210,705210,Debit Card,3856.11,Paid
505211,705211,UPI,5644.98,Paid
505212,705212,Wallet,22189.94,Paid
505213,705213,Debit Card,9504.19,Pending
505214,705214,Net Banking,1001.19,Paid
505215,705215,Debit Card,11801.99,Paid
505216,705216,Net Banking,35032.14,Paid
505217,705217,UPI,26353.56,Paid
505218,705218,UPI,1638.27,Paid
505219,705219,COD,15527.15,Paid
505220,705220,UPI,456.57,Paid
505221,705221,Credit Card,10465.97,Paid
505222,705222,Net Banking,35890.17,Paid
505223,705223,Credit Card,5139.11,Paid
505224,705224,UPI,5202.77,Paid
505225,705225,Credit Card,1505.99,Paid
505226,705226,Debit Card,12529.28,Paid
505227,705227,UPI,2171.52,Paid
505228,705228,Credit Card,27092.53,Paid
505229,705229,Net Banking,11501.3,Paid
505230,705230,UPI,654.31,Paid
505231,705231,Credit Card,3058.83,Paid
505232,705232,Debit Card,11843.25,Paid
505233,705233,UPI,10423.04,Paid
505234,705234,Credit Card,3628.59,Paid
505235,705235,Debit Card,4681.69,Paid
505236,705236,Wallet,14394.43,Paid
505237,705237,Debit Card,6670.15,Paid
505238,705238,Credit Card,18677.58,Paid
505239,705239,Credit Card,8648.18,Paid
505240,705240,UPI,30651.9,Paid
505241,705241,Debit Card,7834.3,Paid
505242,705242,Credit Card,40919.95,Paid
505243,705243,COD,4968.85,Paid
505244,705244,Credit Card,23276.1,Paid
505245,705245,COD,10042.97,Paid
505246,705246,COD,13741.46,Paid
505247,705247,Credit Card,7467.04,Paid
505248,705248,Credit Card,10243.6,Paid
505249,705249,UPI,70528.48,Paid
505250,705250,COD,600.68,Paid
505251,705251,UPI,58074.04,Failed
505252,705252,UPI,53582.4,Paid
505253,705253,Wallet,4308.39,Paid
505254,705254,Credit Card,6454.67,Paid
505255,705255,Credit Card,4341.29,Paid
505256,705256,Net Banking,13864.33,Paid
505257,705257,Credit Card,624.71,Paid
505258,705258,UPI,3186.34,Paid
505259,705259,Debit Card,61411.81,Paid
505260,705260,Credit Card,15326.44,Paid
505261,705261,Debit Card,1686.86,Paid
505262,705262,Debit Card,13466.41,Paid
505263,705263,Wallet,311.41,Paid
505264,705264,UPI,20022.21,Paid
505265,705265,COD,3357.35,Paid
505266,705266,UPI,9350.67,Paid
505267,705267,UPI,1210.68,Failed
505268,705268,Credit Card,595.29,Paid
505269,705269,COD,35544.52,Paid
505270,705270,COD,5804.22,Paid
505271,705271,Credit Card,3048.44,Paid
505272,705272,UPI,3143.72,Paid
505273,705273,UPI,58727.46,Paid
505274,705274,Debit Card,11943.39,Paid
505275,705275,Net Banking,6574.43,Paid
505276,705276,UPI,15647.82,Pending
505277,705277,UPI,9619.19,Paid
505278,705278,Net Banking,63837.88,Paid
505279,705279,UPI,14826.1,Paid
505280,705280,Credit Card,2623.62,Failed
505281,705281,UPI,39951.74,Paid
505282,705282,Credit Card,40525.91,Paid
505283,705283,Debit Card,2553.66,Paid
505284,705284,Net Banking,3848.2,Paid
505285,705285,Debit Card,19457.15,Paid
505286,705286,Debit Card,3305.73,Paid
505287,705287,Wallet,12192.45,Paid
505288,705288,UPI,4845.62,Paid
505289,705289,Credit Card,1511.58,Paid
505290,705290,UPI,686.21,Paid
505291,705291,Wallet,3362.3,Paid
505292,705292,Debit Card,138816.31,Paid
505293,705293,COD,1126.39,Paid
505294,705294,UPI,4524.73,Paid
505295,705295,UPI,758.71,Paid
505296,705296,UPI,45166.36,Paid
505297,705297,UPI,16691.69,Paid
505298,705298,Credit Card,16536.5,Paid
505299,705299,Credit Card,6511.3,Paid
505300,705300,UPI,7677.48,Pending
505301,705301,Debit Card,52147.09,Paid
505302,705302,COD,6100.54,Paid
505303,705303,Debit Card,3696.87,Paid
505304,705304,Debit Card,491.56,Paid
505305,705305,UPI,1093.56,Paid
505306,705306,UPI,3942.59,Paid
505307,705307,COD,1124.34,Paid
505308,705308,Net Banking,12571.19,Paid
505309,705309,COD,2288.03,Paid
505310,705310,Debit Card,2915.17,Paid
505311,705311,COD,42411.4,Paid
505312,705312,Net Banking,16897.95,Paid
505313,705313,UPI,33961.71,Paid
505314,705314,COD,3117.28,Paid
505315,705315,UPI,17291.67,Paid
505316,705316,Credit Card,126914.56,Paid
505317,705317,UPI,11242.96,Paid
505318,705318,UPI,276.81,Paid
505319,705319,UPI,9839.12,Paid
505320,705320,UPI,44867.93,Paid
505321,705321,Debit Card,3210.66,Paid
505322,705322,UPI,4728.69,Paid
505323,705323,UPI,2182.04,Paid
505324,705324,Credit Card,5924.01,Paid
505325,705325,UPI,4388.37,Paid
505326,705326,Debit Card,54106.4,Paid
505327,705327,Credit Card,1065.56,Failed
505328,705328,COD,14551.95,Paid
505329,705329,Wallet,109385.28,Paid
505330,705330,Wallet,2435.93,Paid
505331,705331,COD,6369.14,Paid
505332,705332,Credit Card,32476.35,Paid
505333,705333,Debit Card,13340.3,Paid
505334,705334,Debit Card,7851.72,Paid
505335,705335,Wallet,1166.68,Paid
505336,705336,UPI,45320.58,Paid
505337,705337,Debit Card,42306.96,Paid
505338,705338,Debit Card,12841.58,Paid
505339,705339,Net Banking,25683.65,Paid
505340,705340,UPI,22047.2,Paid
505341,705341,UPI,1894.53,Failed
505342,705342,COD,1270.21,Paid
505343,705343,Credit Card,988.9,Paid
505344,705344,COD,52179.19,Paid
505345,705345,UPI,1889.47,Paid
505346,705346,UPI,15211.11,Paid
505347,705347,Credit Card,1580.63,Paid
505348,705348,UPI,47587.34,Paid
505349,705349,Wallet,4755.64,Paid
505350,705350,UPI,4004.62,Paid
505351,705351,Credit Card,3048.04,Paid
505352,705352,Net Banking,2576.81,Paid
505353,705353,UPI,2207.88,Paid
505354,705354,UPI,12546.16,Paid
505355,705355,Credit Card,506.86,Paid
505356,705356,Debit Card,8075.28,Paid
505357,705357,UPI,6470.02,Paid
505358,705358,Credit Card,18439.59,Paid
505359,705359,Credit Card,14859.78,Paid
505360,705360,Credit Card,1440.81,Paid
505361,705361,UPI,594.24,Paid
505362,705362,UPI,40546.15,Paid
505363,705363,Credit Card,1700.52,Paid
505364,705364,UPI,3213.08,Paid
505365,705365,UPI,11115.67,Paid
505366,705366,UPI,32372.5,Paid
505367,705367,UPI,21981.82,Paid
505368,705368,UPI,7519.93,Paid
505369,705369,Wallet,4532.34,Paid
505370,705370,UPI,1196.32,Paid
505371,705371,COD,1994.93,Paid
505372,705372,Credit Card,5738.27,Paid
505373,705373,UPI,5358.46,Paid
505374,705374,UPI,6206.92,Paid
505375,705375,UPI,22013.86,Paid
505376,705376,Credit Card,15958.8,Failed
505377,705377,UPI,2094.11,Paid
505378,705378,Credit Card,4201.19,Paid
505379,705379,UPI,3104.59,Paid
505380,705380,COD,437.95,Failed
505381,705381,COD,56407.62,Paid
505382,705382,COD,456.17,Paid
505383,705383,Debit Card,3812.42,Paid
505384,705384,Debit Card,31300.68,Paid
505385,705385,UPI,2504.68,Failed
505386,705386,Credit Card,10093.09,Paid
505387,705387,UPI,19410.06,Paid
505388,705388,Net Banking,3867.99,Paid
505389,705389,COD,14629.42,Paid
505390,705390,UPI,1312.15,Paid
505391,705391,Wallet,10482.2,Paid
505392,705392,Net Banking,4040.78,Pending
505393,705393,Credit Card,1109.27,Paid
505394,705394,COD,287.37,Paid
505395,705395,UPI,2067.24,Paid
505396,705396,COD,986.72,Paid
505397,705397,Net Banking,27671.65,Paid
505398,705398,Debit Card,5141.04,Paid
505399,705399,Credit Card,17412.39,Paid
505400,705400,Net Banking,13572.33,Paid
505401,705401,Net Banking,26461.11,Paid
505402,705402,UPI,19783.47,Paid
505403,705403,Debit Card,13658.89,Paid
505404,705404,Credit Card,685.08,Paid
505405,705405,COD,11129.06,Paid
505406,705406,COD,84464.45,Paid
505407,705407,UPI,9164.95,Paid
505408,705408,COD,3982.86,Paid
505409,705409,Net Banking,944.39,Paid
505410,705410,Debit Card,451.9,Paid
505411,705411,COD,2014.05,Paid
505412,705412,Debit Card,2284.01,Paid
505413,705413,UPI,39113.83,Paid
505414,705414,Credit Card,1792.28,Paid
505415,705415,Credit Card,1428.15,Paid
505416,705416,COD,18784.05,Paid
505417,705417,Credit Card,6134.48,Paid
505418,705418,UPI,1676.82,Paid
505419,705419,UPI,10273.93,Paid
505420,705420,Credit Card,4774.77,Paid
505421,705421,UPI,1455.89,Paid
505422,705422,Net Banking,93657.57,Pending
505423,705423,UPI,486.61,Paid
505424,705424,COD,8739.12,Paid
505425,705425,Credit Card,13388.98,Paid
505426,705426,UPI,4335.55,Paid
505427,705427,Credit Card,1199.87,Paid
505428,705428,UPI,20005.11,Paid
505429,705429,COD,2192.16,Paid
505430,705430,UPI,2211.06,Failed
505431,705431,Debit Card,5804.22,Pending
505432,705432,Net Banking,2131.13,Paid
505433,705433,Debit Card,1714.32,Paid
505434,705434,COD,2479.5,Paid
505435,705435,COD,21097.74,Paid
505436,705436,Credit Card,30557.23,Paid
505437,705437,COD,2920.87,Paid
505438,705438,Credit Card,1393.23,Paid
505439,705439,Wallet,3336.51,Pending
505440,705440,Wallet,8637.98,Paid
505441,705441,UPI,8829.06,Paid
505442,705442,Credit Card,4425.16,Paid
505443,705443,UPI,10745.96,Paid
505444,705444,Debit Card,5875.44,Paid
505445,705445,Credit Card,8604.33,Paid
505446,705446,COD,442.83,Paid
505447,705447,Net Banking,1229.78,Failed
505448,705448,COD,19608.01,Paid
505449,705449,UPI,4155.68,Paid
505450,705450,Credit Card,5775.44,Paid
505451,705451,Net Banking,6435.89,Paid
505452,705452,UPI,946.6,Paid
505453,705453,UPI,5531.45,Paid
505454,705454,UPI,445.95,Paid
505455,705455,UPI,76767.17,Paid
505456,705456,Debit Card,5823.24,Paid
505457,705457,UPI,19762.46,Paid
505458,705458,UPI,9921.49,Paid
505459,705459,Debit Card,1196.32,Paid
505460,705460,Debit Card,15394.95,Paid
505461,705461,UPI,273222.03,Paid
505462,705462,COD,5065.05,Paid
505463,705463,UPI,20068.58,Paid
505464,705464,COD,10592.48,Paid
505465,705465,UPI,5667.15,Paid
505466,705466,Credit Card,994.98,Paid
505467,705467,Net Banking,1094.78,Paid
505468,705468,Net Banking,26099.98,Paid
505469,705469,COD,406.71,Paid
505470,705470,Net Banking,495.5,Paid
505471,705471,Net Banking,1276.59,Paid
505472,705472,Credit Card,6816.1,Paid
505473,705473,Net Banking,897.6,Paid
505474,705474,Debit Card,26680.57,Paid
505475,705475,UPI,34386.07,Failed
505476,705476,Credit Card,346.01,Paid
505477,705477,UPI,24990.36,Paid
505478,705478,Credit Card,994.98,Paid
505479,705479,UPI,2770.57,Paid
505480,705480,COD,13457.96,Paid
505481,705481,COD,2096.86,Paid
505482,705482,UPI,6999.44,Paid
505483,705483,COD,8299.1,Paid
505484,705484,Debit Card,1048.43,Paid
505485,705485,Credit Card,7197.5,Failed
505486,705486,Debit Card,124375.37,Paid
505487,705487,UPI,1474.64,Paid
505488,705488,Credit Card,13576.24,Paid
505489,705489,COD,1314.83,Paid
505490,705490,UPI,4966.93,Paid
505491,705491,Wallet,30248.61,Paid
505492,705492,Net Banking,7238.89,Paid
505493,705493,Net Banking,1863.13,Paid
505494,705494,UPI,862.55,Paid
505495,705495,COD,1633.07,Paid
505496,705496,Credit Card,8336.97,Paid
505497,705497,Credit Card,23233.59,Paid
505498,705498,UPI,41374.85,Paid
505499,705499,Debit Card,11725.03,Paid
505500,705500,Debit Card,11002.9,Paid
505501,705501,Credit Card,23390.4,Paid
505502,705502,Net Banking,28110.27,Paid
505503,705503,UPI,2258.04,Paid
505504,705504,UPI,3434.66,Paid
505505,705505,UPI,6054.67,Paid
505506,705506,Credit Card,6051.36,Paid
505507,705507,UPI,31381.62,Paid
505508,705508,Wallet,11059.8,Paid
505509,705509,Credit Card,1419.98,Paid
505510,705510,UPI,2173.96,Paid
505511,705511,Credit Card,98167.77,Paid
505512,705512,Credit Card,16510.27,Paid
505513,705513,Credit Card,670.39,Paid
505514,705514,UPI,1106.01,Paid
505515,705515,UPI,655.41,Paid
505516,705516,UPI,14754.48,Paid
505517,705517,Credit Card,13989.13,Paid
505518,705518,Credit Card,70982.35,Paid
505519,705519,COD,9972.22,Paid
505520,705520,UPI,2952.28,Paid
505521,705521,UPI,6086.78,Paid
505522,705522,Debit Card,3742.39,Paid
505523,705523,Debit Card,4224.32,Paid
505524,705524,UPI,14691.3,Failed
505525,705525,UPI,45398.59,Paid
505526,705526,UPI,18828.97,Paid
505527,705527,Debit Card,811.81,Paid
505528,705528,COD,6574.43,Paid
505529,705529,UPI,298.31,Paid
505530,705530,UPI,25869.18,Pending
505531,705531,Credit Card,18953.81,Paid
505532,705532,Debit Card,13271.26,Paid
505533,705533,Wallet,70155.64,Paid
505534,705534,Credit Card,54606.06,Paid
505535,705535,UPI,257.82,Paid
505536,705536,COD,13753.85,Paid
505537,705537,Net Banking,10965.02,Paid
505538,705538,UPI,803.87,Paid
505539,705539,UPI,45173.63,Paid
505540,705540,UPI,20388.74,Paid
505541,705541,UPI,2345.71,Paid
505542,705542,UPI,7312.9,Paid
505543,705543,Wallet,9327.39,Paid
505544,705544,Credit Card,12313.04,Paid
505545,705545,UPI,7185.99,Paid
505546,705546,UPI,358.31,Paid
505547,705547,UPI,425.18,Paid
505548,705548,UPI,4288.46,Paid
505549,705549,COD,28643.2,Paid
505550,705550,Debit Card,6012.82,Paid
505551,705551,UPI,31613.71,Paid
505552,705552,UPI,61534.56,Paid
505553,705553,Credit Card,1411.34,Paid
505554,705554,UPI,1555.58,Failed
505555,705555,Debit Card,1666.34,Paid
505556,705556,UPI,2038.87,Paid
505557,705557,Credit Card,3888.02,Paid
505558,705558,UPI,35956.57,Paid
505559,705559,UPI,1124.08,Paid
505560,705560,COD,622.82,Paid
505561,705561,Wallet,2538.42,Paid
505562,705562,Net Banking,11382.49,Paid
505563,705563,UPI,65282.59,Paid
505564,705564,Credit Card,214.85,Paid
505565,705565,UPI,10466.08,Paid
505566,705566,Credit Card,7465.96,Paid
505567,705567,UPI,94362.14,Paid
505568,705568,Debit Card,589.87,Paid
505569,705569,Credit Card,18847.16,Paid
505570,705570,Debit Card,24954.03,Paid
505571,705571,UPI,6842.36,Paid
505572,705572,Credit Card,473.63,Paid
505573,705573,Wallet,11724.72,Paid
505574,705574,UPI,52545.94,Paid
505575,705575,Debit Card,12936.19,Paid
505576,705576,COD,53977.88,Paid
505577,705577,UPI,39041.59,Paid
505578,705578,UPI,1126.34,Paid
505579,705579,Net Banking,75454.22,Paid
505580,705580,UPI,583.61,Paid
505581,705581,COD,50445.64,Paid
505582,705582,Debit Card,1440.81,Paid
505583,705583,UPI,714.67,Paid
505584,705584,COD,1395.96,Paid
505585,705585,Credit Card,3198.56,Paid
505586,705586,Credit Card,1391.54,Paid
505587,705587,UPI,8218.04,Paid
505588,705588,Credit Card,6529.05,Paid
505589,705589,UPI,104539.22,Paid
505590,705590,Credit Card,4720.78,Paid
505591,705591,UPI,7887.43,Paid
505592,705592,UPI,1488.46,Paid
505593,705593,Debit Card,14397.68,Paid
505594,705594,Credit Card,619.36,Paid
505595,705595,Credit Card,46640.76,Paid
505596,705596,UPI,519.71,Paid
505597,705597,Credit Card,2193.99,Paid
505598,705598,UPI,3497.27,Paid
505599,705599,Credit Card,4929.39,Paid
505600,705600,Credit Card,1983.9,Paid
505601,705601,Credit Card,153171.02,Paid
505602,705602,UPI,529.34,Paid
505603,705603,UPI,36757.61,Paid
505604,705604,Net Banking,44263.44,Paid
505605,705605,UPI,72470.12,Paid
505606,705606,COD,40380.15,Paid
505607,705607,Credit Card,696.09,Paid
505608,705608,UPI,2967.86,Paid
505609,705609,Debit Card,2012.01,Failed
505610,705610,Debit Card,18937.83,Paid
505611,705611,Credit Card,129740.43,Paid
505612,705612,UPI,7366.17,Paid
505613,705613,Credit Card,16321.22,Paid
505614,705614,Wallet,41481.69,Paid
505615,705615,Debit Card,1722.18,Paid
505616,705616,COD,1395.96,Paid
505617,705617,UPI,2553.97,Failed
505618,705618,UPI,12941.85,Paid
505619,705619,Credit Card,11614.31,Paid
505620,705620,Debit Card,759.32,Paid
505621,705621,UPI,48931.79,Paid
505622,705622,Credit Card,358.31,Paid
505623,705623,UPI,58768.77,Paid
505624,705624,UPI,1147.86,Paid
505625,705625,Credit Card,964.02,Paid
505626,705626,UPI,1623.62,Paid
505627,705627,UPI,28899.27,Paid
505628,705628,Debit Card,3034.18,Paid
505629,705629,COD,6882.51,Paid
505630,705630,COD,107589.96,Paid
505631,705631,Credit Card,75350.43,Paid
505632,705632,Credit Card,120456.84,Paid
505633,705633,Debit Card,37499.58,Paid
505634,705634,Net Banking,454.91,Pending
505635,705635,UPI,52018.75,Paid
505636,705636,Debit Card,11171.4,Paid
505637,705637,Credit Card,36329.17,Paid
505638,705638,UPI,11659.8,Paid
505639,705639,UPI,6481.36,Paid
505640,705640,UPI,16481.2,Paid
505641,705641,Wallet,7422.89,Paid
505642,705642,UPI,7050.48,Paid
505643,705643,Credit Card,30075.67,Paid
505644,705644,COD,2687.33,Paid
505645,705645,Credit Card,3712.88,Paid
505646,705646,COD,647.5,Paid
505647,705647,COD,894.84,Paid
505648,705648,UPI,4511.01,Paid
505649,705649,UPI,29984.29,Paid
505650,705650,UPI,2699.58,Paid
505651,705651,COD,4733.98,Paid
505652,705652,Net Banking,2310.24,Paid
505653,705653,UPI,4645.03,Paid
505654,705654,UPI,2814.05,Paid
505655,705655,Debit Card,46682.03,Paid
505656,705656,UPI,2715.91,Failed
505657,705657,UPI,1479.19,Paid
505658,705658,Credit Card,52184.12,Paid
505659,705659,Net Banking,27060.22,Paid
505660,705660,UPI,4295.53,Paid
505661,705661,COD,2237.88,Paid
505662,705662,UPI,2276.36,Paid
505663,705663,Credit Card,4055.28,Paid
505664,705664,COD,810.35,Pending
505665,705665,UPI,30876.23,Paid
505666,705666,UPI,30769.56,Paid
505667,705667,COD,3214.78,Paid
505668,705668,COD,21870.24,Paid
505669,705669,Debit Card,11220.41,Paid
505670,705670,UPI,6731.38,Paid
505671,705671,Wallet,25010.91,Paid
505672,705672,Credit Card,44326.94,Pending
505673,705673,UPI,3188.97,Paid
505674,705674,Wallet,141999.33,Failed
505675,705675,Debit Card,29285.71,Paid
505676,705676,COD,45553.98,Failed
505677,705677,COD,9649.83,Paid
505678,705678,Wallet,616.04,Paid
505679,705679,Net Banking,3446.99,Paid
505680,705680,UPI,506.86,Paid
505681,705681,UPI,12601.57,Failed
505682,705682,Credit Card,128748.03,Paid
505683,705683,Credit Card,12869.31,Pending
505684,705684,UPI,1846.95,Paid
505685,705685,UPI,829.15,Paid
505686,705686,UPI,12434.78,Paid
505687,705687,Net Banking,2889.49,Paid
505688,705688,Credit Card,13456.14,Paid
505689,705689,UPI,1281.11,Paid
505690,705690,UPI,1812.97,Paid
505691,705691,Credit Card,18634.69,Paid
505692,705692,Debit Card,14156.86,Paid
505693,705693,Credit Card,67980.87,Paid
505694,705694,UPI,4845.62,Paid
505695,705695,Debit Card,17531.64,Paid
505696,705696,Credit Card,79322.96,Paid
505697,705697,UPI,2152.14,Paid
505698,705698,UPI,2014.41,Paid
505699,705699,UPI,13171.43,Paid
505700,705700,UPI,10730.7,Paid
505701,705701,Debit Card,22950.98,Paid
505702,705702,COD,15210.6,Paid
505703,705703,UPI,12786.43,Paid
505704,705704,Credit Card,5930.21,Pending
505705,705705,Debit Card,116269.9,Paid
505706,705706,Credit Card,30023.66,Paid
505707,705707,UPI,4335.55,Paid
505708,705708,UPI,26007.88,Paid
505709,705709,COD,857.15,Paid
505710,705710,Debit Card,1388.37,Paid
505711,705711,Net Banking,59184.22,Paid
505712,705712,Credit Card,5607.99,Paid
505713,705713,Credit Card,39405.96,Paid
505714,705714,Debit Card,846.18,Paid
505715,705715,Wallet,1697.82,Paid
505716,705716,Net Banking,8467.49,Paid
505717,705717,UPI,13655.86,Paid
505718,705718,Credit Card,217.52,Paid
505719,705719,UPI,8170.2,Paid
505720,705720,Credit Card,624.71,Paid
505721,705721,Debit Card,127164.37,Paid
505722,705722,UPI,1957.34,Paid
505723,705723,Credit Card,732.73,Paid
505724,705724,Credit Card,111488.81,Paid
505725,705725,Debit Card,9158.92,Paid
505726,705726,UPI,12769.53,Paid
505727,705727,UPI,7644.63,Paid
505728,705728,UPI,30303.52,Paid
505729,705729,Credit Card,8820.49,Paid
505730,705730,UPI,26637.16,Paid
505731,705731,UPI,1179.53,Paid
505732,705732,Debit Card,47740.99,Paid
505733,705733,UPI,328.51,Paid
505734,705734,Debit Card,51823.07,Paid
505735,705735,Credit Card,13933.52,Paid
505736,705736,UPI,4233.36,Paid
505737,705737,UPI,949.05,Pending
505738,705738,Wallet,1101.54,Paid
505739,705739,UPI,23878.96,Paid
505740,705740,UPI,106633.55,Paid
505741,705741,Credit Card,16267.84,Pending
505742,705742,Debit Card,8046.73,Paid
505743,705743,Credit Card,2373.42,Paid
505744,705744,Debit Card,1270.09,Paid
505745,705745,Credit Card,10406.78,Paid
505746,705746,Credit Card,331.46,Paid
505747,705747,UPI,9342.51,Paid
505748,705748,Wallet,6678.76,Paid
505749,705749,Credit Card,24615.05,Paid
505750,705750,UPI,29075.35,Paid
505751,705751,Credit Card,43295.81,Paid
505752,705752,UPI,66141.17,Paid
505753,705753,COD,2733.15,Paid
505754,705754,COD,15599.03,Paid
505755,705755,UPI,1522.14,Paid
505756,705756,Credit Card,15465.64,Paid
505757,705757,Credit Card,1358.61,Paid
505758,705758,COD,4023.0,Paid
505759,705759,Wallet,14923.89,Paid
505760,705760,UPI,27944.18,Paid
505761,705761,Credit Card,801.55,Paid
505762,705762,Net Banking,29148.16,Paid
505763,705763,UPI,17433.26,Paid
505764,705764,Net Banking,34842.57,Paid
505765,705765,COD,887.42,Paid
505766,705766,COD,56059.15,Paid
505767,705767,Wallet,5646.88,Paid
505768,705768,Net Banking,516.98,Paid
505769,705769,COD,6625.97,Paid
505770,705770,UPI,53623.85,Paid
505771,705771,COD,7003.69,Paid
505772,705772,UPI,5210.73,Paid
505773,705773,Wallet,2839.96,Paid
505774,705774,UPI,3652.46,Paid
505775,705775,Credit Card,26285.68,Paid
505776,705776,UPI,13061.81,Paid
505777,705777,UPI,21965.77,Paid
505778,705778,UPI,1278.75,Paid
505779,705779,Credit Card,23332.34,Paid
505780,705780,UPI,72970.72,Paid
505781,705781,Net Banking,628.36,Paid
505782,705782,Debit Card,1575.85,Paid
505783,705783,COD,5802.98,Paid
505784,705784,Credit Card,6500.35,Paid
505785,705785,Debit Card,7818.04,Paid
505786,705786,Wallet,15080.64,Paid
505787,705787,Debit Card,1144.02,Paid
505788,705788,Credit Card,21656.85,Paid
505789,705789,UPI,16614.42,Paid
505790,705790,UPI,16421.25,Paid
505791,705791,UPI,12068.69,Paid
505792,705792,UPI,6604.51,Paid
505793,705793,Credit Card,1886.2,Paid
505794,705794,Net Banking,1537.8,Paid
505795,705795,Credit Card,2416.93,Paid
505796,705796,UPI,21039.56,Paid
505797,705797,UPI,2892.07,Paid
505798,705798,Credit Card,55338.28,Paid
505799,705799,UPI,13907.15,Paid
505800,705800,UPI,8797.4,Pending
505801,705801,Wallet,17874.68,Paid
505802,705802,Wallet,3587.54,Paid
505803,705803,Net Banking,1345.9,Paid
505804,705804,Net Banking,88562.36,Paid
505805,705805,Credit Card,986.42,Paid
505806,705806,UPI,1129.07,Paid
505807,705807,UPI,4529.82,Paid
505808,705808,Wallet,14246.28,Paid
505809,705809,UPI,616.51,Paid
505810,705810,UPI,1201.36,Paid
505811,705811,Credit Card,10105.82,Paid
505812,705812,COD,9619.19,Paid
505813,705813,UPI,1445.77,Paid
505814,705814,COD,8383.97,Paid
505815,705815,Debit Card,2742.49,Paid
505816,705816,COD,6766.98,Paid
505817,705817,Debit Card,4217.94,Paid
505818,705818,UPI,9139.42,Paid
505819,705819,UPI,1104.23,Paid
505820,705820,UPI,7333.43,Paid
505821,705821,UPI,17203.79,Paid
505822,705822,Net Banking,56517.5,Paid
505823,705823,Credit Card,11169.33,Paid
505824,705824,Net Banking,1734.87,Paid
505825,705825,Debit Card,13155.06,Failed
505826,705826,Credit Card,2949.28,Pending
505827,705827,Debit Card,2719.43,Paid
505828,705828,Net Banking,10032.71,Paid
505829,705829,Debit Card,5813.36,Paid
505830,705830,UPI,25654.6,Paid
505831,705831,COD,225.26,Paid
505832,705832,Net Banking,13767.14,Paid
505833,705833,Credit Card,2066.23,Paid
505834,705834,Net Banking,772.11,Paid
505835,705835,Credit Card,52583.04,Paid
505836,705836,UPI,2203.2,Paid
505837,705837,Net Banking,42865.11,Paid
505838,705838,COD,65994.11,Paid
505839,705839,UPI,6837.98,Paid
505840,705840,UPI,3467.39,Paid
505841,705841,UPI,10961.19,Paid
505842,705842,Credit Card,2437.63,Paid
505843,705843,Debit Card,3492.29,Paid
505844,705844,Credit Card,12952.21,Paid
505845,705845,Debit Card,2533.11,Paid
505846,705846,UPI,40554.13,Paid
505847,705847,Credit Card,8342.92,Paid
505848,705848,Net Banking,2808.23,Paid
505849,705849,UPI,1281.11,Paid
505850,705850,Debit Card,1926.05,Paid
505851,705851,UPI,7633.13,Paid
505852,705852,UPI,2683.63,Paid
505853,705853,Credit Card,2232.86,Paid
505854,705854,UPI,9596.71,Paid
505855,705855,UPI,2573.06,Paid
505856,705856,Credit Card,16954.39,Paid
505857,705857,Debit Card,25671.13,Paid
505858,705858,UPI,13406.2,Failed
505859,705859,Wallet,2857.21,Paid
505860,705860,Debit Card,6854.56,Paid
505861,705861,Credit Card,45252.5,Pending
505862,705862,Credit Card,505.21,Paid
505863,705863,UPI,15979.17,Paid
505864,705864,Credit Card,219245.96,Paid
505865,705865,Debit Card,1136.83,Paid
505866,705866,Wallet,82286.93,Paid
505867,705867,Credit Card,12021.32,Paid
505868,705868,COD,7445.08,Paid
505869,705869,Credit Card,15903.6,Paid
505870,705870,Debit Card,5239.87,Paid
505871,705871,Net Banking,11385.26,Paid
505872,705872,UPI,24853.99,Paid
505873,705873,Net Banking,11985.25,Paid
505874,705874,UPI,19079.3,Paid
505875,705875,UPI,1425.25,Paid
505876,705876,COD,1310.82,Paid
505877,705877,Credit Card,53261.28,Paid
505878,705878,Credit Card,6746.52,Paid
505879,705879,Credit Card,688.8,Paid
505880,705880,UPI,21374.59,Paid
505881,705881,Debit Card,7856.12,Paid
505882,705882,Credit Card,93116.97,Paid
505883,705883,Net Banking,40976.86,Paid
505884,705884,UPI,39038.57,Paid
505885,705885,Credit Card,35240.34,Paid
505886,705886,Credit Card,4168.79,Paid
505887,705887,COD,4412.71,Paid
505888,705888,UPI,21052.12,Paid
505889,705889,UPI,22016.53,Paid
505890,705890,COD,84669.57,Paid
505891,705891,UPI,148874.21,Paid
505892,705892,Debit Card,902.26,Paid
505893,705893,UPI,7980.27,Paid
505894,705894,Credit Card,89394.2,Paid
505895,705895,COD,4804.0,Paid
505896,705896,UPI,8412.67,Paid
505897,705897,UPI,54552.16,Paid
505898,705898,Credit Card,13818.79,Paid
505899,705899,Credit Card,4168.08,Paid
505900,705900,COD,944.81,Pending
505901,705901,UPI,17601.02,Paid
505902,705902,Debit Card,36979.06,Pending
505903,705903,COD,116064.14,Paid
505904,705904,Net Banking,17945.04,Paid
505905,705905,Wallet,6166.08,Paid
505906,705906,Credit Card,14798.33,Paid
505907,705907,COD,47758.47,Paid
505908,705908,Credit Card,2889.49,Paid
505909,705909,Debit Card,349.6,Paid
505910,705910,Debit Card,1760.65,Paid
505911,705911,Debit Card,89318.39,Failed
505912,705912,Credit Card,670.69,Paid
505913,705913,UPI,41797.93,Paid
505914,705914,Wallet,27327.59,Paid
505915,705915,COD,5841.55,Failed
505916,705916,Debit Card,7459.94,Paid
505917,705917,COD,178935.63,Paid
505918,705918,UPI,5558.46,Paid
505919,705919,COD,1924.09,Paid
505920,705920,UPI,913.28,Paid
505921,705921,UPI,3116.89,Failed
505922,705922,UPI,20389.35,Pending
505923,705923,Credit Card,3147.96,Paid
505924,705924,Net Banking,70646.87,Paid
505925,705925,Debit Card,10807.67,Paid
505926,705926,COD,156868.33,Paid
505927,705927,UPI,4909.76,Paid
505928,705928,UPI,2971.66,Paid
505929,705929,Wallet,3068.96,Paid
505930,705930,UPI,39284.77,Paid
505931,705931,UPI,894.68,Paid
505932,705932,COD,4469.71,Paid
505933,705933,Credit Card,2815.2,Paid
505934,705934,Net Banking,577.46,Paid
505935,705935,Credit Card,20489.09,Paid
505936,705936,Net Banking,24859.55,Failed
505937,705937,Credit Card,572.01,Paid
505938,705938,Wallet,2627.8,Paid
505939,705939,UPI,11465.92,Paid
505940,705940,UPI,40052.42,Paid
505941,705941,Net Banking,6645.05,Paid
505942,705942,Net Banking,11104.32,Paid
505943,705943,UPI,1839.31,Paid
505944,705944,Credit Card,1026.2,Paid
505945,705945,UPI,13912.53,Paid
505946,705946,UPI,19602.52,Paid
505947,705947,Credit Card,74717.25,Paid
505948,705948,Debit Card,4318.99,Pending
505949,705949,UPI,7411.28,Paid
505950,705950,UPI,6359.77,Paid
505951,705951,Debit Card,1604.89,Paid
505952,705952,Credit Card,4632.94,Paid
505953,705953,UPI,39000.16,Paid
505954,705954,Wallet,865.78,Paid
505955,705955,UPI,1459.73,Paid
505956,705956,UPI,13694.71,Paid
505957,705957,Credit Card,11197.41,Paid
505958,705958,COD,6296.83,Paid
505959,705959,Debit Card,6994.57,Paid
505960,705960,UPI,86885.44,Paid
505961,705961,Net Banking,472.42,Paid
505962,705962,UPI,7464.96,Paid
505963,705963,UPI,1264.52,Pending
505964,705964,UPI,1065.56,Paid
505965,705965,UPI,1299.09,Paid
505966,705966,Debit Card,419.53,Paid
505967,705967,UPI,12133.9,Paid
505968,705968,Credit Card,14448.43,Paid
505969,705969,COD,45446.49,Paid
505970,705970,COD,342.7,Paid
505971,705971,Debit Card,959.25,Paid
505972,705972,Debit Card,7591.36,Paid
505973,705973,COD,3955.65,Paid
505974,705974,Wallet,1642.3,Paid
505975,705975,Wallet,39271.99,Paid
505976,705976,UPI,9811.87,Paid
505977,705977,Debit Card,519.02,Paid
505978,705978,Credit Card,3912.1,Paid
505979,705979,UPI,1717.34,Paid
505980,705980,Credit Card,81541.81,Paid
505981,705981,Wallet,1750.84,Paid
505982,705982,COD,11600.93,Paid
505983,705983,UPI,10951.39,Paid
505984,705984,Credit Card,17001.44,Paid
505985,705985,UPI,2566.9,Paid
505986,705986,UPI,15917.33,Paid
505987,705987,Credit Card,10074.93,Paid
505988,705988,UPI,26110.62,Paid
505989,705989,Credit Card,16486.98,Paid
505990,705990,Credit Card,255.91,Paid
505991,705991,UPI,15048.42,Paid
505992,705992,UPI,6600.09,Paid
505993,705993,Debit Card,17135.46,Paid
505994,705994,COD,1357.45,Paid
505995,705995,Net Banking,2391.94,Paid
505996,705996,UPI,2566.9,Paid
505997,705997,COD,3662.26,Paid
505998,705998,UPI,8709.64,Paid
505999,705999,Net Banking,1871.2,Paid
506000,706000,Credit Card,913.28,Paid
506001,706001,UPI,4926.9,Paid
506002,706002,UPI,3981.32,Paid
506003,706003,COD,4647.43,Paid
506004,706004,Net Banking,5665.11,Failed
506005,706005,Credit Card,851.65,Paid
506006,706006,UPI,4966.93,Paid
506007,706007,Debit Card,102512.22,Paid
506008,706008,UPI,68306.64,Paid
506009,706009,UPI,12347.38,Paid
506010,706010,UPI,133452.23,Paid
506011,706011,UPI,40544.42,Paid
506012,706012,Net Banking,23643.01,Paid
506013,706013,Credit Card,5797.08,Paid
506014,706014,UPI,14252.5,Paid
506015,706015,UPI,32781.49,Paid
506016,706016,UPI,1109.27,Paid
506017,706017,Net Banking,15676.98,Paid
506018,706018,Wallet,2089.84,Paid
506019,706019,Net Banking,3165.59,Paid
506020,706020,Wallet,48993.4,Paid
506021,706021,Wallet,17477.19,Paid
506022,706022,Net Banking,5933.07,Paid
506023,706023,Credit Card,648.09,Paid
506024,706024,Debit Card,25825.84,Paid
506025,706025,UPI,8889.15,Paid
506026,706026,Credit Card,1737.25,Paid
506027,706027,COD,2573.06,Paid
506028,706028,UPI,9709.94,Paid
506029,706029,Wallet,1001.94,Paid
506030,706030,UPI,400.46,Paid
506031,706031,Debit Card,4436.45,Paid
506032,706032,COD,591.4,Paid
506033,706033,Debit Card,16526.87,Paid
506034,706034,Credit Card,10076.06,Paid
506035,706035,UPI,23919.2,Paid
506036,706036,Wallet,23229.62,Paid
506037,706037,UPI,56661.81,Paid
506038,706038,UPI,10853.33,Paid
506039,706039,UPI,46639.89,Paid
506040,706040,UPI,98919.82,Paid
506041,706041,Wallet,85120.14,Paid
506042,706042,Credit Card,27499.69,Paid
506043,706043,Wallet,450.52,Paid
506044,706044,Debit Card,19342.33,Paid
506045,706045,COD,5223.8,Paid
506046,706046,Net Banking,3552.74,Paid
506047,706047,Debit Card,7561.58,Paid
506048,706048,Wallet,30382.41,Paid
506049,706049,UPI,5388.11,Paid
506050,706050,Credit Card,1375.17,Paid
506051,706051,Wallet,1335.85,Paid
506052,706052,UPI,9448.01,Paid
506053,706053,Debit Card,1056.79,Paid
506054,706054,Credit Card,1558.64,Paid
506055,706055,Credit Card,25387.97,Paid
506056,706056,UPI,10016.15,Paid
506057,706057,COD,492.1,Paid
506058,706058,Credit Card,4863.7,Paid
506059,706059,COD,6429.57,Paid
506060,706060,COD,10687.99,Paid
506061,706061,Debit Card,1926.05,Paid
506062,706062,UPI,11420.86,Failed
506063,706063,Debit Card,501.48,Paid
506064,706064,Credit Card,4918.13,Paid
506065,706065,COD,947.24,Paid
506066,706066,COD,14218.65,Paid
506067,706067,UPI,19578.36,Paid
506068,706068,Credit Card,10894.41,Paid
506069,706069,Debit Card,4988.13,Paid
506070,706070,Debit Card,8642.14,Paid
506071,706071,UPI,6325.71,Paid
506072,706072,Credit Card,3386.33,Paid
506073,706073,Credit Card,2890.02,Paid
506074,706074,UPI,1193.41,Paid
506075,706075,Net Banking,435.31,Paid
506076,706076,Net Banking,2794.13,Paid
506077,706077,Credit Card,8531.47,Paid
506078,706078,UPI,2966.78,Paid
506079,706079,UPI,685.08,Paid
506080,706080,Credit Card,729.92,Paid
506081,706081,Net Banking,27839.85,Paid
506082,706082,Credit Card,24369.14,Paid
506083,706083,Debit Card,28558.61,Paid
506084,706084,UPI,73115.11,Paid
506085,706085,Debit Card,1085.54,Paid
506086,706086,UPI,661.43,Pending
506087,706087,COD,4200.07,Paid
506088,706088,UPI,8472.08,Paid
506089,706089,Credit Card,56670.87,Paid
506090,706090,Debit Card,8012.95,Paid
506091,706091,Credit Card,5580.42,Paid
506092,706092,COD,6853.25,Paid
506093,706093,COD,12008.81,Paid
506094,706094,COD,32041.68,Paid
506095,706095,COD,1149.39,Paid
506096,706096,UPI,7537.75,Paid
506097,706097,Wallet,2033.51,Paid
506098,706098,UPI,5170.55,Paid
506099,706099,UPI,674.97,Paid
506100,706100,Net Banking,7299.14,Paid
506101,706101,UPI,2966.78,Paid
506102,706102,Debit Card,13997.64,Paid
506103,706103,Debit Card,51537.48,Paid
506104,706104,UPI,58457.67,Paid
506105,706105,Credit Card,5740.25,Failed
506106,706106,Credit Card,12343.29,Paid
506107,706107,Debit Card,797.87,Paid
506108,706108,COD,963.62,Paid
506109,706109,UPI,34325.41,Failed
506110,706110,Debit Card,36071.04,Failed
506111,706111,Wallet,2967.86,Pending
506112,706112,UPI,70424.38,Paid
506113,706113,Credit Card,29305.27,Paid
506114,706114,Wallet,16484.25,Paid
506115,706115,Debit Card,12080.89,Paid
506116,706116,Credit Card,86187.46,Paid
506117,706117,Net Banking,15961.55,Paid
506118,706118,UPI,3831.3,Paid
506119,706119,Credit Card,8505.47,Paid
506120,706120,Credit Card,15946.67,Paid
506121,706121,COD,1186.76,Paid
506122,706122,COD,8481.22,Paid
506123,706123,UPI,23878.96,Paid
506124,706124,Wallet,2408.69,Paid
506125,706125,COD,4189.98,Paid
506126,706126,Debit Card,11499.21,Paid
506127,706127,Debit Card,1924.03,Paid
506128,706128,COD,12120.92,Paid
506129,706129,Credit Card,21665.19,Paid
506130,706130,Wallet,4042.04,Paid
506131,706131,Debit Card,572.01,Paid
506132,706132,Debit Card,5683.78,Paid
506133,706133,COD,22096.26,Paid
506134,706134,Wallet,10697.76,Paid
506135,706135,Credit Card,15200.09,Paid
506136,706136,UPI,1667.78,Paid
506137,706137,Credit Card,8195.41,Paid
506138,706138,UPI,12695.69,Paid
506139,706139,UPI,4629.19,Paid
506140,706140,Credit Card,3356.06,Paid
506141,706141,UPI,1832.35,Failed
506142,706142,Net Banking,5215.77,Pending
506143,706143,Debit Card,11788.34,Paid
506144,706144,Debit Card,2040.44,Paid
506145,706145,Debit Card,2554.07,Paid
506146,706146,COD,156019.83,Paid
506147,706147,UPI,10738.73,Paid
506148,706148,UPI,3765.71,Paid
506149,706149,Net Banking,1002.29,Paid
506150,706150,Wallet,9768.42,Paid
506151,706151,Debit Card,6412.01,Paid
506152,706152,Credit Card,19004.09,Paid
506153,706153,Credit Card,18410.58,Paid
506154,706154,Debit Card,21057.49,Failed
506155,706155,UPI,8082.31,Paid
506156,706156,Net Banking,11616.79,Paid
506157,706157,Credit Card,49231.92,Paid
506158,706158,Debit Card,4149.7,Paid
506159,706159,UPI,12867.06,Paid
506160,706160,Debit Card,497.19,Paid
506161,706161,Credit Card,442.83,Paid
506162,706162,UPI,142984.42,Paid
506163,706163,Credit Card,7608.5,Paid
506164,706164,Credit Card,2355.67,Paid
506165,706165,UPI,732.73,Paid
506166,706166,UPI,2038.87,Paid
506167,706167,Credit Card,1044.13,Paid
506168,706168,Credit Card,7866.75,Paid
506169,706169,UPI,10767.88,Paid
506170,706170,Credit Card,2156.66,Paid
506171,706171,COD,41852.79,Paid
506172,706172,UPI,4480.29,Paid
506173,706173,COD,7116.9,Paid
506174,706174,Net Banking,9847.45,Paid
506175,706175,Credit Card,2750.13,Paid
506176,706176,Credit Card,10903.08,Paid
506177,706177,UPI,7142.06,Paid
506178,706178,COD,19875.73,Paid
506179,706179,UPI,10514.35,Paid
506180,706180,UPI,9340.85,Paid
506181,706181,UPI,142535.96,Paid
506182,706182,COD,21098.21,Paid
506183,706183,COD,1045.67,Paid
506184,706184,Wallet,14277.56,Paid
506185,706185,COD,20349.75,Paid
506186,706186,UPI,9494.37,Failed
506187,706187,UPI,1114.82,Paid
506188,706188,Debit Card,4897.06,Paid
506189,706189,COD,2674.77,Paid
506190,706190,Debit Card,4897.06,Paid
506191,706191,UPI,3691.95,Paid
506192,706192,COD,10745.94,Paid
506193,706193,COD,1216.04,Paid
506194,706194,Credit Card,9489.2,Paid
506195,706195,Debit Card,5624.09,Paid
506196,706196,COD,15031.02,Paid
506197,706197,Net Banking,7392.08,Paid
506198,706198,Credit Card,12309.12,Paid
506199,706199,UPI,6242.08,Pending
506200,706200,UPI,35590.23,Paid
506201,706201,Credit Card,24578.67,Paid
506202,706202,COD,14732.77,Paid
506203,706203,Credit Card,50237.44,Paid
506204,706204,Credit Card,4594.74,Paid
506205,706205,Debit Card,13941.9,Paid
506206,706206,COD,13110.01,Paid
506207,706207,COD,10548.46,Paid
506208,706208,UPI,2448.53,Failed
506209,706209,Net Banking,3559.01,Paid
506210,706210,UPI,2358.28,Paid
506211,706211,Net Banking,1396.66,Paid
506212,706212,UPI,1939.79,Paid
506213,706213,Credit Card,1323.57,Paid
506214,706214,UPI,10326.04,Pending
506215,706215,Credit Card,85718.54,Paid
506216,706216,UPI,727.9,Paid
506217,706217,UPI,24049.04,Paid
506218,706218,Credit Card,24558.0,Paid
506219,706219,Wallet,8443.76,Paid
506220,706220,UPI,2566.55,Paid
506221,706221,COD,9214.27,Paid
506222,706222,Credit Card,21135.59,Paid
506223,706223,Net Banking,17447.6,Paid
506224,706224,Debit Card,6215.85,Paid
506225,706225,UPI,12108.74,Paid
506226,706226,Debit Card,1892.78,Paid
506227,706227,COD,1124.34,Paid
506228,706228,Wallet,38152.47,Paid
506229,706229,UPI,1487.22,Paid
506230,706230,Net Banking,986.72,Paid
506231,706231,UPI,24312.11,Paid
506232,706232,COD,7612.97,Paid
506233,706233,UPI,26254.02,Paid
506234,706234,Debit Card,4693.97,Paid
506235,706235,UPI,38963.2,Paid
506236,706236,Credit Card,6299.59,Failed
506237,706237,UPI,447.54,Failed
506238,706238,UPI,3649.2,Paid
506239,706239,UPI,481.67,Paid
506240,706240,Net Banking,27046.77,Paid
506241,706241,Credit Card,15126.72,Paid
506242,706242,COD,11652.93,Paid
506243,706243,UPI,20469.79,Paid
506244,706244,UPI,11209.06,Paid
506245,706245,UPI,790.88,Paid
506246,706246,Credit Card,12833.18,Paid
506247,706247,UPI,74263.01,Paid
506248,706248,UPI,1755.56,Paid
506249,706249,UPI,4848.69,Paid
506250,706250,Debit Card,9853.1,Paid
506251,706251,COD,535.19,Pending
506252,706252,UPI,7183.5,Paid
506253,706253,UPI,5191.7,Paid
506254,706254,UPI,18572.67,Paid
506255,706255,UPI,3645.14,Paid
506256,706256,UPI,12604.11,Paid
506257,706257,Credit Card,13573.99,Paid
506258,706258,Debit Card,5686.51,Paid
506259,706259,COD,4636.89,Paid
506260,706260,Wallet,2355.66,Paid
506261,706261,Credit Card,94610.61,Paid
506262,706262,Net Banking,2701.38,Paid
506263,706263,UPI,31450.01,Paid
506264,706264,UPI,10995.73,Pending
506265,706265,COD,46938.38,Paid
506266,706266,COD,8158.56,Paid
506267,706267,UPI,2176.47,Paid
506268,706268,Debit Card,5153.41,Paid
506269,706269,Debit Card,1442.96,Paid
506270,706270,COD,11768.23,Paid
506271,706271,Credit Card,3372.05,Paid
506272,706272,Debit Card,4841.96,Paid
506273,706273,UPI,41599.19,Paid
506274,706274,COD,8058.85,Paid
506275,706275,COD,17752.85,Paid
506276,706276,UPI,9296.55,Paid
506277,706277,Net Banking,1889.63,Paid
506278,706278,Net Banking,21922.45,Paid
506279,706279,Wallet,4701.73,Paid
506280,706280,Credit Card,21421.38,Paid
506281,706281,Wallet,22563.71,Paid
506282,706282,UPI,6377.48,Paid
506283,706283,COD,25854.26,Paid
506284,706284,Debit Card,275.35,Paid
506285,706285,UPI,79596.54,Paid
506286,706286,Debit Card,1567.01,Paid
506287,706287,UPI,27501.54,Paid
506288,706288,Net Banking,7712.83,Paid
506289,706289,UPI,14206.96,Paid
506290,706290,Credit Card,4841.96,Paid
506291,706291,Debit Card,1689.82,Paid
506292,706292,COD,4103.04,Paid
506293,706293,Debit Card,1114.82,Paid
506294,706294,Net Banking,6054.67,Paid
506295,706295,Debit Card,1014.76,Paid
506296,706296,UPI,7651.47,Paid
506297,706297,Credit Card,22606.75,Paid
506298,706298,Credit Card,243.11,Paid
506299,706299,UPI,32374.8,Paid
506300,706300,Net Banking,5067.15,Paid
506301,706301,UPI,2502.98,Paid
506302,706302,Wallet,10375.0,Paid
506303,706303,UPI,1674.23,Paid
506304,706304,Credit Card,34903.87,Paid
506305,706305,Net Banking,3071.96,Pending
506306,706306,Net Banking,8552.13,Paid
506307,706307,COD,2773.11,Paid
506308,706308,UPI,4532.74,Paid
506309,706309,UPI,21952.12,Paid
506310,706310,UPI,337.23,Paid
506311,706311,Credit Card,1115.5,Paid
506312,706312,UPI,13395.75,Paid
506313,706313,Debit Card,1441.83,Paid
506314,706314,UPI,51399.59,Paid
506315,706315,UPI,1879.4,Paid
506316,706316,Debit Card,4215.06,Paid
506317,706317,Credit Card,84709.8,Paid
506318,706318,Debit Card,7830.02,Paid
506319,706319,Wallet,5849.57,Paid
506320,706320,Credit Card,1663.67,Paid
506321,706321,Net Banking,1685.21,Paid
506322,706322,UPI,15394.03,Paid
506323,706323,Debit Card,16894.47,Paid
506324,706324,UPI,29218.88,Paid
506325,706325,UPI,4560.43,Failed
506326,706326,Debit Card,71433.66,Paid
506327,706327,UPI,9489.2,Paid
506328,706328,Credit Card,1171.55,Paid
506329,706329,UPI,7284.73,Paid
506330,706330,Credit Card,42518.46,Paid
506331,706331,COD,1387.15,Paid
506332,706332,Credit Card,5172.69,Paid
506333,706333,COD,10154.05,Failed
506334,706334,COD,6441.53,Paid
506335,706335,COD,577.46,Paid
506336,706336,UPI,1488.3,Paid
506337,706337,COD,11067.02,Paid
506338,706338,Debit Card,5367.8,Paid
506339,706339,UPI,7965.74,Paid
506340,706340,Credit Card,1885.76,Paid
506341,706341,COD,507.31,Paid
506342,706342,COD,4774.77,Paid
506343,706343,UPI,759.32,Paid
506344,706344,Credit Card,4199.23,Paid
506345,706345,UPI,8900.34,Paid
506346,706346,COD,11680.74,Paid
506347,706347,Credit Card,24710.55,Paid
506348,706348,UPI,10798.74,Paid
506349,706349,COD,11915.75,Paid
506350,706350,UPI,13935.93,Paid
506351,706351,Credit Card,7538.86,Paid
506352,706352,Wallet,12226.44,Paid
506353,706353,UPI,4318.99,Paid
506354,706354,Credit Card,15528.05,Pending
506355,706355,UPI,44918.24,Paid
506356,706356,UPI,401.56,Paid
506357,706357,Debit Card,36137.71,Failed
506358,706358,UPI,42535.45,Failed
506359,706359,UPI,10084.83,Paid
506360,706360,Net Banking,12447.4,Paid
506361,706361,Debit Card,47301.74,Paid
506362,706362,Wallet,63455.79,Paid
506363,706363,Credit Card,33894.96,Paid
506364,706364,UPI,23722.87,Paid
506365,706365,UPI,10540.75,Failed
506366,706366,UPI,31334.89,Paid
506367,706367,Credit Card,94677.1,Paid
506368,706368,UPI,12689.01,Paid
506369,706369,UPI,11909.26,Paid
506370,706370,Debit Card,813.42,Paid
506371,706371,Credit Card,14172.85,Paid
506372,706372,Debit Card,793.85,Paid
506373,706373,Debit Card,4158.93,Paid
506374,706374,UPI,5828.8,Paid
506375,706375,UPI,1174.21,Paid
506376,706376,Credit Card,6685.18,Paid
506377,706377,COD,31605.81,Paid
506378,706378,COD,1564.84,Paid
506379,706379,COD,16161.68,Paid
506380,706380,Wallet,18357.45,Paid
506381,706381,Credit Card,3926.33,Pending
506382,706382,Net Banking,2625.27,Paid
506383,706383,Credit Card,114483.92,Paid
506384,706384,UPI,11108.88,Paid
506385,706385,Credit Card,6865.3,Paid
506386,706386,UPI,3840.82,Paid
506387,706387,UPI,5830.34,Paid
506388,706388,Debit Card,15423.83,Paid
506389,706389,Debit Card,11064.75,Paid
506390,706390,UPI,2889.49,Paid
506391,706391,Net Banking,306.63,Paid
506392,706392,COD,11360.0,Paid
506393,706393,UPI,37337.69,Paid
506394,706394,Debit Card,4425.16,Paid
506395,706395,UPI,3028.33,Paid
506396,706396,UPI,47739.58,Paid
506397,706397,UPI,66962.08,Paid
506398,706398,Debit Card,41557.97,Paid
506399,706399,UPI,13916.11,Paid
506400,706400,UPI,663.76,Paid
506401,706401,Credit Card,5947.66,Paid
506402,706402,UPI,11342.37,Paid
506403,706403,Net Banking,25325.84,Paid
506404,706404,Wallet,3274.75,Paid
506405,706405,Debit Card,35405.89,Paid
506406,706406,Credit Card,1084.99,Paid
506407,706407,Credit Card,2187.95,Pending
506408,706408,Credit Card,12442.53,Paid
506409,706409,Net Banking,1737.25,Paid
506410,706410,UPI,24975.37,Paid
506411,706411,Wallet,810.35,Paid
506412,706412,Debit Card,5254.88,Paid
506413,706413,COD,9674.07,Paid
506414,706414,Credit Card,846.67,Paid
506415,706415,UPI,7790.0,Paid
506416,706416,Debit Card,71697.35,Paid
506417,706417,Credit Card,1475.73,Paid
506418,706418,UPI,8391.73,Paid
506419,706419,Credit Card,9273.05,Paid
506420,706420,Debit Card,695.77,Paid
506421,706421,COD,1420.83,Paid
506422,706422,UPI,16882.22,Paid
506423,706423,Debit Card,12800.91,Paid
506424,706424,COD,4418.82,Paid
506425,706425,Credit Card,25714.83,Failed
506426,706426,Wallet,68885.42,Paid
506427,706427,Credit Card,16918.33,Paid
506428,706428,Wallet,661.43,Paid
506429,706429,UPI,1206.98,Paid
506430,706430,UPI,38863.91,Paid
506431,706431,Wallet,12744.54,Paid
506432,706432,Net Banking,27669.14,Paid
506433,706433,Net Banking,8696.17,Paid
506434,706434,COD,410.48,Paid
506435,706435,UPI,35188.93,Paid
506436,706436,COD,589.87,Paid
506437,706437,Credit Card,43219.84,Paid
506438,706438,UPI,14027.85,Paid
506439,706439,UPI,41458.73,Paid
506440,706440,Credit Card,7383.15,Paid
506441,706441,Debit Card,2915.17,Paid
506442,706442,Credit Card,939.37,Paid
506443,706443,UPI,27831.79,Paid
506444,706444,Net Banking,10443.57,Failed
506445,706445,UPI,37738.32,Paid
506446,706446,Credit Card,1301.72,Paid
506447,706447,UPI,3726.26,Paid
506448,706448,Net Banking,24902.23,Paid
506449,706449,UPI,1278.75,Paid
506450,706450,UPI,53306.89,Paid
506451,706451,UPI,24702.89,Paid
506452,706452,Wallet,19942.68,Paid
506453,706453,UPI,4516.75,Paid
506454,706454,COD,22616.59,Paid
506455,706455,UPI,1761.32,Paid
506456,706456,UPI,66295.51,Paid
506457,706457,UPI,3232.62,Paid
506458,706458,UPI,10097.52,Paid
506459,706459,Debit Card,12760.08,Paid
506460,706460,Net Banking,11672.22,Paid
506461,706461,Wallet,337.23,Paid
506462,706462,UPI,7503.27,Paid
506463,706463,Debit Card,10052.73,Paid
506464,706464,UPI,17782.92,Paid
506465,706465,COD,1870.97,Paid
506466,706466,UPI,648.46,Paid
506467,706467,Credit Card,2716.77,Paid
506468,706468,Credit Card,1712.7,Paid
506469,706469,UPI,144079.55,Paid
506470,706470,UPI,4645.03,Paid
506471,706471,Net Banking,13890.72,Paid
506472,706472,UPI,13904.81,Paid
506473,706473,Wallet,5037.46,Paid
506474,706474,Credit Card,9705.26,Paid
506475,706475,Net Banking,999.89,Paid
506476,706476,Debit Card,99340.63,Paid
506477,706477,COD,1685.21,Paid
506478,706478,Debit Card,3743.48,Paid
506479,706479,Net Banking,8591.24,Paid
506480,706480,COD,38388.84,Paid
506481,706481,Debit Card,585.68,Paid
506482,706482,COD,13210.14,Paid
506483,706483,Net Banking,3282.46,Paid
506484,706484,COD,12815.21,Paid
506485,706485,UPI,28910.17,Paid
506486,706486,Debit Card,64668.58,Paid
506487,706487,Credit Card,11827.66,Paid
506488,706488,Debit Card,30711.97,Paid
506489,706489,UPI,1564.84,Paid
506490,706490,COD,938.62,Paid
506491,706491,Net Banking,7931.3,Paid
506492,706492,UPI,1537.8,Paid
506493,706493,Net Banking,11160.32,Paid
506494,706494,Net Banking,12800.07,Paid
506495,706495,Net Banking,223676.43,Paid
506496,706496,UPI,6218.5,Paid
506497,706497,Debit Card,8317.11,Paid
506498,706498,COD,2311.36,Paid
506499,706499,Debit Card,11081.74,Paid
506500,706500,UPI,3808.38,Paid
506501,706501,UPI,894.64,Paid
506502,706502,Credit Card,208040.69,Paid
506503,706503,UPI,5970.16,Paid
506504,706504,Credit Card,2499.83,Paid
506505,706505,Net Banking,5664.22,Paid
506506,706506,UPI,803.87,Paid
506507,706507,Debit Card,1080.92,Paid
506508,706508,UPI,29288.66,Paid
506509,706509,UPI,10541.28,Paid
506510,706510,UPI,10222.21,Paid
506511,706511,Net Banking,5303.59,Failed
506512,706512,UPI,2167.34,Failed
506513,706513,UPI,85362.05,Paid
506514,706514,Credit Card,30282.74,Paid
506515,706515,Credit Card,76326.21,Paid
506516,706516,Credit Card,108265.15,Paid
506517,706517,Credit Card,32709.89,Paid
506518,706518,UPI,11588.82,Paid
506519,706519,UPI,20142.48,Paid
506520,706520,Credit Card,11081.74,Paid
506521,706521,Credit Card,20142.48,Paid
506522,706522,COD,4907.01,Paid
506523,706523,Debit Card,56587.32,Paid
506524,706524,UPI,71921.83,Paid
506525,706525,UPI,120562.0,Paid
506526,706526,COD,12458.17,Paid
506527,706527,Credit Card,768.9,Pending
506528,706528,Debit Card,1251.49,Paid
506529,706529,Credit Card,715.53,Paid
506530,706530,COD,13559.02,Paid
506531,706531,Credit Card,1105.53,Paid
506532,706532,Credit Card,30089.64,Paid
506533,706533,Wallet,17838.7,Paid
506534,706534,UPI,4318.99,Paid
506535,706535,Debit Card,39211.1,Paid
506536,706536,UPI,5960.18,Paid
506537,706537,UPI,4978.31,Paid
506538,706538,COD,6490.61,Paid
506539,706539,Credit Card,29719.73,Pending
506540,706540,Debit Card,60701.74,Paid
506541,706541,UPI,4933.59,Paid
506542,706542,UPI,87537.25,Paid
506543,706543,Credit Card,6908.46,Paid
506544,706544,Credit Card,1675.9,Paid
506545,706545,UPI,43519.43,Failed
506546,706546,Credit Card,11733.21,Paid
506547,706547,UPI,4781.73,Paid
506548,706548,Wallet,358.31,Paid
506549,706549,Net Banking,1504.44,Paid
506550,706550,Net Banking,2989.45,Paid
506551,706551,UPI,60150.65,Paid
506552,706552,UPI,225.26,Paid
506553,706553,UPI,4652.07,Paid
506554,706554,UPI,2727.29,Paid
506555,706555,Credit Card,40330.45,Paid
506556,706556,UPI,13600.08,Paid
506557,706557,Net Banking,25224.63,Paid
506558,706558,Credit Card,9414.49,Paid
506559,706559,COD,11166.8,Paid
506560,706560,Net Banking,1899.77,Paid
506561,706561,Credit Card,6479.13,Paid
506562,706562,UPI,7771.74,Paid
506563,706563,COD,6233.78,Paid
506564,706564,COD,50966.43,Paid
506565,706565,COD,34211.26,Paid
506566,706566,Debit Card,78735.12,Paid
506567,706567,Credit Card,6994.57,Paid
506568,706568,UPI,2251.25,Paid
506569,706569,UPI,14426.18,Paid
506570,706570,Credit Card,150599.65,Paid
506571,706571,Wallet,9986.42,Paid
506572,706572,Credit Card,3510.56,Paid
506573,706573,Debit Card,10687.99,Paid
506574,706574,UPI,12877.79,Paid
506575,706575,Debit Card,13032.88,Paid
506576,706576,Debit Card,14633.31,Paid
506577,706577,UPI,1606.05,Paid
506578,706578,Debit Card,10097.46,Paid
506579,706579,UPI,51162.46,Failed
506580,706580,COD,4978.31,Paid
506581,706581,COD,2708.48,Paid
506582,706582,COD,9459.7,Paid
506583,706583,COD,1969.68,Paid
506584,706584,Credit Card,2598.18,Paid
506585,706585,UPI,21687.53,Pending
506586,706586,Debit Card,4182.31,Pending
506587,706587,UPI,11104.32,Paid
506588,706588,Credit Card,3110.39,Paid
506589,706589,UPI,8081.56,Paid
506590,706590,UPI,4640.49,Paid
506591,706591,UPI,214.85,Paid
506592,706592,Credit Card,26532.18,Paid
506593,706593,Net Banking,1676.82,Paid
506594,706594,Debit Card,3165.59,Paid
506595,706595,COD,2155.11,Paid
506596,706596,COD,32523.94,Paid
506597,706597,Debit Card,1926.07,Paid
506598,706598,COD,853.37,Paid
506599,706599,Net Banking,2194.38,Paid
506600,706600,COD,130132.85,Paid
506601,706601,UPI,8239.93,Pending
506602,706602,Net Banking,4868.35,Paid
506603,706603,Debit Card,4850.72,Paid
506604,706604,UPI,26942.08,Paid
506605,706605,UPI,1001.94,Paid
506606,706606,UPI,14162.01,Paid
506607,706607,Credit Card,16349.62,Paid
506608,706608,Debit Card,9788.28,Pending
506609,706609,COD,16692.07,Paid
506610,706610,Credit Card,9906.57,Paid
506611,706611,Net Banking,41235.33,Paid
506612,706612,UPI,17956.75,Paid
506613,706613,Credit Card,30530.79,Paid
506614,706614,COD,1005.42,Paid
506615,706615,Net Banking,1652.78,Paid
506616,706616,UPI,127164.37,Paid
506617,706617,Credit Card,19342.4,Paid
506618,706618,Net Banking,9381.35,Paid
506619,706619,Debit Card,2445.71,Paid
506620,706620,UPI,4388.25,Paid
506621,706621,UPI,67917.3,Paid
506622,706622,UPI,49550.44,Paid
506623,706623,UPI,135486.5,Paid
506624,706624,UPI,9478.81,Paid
506625,706625,UPI,93868.21,Paid
506626,706626,COD,47283.48,Paid
506627,706627,Debit Card,2527.64,Paid
506628,706628,UPI,10139.96,Paid
506629,706629,Debit Card,3584.57,Paid
506630,706630,Net Banking,11115.67,Paid
506631,706631,UPI,8832.84,Paid
506632,706632,UPI,16726.71,Paid
506633,706633,UPI,1685.21,Paid
506634,706634,UPI,3122.73,Paid
506635,706635,UPI,8808.32,Paid
506636,706636,Debit Card,12048.29,Paid
506637,706637,Net Banking,14692.95,Paid
506638,706638,Debit Card,4903.28,Paid
506639,706639,COD,2117.03,Paid
506640,706640,Debit Card,4521.56,Paid
506641,706641,Credit Card,24681.47,Pending
506642,706642,Credit Card,2787.49,Paid
506643,706643,Net Banking,27485.82,Paid
506644,706644,UPI,5919.05,Paid
506645,706645,Wallet,134201.6,Paid
506646,706646,Wallet,55170.34,Pending
506647,706647,COD,1014.74,Paid
506648,706648,UPI,51168.44,Paid
506649,706649,Credit Card,8443.76,Paid
506650,706650,Credit Card,16807.57,Paid
506651,706651,Wallet,39323.21,Paid
506652,706652,UPI,47822.9,Paid
506653,706653,Credit Card,473.63,Paid
506654,706654,Credit Card,6166.08,Paid
506655,706655,UPI,6837.02,Paid
506656,706656,Net Banking,59318.86,Pending
506657,706657,Credit Card,7445.79,Paid
506658,706658,UPI,2581.62,Paid
506659,706659,Net Banking,23440.17,Paid
506660,706660,Credit Card,47064.59,Paid
506661,706661,Wallet,20520.14,Paid
506662,706662,Credit Card,4380.66,Paid
506663,706663,Net Banking,9159.71,Paid
506664,706664,UPI,2271.42,Paid
506665,706665,Credit Card,472.41,Paid
506666,706666,COD,787.92,Paid
506667,706667,UPI,7989.59,Paid
506668,706668,UPI,1126.34,Paid
506669,706669,UPI,595.56,Paid
506670,706670,Debit Card,26427.43,Paid
506671,706671,UPI,5550.42,Paid
506672,706672,UPI,29771.39,Paid
506673,706673,UPI,6605.98,Paid
506674,706674,Credit Card,6681.07,Paid
506675,706675,Net Banking,16665.49,Paid
506676,706676,COD,20002.58,Paid
506677,706677,UPI,994.04,Pending
506678,706678,UPI,624.71,Paid
506679,706679,UPI,2697.08,Paid
506680,706680,UPI,1084.71,Paid
506681,706681,Credit Card,9414.49,Paid
506682,706682,UPI,18498.24,Pending
506683,706683,Credit Card,17289.8,Paid
506684,706684,COD,4922.21,Paid
506685,706685,UPI,1014.76,Paid
506686,706686,UPI,9275.53,Paid
506687,706687,Net Banking,2670.1,Paid
506688,706688,UPI,92333.27,Paid
506689,706689,Debit Card,18831.48,Paid
506690,706690,UPI,42695.61,Paid
506691,706691,UPI,39951.74,Paid
506692,706692,Debit Card,26590.05,Paid
506693,706693,COD,12821.65,Paid
506694,706694,UPI,678.84,Paid
506695,706695,Credit Card,18399.0,Paid
506696,706696,UPI,7711.26,Paid
506697,706697,UPI,40576.89,Pending
506698,706698,Credit Card,1446.29,Paid
506699,706699,Debit Card,990.18,Paid
506700,706700,Credit Card,2998.42,Paid
506701,706701,UPI,662.92,Paid
506702,706702,Debit Card,10239.62,Paid
506703,706703,COD,7447.12,Paid
506704,706704,Net Banking,1065.56,Paid
506705,706705,Net Banking,3008.07,Paid
506706,706706,Debit Card,5095.62,Paid
506707,706707,UPI,1066.15,Paid
506708,706708,Credit Card,2034.59,Paid
506709,706709,UPI,5804.22,Paid
506710,706710,UPI,974.12,Paid
506711,706711,COD,47497.93,Paid
506712,706712,Debit Card,11940.17,Paid
506713,706713,COD,12375.7,Paid
506714,706714,UPI,2757.16,Paid
506715,706715,Debit Card,2585.28,Paid
506716,706716,UPI,3852.52,Paid
506717,706717,COD,1197.77,Paid
506718,706718,Debit Card,11424.19,Paid
506719,706719,UPI,1058.34,Paid
506720,706720,Debit Card,21498.53,Paid
506721,706721,Debit Card,807.79,Paid
506722,706722,Net Banking,2312.5,Paid
506723,706723,Credit Card,8791.25,Paid
506724,706724,COD,29432.91,Paid
506725,706725,Credit Card,7798.22,Paid
506726,706726,UPI,1220.13,Pending
506727,706727,COD,68154.0,Paid
506728,706728,Wallet,4930.45,Paid
506729,706729,Credit Card,27669.14,Paid
506730,706730,UPI,338.08,Paid
506731,706731,UPI,1591.59,Pending
506732,706732,Wallet,5690.32,Pending
506733,706733,UPI,1885.08,Paid
506734,706734,COD,2844.45,Paid
506735,706735,UPI,1142.93,Paid
506736,706736,COD,60608.62,Paid
506737,706737,UPI,51301.02,Paid
506738,706738,Wallet,43534.43,Failed
506739,706739,COD,11700.04,Paid
506740,706740,Credit Card,16984.15,Paid
506741,706741,UPI,9785.76,Paid
506742,706742,UPI,1146.02,Paid
506743,706743,Credit Card,13320.27,Paid
506744,706744,Credit Card,1393.23,Paid
506745,706745,Wallet,87843.58,Paid
506746,706746,Debit Card,6597.94,Paid
506747,706747,UPI,405.34,Paid
506748,706748,Net Banking,4744.28,Paid
506749,706749,UPI,34612.44,Paid
506750,706750,Debit Card,337.6,Paid
506751,706751,UPI,4618.46,Paid
506752,706752,UPI,5837.2,Paid
506753,706753,Debit Card,4610.4,Paid
506754,706754,Credit Card,1038.65,Pending
506755,706755,UPI,946.6,Paid
506756,706756,UPI,8587.81,Paid
506757,706757,COD,10716.62,Paid
506758,706758,UPI,3905.16,Paid
506759,706759,Credit Card,7512.14,Paid
506760,706760,Credit Card,11169.93,Paid
506761,706761,COD,14564.09,Paid
506762,706762,UPI,5922.51,Paid
506763,706763,UPI,7194.4,Paid
506764,706764,UPI,1799.18,Paid
506765,706765,Debit Card,7946.72,Paid
506766,706766,UPI,52266.64,Paid
506767,706767,Net Banking,10782.21,Paid
506768,706768,UPI,1048.52,Paid
506769,706769,Debit Card,2312.5,Paid
506770,706770,COD,62777.31,Paid
506771,706771,Wallet,2960.63,Paid
506772,706772,Credit Card,513.81,Paid
506773,706773,Wallet,57497.85,Paid
506774,706774,UPI,21962.75,Paid
506775,706775,UPI,7806.71,Paid
506776,706776,Credit Card,5426.28,Paid
506777,706777,Debit Card,4419.66,Paid
506778,706778,Debit Card,787.92,Paid
506779,706779,Debit Card,4647.6,Paid
506780,706780,Wallet,39389.73,Paid
506781,706781,UPI,1499.2,Paid
506782,706782,UPI,2622.45,Paid
506783,706783,UPI,1288.4,Paid
506784,706784,Debit Card,17321.82,Pending
506785,706785,Credit Card,628.36,Paid
506786,706786,Credit Card,487.44,Paid
506787,706787,UPI,1128.54,Paid
506788,706788,UPI,5597.9,Failed
506789,706789,Credit Card,69513.82,Paid
506790,706790,Debit Card,68772.14,Paid
506791,706791,UPI,4510.86,Paid
506792,706792,Debit Card,62839.25,Paid
506793,706793,COD,72127.38,Paid
506794,706794,Wallet,25243.15,Paid
506795,706795,Debit Card,1645.23,Paid
506796,706796,Debit Card,2275.65,Paid
506797,706797,COD,3523.47,Paid
506798,706798,COD,265447.6,Paid
506799,706799,Wallet,100975.71,Paid
506800,706800,Credit Card,473.63,Paid
506801,706801,Credit Card,4436.45,Paid
506802,706802,UPI,56054.57,Paid
506803,706803,UPI,761.56,Paid
506804,706804,Wallet,97774.73,Paid
506805,706805,Credit Card,37516.59,Paid
506806,706806,Net Banking,3068.6,Paid
506807,706807,UPI,9857.38,Paid
506808,706808,Credit Card,2061.1,Paid
506809,706809,Credit Card,3254.31,Paid
506810,706810,UPI,2415.51,Paid
506811,706811,Debit Card,15855.15,Paid
506812,706812,UPI,8098.59,Paid
506813,706813,UPI,8110.56,Paid
506814,706814,Debit Card,1091.96,Paid
506815,706815,Net Banking,11115.67,Paid
506816,706816,Debit Card,1080.92,Paid
506817,706817,UPI,10589.44,Paid
506818,706818,Debit Card,27194.28,Paid
506819,706819,Net Banking,3537.23,Paid
506820,706820,Credit Card,2777.06,Paid
506821,706821,Debit Card,7022.89,Pending
506822,706822,UPI,868.63,Paid
506823,706823,COD,11499.21,Paid
506824,706824,Debit Card,30897.97,Paid
506825,706825,Wallet,35781.11,Paid
506826,706826,UPI,69911.5,Paid
506827,706827,UPI,6234.55,Paid
506828,706828,Credit Card,191.93,Paid
506829,706829,COD,257.82,Paid
506830,706830,Credit Card,410.08,Paid
506831,706831,UPI,5229.07,Paid
506832,706832,Debit Card,4012.22,Paid
506833,706833,Debit Card,5690.32,Paid
506834,706834,Credit Card,2794.09,Paid
506835,706835,Credit Card,454.91,Paid
506836,706836,UPI,692.02,Paid
506837,706837,UPI,12999.87,Paid
506838,706838,UPI,7503.96,Paid
506839,706839,UPI,8709.87,Paid
506840,706840,Credit Card,4813.79,Paid
506841,706841,UPI,69672.18,Paid
506842,706842,COD,14031.75,Paid
506843,706843,Debit Card,27585.17,Paid
506844,706844,Debit Card,1428.15,Paid
506845,706845,UPI,2331.12,Paid
506846,706846,COD,2368.49,Paid
506847,706847,Credit Card,1586.83,Pending
506848,706848,UPI,685.08,Paid
506849,706849,Debit Card,1076.99,Paid
506850,706850,COD,12471.87,Paid
506851,706851,COD,445.76,Paid
506852,706852,Wallet,53114.7,Paid
506853,706853,COD,4189.98,Paid
506854,706854,UPI,14047.25,Paid
506855,706855,COD,103923.31,Paid
506856,706856,Net Banking,6821.44,Paid
506857,706857,Credit Card,3605.17,Paid
506858,706858,Debit Card,109514.67,Paid
506859,706859,UPI,38652.96,Failed
506860,706860,UPI,49177.39,Paid
506861,706861,Net Banking,2121.13,Paid
506862,706862,UPI,4864.68,Paid
506863,706863,Debit Card,30436.11,Paid
506864,706864,UPI,12402.21,Paid
506865,706865,COD,27585.17,Paid
506866,706866,UPI,5342.15,Paid
506867,706867,COD,406.71,Paid
506868,706868,Wallet,6933.54,Paid
506869,706869,UPI,7711.91,Paid
506870,706870,Debit Card,3356.19,Pending
506871,706871,UPI,4749.58,Paid
506872,706872,Net Banking,2819.47,Paid
506873,706873,UPI,17169.94,Pending
506874,706874,COD,761.56,Paid
506875,706875,Credit Card,1736.59,Paid
506876,706876,COD,12361.45,Paid
506877,706877,UPI,21965.77,Paid
506878,706878,UPI,24681.47,Paid
506879,706879,Net Banking,3472.1,Paid
506880,706880,Credit Card,52381.88,Paid
506881,706881,Credit Card,12135.79,Paid
506882,706882,Wallet,4693.22,Paid
506883,706883,Net Banking,2036.92,Paid
506884,706884,COD,5017.5,Paid
506885,706885,Debit Card,6694.49,Paid
506886,706886,Net Banking,7898.76,Paid
506887,706887,Credit Card,8147.36,Paid
506888,706888,UPI,56857.15,Paid
506889,706889,Debit Card,56271.65,Paid
506890,706890,Debit Card,88781.48,Paid
506891,706891,COD,26206.01,Paid
506892,706892,UPI,10956.25,Paid
506893,706893,Credit Card,486.61,Paid
506894,706894,UPI,62182.02,Paid
506895,706895,Net Banking,3107.56,Paid
506896,706896,Credit Card,842.02,Paid
506897,706897,Net Banking,3039.01,Paid
506898,706898,COD,2138.47,Paid
506899,706899,UPI,238.51,Paid
506900,706900,UPI,65637.21,Paid
506901,706901,Wallet,2948.62,Paid
506902,706902,Credit Card,842.02,Paid
506903,706903,Credit Card,632.31,Paid
506904,706904,Net Banking,66791.53,Paid
506905,706905,Debit Card,2265.41,Paid
506906,706906,Credit Card,354.33,Paid
506907,706907,Debit Card,7278.87,Paid
506908,706908,UPI,20550.1,Pending
506909,706909,Wallet,1370.16,Paid
506910,706910,Debit Card,27521.31,Paid
506911,706911,Credit Card,3980.35,Paid
506912,706912,COD,20365.93,Paid
506913,706913,Debit Card,16925.16,Paid
506914,706914,Debit Card,3163.99,Paid
506915,706915,Credit Card,992.39,Paid
506916,706916,Net Banking,687.96,Paid
506917,706917,UPI,445.95,Paid
506918,706918,Credit Card,717.14,Paid
506919,706919,Debit Card,9936.86,Failed
506920,706920,UPI,2866.84,Paid
506921,706921,Credit Card,6640.66,Paid
506922,706922,UPI,53642.62,Paid
506923,706923,Credit Card,938.62,Paid
506924,706924,COD,529.14,Paid
506925,706925,UPI,3041.46,Paid
506926,706926,COD,9307.26,Paid
506927,706927,COD,10540.75,Pending
506928,706928,Credit Card,770.71,Pending
506929,706929,UPI,3353.08,Paid
506930,706930,Debit Card,4714.3,Paid
506931,706931,Credit Card,19358.0,Paid
506932,706932,Wallet,7499.14,Paid
506933,706933,Credit Card,16012.45,Paid
506934,706934,COD,30974.85,Paid
506935,706935,Credit Card,3154.18,Paid
506936,706936,COD,328.51,Paid
506937,706937,Wallet,12454.86,Paid
506938,706938,Credit Card,6669.58,Paid
506939,706939,UPI,6790.35,Paid
506940,706940,Credit Card,7980.78,Paid
506941,706941,Net Banking,58457.76,Pending
506942,706942,COD,15750.7,Paid
506943,706943,Wallet,4999.66,Paid
506944,706944,Net Banking,7411.28,Paid
506945,706945,Debit Card,656.6,Paid
506946,706946,UPI,35019.32,Paid
506947,706947,Debit Card,18806.93,Paid
506948,706948,UPI,36671.19,Paid
506949,706949,COD,115278.6,Paid
506950,706950,UPI,2210.21,Paid
506951,706951,Debit Card,2660.42,Paid
506952,706952,Credit Card,87683.45,Paid
506953,706953,Net Banking,9896.18,Paid
506954,706954,Credit Card,12844.47,Paid
506955,706955,UPI,3723.56,Paid
506956,706956,UPI,18653.3,Paid
506957,706957,Credit Card,89871.42,Paid
506958,706958,Wallet,442.83,Paid
506959,706959,UPI,16787.11,Pending
506960,706960,COD,3912.92,Paid
506961,706961,UPI,3690.92,Paid
506962,706962,COD,3964.77,Paid
506963,706963,Credit Card,3973.54,Paid
506964,706964,Debit Card,3631.13,Paid
506965,706965,UPI,555.49,Paid
506966,706966,COD,33769.46,Paid
506967,706967,UPI,4560.43,Paid
506968,706968,Debit Card,17469.05,Paid
506969,706969,Credit Card,13419.84,Paid
506970,706970,UPI,11635.46,Pending
506971,706971,UPI,481.67,Pending
506972,706972,UPI,7926.71,Paid
506973,706973,COD,2375.32,Paid
506974,706974,COD,14012.29,Paid
506975,706975,Credit Card,107663.34,Paid
506976,706976,UPI,2832.11,Paid
506977,706977,Credit Card,5425.55,Pending
506978,706978,Wallet,10937.94,Paid
506979,706979,Debit Card,24114.21,Pending
506980,706980,UPI,7735.39,Paid
506981,706981,UPI,5985.82,Paid
506982,706982,UPI,5961.78,Paid
506983,706983,Credit Card,4128.47,Paid
506984,706984,Credit Card,66792.73,Paid
506985,706985,Credit Card,515.65,Paid
506986,706986,COD,298.31,Paid
506987,706987,Net Banking,48993.4,Paid
506988,706988,Credit Card,3134.77,Paid
506989,706989,UPI,568.36,Paid
506990,706990,UPI,59351.89,Paid
506991,706991,Wallet,10687.53,Paid
506992,706992,Credit Card,1547.39,Paid
506993,706993,COD,585.68,Paid
506994,706994,Credit Card,4776.67,Paid
506995,706995,Credit Card,2200.91,Paid
506996,706996,Credit Card,3726.26,Paid
506997,706997,Credit Card,31181.22,Paid
506998,706998,Debit Card,825.82,Failed
506999,706999,Credit Card,1039.27,Paid
507000,707000,UPI,2353.05,Paid
507001,707001,Wallet,389.29,Paid
507002,707002,Debit Card,83818.44,Paid
507003,707003,Debit Card,24406.41,Paid
507004,707004,Debit Card,1778.84,Paid
507005,707005,UPI,1554.58,Paid
507006,707006,Credit Card,79605.16,Paid
507007,707007,Credit Card,807.79,Paid
507008,707008,UPI,19275.34,Failed
507009,707009,Debit Card,3773.91,Paid
507010,707010,Net Banking,4688.97,Paid
507011,707011,UPI,2033.51,Paid
507012,707012,COD,29156.86,Paid
507013,707013,Net Banking,20745.45,Paid
507014,707014,Wallet,14697.75,Failed
507015,707015,UPI,3778.94,Paid
507016,707016,Debit Card,19822.72,Paid
507017,707017,UPI,29037.02,Failed
507018,707018,Net Banking,1786.68,Paid
507019,707019,UPI,879.02,Paid
507020,707020,Net Banking,2913.41,Paid
507021,707021,COD,58727.46,Paid
507022,707022,Credit Card,8822.27,Paid
507023,707023,UPI,1220.54,Paid
507024,707024,Wallet,564.54,Paid
507025,707025,Debit Card,589.87,Paid
507026,707026,Credit Card,78480.71,Paid
507027,707027,Credit Card,12206.26,Paid
507028,707028,UPI,76859.64,Paid
507029,707029,Net Banking,15931.99,Paid
507030,707030,UPI,9151.56,Paid
507031,707031,UPI,3697.04,Paid
507032,707032,Credit Card,1387.9,Paid
507033,707033,UPI,260.05,Paid
507034,707034,Debit Card,4693.88,Paid
507035,707035,UPI,63716.61,Failed
507036,707036,Credit Card,6770.0,Paid
507037,707037,Debit Card,10598.04,Paid
507038,707038,Debit Card,5390.42,Paid
507039,707039,COD,1983.61,Paid
507040,707040,UPI,9240.77,Paid
507041,707041,UPI,14639.06,Paid
507042,707042,Credit Card,20474.48,Pending
507043,707043,Credit Card,11386.41,Paid
507044,707044,Credit Card,16805.21,Paid
507045,707045,COD,5253.35,Paid
507046,707046,Credit Card,5301.77,Paid
507047,707047,Credit Card,9397.06,Paid
507048,707048,Credit Card,14320.11,Paid
507049,707049,Wallet,5667.15,Paid
507050,707050,Credit Card,1068.02,Paid
507051,707051,UPI,7590.38,Paid
507052,707052,Credit Card,3510.56,Paid
507053,707053,Debit Card,2742.49,Paid
507054,707054,UPI,16640.74,Paid
507055,707055,Debit Card,2522.68,Paid
507056,707056,Credit Card,10578.56,Paid
507057,707057,Wallet,548.59,Paid
507058,707058,Credit Card,14276.34,Paid
507059,707059,UPI,10383.41,Paid
507060,707060,Debit Card,2889.49,Paid
507061,707061,Wallet,43421.71,Paid
507062,707062,UPI,42923.69,Paid
507063,707063,UPI,608.54,Paid
507064,707064,UPI,9194.74,Paid
507065,707065,UPI,49678.48,Paid
507066,707066,COD,7244.2,Paid
507067,707067,COD,7342.52,Paid
507068,707068,COD,6316.8,Paid
507069,707069,UPI,8640.37,Failed
507070,707070,COD,2890.97,Paid
507071,707071,UPI,1813.87,Paid
507072,707072,COD,1504.44,Paid
507073,707073,Credit Card,53089.52,Paid
507074,707074,Debit Card,22438.91,Paid
507075,707075,UPI,15148.89,Paid
507076,707076,Debit Card,1109.27,Paid
507077,707077,UPI,25063.09,Paid
507078,707078,Credit Card,5192.49,Paid
507079,707079,Credit Card,6340.9,Paid
507080,707080,UPI,371.62,Paid
507081,707081,COD,26285.68,Paid
507082,707082,COD,5239.27,Paid
507083,707083,Credit Card,15742.65,Paid
507084,707084,Debit Card,660.98,Paid
507085,707085,Wallet,1128.78,Paid
507086,707086,Credit Card,43916.95,Paid
507087,707087,COD,1245.28,Paid
507088,707088,UPI,728.43,Paid
507089,707089,COD,1844.53,Paid
507090,707090,UPI,11920.63,Paid
507091,707091,UPI,2533.11,Paid
507092,707092,UPI,2218.42,Failed
507093,707093,COD,2739.34,Paid
507094,707094,COD,492.1,Paid
507095,707095,Credit Card,16004.33,Paid
507096,707096,UPI,1486.48,Paid
507097,707097,UPI,970.24,Failed
507098,707098,UPI,35356.05,Paid
507099,707099,Debit Card,27715.3,Paid
507100,707100,Net Banking,1699.17,Paid
507101,707101,UPI,82785.88,Paid
507102,707102,UPI,70665.94,Paid
507103,707103,UPI,9077.41,Paid
507104,707104,UPI,62182.02,Paid
507105,707105,UPI,2697.08,Paid
507106,707106,UPI,2437.63,Paid
507107,707107,Debit Card,1831.13,Pending
507108,707108,UPI,5145.59,Paid
507109,707109,UPI,18771.43,Paid
507110,707110,UPI,4823.66,Paid
507111,707111,Debit Card,3233.15,Paid
507112,707112,Credit Card,12616.87,Paid
507113,707113,COD,835.24,Paid
507114,707114,Debit Card,14738.43,Paid
507115,707115,UPI,34288.95,Paid
507116,707116,UPI,5100.65,Paid
507117,707117,Credit Card,933.36,Paid
507118,707118,Wallet,4349.56,Paid
507119,707119,Debit Card,11043.5,Failed
507120,707120,UPI,18778.06,Paid
507121,707121,UPI,1251.49,Pending
507122,707122,UPI,1920.54,Paid
507123,707123,COD,8993.0,Paid
507124,707124,Credit Card,770.71,Paid
507125,707125,Credit Card,28204.64,Paid
507126,707126,COD,6410.83,Paid
507127,707127,Net Banking,355.37,Paid
507128,707128,COD,1582.79,Paid
507129,707129,UPI,18439.59,Failed
507130,707130,Credit Card,917.82,Paid
507131,707131,UPI,7371.98,Pending
507132,707132,Debit Card,1052.52,Paid
507133,707133,Debit Card,3237.58,Paid
507134,707134,Debit Card,5223.8,Pending
507135,707135,Debit Card,8430.29,Paid
507136,707136,UPI,4619.21,Failed
507137,707137,Credit Card,26509.92,Paid
507138,707138,Credit Card,30476.99,Paid
507139,707139,COD,16948.91,Paid
507140,707140,UPI,9768.42,Paid
507141,707141,UPI,2959.22,Paid
507142,707142,Wallet,11081.74,Paid
507143,707143,UPI,773.89,Paid
507144,707144,COD,8369.52,Paid
507145,707145,UPI,1063.77,Paid
507146,707146,UPI,11168.49,Paid
507147,707147,Net Banking,53546.97,Paid
507148,707148,Net Banking,5416.96,Paid
507149,707149,Debit Card,13175.2,Paid
507150,707150,Net Banking,29568.65,Paid
507151,707151,UPI,9635.19,Paid
507152,707152,UPI,33092.68,Pending
507153,707153,Credit Card,11218.52,Paid
507154,707154,Credit Card,744.15,Paid
507155,707155,COD,46796.83,Paid
507156,707156,UPI,28061.46,Paid
507157,707157,COD,4973.0,Paid
507158,707158,COD,2999.8,Pending
507159,707159,UPI,14397.96,Paid
507160,707160,Credit Card,31181.56,Paid
507161,707161,COD,421.54,Pending
507162,707162,Debit Card,55118.69,Paid
507163,707163,UPI,2409.55,Paid
507164,707164,Net Banking,1825.32,Paid
507165,707165,COD,265.01,Paid
507166,707166,Credit Card,18203.82,Paid
507167,707167,UPI,648.09,Paid
507168,707168,Credit Card,15275.04,Paid
507169,707169,COD,15162.09,Paid
507170,707170,Debit Card,481.52,Failed
507171,707171,Wallet,102939.58,Paid
507172,707172,UPI,20463.32,Paid
507173,707173,Net Banking,6291.94,Paid
507174,707174,Wallet,1911.97,Paid
507175,707175,UPI,8314.37,Paid
507176,707176,COD,5708.06,Paid
507177,707177,Wallet,1581.78,Paid
507178,707178,Credit Card,505.21,Paid
507179,707179,UPI,31110.88,Paid
507180,707180,COD,1772.71,Paid
507181,707181,COD,3455.22,Paid
507182,707182,Net Banking,944.39,Paid
507183,707183,UPI,11219.3,Paid
507184,707184,COD,12541.31,Paid
507185,707185,UPI,27887.97,Paid
507186,707186,COD,51223.24,Paid
507187,707187,Credit Card,30408.86,Pending
507188,707188,Net Banking,9965.67,Paid
507189,707189,Debit Card,12201.7,Paid
507190,707190,Credit Card,1348.98,Paid
507191,707191,Credit Card,26535.5,Paid
507192,707192,Debit Card,3585.93,Paid
507193,707193,Credit Card,377.95,Paid
507194,707194,UPI,137267.57,Paid
507195,707195,UPI,15976.41,Failed
507196,707196,Credit Card,944.84,Paid
507197,707197,UPI,1632.93,Paid
507198,707198,Credit Card,8028.68,Paid
507199,707199,UPI,7572.88,Paid
507200,707200,UPI,26810.91,Paid
507201,707201,Debit Card,22790.5,Paid
507202,707202,UPI,9863.45,Paid
507203,707203,Debit Card,26158.31,Paid
507204,707204,Credit Card,57451.11,Paid
507205,707205,UPI,30438.53,Paid
507206,707206,Credit Card,1323.57,Paid
507207,707207,UPI,32937.59,Paid
507208,707208,UPI,23632.79,Paid
507209,707209,COD,4226.44,Paid
507210,707210,UPI,3560.09,Paid
507211,707211,Credit Card,1487.79,Paid
507212,707212,Credit Card,65047.88,Paid
507213,707213,Credit Card,1225.02,Paid
507214,707214,UPI,17287.38,Paid
507215,707215,UPI,7503.27,Paid
507216,707216,UPI,3950.78,Paid
507217,707217,COD,1135.98,Paid
507218,707218,UPI,7471.67,Paid
507219,707219,Credit Card,547.39,Paid
507220,707220,UPI,9142.61,Pending
507221,707221,UPI,1522.14,Paid
507222,707222,Debit Card,8443.76,Paid
507223,707223,UPI,9813.11,Paid
507224,707224,Credit Card,15361.75,Paid
507225,707225,Credit Card,41114.23,Paid
507226,707226,Net Banking,24029.68,Paid
507227,707227,COD,9867.17,Paid
507228,707228,UPI,30272.29,Paid
507229,707229,Debit Card,49231.92,Paid
507230,707230,UPI,225.26,Paid
507231,707231,COD,13775.88,Paid
507232,707232,UPI,17273.18,Paid
507233,707233,UPI,6890.5,Paid
507234,707234,UPI,10549.1,Paid
507235,707235,Credit Card,31389.72,Paid
507236,707236,Wallet,1315.3,Paid
507237,707237,Wallet,3301.65,Paid
507238,707238,UPI,10802.09,Paid
507239,707239,UPI,11559.64,Paid
507240,707240,UPI,1048.43,Paid
507241,707241,Credit Card,1455.11,Paid
507242,707242,Credit Card,11594.41,Paid
507243,707243,Net Banking,6314.34,Paid
507244,707244,UPI,9123.27,Paid
507245,707245,Wallet,6746.66,Paid
507246,707246,Debit Card,189437.36,Paid
507247,707247,UPI,24443.91,Paid
507248,707248,UPI,10654.45,Pending
507249,707249,COD,10023.51,Paid
507250,707250,Debit Card,903.57,Paid
507251,707251,Wallet,74830.56,Paid
507252,707252,Wallet,1085.54,Paid
507253,707253,Net Banking,406.71,Paid
507254,707254,UPI,21024.41,Paid
507255,707255,Debit Card,4245.49,Paid
507256,707256,Net Banking,15151.37,Paid
507257,707257,COD,59725.71,Paid
507258,707258,UPI,5217.32,Paid
507259,707259,Credit Card,1436.35,Paid
507260,707260,Credit Card,34743.18,Paid
507261,707261,Net Banking,13179.09,Paid
507262,707262,Credit Card,924.56,Paid
507263,707263,UPI,3137.97,Paid
507264,707264,UPI,5132.72,Paid
507265,707265,COD,3917.87,Pending
507266,707266,UPI,87843.58,Paid
507267,707267,UPI,92384.46,Paid
507268,707268,UPI,34571.88,Paid
507269,707269,UPI,1318.91,Paid
507270,707270,UPI,616.04,Paid
507271,707271,UPI,1467.46,Paid
507272,707272,Credit Card,13926.66,Paid
507273,707273,COD,105615.98,Paid
507274,707274,Wallet,4249.01,Paid
507275,707275,Debit Card,542.36,Paid
507276,707276,Debit Card,635.26,Paid
507277,707277,UPI,22623.9,Paid
507278,707278,UPI,3588.95,Paid
507279,707279,COD,60060.85,Paid
507280,707280,Credit Card,243.5,Paid
507281,707281,COD,10217.36,Paid
507282,707282,UPI,862.41,Paid
507283,707283,COD,16171.54,Paid
507284,707284,Debit Card,100044.02,Paid
507285,707285,UPI,5484.98,Paid
507286,707286,COD,15389.44,Paid
507287,707287,UPI,12109.34,Paid
507288,707288,Net Banking,6298.16,Paid
507289,707289,UPI,1417.11,Paid
507290,707290,UPI,9355.19,Paid
507291,707291,UPI,2834.82,Paid
507292,707292,UPI,2818.44,Pending
507293,707293,UPI,12889.11,Paid
507294,707294,UPI,24628.09,Paid
507295,707295,UPI,7503.27,Paid
507296,707296,Credit Card,3060.91,Paid
507297,707297,Credit Card,6914.97,Pending
507298,707298,Credit Card,12907.84,Paid
507299,707299,Credit Card,45985.41,Paid
507300,707300,Credit Card,5342.15,Paid
507301,707301,Net Banking,2146.49,Paid
507302,707302,Debit Card,25046.61,Paid
507303,707303,COD,7511.44,Paid
507304,707304,Wallet,461.48,Paid
507305,707305,UPI,4044.45,Paid
507306,707306,UPI,990.18,Pending
507307,707307,UPI,2912.01,Paid
507308,707308,Credit Card,7074.04,Paid
507309,707309,UPI,14383.03,Paid
507310,707310,UPI,12611.77,Paid
507311,707311,UPI,70702.66,Paid
507312,707312,UPI,9524.57,Paid
507313,707313,UPI,86014.07,Paid
507314,707314,UPI,3144.38,Paid
507315,707315,UPI,12616.36,Paid
507316,707316,Credit Card,3593.0,Paid
507317,707317,Credit Card,2312.5,Pending
507318,707318,Debit Card,125479.5,Paid
507319,707319,Credit Card,22208.64,Paid
507320,707320,UPI,1133.35,Paid
507321,707321,COD,12931.05,Paid
507322,707322,UPI,7069.61,Paid
507323,707323,Credit Card,939.37,Pending
507324,707324,Debit Card,190075.81,Paid
507325,707325,COD,14442.37,Paid
507326,707326,Debit Card,8862.27,Paid
507327,707327,Credit Card,41737.98,Failed
507328,707328,Debit Card,2485.77,Paid
507329,707329,UPI,31231.3,Paid
507330,707330,Credit Card,4040.78,Paid
507331,707331,Credit Card,17776.34,Paid
507332,707332,Credit Card,3696.43,Paid
507333,707333,UPI,3446.99,Paid
507334,707334,Credit Card,39811.14,Paid
507335,707335,Debit Card,52641.95,Paid
507336,707336,Credit Card,1093.56,Paid
507337,707337,Debit Card,45688.52,Paid
507338,707338,UPI,8065.82,Paid
507339,707339,Credit Card,13873.5,Paid
507340,707340,Credit Card,5105.34,Paid
507341,707341,COD,2495.12,Paid
507342,707342,UPI,7824.93,Paid
507343,707343,COD,989.41,Paid
507344,707344,UPI,27200.15,Paid
507345,707345,Net Banking,4061.53,Paid
507346,707346,Debit Card,4122.85,Paid
507347,707347,Credit Card,8302.4,Paid
507348,707348,Credit Card,4112.89,Paid
507349,707349,UPI,6146.52,Paid
507350,707350,UPI,1984.57,Paid
507351,707351,UPI,1220.54,Paid
507352,707352,COD,358.31,Paid
507353,707353,Credit Card,1404.19,Paid
507354,707354,UPI,11011.07,Paid
507355,707355,COD,15196.29,Paid
507356,707356,Credit Card,37477.24,Paid
507357,707357,Debit Card,106014.07,Paid
507358,707358,COD,326292.89,Paid
507359,707359,UPI,37711.44,Paid
507360,707360,Wallet,8325.53,Paid
507361,707361,UPI,6715.52,Paid
507362,707362,Net Banking,321.18,Paid
507363,707363,Wallet,3091.06,Paid
507364,707364,UPI,1778.84,Paid
507365,707365,Credit Card,843.69,Paid
507366,707366,Debit Card,32038.28,Paid
507367,707367,UPI,13269.76,Paid
507368,707368,COD,59222.87,Paid
507369,707369,Wallet,11679.33,Paid
507370,707370,UPI,8645.84,Pending
507371,707371,COD,1002.29,Paid
507372,707372,UPI,13995.73,Paid
507373,707373,UPI,32683.38,Paid
507374,707374,UPI,11802.13,Paid
507375,707375,Debit Card,2921.97,Failed
507376,707376,Wallet,4117.41,Pending
507377,707377,Debit Card,3879.59,Paid
507378,707378,Credit Card,60714.53,Paid
507379,707379,Credit Card,1667.78,Paid
507380,707380,Debit Card,2206.95,Paid
507381,707381,Net Banking,1139.67,Pending
507382,707382,Credit Card,18895.9,Paid
507383,707383,Debit Card,7967.27,Paid
507384,707384,Credit Card,1385.46,Paid
507385,707385,Credit Card,6687.81,Paid
507386,707386,Debit Card,20983.09,Paid
507387,707387,COD,7644.38,Paid
507388,707388,UPI,38968.01,Paid
507389,707389,Credit Card,8548.66,Paid
507390,707390,UPI,12749.29,Paid
507391,707391,Debit Card,481.94,Paid
507392,707392,Credit Card,73550.02,Paid
507393,707393,UPI,18807.76,Paid
507394,707394,UPI,11075.75,Paid
507395,707395,Net Banking,13699.72,Paid
507396,707396,UPI,10249.22,Paid
507397,707397,Net Banking,1298.86,Paid
507398,707398,UPI,2644.74,Paid
507399,707399,Credit Card,26609.31,Paid
507400,707400,Net Banking,20417.74,Paid
507401,707401,Credit Card,35606.34,Paid
507402,707402,COD,540.46,Paid
507403,707403,UPI,1164.22,Paid
507404,707404,UPI,92222.88,Paid
507405,707405,UPI,563.48,Paid
507406,707406,Credit Card,1805.5,Paid
507407,707407,UPI,3756.73,Pending
507408,707408,COD,15580.12,Pending
507409,707409,Credit Card,2730.19,Paid
507410,707410,UPI,1635.53,Paid
507411,707411,Debit Card,12843.7,Paid
507412,707412,Credit Card,43428.06,Paid
507413,707413,Debit Card,406.71,Paid
507414,707414,Net Banking,108897.86,Paid
507415,707415,UPI,4686.02,Paid
507416,707416,UPI,4809.93,Paid
507417,707417,Debit Card,7438.97,Paid
507418,707418,UPI,185480.09,Paid
507419,707419,UPI,11131.29,Paid
507420,707420,Credit Card,22764.74,Paid
507421,707421,UPI,89491.91,Paid
507422,707422,COD,67313.74,Paid
507423,707423,UPI,724.34,Paid
507424,707424,Credit Card,11963.98,Paid
507425,707425,Net Banking,9438.67,Paid
507426,707426,UPI,5451.85,Paid
507427,707427,Net Banking,13001.15,Paid
507428,707428,Credit Card,843.46,Paid
507429,707429,Debit Card,1057.97,Paid
507430,707430,UPI,16007.94,Paid
507431,707431,Wallet,1135.98,Paid
507432,707432,UPI,1725.38,Paid
507433,707433,UPI,1405.6,Paid
507434,707434,UPI,324.67,Paid
507435,707435,UPI,6741.6,Paid
507436,707436,UPI,5913.33,Paid
507437,707437,Net Banking,16025.9,Paid
507438,707438,COD,4909.76,Paid
507439,707439,Credit Card,3287.79,Paid
507440,707440,Debit Card,56135.07,Paid
507441,707441,Credit Card,12195.13,Paid
507442,707442,UPI,39041.59,Paid
507443,707443,Net Banking,2128.62,Paid
507444,707444,UPI,6663.49,Paid
507445,707445,UPI,6355.65,Paid
507446,707446,COD,34006.54,Paid
507447,707447,Credit Card,9773.28,Paid
507448,707448,UPI,11610.0,Paid
507449,707449,Debit Card,25576.41,Paid
507450,707450,Debit Card,411.13,Paid
507451,707451,Debit Card,91460.24,Paid
507452,707452,UPI,472.44,Paid
507453,707453,UPI,16811.14,Paid
507454,707454,Debit Card,4544.94,Paid
507455,707455,Debit Card,338.92,Paid
507456,707456,Credit Card,25853.82,Paid
507457,707457,UPI,14755.53,Paid
507458,707458,UPI,2580.95,Paid
507459,707459,Net Banking,64002.05,Paid
507460,707460,Credit Card,3087.25,Paid
507461,707461,Net Banking,7142.06,Paid
507462,707462,Debit Card,3069.13,Paid
507463,707463,UPI,74925.66,Paid
507464,707464,Debit Card,1903.69,Paid
507465,707465,UPI,26256.63,Paid
507466,707466,UPI,1956.05,Paid
507467,707467,Credit Card,5541.14,Paid
507468,707468,Credit Card,1106.01,Paid
507469,707469,UPI,9254.29,Paid
507470,707470,Credit Card,13638.29,Paid
507471,707471,Credit Card,4291.41,Pending
507472,707472,UPI,947.17,Paid
507473,707473,UPI,48300.12,Paid
507474,707474,UPI,11081.74,Paid
507475,707475,Debit Card,40160.81,Paid
507476,707476,Credit Card,15365.92,Paid
507477,707477,Debit Card,8385.15,Paid
507478,707478,Debit Card,30240.67,Failed
507479,707479,Wallet,36927.0,Paid
507480,707480,Debit Card,51875.37,Paid
507481,707481,COD,14679.24,Paid
507482,707482,Credit Card,5619.8,Paid
507483,707483,UPI,1862.11,Paid
507484,707484,COD,3589.48,Paid
507485,707485,UPI,9798.61,Paid
507486,707486,Credit Card,10434.97,Paid
507487,707487,Debit Card,37415.28,Paid
507488,707488,Credit Card,3851.2,Paid
507489,707489,COD,2855.73,Paid
507490,707490,Net Banking,2415.51,Paid
507491,707491,Debit Card,11044.18,Paid
507492,707492,Credit Card,32433.99,Paid
507493,707493,Credit Card,4718.58,Paid
507494,707494,COD,2614.18,Paid
507495,707495,COD,10751.49,Paid
507496,707496,Credit Card,481.94,Paid
507497,707497,UPI,1862.11,Paid
507498,707498,UPI,8550.39,Paid
507499,707499,Credit Card,2984.93,Paid
507500,707500,UPI,12350.75,Paid
507501,707501,Debit Card,5729.96,Paid
507502,707502,COD,5671.18,Paid
507503,707503,Wallet,8336.97,Pending
507504,707504,Debit Card,557.2,Paid
507505,707505,UPI,10016.15,Paid
507506,707506,UPI,2597.41,Paid
507507,707507,Debit Card,843.6,Paid
507508,707508,UPI,36099.7,Paid
507509,707509,UPI,4693.57,Paid
507510,707510,UPI,880.66,Paid
507511,707511,Debit Card,2493.07,Paid
507512,707512,UPI,12823.1,Paid
507513,707513,Credit Card,614.44,Paid
507514,707514,Wallet,3926.33,Paid
507515,707515,Credit Card,6467.55,Paid
507516,707516,Credit Card,15998.71,Paid
507517,707517,UPI,18092.82,Paid
507518,707518,UPI,3704.47,Paid
507519,707519,UPI,4866.94,Paid
507520,707520,Credit Card,1593.97,Paid
507521,707521,UPI,4670.28,Paid
507522,707522,Credit Card,69244.69,Paid
507523,707523,UPI,1696.78,Paid
507524,707524,Credit Card,1402.7,Paid
507525,707525,UPI,3481.19,Paid
507526,707526,Wallet,11752.02,Paid
507527,707527,UPI,83007.42,Paid
507528,707528,Wallet,1858.25,Paid
507529,707529,Credit Card,3040.01,Paid
507530,707530,UPI,49488.9,Paid
507531,707531,Net Banking,2963.42,Paid
507532,707532,Debit Card,1779.51,Paid
507533,707533,UPI,934.79,Paid
507534,707534,Debit Card,275.35,Pending
507535,707535,Wallet,744.23,Paid
507536,707536,Debit Card,23806.9,Paid
507537,707537,UPI,8654.64,Paid
507538,707538,UPI,8888.17,Paid
507539,707539,Debit Card,20074.59,Paid
507540,707540,UPI,3283.28,Paid
507541,707541,Credit Card,2554.2,Paid
507542,707542,Net Banking,6984.87,Paid
507543,707543,Debit Card,5656.61,Pending
507544,707544,UPI,8535.6,Paid
507545,707545,UPI,4148.59,Paid
507546,707546,Credit Card,613.26,Paid
507547,707547,UPI,7431.75,Paid
507548,707548,Credit Card,3487.43,Paid
507549,707549,COD,5499.52,Paid
507550,707550,Wallet,1124.43,Paid
507551,707551,Debit Card,52495.24,Paid
507552,707552,Debit Card,595.29,Paid
507553,707553,UPI,10900.74,Paid
507554,707554,UPI,3259.32,Paid
507555,707555,UPI,2294.39,Paid
507556,707556,Debit Card,1259.28,Paid
507557,707557,UPI,7507.74,Paid
507558,707558,UPI,6583.24,Paid
507559,707559,UPI,52510.33,Paid
507560,707560,Debit Card,22135.31,Paid
507561,707561,UPI,9120.87,Paid
507562,707562,UPI,13174.54,Paid
507563,707563,COD,13674.26,Paid
507564,707564,Wallet,80416.83,Paid
507565,707565,Credit Card,35280.87,Paid
507566,707566,Credit Card,4138.45,Paid
507567,707567,UPI,714.67,Paid
507568,707568,UPI,4055.28,Paid
507569,707569,Debit Card,20355.25,Paid
507570,707570,Credit Card,45172.35,Paid
507571,707571,UPI,45127.42,Paid
507572,707572,Credit Card,3128.72,Paid
507573,707573,UPI,1575.16,Paid
507574,707574,Net Banking,1102.14,Paid
507575,707575,UPI,2411.61,Paid
507576,707576,UPI,1653.99,Paid
507577,707577,COD,48993.4,Paid
507578,707578,UPI,61067.09,Paid
507579,707579,COD,34885.82,Paid
507580,707580,UPI,56797.49,Paid
507581,707581,COD,1196.32,Paid
507582,707582,UPI,64357.11,Paid
507583,707583,Credit Card,809.37,Paid
507584,707584,COD,30493.23,Paid
507585,707585,UPI,22967.14,Paid
507586,707586,COD,2576.7,Paid
507587,707587,UPI,25815.1,Paid
507588,707588,Credit Card,279.23,Paid
507589,707589,UPI,342.7,Paid
507590,707590,COD,4912.68,Paid
507591,707591,COD,89539.18,Paid
507592,707592,UPI,6360.28,Paid
507593,707593,Net Banking,7509.53,Paid
507594,707594,Net Banking,128390.6,Paid
507595,707595,Credit Card,37415.28,Paid
507596,707596,Debit Card,14396.37,Paid
507597,707597,Debit Card,1827.99,Paid
507598,707598,UPI,7481.98,Pending
507599,707599,UPI,2553.89,Paid
507600,707600,UPI,3301.65,Paid
507601,707601,UPI,15904.73,Paid
507602,707602,Debit Card,4474.13,Paid
507603,707603,Net Banking,11081.74,Paid
507604,707604,UPI,25178.1,Paid
507605,707605,COD,7464.94,Paid
507606,707606,UPI,58308.22,Paid
507607,707607,UPI,1902.15,Paid
507608,707608,UPI,76962.88,Paid
507609,707609,UPI,21141.65,Paid
507610,707610,Credit Card,6556.07,Paid
507611,707611,UPI,16653.17,Paid
507612,707612,COD,13907.15,Paid
507613,707613,UPI,8325.97,Paid
507614,707614,COD,20115.76,Paid
507615,707615,Net Banking,6694.49,Paid
507616,707616,Wallet,5259.51,Paid
507617,707617,Credit Card,5188.8,Paid
507618,707618,Credit Card,1137.48,Paid
507619,707619,Credit Card,9302.04,Paid
507620,707620,UPI,2368.49,Paid
507621,707621,UPI,899.82,Paid
507622,707622,UPI,62020.44,Pending
507623,707623,UPI,2913.56,Paid
507624,707624,Credit Card,25587.83,Paid
507625,707625,Net Banking,24740.73,Failed
507626,707626,Debit Card,21762.89,Paid
507627,707627,UPI,516.98,Paid
507628,707628,Debit Card,6305.53,Paid
507629,707629,UPI,30685.43,Paid
507630,707630,UPI,1428.15,Paid
507631,707631,Debit Card,419.53,Pending
507632,707632,COD,9139.42,Paid
507633,707633,Credit Card,13291.48,Paid
507634,707634,Credit Card,6350.93,Paid
507635,707635,COD,5198.68,Paid
507636,707636,Debit Card,2152.14,Paid
507637,707637,COD,29933.59,Paid
507638,707638,UPI,5209.77,Paid
507639,707639,UPI,43245.61,Paid
507640,707640,UPI,1778.84,Paid
507641,707641,Credit Card,1259.28,Paid
507642,707642,Wallet,1482.92,Paid
507643,707643,Credit Card,1826.57,Paid
507644,707644,Wallet,6332.78,Paid
507645,707645,Credit Card,2011.16,Paid
507646,707646,Net Banking,7078.43,Failed
507647,707647,Credit Card,5427.26,Paid
507648,707648,Debit Card,29984.29,Paid
507649,707649,Debit Card,3953.74,Paid
507650,707650,Debit Card,1819.05,Paid
507651,707651,UPI,1064.98,Failed
507652,707652,COD,19979.81,Paid
507653,707653,UPI,23355.3,Paid
507654,707654,Debit Card,6724.6,Paid
507655,707655,COD,25813.5,Paid
507656,707656,Net Banking,6141.36,Paid
507657,707657,Credit Card,894.64,Paid
507658,707658,Credit Card,513.81,Paid
507659,707659,Credit Card,3486.89,Paid
507660,707660,UPI,4067.03,Paid
507661,707661,UPI,61632.48,Paid
507662,707662,Credit Card,12800.07,Paid
507663,707663,COD,59127.03,Paid
507664,707664,UPI,6099.21,Paid
507665,707665,Debit Card,3942.59,Paid
507666,707666,UPI,2826.89,Paid
507667,707667,UPI,3955.65,Paid
507668,707668,Debit Card,744.23,Paid
507669,707669,UPI,1897.71,Paid
507670,707670,Credit Card,2346.98,Paid
507671,707671,Net Banking,4527.32,Paid
507672,707672,UPI,12809.82,Paid
507673,707673,UPI,2745.35,Paid
507674,707674,Debit Card,6345.04,Paid
507675,707675,UPI,13499.67,Paid
507676,707676,Net Banking,3287.21,Paid
507677,707677,Wallet,2448.53,Paid
507678,707678,UPI,5444.21,Paid
507679,707679,Net Banking,6072.52,Failed
507680,707680,UPI,12796.0,Paid
507681,707681,Credit Card,13243.51,Paid
507682,707682,UPI,1440.81,Paid
507683,707683,COD,3378.24,Paid
507684,707684,UPI,1052.52,Paid
507685,707685,Credit Card,3041.68,Paid
507686,707686,Net Banking,11078.62,Paid
507687,707687,Wallet,8065.82,Paid
507688,707688,Credit Card,1885.76,Paid
507689,707689,UPI,6217.31,Paid
507690,707690,UPI,5120.92,Paid
507691,707691,UPI,7444.39,Pending
507692,707692,UPI,1872.46,Paid
507693,707693,Debit Card,803.18,Paid
507694,707694,Debit Card,19077.93,Paid
507695,707695,UPI,2211.46,Paid
507696,707696,Net Banking,4560.43,Paid
507697,707697,UPI,6576.82,Paid
507698,707698,UPI,2423.79,Paid
507699,707699,UPI,3350.97,Paid
507700,707700,Net Banking,2689.45,Pending
507701,707701,UPI,1481.71,Paid
507702,707702,UPI,8338.73,Paid
507703,707703,UPI,11691.74,Paid
507704,707704,Credit Card,9477.17,Paid
507705,707705,Wallet,1118.74,Paid
507706,707706,Credit Card,6638.73,Paid
507707,707707,UPI,7884.22,Paid
507708,707708,Credit Card,1920.54,Paid
507709,707709,COD,894.68,Paid
507710,707710,Net Banking,52249.95,Paid
507711,707711,Debit Card,120235.43,Paid
507712,707712,Debit Card,721.81,Paid
507713,707713,Credit Card,1400.14,Paid
507714,707714,Credit Card,27255.51,Paid
507715,707715,Net Banking,24406.41,Failed
507716,707716,UPI,2684.88,Paid
507717,707717,UPI,1213.24,Paid
507718,707718,UPI,2603.44,Paid
507719,707719,Credit Card,14982.11,Paid
507720,707720,UPI,19300.59,Paid
507721,707721,COD,17129.43,Paid
507722,707722,UPI,13572.08,Paid
507723,707723,UPI,37230.19,Paid
507724,707724,UPI,994.09,Paid
507725,707725,UPI,2674.77,Paid
507726,707726,UPI,14452.46,Paid
507727,707727,Debit Card,36005.16,Paid
507728,707728,Credit Card,11253.89,Paid
507729,707729,Debit Card,6798.73,Failed
507730,707730,Credit Card,331.46,Pending
507731,707731,COD,32397.56,Paid
507732,707732,COD,3654.84,Paid
507733,707733,UPI,379.39,Paid
507734,707734,Net Banking,11594.41,Pending
507735,707735,Net Banking,18123.28,Paid
507736,707736,Wallet,5480.6,Paid
507737,707737,Credit Card,10582.95,Paid
507738,707738,COD,2742.49,Paid
507739,707739,Net Banking,859.66,Paid
507740,707740,Credit Card,17016.97,Paid
507741,707741,UPI,2956.14,Failed
507742,707742,COD,6832.22,Paid
507743,707743,UPI,10154.74,Paid
507744,707744,Debit Card,2310.72,Paid
507745,707745,COD,1437.75,Paid
507746,707746,UPI,19578.74,Paid
507747,707747,Credit Card,13748.79,Paid
507748,707748,Credit Card,27508.86,Paid
507749,707749,UPI,11340.9,Paid
507750,707750,UPI,11985.54,Paid
507751,707751,UPI,15537.01,Paid
507752,707752,Net Banking,4935.35,Failed
507753,707753,UPI,5948.66,Paid
507754,707754,UPI,18137.24,Paid
507755,707755,UPI,1483.35,Paid
507756,707756,Credit Card,12313.19,Paid
507757,707757,Net Banking,7747.14,Paid
507758,707758,UPI,3227.34,Paid
507759,707759,UPI,481.94,Paid
507760,707760,UPI,44229.37,Paid
507761,707761,COD,3723.56,Paid
507762,707762,UPI,2294.69,Paid
507763,707763,COD,27373.48,Paid
507764,707764,Net Banking,2225.9,Paid
507765,707765,UPI,5205.04,Paid
507766,707766,Debit Card,35606.34,Paid
507767,707767,Credit Card,13960.22,Paid
507768,707768,UPI,8543.43,Paid
507769,707769,COD,8770.24,Pending
507770,707770,Net Banking,4398.41,Paid
507771,707771,Credit Card,7337.42,Paid
507772,707772,UPI,743.24,Paid
507773,707773,Credit Card,82948.65,Paid
507774,707774,Credit Card,1044.13,Paid
507775,707775,Debit Card,18684.39,Paid
507776,707776,Debit Card,3033.28,Paid
507777,707777,COD,2979.65,Paid
507778,707778,COD,1551.28,Paid
507779,707779,Debit Card,25933.5,Paid
507780,707780,Credit Card,3552.93,Paid
507781,707781,Credit Card,7920.12,Paid
507782,707782,COD,24913.08,Paid
507783,707783,Credit Card,874.06,Failed
507784,707784,UPI,3287.21,Paid
507785,707785,UPI,57722.35,Paid
507786,707786,Credit Card,34386.07,Paid
507787,707787,Credit Card,888.64,Paid
507788,707788,UPI,605.65,Paid
507789,707789,Wallet,30947.46,Paid
507790,707790,UPI,60820.49,Paid
507791,707791,UPI,5097.17,Paid
507792,707792,UPI,4019.9,Paid
507793,707793,UPI,4189.98,Paid
507794,707794,Debit Card,5926.84,Paid
507795,707795,UPI,3274.75,Paid
507796,707796,UPI,11325.71,Paid
507797,707797,Credit Card,9025.62,Paid
507798,707798,COD,1889.47,Paid
507799,707799,Credit Card,10799.24,Paid
507800,707800,Net Banking,15228.64,Pending
507801,707801,Debit Card,513.81,Paid
507802,707802,Debit Card,6949.94,Paid
507803,707803,COD,3260.68,Paid
507804,707804,COD,30048.46,Paid
507805,707805,UPI,8367.53,Paid
507806,707806,Debit Card,6728.07,Paid
507807,707807,UPI,3045.06,Paid
507808,707808,Debit Card,64413.1,Paid
507809,707809,UPI,14378.06,Paid
507810,707810,Debit Card,94800.61,Paid
507811,707811,UPI,83543.05,Paid
507812,707812,UPI,7483.74,Paid
507813,707813,Debit Card,535.19,Paid
507814,707814,UPI,37052.25,Paid
507815,707815,Wallet,6778.92,Paid
507816,707816,UPI,13210.88,Paid
507817,707817,Credit Card,1926.05,Pending
507818,707818,Credit Card,64074.36,Paid
507819,707819,Debit Card,1145.63,Paid
507820,707820,Debit Card,260.05,Paid
507821,707821,COD,662.24,Paid
507822,707822,Debit Card,44682.57,Paid
507823,707823,Credit Card,2576.81,Paid
507824,707824,UPI,30777.2,Paid
507825,707825,UPI,942.69,Paid
507826,707826,UPI,30376.7,Paid
507827,707827,UPI,6126.65,Paid
507828,707828,COD,119703.06,Paid
507829,707829,COD,2331.11,Paid
507830,707830,COD,23058.56,Paid
507831,707831,COD,7241.26,Paid
507832,707832,UPI,80392.02,Paid
507833,707833,COD,2584.56,Paid
507834,707834,Credit Card,2374.82,Paid
507835,707835,UPI,5475.7,Paid
507836,707836,Wallet,3724.22,Paid
507837,707837,Credit Card,13450.95,Paid
507838,707838,Net Banking,9831.53,Paid
507839,707839,Credit Card,33410.45,Paid
507840,707840,Debit Card,2761.74,Paid
507841,707841,Credit Card,28649.38,Paid
507842,707842,COD,34076.14,Paid
507843,707843,Debit Card,1088.72,Paid
507844,707844,Credit Card,10339.58,Pending
507845,707845,Debit Card,7383.15,Paid
507846,707846,Debit Card,6658.59,Paid
507847,707847,COD,281.74,Paid
507848,707848,UPI,36465.86,Paid
507849,707849,Credit Card,1142.93,Paid
507850,707850,Credit Card,135029.29,Paid
507851,707851,UPI,1881.96,Paid
507852,707852,Debit Card,419.53,Paid
507853,707853,Credit Card,5115.58,Paid
507854,707854,Net Banking,14218.84,Paid
507855,707855,Credit Card,2533.11,Paid
507856,707856,Debit Card,10583.54,Paid
507857,707857,Credit Card,11397.02,Paid
507858,707858,UPI,1183.96,Paid
507859,707859,UPI,66143.75,Pending
507860,707860,COD,18475.24,Paid
507861,707861,Credit Card,78885.04,Paid
507862,707862,COD,10498.14,Paid
507863,707863,UPI,9946.01,Paid
507864,707864,Debit Card,5154.96,Failed
507865,707865,COD,451.9,Paid
507866,707866,Credit Card,16655.75,Paid
507867,707867,Credit Card,1174.21,Paid
507868,707868,COD,124805.63,Paid
507869,707869,Net Banking,4439.85,Paid
507870,707870,UPI,3090.88,Paid
507871,707871,UPI,2990.97,Pending
507872,707872,UPI,19039.41,Paid
507873,707873,UPI,655.41,Paid
507874,707874,Debit Card,2355.66,Paid
507875,707875,Wallet,8537.41,Paid
507876,707876,UPI,17673.92,Paid
507877,707877,UPI,20981.4,Paid
507878,707878,Debit Card,179177.13,Paid
507879,707879,COD,10951.39,Paid
507880,707880,Debit Card,13973.62,Paid
507881,707881,Wallet,2271.59,Paid
507882,707882,UPI,80328.66,Paid
507883,707883,Debit Card,2019.84,Paid
507884,707884,Debit Card,7394.08,Paid
507885,707885,Wallet,3287.79,Paid
507886,707886,Wallet,10267.64,Paid
507887,707887,UPI,5618.44,Paid
507888,707888,COD,1889.76,Paid
507889,707889,UPI,43811.57,Paid
507890,707890,Debit Card,2278.64,Paid
507891,707891,UPI,2340.17,Paid
507892,707892,Wallet,5100.65,Paid
507893,707893,UPI,73536.36,Paid
507894,707894,UPI,10930.22,Paid
507895,707895,UPI,7394.08,Paid
507896,707896,Credit Card,13682.46,Paid
507897,707897,Credit Card,360.74,Paid
507898,707898,Credit Card,19051.24,Paid
507899,707899,Net Banking,8027.05,Paid
507900,707900,Credit Card,28552.4,Paid
507901,707901,COD,3455.22,Paid
507902,707902,UPI,7007.54,Paid
507903,707903,Debit Card,6934.77,Paid
507904,707904,Debit Card,634.64,Paid
507905,707905,Credit Card,4409.05,Paid
507906,707906,COD,1169.46,Paid
507907,707907,UPI,425.18,Paid
507908,707908,Credit Card,5713.65,Paid
507909,707909,Net Banking,10170.94,Paid
507910,707910,UPI,12350.75,Paid
507911,707911,Credit Card,19971.95,Paid
507912,707912,Debit Card,71913.13,Paid
507913,707913,Credit Card,30043.12,Paid
507914,707914,Credit Card,33732.32,Paid
507915,707915,UPI,38940.49,Paid
507916,707916,COD,2004.57,Paid
507917,707917,UPI,5643.51,Paid
507918,707918,Credit Card,2262.73,Paid
507919,707919,Credit Card,71911.22,Paid
507920,707920,Debit Card,2346.98,Failed
507921,707921,COD,1592.69,Paid
507922,707922,Debit Card,3867.99,Paid
507923,707923,Debit Card,10792.29,Paid
507924,707924,COD,104990.49,Paid
507925,707925,Net Banking,2451.51,Paid
507926,707926,Debit Card,661.43,Paid
507927,707927,COD,5664.22,Paid
507928,707928,UPI,39617.08,Paid
507929,707929,Credit Card,1680.65,Paid
507930,707930,Credit Card,1249.6,Paid
507931,707931,Debit Card,38381.54,Paid
507932,707932,COD,396.22,Paid
507933,707933,UPI,11974.71,Paid
507934,707934,UPI,9845.07,Paid
507935,707935,UPI,16261.82,Paid
507936,707936,Credit Card,4749.64,Paid
507937,707937,COD,6813.27,Paid
507938,707938,Net Banking,4157.29,Paid
507939,707939,UPI,45052.72,Paid
507940,707940,Debit Card,1052.52,Paid
507941,707941,Net Banking,32550.71,Paid
507942,707942,UPI,4619.21,Paid
507943,707943,Credit Card,314.89,Paid
507944,707944,Credit Card,14464.09,Paid
507945,707945,UPI,3729.97,Paid
507946,707946,Credit Card,5465.1,Paid
507947,707947,COD,868.63,Pending
507948,707948,UPI,17326.84,Paid
507949,707949,Debit Card,5225.66,Paid
507950,707950,Debit Card,408.34,Paid
507951,707951,UPI,5046.76,Paid
507952,707952,Credit Card,14394.71,Paid
507953,707953,Credit Card,902.26,Paid
507954,707954,UPI,770.71,Paid
507955,707955,Net Banking,1988.3,Pending
507956,707956,UPI,5332.08,Paid
507957,707957,UPI,1428.15,Paid
507958,707958,UPI,1322.24,Paid
507959,707959,Debit Card,3381.95,Paid
507960,707960,COD,12855.71,Paid
507961,707961,Debit Card,7057.63,Paid
507962,707962,UPI,3177.89,Paid
507963,707963,Debit Card,13633.91,Paid
507964,707964,Debit Card,9457.01,Paid
507965,707965,UPI,931.59,Failed
507966,707966,Wallet,6723.34,Paid
507967,707967,Debit Card,47757.92,Paid
507968,707968,Debit Card,55621.11,Paid
507969,707969,UPI,3921.03,Paid
507970,707970,Credit Card,1207.71,Paid
507971,707971,UPI,10326.04,Paid
507972,707972,UPI,10178.3,Paid
507973,707973,COD,66457.59,Paid
507974,707974,Net Banking,99387.67,Paid
507975,707975,Credit Card,1160.15,Paid
507976,707976,COD,10311.63,Paid
507977,707977,UPI,3778.36,Paid
507978,707978,UPI,2534.93,Paid
507979,707979,UPI,1915.65,Paid
507980,707980,Credit Card,119451.42,Paid
507981,707981,UPI,42802.77,Paid
507982,707982,Credit Card,25717.27,Paid
507983,707983,UPI,1205.19,Paid
507984,707984,Credit Card,13972.69,Paid
507985,707985,Net Banking,23107.17,Paid
507986,707986,UPI,1643.54,Paid
507987,707987,Credit Card,4447.64,Paid
507988,707988,Credit Card,17904.8,Paid
507989,707989,Wallet,4156.37,Paid
507990,707990,COD,9877.79,Paid
507991,707991,UPI,1561.38,Paid
507992,707992,UPI,5144.71,Paid
507993,707993,Net Banking,8998.3,Paid
507994,707994,UPI,9298.8,Paid
507995,707995,Net Banking,4361.31,Paid
507996,707996,UPI,10225.43,Paid
507997,707997,Credit Card,490.84,Paid
507998,707998,Debit Card,37373.79,Paid
507999,707999,Debit Card,3710.58,Failed
508000,708000,Debit Card,26861.9,Paid
508001,708001,Debit Card,28823.36,Paid
508002,708002,Debit Card,2441.18,Paid
508003,708003,UPI,411.13,Paid
508004,708004,UPI,10612.82,Paid
508005,708005,COD,338.08,Paid
508006,708006,Credit Card,15725.72,Paid
508007,708007,UPI,4916.43,Paid
508008,708008,Net Banking,10581.37,Paid
508009,708009,Debit Card,25489.24,Paid
508010,708010,Net Banking,492.1,Paid
508011,708011,UPI,762.46,Paid
508012,708012,Wallet,15987.98,Paid
508013,708013,UPI,3313.57,Paid
508014,708014,UPI,1905.01,Paid
508015,708015,Wallet,74015.98,Paid
508016,708016,UPI,63582.18,Paid
508017,708017,Debit Card,6340.44,Paid
508018,708018,UPI,19869.54,Paid
508019,708019,UPI,1629.93,Paid
508020,708020,COD,30400.17,Paid
508021,708021,UPI,3696.31,Paid
508022,708022,UPI,22135.31,Paid
508023,708023,Net Banking,11115.67,Paid
508024,708024,UPI,37694.26,Paid
508025,708025,Credit Card,995.65,Paid
508026,708026,Net Banking,3454.42,Paid
508027,708027,UPI,33605.98,Paid
508028,708028,UPI,5936.7,Paid
508029,708029,UPI,4221.89,Paid
508030,708030,UPI,2919.76,Paid
508031,708031,Wallet,56130.34,Paid
508032,708032,Debit Card,11646.43,Paid
508033,708033,Debit Card,8903.25,Paid
508034,708034,UPI,557.2,Paid
508035,708035,Wallet,3316.48,Paid
508036,708036,Credit Card,18002.29,Paid
508037,708037,UPI,28429.95,Paid
508038,708038,UPI,4570.19,Paid
508039,708039,Debit Card,3150.32,Paid
508040,708040,COD,1143.69,Paid
508041,708041,Credit Card,68303.78,Paid
508042,708042,UPI,69091.13,Paid
508043,708043,UPI,10508.06,Paid
508044,708044,COD,8400.77,Paid
508045,708045,Credit Card,6157.5,Paid
508046,708046,Credit Card,3887.09,Paid
508047,708047,Credit Card,655.41,Paid
508048,708048,Credit Card,7897.68,Paid
508049,708049,UPI,4272.12,Paid
508050,708050,UPI,24296.32,Paid
508051,708051,Wallet,868.63,Paid
508052,708052,Debit Card,899.59,Paid
508053,708053,UPI,3943.1,Paid
508054,708054,UPI,2441.65,Paid
508055,708055,Credit Card,3742.27,Paid
508056,708056,Debit Card,29932.22,Paid
508057,708057,Credit Card,1183.96,Paid
508058,708058,Credit Card,4222.87,Paid
508059,708059,UPI,22157.18,Paid
508060,708060,COD,3765.71,Paid
508061,708061,Net Banking,14251.18,Paid
508062,708062,Net Banking,2117.01,Paid
508063,708063,Debit Card,6299.59,Paid
508064,708064,COD,8140.13,Failed
508065,708065,COD,11004.53,Failed
508066,708066,UPI,7867.29,Paid
508067,708067,UPI,39088.12,Failed
508068,708068,Credit Card,6187.86,Paid
508069,708069,UPI,9199.72,Paid
508070,708070,UPI,551.0,Paid
508071,708071,Credit Card,8955.58,Paid
508072,708072,Credit Card,3782.1,Paid
508073,708073,Credit Card,38710.91,Paid
508074,708074,Net Banking,6500.35,Paid
508075,708075,Debit Card,11537.78,Paid
508076,708076,Credit Card,7705.03,Paid
508077,708077,Debit Card,15234.92,Paid
508078,708078,UPI,8590.81,Paid
508079,708079,Debit Card,17904.8,Paid
508080,708080,UPI,2454.88,Paid
508081,708081,UPI,7299.14,Paid
508082,708082,Credit Card,1106.46,Pending
508083,708083,COD,73439.93,Paid
508084,708084,Debit Card,7274.02,Paid
508085,708085,Wallet,2736.17,Paid
508086,708086,UPI,1857.07,Paid
508087,708087,Credit Card,32332.63,Paid
508088,708088,UPI,3887.09,Paid
508089,708089,Debit Card,9094.68,Paid
508090,708090,Credit Card,13146.08,Paid
508091,708091,COD,53588.82,Paid
508092,708092,Wallet,2329.84,Paid
508093,708093,UPI,5342.15,Paid
508094,708094,Credit Card,10586.64,Paid
508095,708095,Credit Card,13181.24,Paid
508096,708096,Debit Card,3290.05,Paid
508097,708097,UPI,29641.8,Paid
508098,708098,Wallet,37480.36,Paid
508099,708099,UPI,217.52,Paid
508100,708100,Credit Card,11429.06,Paid
508101,708101,COD,4644.47,Paid
508102,708102,Credit Card,4090.08,Paid
508103,708103,Credit Card,24483.77,Paid
508104,708104,Credit Card,34014.11,Paid
508105,708105,Debit Card,56409.28,Paid
508106,708106,Debit Card,9721.07,Paid
508107,708107,UPI,45092.32,Paid
508108,708108,UPI,34304.26,Paid
508109,708109,UPI,50768.35,Paid
508110,708110,UPI,19162.63,Paid
508111,708111,Debit Card,81913.71,Paid
508112,708112,COD,27172.16,Paid
508113,708113,UPI,14221.34,Paid
508114,708114,UPI,4304.28,Paid
508115,708115,UPI,1526.12,Paid
508116,708116,Credit Card,714.67,Paid
508117,708117,Credit Card,18753.25,Paid
508118,708118,Debit Card,15573.59,Paid
508119,708119,Wallet,2676.55,Paid
508120,708120,COD,6359.77,Paid
508121,708121,COD,17139.91,Paid
508122,708122,Debit Card,436.14,Paid
508123,708123,COD,1575.85,Paid
508124,708124,UPI,4564.22,Paid
508125,708125,Credit Card,5067.15,Paid
508126,708126,Wallet,4633.57,Paid
508127,708127,UPI,2814.05,Paid
508128,708128,Debit Card,2298.02,Paid
508129,708129,Net Banking,1516.64,Paid
508130,708130,Debit Card,23077.43,Paid
508131,708131,UPI,2958.37,Paid
508132,708132,UPI,4619.21,Paid
508133,708133,Credit Card,6698.95,Paid
508134,708134,UPI,57548.07,Paid
508135,708135,Credit Card,3559.01,Paid
508136,708136,UPI,43921.79,Paid
508137,708137,COD,22749.84,Failed
508138,708138,COD,48993.4,Paid
508139,708139,Wallet,2697.61,Paid
508140,708140,Credit Card,942.69,Paid
508141,708141,Debit Card,21463.64,Paid
508142,708142,Credit Card,40287.16,Paid
508143,708143,Credit Card,11014.69,Paid
508144,708144,UPI,33862.54,Paid
508145,708145,COD,1348.98,Paid
508146,708146,COD,7532.67,Paid
508147,708147,COD,462.28,Paid
508148,708148,UPI,15973.09,Paid
508149,708149,UPI,2304.47,Paid
508150,708150,COD,4994.55,Paid
508151,708151,COD,59026.36,Paid
508152,708152,COD,6377.13,Paid
508153,708153,UPI,5680.1,Paid
508154,708154,Debit Card,23065.26,Paid
508155,708155,COD,631.24,Paid
508156,708156,UPI,56985.22,Paid
508157,708157,Net Banking,4053.72,Paid
508158,708158,Debit Card,5754.8,Paid
508159,708159,UPI,5697.59,Paid
508160,708160,Net Banking,13858.5,Pending
508161,708161,UPI,2603.02,Pending
508162,708162,COD,1999.79,Paid
508163,708163,UPI,4703.0,Paid
508164,708164,Credit Card,2025.32,Paid
508165,708165,Wallet,1101.38,Paid
508166,708166,Wallet,461.97,Paid
508167,708167,COD,12443.24,Paid
508168,708168,Credit Card,2762.27,Paid
508169,708169,Debit Card,3459.75,Paid
508170,708170,Debit Card,84330.81,Paid
508171,708171,UPI,3975.03,Paid
508172,708172,UPI,3110.39,Paid
508173,708173,UPI,2693.42,Paid
508174,708174,UPI,8085.98,Pending
508175,708175,Credit Card,687.96,Paid
508176,708176,UPI,55466.6,Paid
508177,708177,COD,9501.63,Paid
508178,708178,COD,616.04,Paid
508179,708179,UPI,21051.45,Paid
508180,708180,UPI,1371.87,Paid
508181,708181,Credit Card,27357.99,Paid
508182,708182,COD,19003.45,Paid
508183,708183,Credit Card,30725.85,Paid
508184,708184,Net Banking,4184.58,Paid
508185,708185,COD,15548.36,Paid
508186,708186,Credit Card,5666.29,Paid
508187,708187,Net Banking,65250.2,Paid
508188,708188,Debit Card,9056.97,Paid
508189,708189,COD,2353.84,Paid
508190,708190,COD,5892.88,Paid
508191,708191,UPI,1965.65,Paid
508192,708192,COD,15367.79,Failed
508193,708193,Debit Card,19902.29,Paid
508194,708194,UPI,6861.76,Paid
508195,708195,Debit Card,1259.45,Paid
508196,708196,COD,21235.28,Paid
508197,708197,Credit Card,897.74,Paid
508198,708198,Net Banking,2801.9,Paid
508199,708199,COD,3538.01,Paid
508200,708200,Credit Card,5116.48,Pending
508201,708201,Debit Card,4122.85,Paid
508202,708202,Credit Card,26257.27,Paid
508203,708203,COD,8015.21,Paid
508204,708204,UPI,5204.97,Paid
508205,708205,Debit Card,932.28,Paid
508206,708206,UPI,758.71,Paid
508207,708207,Credit Card,20231.29,Paid
508208,708208,Credit Card,4268.71,Paid
508209,708209,UPI,6814.0,Paid
508210,708210,UPI,1787.77,Paid
508211,708211,UPI,14421.86,Paid
508212,708212,UPI,14951.18,Paid
508213,708213,COD,3289.36,Paid
508214,708214,UPI,3724.22,Paid
508215,708215,Net Banking,2538.42,Paid
508216,708216,Wallet,44314.72,Paid
508217,708217,Net Banking,82962.62,Paid
508218,708218,UPI,63593.87,Paid
508219,708219,Credit Card,23675.57,Paid
508220,708220,COD,35989.95,Paid
508221,708221,UPI,8042.63,Paid
508222,708222,Debit Card,56409.28,Paid
508223,708223,Credit Card,67230.88,Paid
508224,708224,Debit Card,17716.84,Paid
508225,708225,UPI,933.92,Paid
508226,708226,UPI,55348.07,Paid
508227,708227,COD,923.58,Paid
508228,708228,COD,4387.18,Paid
508229,708229,UPI,79416.4,Paid
508230,708230,Debit Card,1769.0,Paid
508231,708231,Wallet,461.79,Paid
508232,708232,UPI,15601.84,Paid
508233,708233,UPI,13110.7,Failed
508234,708234,COD,62585.38,Paid
508235,708235,Credit Card,6146.64,Paid
508236,708236,Credit Card,8008.55,Paid
508237,708237,Debit Card,4835.3,Paid
508238,708238,UPI,3362.3,Paid
508239,708239,UPI,21092.71,Failed
508240,708240,Debit Card,799.58,Paid
508241,708241,Credit Card,1818.47,Paid
508242,708242,Debit Card,8125.44,Paid
508243,708243,COD,17083.31,Paid
508244,708244,UPI,9993.89,Paid
508245,708245,COD,544.29,Paid
508246,708246,UPI,4718.58,Paid
508247,708247,UPI,1190.12,Paid
508248,708248,UPI,1115.5,Paid
508249,708249,UPI,3407.92,Paid
508250,708250,Credit Card,1423.46,Failed
508251,708251,UPI,6867.15,Paid
508252,708252,Net Banking,2046.08,Paid
508253,708253,COD,9273.38,Paid
508254,708254,UPI,3543.58,Paid
508255,708255,Debit Card,4389.11,Paid
508256,708256,Net Banking,10907.13,Paid
508257,708257,UPI,10318.62,Paid
508258,708258,Credit Card,145858.94,Paid
508259,708259,COD,25032.34,Paid
508260,708260,UPI,27853.03,Paid
508261,708261,COD,9788.05,Paid
508262,708262,Debit Card,4599.86,Paid
508263,708263,COD,60550.79,Paid
508264,708264,UPI,38350.63,Paid
508265,708265,Credit Card,9304.95,Paid
508266,708266,UPI,49514.51,Paid
508267,708267,Debit Card,13011.36,Paid
508268,708268,Credit Card,8318.32,Pending
508269,708269,UPI,1463.59,Paid
508270,708270,Credit Card,981.0,Paid
508271,708271,UPI,2281.69,Paid
508272,708272,Debit Card,41293.98,Paid
508273,708273,UPI,10168.59,Paid
508274,708274,Credit Card,18496.54,Paid
508275,708275,COD,1827.99,Paid
508276,708276,UPI,2024.43,Paid
508277,708277,Credit Card,1018.58,Paid
508278,708278,COD,13076.46,Paid
508279,708279,Debit Card,2951.46,Paid
508280,708280,Credit Card,11850.25,Paid
508281,708281,Debit Card,69307.12,Paid
508282,708282,Credit Card,26133.32,Paid
508283,708283,UPI,14680.0,Paid
508284,708284,UPI,672.95,Paid
508285,708285,Credit Card,1667.78,Pending
508286,708286,Debit Card,20713.45,Paid
508287,708287,Net Banking,93903.35,Paid
508288,708288,UPI,17801.11,Paid
508289,708289,Credit Card,7074.04,Paid
508290,708290,UPI,1889.47,Paid
508291,708291,Net Banking,4837.27,Paid
508292,708292,Credit Card,4450.17,Paid
508293,708293,Debit Card,10282.55,Paid
508294,708294,Wallet,52980.8,Paid
508295,708295,Credit Card,1311.76,Paid
508296,708296,Debit Card,13417.98,Paid
508297,708297,Debit Card,6288.29,Pending
508298,708298,COD,8181.09,Paid
508299,708299,COD,6653.82,Paid
508300,708300,UPI,1914.57,Paid
508301,708301,Debit Card,4607.89,Paid
508302,708302,Debit Card,36258.69,Paid
508303,708303,Net Banking,50290.29,Paid
508304,708304,COD,10825.85,Paid
508305,708305,UPI,50694.51,Paid
508306,708306,Debit Card,9455.92,Paid
508307,708307,UPI,1606.23,Paid
508308,708308,Net Banking,49349.81,Paid
508309,708309,UPI,2173.96,Paid
508310,708310,Credit Card,6768.24,Paid
508311,708311,Debit Card,1194.27,Paid
508312,708312,Credit Card,9165.47,Paid
508313,708313,UPI,11916.5,Paid
508314,708314,Credit Card,35400.1,Paid
508315,708315,Net Banking,4899.31,Paid
508316,708316,UPI,12445.76,Paid
508317,708317,Credit Card,2999.8,Paid
508318,708318,Debit Card,1541.43,Failed
508319,708319,UPI,4631.95,Paid
508320,708320,COD,939.37,Paid
508321,708321,COD,9196.49,Failed
508322,708322,Wallet,1331.81,Paid
508323,708323,COD,15013.2,Paid
508324,708324,UPI,886.72,Paid
508325,708325,Debit Card,10818.51,Failed
508326,708326,UPI,12262.17,Paid
508327,708327,Debit Card,2184.13,Paid
508328,708328,UPI,27344.17,Paid
508329,708329,Credit Card,2146.49,Paid
508330,708330,Debit Card,66878.26,Paid
508331,708331,Credit Card,4852.52,Paid
508332,708332,Debit Card,12742.95,Paid
508333,708333,COD,53194.19,Paid
508334,708334,UPI,63043.8,Paid
508335,708335,UPI,19405.71,Paid
508336,708336,COD,32171.91,Paid
508337,708337,UPI,400.46,Paid
508338,708338,UPI,2487.81,Paid
508339,708339,Credit Card,25850.33,Paid
508340,708340,Debit Card,7573.1,Paid
508341,708341,Credit Card,36030.34,Paid
508342,708342,UPI,20387.57,Paid
508343,708343,UPI,719.25,Paid
508344,708344,COD,9346.89,Paid
508345,708345,UPI,83440.09,Paid
508346,708346,UPI,9350.67,Paid
508347,708347,Debit Card,9993.13,Paid
508348,708348,UPI,31055.74,Paid
508349,708349,Credit Card,3167.32,Paid
508350,708350,Debit Card,32194.78,Paid
508351,708351,Net Banking,8891.46,Paid
508352,708352,Net Banking,12190.29,Paid
508353,708353,UPI,1855.8,Paid
508354,708354,Credit Card,2671.79,Paid
508355,708355,Debit Card,36864.17,Paid
508356,708356,UPI,9932.68,Paid
508357,708357,UPI,98750.45,Paid
508358,708358,UPI,1404.45,Paid
508359,708359,UPI,14104.56,Paid
508360,708360,Net Banking,6805.42,Paid
508361,708361,UPI,3116.89,Paid
508362,708362,COD,7197.93,Paid
508363,708363,UPI,4219.19,Paid
508364,708364,COD,741.85,Paid
508365,708365,COD,6013.92,Paid
508366,708366,COD,4893.26,Paid
508367,708367,Net Banking,9686.76,Paid
508368,708368,UPI,20751.86,Paid
508369,708369,UPI,521.92,Paid
508370,708370,Credit Card,68464.74,Paid
508371,708371,Debit Card,1926.05,Paid
508372,708372,Credit Card,8488.18,Paid
508373,708373,Credit Card,2648.56,Paid
508374,708374,UPI,46175.96,Paid
508375,708375,Credit Card,3577.42,Paid
508376,708376,UPI,14276.34,Failed
508377,708377,Credit Card,13399.25,Paid
508378,708378,UPI,456.72,Paid
508379,708379,Credit Card,8225.48,Paid
508380,708380,UPI,7238.53,Paid
508381,708381,COD,994.09,Paid
508382,708382,UPI,2151.62,Paid
508383,708383,COD,3464.48,Paid
508384,708384,Net Banking,31446.58,Paid
508385,708385,UPI,400.51,Paid
508386,708386,Net Banking,111230.83,Paid
508387,708387,Debit Card,6350.14,Paid
508388,708388,Debit Card,4732.66,Paid
508389,708389,UPI,10783.34,Paid
508390,708390,UPI,1871.2,Failed
508391,708391,UPI,9098.57,Paid
508392,708392,UPI,729.31,Paid
508393,708393,Credit Card,2874.85,Paid
508394,708394,Net Banking,30276.32,Paid
508395,708395,Debit Card,1397.01,Paid
508396,708396,Credit Card,519.44,Paid
508397,708397,Credit Card,25863.53,Paid
508398,708398,Debit Card,8276.97,Paid
508399,708399,UPI,4810.23,Paid
508400,708400,Net Banking,2814.05,Paid
508401,708401,COD,109959.73,Paid
508402,708402,UPI,135958.66,Paid
508403,708403,COD,1884.53,Paid
508404,708404,Debit Card,13053.51,Paid
508405,708405,UPI,72894.55,Failed
508406,708406,Net Banking,15649.3,Paid
508407,708407,COD,12234.72,Paid
508408,708408,COD,13175.77,Paid
508409,708409,Net Banking,10704.61,Paid
508410,708410,COD,5323.54,Paid
508411,708411,Debit Card,1794.17,Paid
508412,708412,Credit Card,16187.4,Paid
508413,708413,UPI,1856.44,Paid
508414,708414,UPI,19426.24,Paid
508415,708415,COD,4377.95,Paid
508416,708416,Net Banking,1047.8,Paid
508417,708417,UPI,5531.45,Failed
508418,708418,UPI,3654.84,Failed
508419,708419,UPI,37214.33,Paid
508420,708420,Credit Card,2936.94,Paid
508421,708421,UPI,3041.68,Paid
508422,708422,Debit Card,7912.77,Paid
508423,708423,Wallet,14634.09,Paid
508424,708424,UPI,19452.06,Paid
508425,708425,Net Banking,5981.99,Paid
508426,708426,UPI,99253.22,Paid
508427,708427,Debit Card,13813.32,Paid
508428,708428,UPI,1256.72,Pending
508429,708429,Debit Card,435.31,Paid
508430,708430,Debit Card,942.88,Paid
508431,708431,Debit Card,495.5,Paid
508432,708432,Wallet,659.46,Paid
508433,708433,Credit Card,17247.83,Paid
508434,708434,UPI,5034.86,Paid
508435,708435,UPI,27210.03,Paid
508436,708436,UPI,37281.2,Paid
508437,708437,UPI,17895.92,Paid
508438,708438,COD,7644.05,Paid
508439,708439,UPI,12505.3,Paid
508440,708440,Debit Card,13422.0,Paid
508441,708441,Net Banking,1645.19,Pending
508442,708442,UPI,2852.11,Paid
508443,708443,Credit Card,66409.43,Paid
508444,708444,Credit Card,52401.62,Paid
508445,708445,UPI,942.88,Paid
508446,708446,Wallet,2002.31,Pending
508447,708447,Debit Card,10765.83,Paid
508448,708448,Net Banking,43420.43,Paid
508449,708449,Debit Card,9940.5,Paid
508450,708450,Credit Card,486.57,Paid
508451,708451,Debit Card,2077.3,Paid
508452,708452,UPI,3655.56,Paid
508453,708453,Credit Card,2183.69,Paid
508454,708454,Debit Card,567.31,Paid
508455,708455,Net Banking,1525.94,Paid
508456,708456,Credit Card,22734.05,Failed
508457,708457,COD,3480.88,Paid
508458,708458,Credit Card,6312.36,Paid
508459,708459,Wallet,513.44,Paid
508460,708460,UPI,37893.62,Paid
508461,708461,Debit Card,3782.73,Pending
508462,708462,Debit Card,47868.99,Paid
508463,708463,Debit Card,31802.99,Paid
508464,708464,UPI,3167.32,Paid
508465,708465,Credit Card,494.45,Paid
508466,708466,COD,13888.39,Paid
508467,708467,Debit Card,2282.11,Paid
508468,708468,Debit Card,3589.99,Paid
508469,708469,UPI,10602.3,Paid
508470,708470,Wallet,13706.33,Paid
508471,708471,UPI,894.94,Paid
508472,708472,Credit Card,28901.89,Paid
508473,708473,Credit Card,35533.82,Paid
508474,708474,COD,115373.35,Failed
508475,708475,Net Banking,2333.37,Paid
508476,708476,Net Banking,3455.22,Pending
508477,708477,COD,13220.81,Failed
508478,708478,UPI,2265.41,Paid
508479,708479,Debit Card,1779.51,Paid
508480,708480,Credit Card,27448.56,Paid
508481,708481,Credit Card,4777.02,Paid
508482,708482,Debit Card,106620.45,Pending
508483,708483,COD,24530.21,Paid
508484,708484,UPI,6252.73,Paid
508485,708485,COD,12230.1,Paid
508486,708486,Wallet,58545.61,Paid
508487,708487,UPI,2610.84,Paid
508488,708488,UPI,43408.02,Paid
508489,708489,Credit Card,843.69,Paid
508490,708490,UPI,6070.42,Paid
508491,708491,Credit Card,14624.52,Paid
508492,708492,COD,3021.62,Paid
508493,708493,UPI,27669.14,Paid
508494,708494,UPI,61528.71,Paid
508495,708495,UPI,45995.15,Paid
508496,708496,COD,16995.41,Paid
508497,708497,COD,5449.44,Paid
508498,708498,Debit Card,251.76,Paid
508499,708499,UPI,2041.48,Paid
508500,708500,UPI,3329.3,Paid
508501,708501,UPI,3288.1,Paid
508502,708502,Net Banking,22304.66,Paid
508503,708503,Wallet,4347.92,Paid
508504,708504,UPI,7628.55,Paid
508505,708505,UPI,1032.59,Paid
508506,708506,UPI,23359.79,Paid
508507,708507,Credit Card,15200.09,Paid
508508,708508,Wallet,1050.25,Paid
508509,708509,Credit Card,4036.77,Pending
508510,708510,Credit Card,2383.48,Paid
508511,708511,Credit Card,6054.67,Pending
508512,708512,Credit Card,3520.89,Paid
508513,708513,UPI,22532.91,Paid
508514,708514,Credit Card,46083.65,Paid
508515,708515,Net Banking,183844.08,Paid
508516,708516,COD,1674.23,Paid
508517,708517,Wallet,4768.23,Paid
508518,708518,Debit Card,17146.73,Failed
508519,708519,Debit Card,58727.46,Pending
508520,708520,UPI,13063.06,Paid
508521,708521,Credit Card,2146.49,Paid
508522,708522,Wallet,54605.96,Paid
508523,708523,COD,12663.02,Paid
508524,708524,Credit Card,14380.58,Failed
508525,708525,UPI,53293.41,Paid
508526,708526,COD,15720.08,Paid
508527,708527,Credit Card,1044.13,Paid
508528,708528,UPI,11866.95,Paid
508529,708529,Credit Card,79438.6,Paid
508530,708530,UPI,2395.92,Paid
508531,708531,Credit Card,3312.63,Paid
508532,708532,Net Banking,801.51,Paid
508533,708533,UPI,295.66,Failed
508534,708534,Debit Card,51166.01,Paid
508535,708535,COD,4815.03,Paid
508536,708536,UPI,896.32,Paid
508537,708537,Wallet,13388.98,Paid
508538,708538,Debit Card,17836.5,Paid
508539,708539,UPI,4179.3,Paid
508540,708540,Credit Card,3649.75,Paid
508541,708541,UPI,2416.99,Paid
508542,708542,UPI,44093.98,Paid
508543,708543,UPI,7249.93,Paid
508544,708544,UPI,16000.09,Paid
508545,708545,Net Banking,5768.76,Paid
508546,708546,UPI,789.05,Paid
508547,708547,Debit Card,2467.81,Paid
508548,708548,Wallet,3108.33,Paid
508549,708549,Debit Card,13294.98,Paid
508550,708550,Credit Card,4684.15,Paid
508551,708551,Debit Card,635.26,Paid
508552,708552,Debit Card,2881.62,Paid
508553,708553,Credit Card,2270.23,Failed
508554,708554,COD,4645.03,Failed
508555,708555,Debit Card,10270.01,Paid
508556,708556,COD,2522.68,Paid
508557,708557,UPI,9823.36,Paid
508558,708558,UPI,7999.35,Paid
508559,708559,UPI,10266.61,Paid
508560,708560,Wallet,964.29,Paid
508561,708561,Credit Card,2003.78,Paid
508562,708562,UPI,13991.16,Paid
508563,708563,Net Banking,11374.92,Paid
508564,708564,Credit Card,6871.04,Paid
508565,708565,COD,45324.48,Paid
508566,708566,Net Banking,12576.06,Paid
508567,708567,Wallet,7830.3,Pending
508568,708568,Wallet,6490.61,Paid
508569,708569,UPI,2925.54,Paid
508570,708570,COD,69091.13,Paid
508571,708571,Debit Card,7266.09,Paid
508572,708572,UPI,7683.3,Paid
508573,708573,Debit Card,9456.46,Paid
508574,708574,Credit Card,14445.45,Paid
508575,708575,UPI,386.85,Paid
508576,708576,Wallet,3484.96,Paid
508577,708577,UPI,3716.5,Paid
508578,708578,UPI,2981.01,Paid
508579,708579,Credit Card,5623.68,Paid
508580,708580,Wallet,25188.61,Paid
508581,708581,Credit Card,741.85,Paid
508582,708582,Debit Card,111855.24,Paid
508583,708583,Credit Card,7217.85,Paid
508584,708584,UPI,2347.59,Paid
508585,708585,COD,7209.94,Paid
508586,708586,COD,8715.53,Paid
508587,708587,UPI,1738.3,Pending
508588,708588,Wallet,14595.46,Paid
508589,708589,COD,29826.21,Paid
508590,708590,Debit Card,37657.98,Failed
508591,708591,UPI,5704.22,Paid
508592,708592,UPI,38345.9,Paid
508593,708593,COD,4512.81,Failed
508594,708594,Debit Card,5802.98,Paid
508595,708595,Debit Card,1088.72,Paid
508596,708596,UPI,14464.02,Paid
508597,708597,Wallet,9616.55,Paid
508598,708598,UPI,23394.78,Paid
508599,708599,UPI,4449.49,Paid
508600,708600,Credit Card,1395.96,Paid
508601,708601,Credit Card,287.37,Paid
508602,708602,Debit Card,655.41,Paid
508603,708603,Net Banking,28934.47,Paid
508604,708604,Debit Card,230.32,Paid
508605,708605,UPI,6803.83,Paid
508606,708606,UPI,13844.54,Paid
508607,708607,Credit Card,1174.21,Paid
508608,708608,Credit Card,9937.51,Pending
508609,708609,UPI,41683.98,Paid
508610,708610,UPI,20488.43,Paid
508611,708611,COD,13632.54,Paid
508612,708612,UPI,2839.96,Paid
508613,708613,COD,27621.42,Paid
508614,708614,UPI,519.71,Paid
508615,708615,Net Banking,23461.27,Paid
508616,708616,Wallet,19642.44,Paid
508617,708617,COD,12709.53,Paid
508618,708618,UPI,9993.89,Paid
508619,708619,UPI,4966.93,Paid
508620,708620,Credit Card,23649.63,Failed
508621,708621,UPI,1084.93,Paid
508622,708622,COD,75033.86,Paid
508623,708623,Credit Card,37386.42,Pending
508624,708624,Net Banking,2239.57,Paid
508625,708625,Debit Card,858.28,Paid
508626,708626,UPI,67159.47,Paid
508627,708627,UPI,1125.68,Paid
508628,708628,UPI,4126.91,Pending
508629,708629,Credit Card,772.11,Paid
508630,708630,Debit Card,9885.85,Paid
508631,708631,COD,7934.67,Paid
508632,708632,COD,11081.74,Paid
508633,708633,UPI,70172.92,Paid
508634,708634,Debit Card,32250.66,Paid
508635,708635,Debit Card,11256.63,Paid
508636,708636,Debit Card,23330.28,Paid
508637,708637,Wallet,31767.26,Paid
508638,708638,UPI,4470.24,Paid
508639,708639,Credit Card,1041.38,Paid
508640,708640,UPI,4590.59,Paid
508641,708641,UPI,23186.09,Paid
508642,708642,COD,721.81,Paid
508643,708643,COD,609.97,Paid
508644,708644,UPI,12616.36,Paid
508645,708645,Debit Card,1603.01,Paid
508646,708646,COD,4695.09,Paid
508647,708647,Credit Card,158216.72,Paid
508648,708648,UPI,4680.56,Paid
508649,708649,COD,5285.32,Paid
508650,708650,Credit Card,8120.27,Paid
508651,708651,COD,10071.69,Paid
508652,708652,Net Banking,14754.48,Paid
508653,708653,UPI,6295.65,Paid
508654,708654,COD,2176.47,Paid
508655,708655,UPI,6234.82,Paid
508656,708656,Credit Card,3884.29,Paid
508657,708657,Net Banking,12315.44,Paid
508658,708658,UPI,8976.96,Paid
508659,708659,UPI,11583.5,Paid
508660,708660,UPI,1400.14,Paid
508661,708661,COD,7735.98,Paid
508662,708662,Debit Card,3734.42,Paid
508663,708663,COD,11104.32,Paid
508664,708664,UPI,1772.71,Paid
508665,708665,UPI,2936.94,Paid
508666,708666,Credit Card,1903.69,Paid
508667,708667,Debit Card,54757.34,Paid
508668,708668,UPI,4841.96,Paid
508669,708669,UPI,4676.19,Paid
508670,708670,Credit Card,14087.8,Paid
508671,708671,UPI,2533.11,Paid
508672,708672,COD,4103.04,Paid
508673,708673,UPI,7105.07,Pending
508674,708674,UPI,9233.53,Paid
508675,708675,Credit Card,13401.14,Paid
508676,708676,Debit Card,3525.11,Paid
508677,708677,UPI,29453.52,Paid
508678,708678,Net Banking,3373.02,Paid
508679,708679,UPI,964.02,Paid
508680,708680,Credit Card,12899.03,Paid
508681,708681,COD,21579.2,Paid
508682,708682,Credit Card,9683.54,Paid
508683,708683,Wallet,14143.05,Paid
508684,708684,COD,53708.72,Paid
508685,708685,Credit Card,38210.26,Paid
508686,708686,Debit Card,16341.7,Paid
508687,708687,COD,26133.32,Paid
508688,708688,UPI,13281.76,Paid
508689,708689,Credit Card,48073.1,Paid
508690,708690,Debit Card,8857.37,Paid
508691,708691,UPI,3401.05,Paid
508692,708692,COD,2471.39,Paid
508693,708693,Credit Card,2833.14,Pending
508694,708694,Debit Card,2926.25,Paid
508695,708695,Debit Card,6359.77,Paid
508696,708696,Credit Card,2585.28,Failed
508697,708697,Net Banking,2088.27,Paid
508698,708698,Net Banking,1366.26,Paid
508699,708699,COD,5118.24,Paid
508700,708700,UPI,3208.58,Paid
508701,708701,Credit Card,14189.95,Paid
508702,708702,UPI,8027.37,Paid
508703,708703,Credit Card,486.61,Paid
508704,708704,UPI,22191.06,Paid
508705,708705,COD,8550.66,Paid
508706,708706,UPI,7471.67,Paid
508707,708707,Credit Card,6595.34,Pending
508708,708708,COD,2135.19,Paid
508709,708709,COD,1352.29,Paid
508710,708710,Wallet,648.09,Paid
508711,708711,UPI,115600.97,Paid
508712,708712,UPI,10016.15,Paid
508713,708713,Credit Card,16943.78,Paid
508714,708714,UPI,7806.36,Paid
508715,708715,COD,135110.21,Paid
508716,708716,Debit Card,9893.89,Paid
508717,708717,Credit Card,42163.01,Paid
508718,708718,UPI,28964.99,Paid
508719,708719,Net Banking,1039.27,Paid
508720,708720,UPI,7311.54,Paid
508721,708721,COD,4363.84,Paid
508722,708722,Wallet,8226.04,Paid
508723,708723,UPI,811.81,Paid
508724,708724,Net Banking,2117.01,Paid
508725,708725,Debit Card,2999.8,Paid
508726,708726,UPI,3256.66,Paid
508727,708727,Credit Card,23550.53,Paid
508728,708728,COD,492.76,Paid
508729,708729,UPI,803.18,Paid
508730,708730,Wallet,9691.24,Paid
508731,708731,Credit Card,8718.89,Paid
508732,708732,UPI,5771.68,Paid
508733,708733,Net Banking,1149.39,Paid
508734,708734,COD,2667.08,Paid
508735,708735,Credit Card,53510.27,Paid
508736,708736,Credit Card,429.3,Paid
508737,708737,UPI,18979.42,Paid
508738,708738,Debit Card,10732.01,Paid
508739,708739,Debit Card,37572.32,Paid
508740,708740,Credit Card,11972.77,Paid
508741,708741,Credit Card,7552.3,Paid
508742,708742,UPI,1229.78,Paid
508743,708743,UPI,8139.47,Paid
508744,708744,UPI,12093.45,Pending
508745,708745,Debit Card,11499.21,Paid
508746,708746,UPI,9207.88,Paid
508747,708747,UPI,41087.94,Paid
508748,708748,COD,20307.3,Paid
508749,708749,UPI,151880.3,Failed
508750,708750,UPI,986.13,Paid
508751,708751,Debit Card,4111.72,Paid
508752,708752,Credit Card,265.01,Paid
508753,708753,COD,24311.7,Paid
508754,708754,COD,2868.74,Paid
508755,708755,UPI,9347.59,Paid
508756,708756,COD,2131.13,Paid
508757,708757,UPI,10081.36,Paid
508758,708758,Net Banking,11618.35,Pending
508759,708759,Debit Card,9289.24,Paid
508760,708760,UPI,67819.4,Paid
508761,708761,UPI,1516.64,Paid
508762,708762,UPI,9993.89,Paid
508763,708763,UPI,10032.51,Paid
508764,708764,UPI,19404.81,Paid
508765,708765,Debit Card,3806.98,Paid
508766,708766,Credit Card,8832.49,Paid
508767,708767,UPI,3803.97,Paid
508768,708768,Credit Card,7745.04,Paid
508769,708769,UPI,5671.18,Paid
508770,708770,COD,6914.97,Paid
508771,708771,Credit Card,3160.01,Paid
508772,708772,UPI,12442.28,Paid
508773,708773,UPI,107595.16,Paid
508774,708774,UPI,27043.71,Paid
508775,708775,Credit Card,2475.92,Paid
508776,708776,UPI,9975.97,Failed
508777,708777,Wallet,10390.42,Paid
508778,708778,Credit Card,12484.03,Paid
508779,708779,UPI,53535.32,Paid
508780,708780,UPI,11014.69,Paid
508781,708781,Debit Card,1184.25,Paid
508782,708782,Debit Card,1188.92,Paid
508783,708783,Credit Card,49231.92,Paid
508784,708784,COD,7591.36,Paid
508785,708785,Credit Card,989.59,Paid
508786,708786,Credit Card,4909.76,Paid
508787,708787,UPI,7183.5,Paid
508788,708788,Wallet,8991.74,Paid
508789,708789,Credit Card,989.59,Paid
508790,708790,Credit Card,21451.34,Paid
508791,708791,Wallet,1936.55,Paid
508792,708792,Net Banking,718.78,Paid
508793,708793,UPI,17518.36,Paid
508794,708794,Debit Card,6666.82,Paid
508795,708795,UPI,1114.58,Paid
508796,708796,Debit Card,5930.61,Paid
508797,708797,UPI,1476.97,Paid
508798,708798,COD,234909.84,Paid
508799,708799,UPI,1905.8,Paid
508800,708800,UPI,33473.34,Pending
508801,708801,UPI,58247.8,Paid
508802,708802,UPI,14810.61,Paid
508803,708803,Debit Card,1172.37,Paid
508804,708804,Credit Card,1379.53,Paid
508805,708805,COD,77192.25,Paid
508806,708806,COD,32914.09,Paid
508807,708807,UPI,290.64,Paid
508808,708808,Debit Card,3104.32,Paid
508809,708809,UPI,11581.69,Paid
508810,708810,Credit Card,5074.85,Paid
508811,708811,Credit Card,825.82,Paid
508812,708812,Net Banking,1315.3,Paid
508813,708813,Debit Card,10492.81,Paid
508814,708814,UPI,11544.88,Paid
508815,708815,Credit Card,53198.94,Paid
508816,708816,UPI,57080.62,Paid
508817,708817,Debit Card,3936.52,Paid
508818,708818,COD,21016.83,Paid
508819,708819,Debit Card,5154.68,Paid
508820,708820,Net Banking,23836.82,Paid
508821,708821,Net Banking,445.95,Paid
508822,708822,UPI,25438.48,Paid
508823,708823,Credit Card,13521.71,Paid
508824,708824,UPI,28950.69,Paid
508825,708825,COD,155626.11,Paid
508826,708826,UPI,3495.86,Paid
508827,708827,Credit Card,11477.27,Paid
508828,708828,Net Banking,14270.98,Paid
508829,708829,UPI,2314.33,Paid
508830,708830,Debit Card,670.69,Paid
508831,708831,Credit Card,8455.74,Paid
508832,708832,Net Banking,142072.94,Paid
508833,708833,UPI,14639.11,Paid
508834,708834,UPI,15366.32,Paid
508835,708835,Wallet,1645.23,Paid
508836,708836,COD,2169.42,Paid
508837,708837,Credit Card,69530.18,Paid
508838,708838,UPI,1058.34,Paid
508839,708839,Net Banking,3622.49,Paid
508840,708840,Wallet,7616.7,Paid
508841,708841,Debit Card,53037.7,Paid
508842,708842,Debit Card,1591.04,Paid
508843,708843,Net Banking,913.28,Paid
508844,708844,Net Banking,3228.3,Paid
508845,708845,COD,48993.4,Paid
508846,708846,Credit Card,1520.24,Paid
508847,708847,COD,14181.39,Paid
508848,708848,UPI,2539.94,Paid
508849,708849,COD,8768.17,Paid
508850,708850,Debit Card,56154.52,Paid
508851,708851,UPI,6838.65,Paid
508852,708852,COD,437.95,Paid
508853,708853,UPI,122597.92,Paid
508854,708854,Credit Card,32570.3,Paid
508855,708855,UPI,2140.06,Paid
508856,708856,COD,9993.89,Paid
508857,708857,Net Banking,123310.44,Paid
508858,708858,Debit Card,13075.48,Paid
508859,708859,Wallet,100298.75,Paid
508860,708860,UPI,28727.72,Paid
508861,708861,Debit Card,228442.6,Paid
508862,708862,Credit Card,32142.28,Paid
508863,708863,Net Banking,3304.8,Paid
508864,708864,COD,1050.25,Paid
508865,708865,UPI,17975.68,Pending
508866,708866,UPI,9966.54,Paid
508867,708867,UPI,4006.66,Paid
508868,708868,Debit Card,21982.17,Paid
508869,708869,COD,1382.53,Paid
508870,708870,COD,6137.2,Paid
508871,708871,Debit Card,102519.87,Paid
508872,708872,UPI,251.76,Paid
508873,708873,Net Banking,9072.34,Paid
508874,708874,Wallet,2813.27,Paid
508875,708875,Credit Card,22552.35,Paid
508876,708876,UPI,4897.06,Paid
508877,708877,UPI,873.69,Paid
508878,708878,UPI,500.56,Paid
508879,708879,Credit Card,18145.85,Paid
508880,708880,Credit Card,21777.76,Paid
508881,708881,COD,3255.0,Paid
508882,708882,Net Banking,4590.59,Paid
508883,708883,Credit Card,319.83,Paid
508884,708884,COD,48993.4,Paid
508885,708885,UPI,108077.84,Paid
508886,708886,UPI,7138.17,Paid
508887,708887,Wallet,2028.1,Paid
508888,708888,Credit Card,328.71,Paid
508889,708889,UPI,5826.44,Paid
508890,708890,UPI,5030.24,Paid
508891,708891,UPI,19030.76,Failed
508892,708892,UPI,73154.98,Paid
508893,708893,Debit Card,32511.46,Paid
508894,708894,Wallet,13516.46,Paid
508895,708895,Credit Card,4100.11,Paid
508896,708896,Credit Card,12075.6,Paid
508897,708897,UPI,143661.28,Paid
508898,708898,UPI,48766.47,Paid
508899,708899,Credit Card,1769.0,Paid
508900,708900,UPI,448.8,Paid
508901,708901,UPI,1795.0,Paid
508902,708902,UPI,7928.96,Paid
508903,708903,Wallet,4352.94,Paid
508904,708904,Net Banking,1164.92,Paid
508905,708905,Credit Card,22763.64,Paid
508906,708906,Net Banking,3783.28,Paid
508907,708907,UPI,8574.89,Paid
508908,708908,UPI,9846.18,Paid
508909,708909,Wallet,184672.27,Paid
508910,708910,UPI,2832.11,Paid
508911,708911,COD,4505.54,Paid
508912,708912,COD,11968.98,Paid
508913,708913,Debit Card,14942.91,Paid
508914,708914,UPI,5989.03,Paid
508915,708915,Net Banking,6361.01,Paid
508916,708916,UPI,9821.46,Paid
508917,708917,UPI,1591.59,Paid
508918,708918,Credit Card,13835.21,Paid
508919,708919,Credit Card,4166.05,Paid
508920,708920,UPI,17527.73,Paid
508921,708921,Credit Card,60909.5,Paid
508922,708922,UPI,20383.81,Pending
508923,708923,Debit Card,2294.73,Paid
508924,708924,COD,11298.44,Paid
508925,708925,Wallet,69112.94,Paid
508926,708926,Credit Card,6728.07,Paid
508927,708927,UPI,62935.99,Paid
508928,708928,COD,36566.18,Paid
508929,708929,Credit Card,25390.84,Paid
508930,708930,Net Banking,6054.67,Paid
508931,708931,COD,17364.9,Paid
508932,708932,UPI,3349.41,Paid
508933,708933,Credit Card,10434.97,Paid
508934,708934,UPI,1108.61,Paid
508935,708935,Credit Card,102096.56,Paid
508936,708936,Debit Card,4510.45,Paid
508937,708937,Net Banking,2570.5,Paid
508938,708938,Debit Card,461.48,Paid
508939,708939,Debit Card,1755.56,Paid
508940,708940,UPI,13995.34,Paid
508941,708941,Debit Card,33223.87,Failed
508942,708942,UPI,33958.98,Paid
508943,708943,UPI,1259.28,Paid
508944,708944,Credit Card,3412.44,Paid
508945,708945,COD,963.87,Paid
508946,708946,Net Banking,30846.65,Paid
508947,708947,Debit Card,4937.64,Paid
508948,708948,COD,3048.15,Paid
508949,708949,COD,6252.17,Paid
508950,708950,Debit Card,934.79,Paid
508951,708951,COD,3088.79,Paid
508952,708952,Credit Card,1772.71,Paid
508953,708953,Credit Card,1863.13,Paid
508954,708954,Debit Card,41458.46,Paid
508955,708955,Net Banking,12557.42,Paid
508956,708956,COD,45889.74,Paid
508957,708957,Wallet,8282.49,Paid
508958,708958,Credit Card,119599.07,Paid
508959,708959,UPI,26794.41,Paid
508960,708960,Wallet,4291.41,Paid
508961,708961,COD,794.08,Paid
508962,708962,Debit Card,5179.26,Paid
508963,708963,Credit Card,856.41,Paid
508964,708964,COD,7122.45,Failed
508965,708965,Credit Card,451.9,Paid
508966,708966,UPI,1334.77,Paid
508967,708967,UPI,37657.94,Paid
508968,708968,Debit Card,4614.85,Paid
508969,708969,Debit Card,26063.47,Paid
508970,708970,Credit Card,56941.39,Pending
508971,708971,Debit Card,1766.74,Paid
508972,708972,COD,20132.18,Paid
508973,708973,COD,4972.12,Paid
508974,708974,Net Banking,728.43,Paid
508975,708975,Debit Card,6926.42,Paid
508976,708976,UPI,1578.1,Paid
508977,708977,UPI,11552.73,Paid
508978,708978,Debit Card,43229.48,Paid
508979,708979,Credit Card,9625.74,Paid
508980,708980,COD,54737.84,Pending
508981,708981,UPI,55641.01,Paid
508982,708982,UPI,12593.47,Paid
508983,708983,UPI,6210.95,Paid
508984,708984,Wallet,281.74,Paid
508985,708985,Credit Card,16029.77,Paid
508986,708986,Credit Card,2297.56,Paid
508987,708987,UPI,12987.79,Paid
508988,708988,COD,8326.68,Paid
508989,708989,COD,206186.39,Paid
508990,708990,UPI,6784.96,Failed
508991,708991,Credit Card,2331.12,Paid
508992,708992,Debit Card,27351.62,Paid
508993,708993,Credit Card,676.94,Paid
508994,708994,Credit Card,102799.17,Paid
508995,708995,Net Banking,28071.24,Paid
508996,708996,Net Banking,562.72,Paid
508997,708997,COD,56285.01,Paid
508998,708998,Credit Card,4560.43,Paid
508999,708999,Wallet,33473.34,Paid
509000,709000,UPI,9788.47,Paid
509001,709001,Credit Card,3525.11,Paid
509002,709002,COD,11383.45,Paid
509003,709003,COD,1070.38,Paid
509004,709004,Debit Card,255.91,Paid
509005,709005,UPI,35452.59,Paid
509006,709006,Credit Card,27598.32,Paid
509007,709007,Debit Card,238.51,Paid
509008,709008,Net Banking,557.1,Paid
509009,709009,Debit Card,8360.87,Paid
509010,709010,COD,7579.74,Paid
509011,709011,Credit Card,9873.6,Paid
509012,709012,Credit Card,6481.61,Paid
509013,709013,UPI,53588.82,Paid
509014,709014,UPI,1965.65,Paid
509015,709015,Credit Card,577.8,Paid
509016,709016,Debit Card,497.02,Paid
509017,709017,UPI,571.84,Paid
509018,709018,UPI,53033.08,Paid
509019,709019,Credit Card,3160.01,Failed
509020,709020,Debit Card,4550.92,Paid
509021,709021,Debit Card,902.26,Failed
509022,709022,Credit Card,69601.39,Paid
509023,709023,Credit Card,2632.75,Paid
509024,709024,Debit Card,6292.3,Paid
509025,709025,COD,893.08,Paid
509026,709026,Credit Card,591.79,Paid
509027,709027,UPI,1729.4,Paid
509028,709028,UPI,1238.73,Paid
509029,709029,Credit Card,2437.63,Pending
509030,709030,COD,139393.58,Paid
509031,709031,Debit Card,533.94,Paid
509032,709032,UPI,12468.1,Paid
509033,709033,COD,78738.19,Paid
509034,709034,Credit Card,19199.57,Paid
509035,709035,Credit Card,10337.97,Paid
509036,709036,Debit Card,9824.26,Paid
509037,709037,Net Banking,2876.04,Paid
509038,709038,Credit Card,17478.85,Paid
509039,709039,COD,4915.1,Paid
509040,709040,COD,1253.91,Paid
509041,709041,UPI,12104.43,Paid
509042,709042,UPI,3987.08,Paid
509043,709043,UPI,568.36,Paid
509044,709044,UPI,1173.49,Failed
509045,709045,COD,8581.96,Failed
509046,709046,Credit Card,3693.9,Paid
509047,709047,UPI,1487.65,Paid
509048,709048,UPI,5345.97,Paid
509049,709049,UPI,433.1,Paid
509050,709050,UPI,79454.93,Paid
509051,709051,UPI,12091.68,Paid
509052,709052,Debit Card,48050.28,Paid
509053,709053,COD,1105.53,Paid
509054,709054,Debit Card,1675.9,Paid
509055,709055,Debit Card,28204.64,Paid
509056,709056,Debit Card,19195.53,Pending
509057,709057,Net Banking,4269.69,Paid
509058,709058,Net Banking,3865.06,Paid
509059,709059,COD,2967.86,Paid
509060,709060,UPI,2708.48,Paid
509061,709061,UPI,2977.18,Paid
509062,709062,Debit Card,1472.05,Paid
509063,709063,Debit Card,3287.21,Paid
509064,709064,UPI,17648.11,Paid
509065,709065,Credit Card,4111.09,Paid
509066,709066,Debit Card,986.13,Paid
509067,709067,Debit Card,7887.02,Paid
509068,709068,UPI,49633.94,Paid
509069,709069,UPI,4890.43,Paid
509070,709070,Credit Card,56054.57,Paid
509071,709071,Credit Card,5191.7,Failed
509072,709072,Wallet,39528.96,Paid
509073,709073,UPI,4436.45,Paid
509074,709074,COD,13182.97,Paid
509075,709075,UPI,16908.3,Paid
509076,709076,COD,22747.46,Paid
509077,709077,Net Banking,2282.11,Paid
509078,709078,Debit Card,1696.17,Paid
509079,709079,Debit Card,78871.39,Paid
509080,709080,COD,2728.39,Pending
509081,709081,Debit Card,4635.23,Paid
509082,709082,COD,3969.41,Paid
509083,709083,Credit Card,74136.36,Pending
509084,709084,Credit Card,1393.74,Paid
509085,709085,Debit Card,1052.52,Paid
509086,709086,UPI,564.54,Paid
509087,709087,COD,1482.92,Paid
509088,709088,Credit Card,15452.62,Paid
509089,709089,UPI,1700.52,Paid
509090,709090,COD,2468.24,Paid
509091,709091,Credit Card,3116.87,Paid
509092,709092,COD,31456.55,Paid
509093,709093,Credit Card,972.69,Paid
509094,709094,COD,5435.62,Paid
509095,709095,Net Banking,8530.3,Paid
509096,709096,Credit Card,2605.37,Paid
509097,709097,Debit Card,2678.16,Paid
509098,709098,COD,2625.94,Paid
509099,709099,COD,1393.23,Paid
509100,709100,UPI,82612.6,Paid
509101,709101,Debit Card,2153.2,Paid
509102,709102,UPI,5563.9,Paid
509103,709103,Net Banking,18312.74,Paid
509104,709104,COD,4318.99,Paid
509105,709105,Credit Card,10389.16,Paid
509106,709106,UPI,10401.26,Paid
509107,709107,COD,11455.42,Paid
509108,709108,Debit Card,4916.72,Paid
509109,709109,UPI,7220.08,Paid
509110,709110,Wallet,13855.13,Paid
509111,709111,Debit Card,2014.41,Paid
509112,709112,UPI,631.51,Paid
509113,709113,Credit Card,100324.57,Pending
509114,709114,UPI,43478.8,Paid
509115,709115,UPI,11337.93,Paid
509116,709116,UPI,3116.89,Paid
509117,709117,COD,275.35,Paid
509118,709118,Debit Card,2131.13,Paid
509119,709119,Wallet,19296.84,Paid
509120,709120,Credit Card,1001.19,Paid
509121,709121,UPI,66136.69,Paid
509122,709122,UPI,8207.88,Paid
509123,709123,UPI,7320.69,Paid
509124,709124,UPI,23518.77,Paid
509125,709125,Net Banking,2872.53,Paid
509126,709126,Credit Card,660.98,Paid
509127,709127,Wallet,908.77,Paid
509128,709128,Debit Card,1792.28,Paid
509129,709129,UPI,3575.04,Paid
509130,709130,Credit Card,3585.93,Paid
509131,709131,Credit Card,7985.55,Paid
509132,709132,Credit Card,5663.33,Paid
509133,709133,Credit Card,16029.62,Paid
509134,709134,Debit Card,14504.06,Paid
509135,709135,UPI,32155.07,Paid
509136,709136,Debit Card,2532.89,Paid
509137,709137,COD,5225.66,Paid
509138,709138,UPI,9649.22,Paid
509139,709139,Debit Card,54568.99,Paid
509140,709140,Credit Card,1428.15,Paid
509141,709141,Debit Card,1436.3,Paid
509142,709142,UPI,9014.74,Paid
509143,709143,Debit Card,20378.47,Paid
509144,709144,Debit Card,11797.38,Paid
509145,709145,UPI,939.7,Paid
509146,709146,UPI,1555.58,Paid
509147,709147,UPI,3559.11,Paid
509148,709148,COD,9499.36,Paid
509149,709149,Credit Card,1714.29,Paid
509150,709150,UPI,546.78,Paid
509151,709151,UPI,5892.88,Paid
509152,709152,UPI,6410.83,Paid
509153,709153,Net Banking,48552.14,Paid
509154,709154,COD,4412.87,Paid
509155,709155,Net Banking,6227.73,Paid
509156,709156,COD,41971.25,Paid
509157,709157,Credit Card,9405.68,Paid
509158,709158,Credit Card,41340.85,Paid
509159,709159,UPI,27978.47,Paid
509160,709160,UPI,12795.85,Pending
509161,709161,Wallet,39194.27,Paid
509162,709162,Debit Card,9745.6,Paid
509163,709163,UPI,15657.29,Paid
509164,709164,Net Banking,4318.99,Paid
509165,709165,UPI,1011.91,Paid
509166,709166,COD,9423.58,Paid
509167,709167,Credit Card,5277.29,Paid
509168,709168,UPI,6038.37,Paid
509169,709169,UPI,8868.3,Paid
509170,709170,COD,887.83,Paid
509171,709171,UPI,14263.37,Paid
509172,709172,UPI,21285.29,Paid
509173,709173,Debit Card,9414.57,Paid
509174,709174,COD,79225.23,Paid
509175,709175,Credit Card,8381.85,Paid
509176,709176,COD,11826.3,Pending
509177,709177,UPI,98776.55,Paid
509178,709178,UPI,8929.27,Paid
509179,709179,UPI,2775.79,Paid
509180,709180,UPI,2913.95,Paid
509181,709181,UPI,1171.55,Paid
509182,709182,COD,3873.33,Paid
509183,709183,COD,1209.94,Paid
509184,709184,Credit Card,281.74,Failed
509185,709185,COD,13863.91,Paid
509186,709186,Debit Card,1053.76,Paid
509187,709187,COD,5559.65,Paid
509188,709188,Wallet,10979.33,Paid
509189,709189,Debit Card,21777.76,Failed
509190,709190,UPI,102577.24,Pending
509191,709191,COD,33957.26,Paid
509192,709192,COD,3362.3,Paid
509193,709193,Credit Card,18456.2,Paid
509194,709194,UPI,20380.86,Paid
509195,709195,Wallet,1470.04,Paid
509196,709196,UPI,27270.71,Paid
509197,709197,COD,1572.23,Paid
509198,709198,Credit Card,472.42,Paid
509199,709199,UPI,4388.2,Paid
509200,709200,COD,11334.29,Paid
509201,709201,Wallet,487.44,Paid
509202,709202,Net Banking,13035.21,Paid
509203,709203,Debit Card,5338.52,Paid
509204,709204,UPI,10533.25,Paid
509205,709205,Credit Card,19302.73,Paid
509206,709206,UPI,6004.61,Paid
509207,709207,Credit Card,15915.0,Paid
509208,709208,Credit Card,58041.93,Paid
509209,709209,UPI,7050.22,Paid
509210,709210,UPI,2669.92,Paid
509211,709211,COD,1269.27,Paid
509212,709212,Debit Card,12591.37,Paid
509213,709213,Credit Card,4225.43,Pending
509214,709214,UPI,32711.45,Paid
509215,709215,Net Banking,3949.38,Paid
509216,709216,Credit Card,2868.74,Paid
509217,709217,UPI,27549.92,Paid
509218,709218,UPI,1627.67,Paid
509219,709219,UPI,10231.4,Paid
509220,709220,Credit Card,2830.27,Paid
509221,709221,Credit Card,4858.66,Paid
509222,709222,UPI,3362.3,Paid
509223,709223,UPI,934.79,Paid
509224,709224,Debit Card,4189.98,Paid
509225,709225,Credit Card,23274.89,Paid
509226,709226,Credit Card,28949.82,Paid
509227,709227,COD,1352.29,Paid
509228,709228,Net Banking,4922.12,Paid
509229,709229,Net Banking,3717.43,Paid
509230,709230,UPI,12417.37,Paid
509231,709231,Credit Card,8145.78,Paid
509232,709232,Debit Card,70845.28,Paid
509233,709233,UPI,8903.25,Paid
509234,709234,Credit Card,1948.64,Paid
509235,709235,Credit Card,10379.28,Paid
509236,709236,UPI,8226.04,Paid
509237,709237,UPI,1516.64,Paid
509238,709238,Net Banking,7867.29,Paid
509239,709239,UPI,480.61,Paid
509240,709240,Wallet,38634.28,Paid
509241,709241,UPI,4467.09,Paid
509242,709242,UPI,4823.66,Paid
509243,709243,COD,64450.93,Paid
509244,709244,UPI,3844.24,Paid
509245,709245,COD,63422.91,Paid
509246,709246,Credit Card,13175.04,Pending
509247,709247,COD,497.27,Paid
509248,709248,COD,3963.45,Paid
509249,709249,Debit Card,47075.18,Paid
509250,709250,UPI,654.31,Paid
509251,709251,Credit Card,12616.36,Paid
509252,709252,UPI,14438.64,Paid
509253,709253,UPI,7173.12,Paid
509254,709254,Debit Card,5143.52,Paid
509255,709255,Credit Card,100156.23,Paid
509256,709256,UPI,58552.58,Paid
509257,709257,Credit Card,19218.66,Paid
509258,709258,Net Banking,9291.37,Paid
509259,709259,Wallet,12174.98,Paid
509260,709260,UPI,4040.78,Paid
509261,709261,COD,556.62,Paid
509262,709262,Debit Card,19417.74,Paid
509263,709263,UPI,85463.63,Paid
509264,709264,Debit Card,3227.51,Paid
509265,709265,UPI,21167.06,Paid
509266,709266,COD,14375.62,Paid
509267,709267,Credit Card,8521.4,Paid
509268,709268,COD,8250.51,Paid
509269,709269,COD,12023.7,Paid
509270,709270,Credit Card,43570.5,Paid
509271,709271,UPI,129792.38,Paid
509272,709272,UPI,7390.89,Paid
509273,709273,UPI,5255.57,Pending
509274,709274,Credit Card,23920.15,Paid
509275,709275,Debit Card,4813.79,Paid
509276,709276,COD,13200.17,Paid
509277,709277,Debit Card,9115.88,Pending
509278,709278,Credit Card,8465.0,Paid
509279,709279,UPI,56381.43,Paid
509280,709280,Credit Card,2064.24,Paid
509281,709281,COD,17695.72,Paid
509282,709282,UPI,9152.71,Paid
509283,709283,Debit Card,10979.33,Paid
509284,709284,Debit Card,425.2,Paid
509285,709285,Debit Card,3178.09,Paid
509286,709286,Credit Card,2059.27,Paid
509287,709287,COD,5764.76,Paid
509288,709288,Net Banking,61789.71,Paid
509289,709289,Debit Card,10738.41,Paid
509290,709290,UPI,28454.71,Paid
509291,709291,UPI,13471.59,Paid
509292,709292,Net Banking,850.25,Paid
509293,709293,UPI,8336.97,Paid
509294,709294,Credit Card,16894.67,Paid
509295,709295,COD,25745.56,Paid
509296,709296,COD,5100.1,Paid
509297,709297,Credit Card,2534.86,Paid
509298,709298,COD,583.61,Paid
509299,709299,UPI,8460.52,Paid
509300,709300,COD,257.82,Paid
509301,709301,UPI,67588.85,Paid
509302,709302,Credit Card,1465.46,Paid
509303,709303,Credit Card,7695.95,Paid
509304,709304,UPI,672.95,Paid
509305,709305,Debit Card,2895.81,Paid
509306,709306,Debit Card,13912.13,Paid
509307,709307,Credit Card,1510.75,Paid
509308,709308,Credit Card,19549.61,Paid
509309,709309,Net Banking,36138.97,Paid
509310,709310,UPI,43452.69,Paid
509311,709311,Net Banking,7138.17,Paid
509312,709312,UPI,10687.99,Paid
509313,709313,UPI,7931.3,Paid
509314,709314,Net Banking,3083.17,Paid
509315,709315,COD,12328.8,Paid
509316,709316,Credit Card,8672.63,Paid
509317,709317,UPI,26663.67,Paid
509318,709318,UPI,4920.3,Paid
509319,709319,COD,44860.34,Paid
509320,709320,Credit Card,8225.48,Paid
509321,709321,COD,5598.24,Paid
509322,709322,COD,7788.78,Paid
509323,709323,UPI,4936.54,Paid
509324,709324,UPI,3594.3,Paid
509325,709325,Debit Card,88322.87,Paid
509326,709326,Credit Card,1324.05,Paid
509327,709327,COD,43501.69,Paid
509328,709328,Debit Card,1057.97,Paid
509329,709329,Credit Card,46459.23,Paid
509330,709330,Wallet,80138.14,Paid
509331,709331,Wallet,5727.91,Paid
509332,709332,UPI,1428.5,Paid
509333,709333,Credit Card,2108.68,Paid
509334,709334,Credit Card,7057.02,Paid
509335,709335,Credit Card,4387.74,Paid
509336,709336,UPI,11394.23,Paid
509337,709337,Credit Card,2818.59,Paid
509338,709338,UPI,6125.37,Paid
509339,709339,Credit Card,9505.23,Paid
509340,709340,COD,1628.73,Paid
509341,709341,Credit Card,1516.64,Paid
509342,709342,Net Banking,12102.76,Paid
509343,709343,UPI,3861.67,Paid
509344,709344,Wallet,989.59,Paid
509345,709345,COD,9508.22,Paid
509346,709346,Credit Card,18127.64,Paid
509347,709347,UPI,1689.82,Paid
509348,709348,Debit Card,127063.61,Paid
509349,709349,UPI,3208.58,Paid
509350,709350,Debit Card,3769.65,Paid
509351,709351,Net Banking,6939.67,Paid
509352,709352,COD,2780.17,Pending
509353,709353,Wallet,4229.16,Paid
509354,709354,Debit Card,16094.6,Paid
509355,709355,Credit Card,757.3,Paid
509356,709356,Wallet,4379.86,Paid
509357,709357,Credit Card,1364.98,Paid
509358,709358,COD,17415.17,Paid
509359,709359,Credit Card,68661.73,Paid
509360,709360,Net Banking,4992.75,Paid
509361,709361,Debit Card,16187.4,Paid
509362,709362,Credit Card,22424.71,Paid
509363,709363,UPI,46372.18,Paid
509364,709364,UPI,25384.18,Paid
509365,709365,Credit Card,9671.71,Paid
509366,709366,COD,8840.74,Paid
509367,709367,UPI,5352.31,Paid
509368,709368,UPI,1298.86,Paid
509369,709369,COD,1825.69,Paid
509370,709370,Net Banking,103646.14,Paid
509371,709371,Debit Card,1755.56,Paid
509372,709372,Debit Card,3652.46,Paid
509373,709373,Credit Card,1969.68,Paid
509374,709374,Debit Card,1558.64,Paid
509375,709375,UPI,1948.23,Paid
509376,709376,UPI,4161.63,Paid
509377,709377,Credit Card,37563.17,Paid
509378,709378,UPI,1195.48,Paid
509379,709379,Debit Card,1406.08,Pending
509380,709380,Net Banking,26966.16,Paid
509381,709381,COD,992.14,Paid
509382,709382,Credit Card,14813.94,Paid
509383,709383,Credit Card,10046.84,Paid
509384,709384,Credit Card,813.53,Paid
509385,709385,UPI,3273.04,Paid
509386,709386,Debit Card,1873.23,Paid
509387,709387,Credit Card,1521.01,Paid
509388,709388,UPI,12616.36,Paid
509389,709389,Credit Card,6530.24,Paid
509390,709390,Debit Card,7971.79,Paid
509391,709391,Debit Card,22388.45,Paid
509392,709392,Credit Card,33911.2,Paid
509393,709393,COD,8014.19,Paid
509394,709394,UPI,589.87,Pending
509395,709395,UPI,32364.42,Paid
509396,709396,Credit Card,1393.74,Paid
509397,709397,UPI,36298.26,Paid
509398,709398,UPI,59435.94,Paid
509399,709399,Credit Card,1497.97,Paid
509400,709400,UPI,3590.61,Paid
509401,709401,UPI,7447.12,Paid
509402,709402,Credit Card,65955.32,Paid
509403,709403,UPI,8012.22,Paid
509404,709404,UPI,22782.92,Paid
509405,709405,Credit Card,870.09,Paid
509406,709406,Debit Card,1413.46,Paid
509407,709407,Net Banking,8682.59,Paid
509408,709408,UPI,5524.25,Paid
509409,709409,UPI,26193.73,Paid
509410,709410,Credit Card,226724.02,Paid
509411,709411,Credit Card,29849.83,Paid
509412,709412,Net Banking,32523.94,Pending
509413,709413,UPI,1564.84,Paid
509414,709414,UPI,2548.68,Paid
509415,709415,Credit Card,8013.22,Paid
509416,709416,Credit Card,43917.33,Paid
509417,709417,UPI,49362.93,Failed
509418,709418,COD,3973.54,Paid
509419,709419,UPI,11527.78,Paid
509420,709420,UPI,1054.5,Paid
509421,709421,Debit Card,4357.76,Paid
509422,709422,UPI,5131.91,Paid
509423,709423,UPI,13966.45,Paid
509424,709424,UPI,2832.11,Paid
509425,709425,Wallet,13290.06,Paid
509426,709426,Credit Card,15863.7,Paid
509427,709427,Debit Card,14633.41,Pending
509428,709428,Credit Card,6128.83,Paid
509429,709429,Credit Card,135080.04,Pending
509430,709430,Credit Card,7086.42,Paid
509431,709431,UPI,8140.89,Paid
509432,709432,UPI,379.39,Paid
509433,709433,UPI,13993.84,Paid
509434,709434,Debit Card,24406.41,Paid
509435,709435,UPI,5165.14,Paid
509436,709436,UPI,16000.09,Paid
509437,709437,COD,2522.68,Paid
509438,709438,Debit Card,1795.0,Paid
509439,709439,UPI,2265.41,Paid
509440,709440,Wallet,18296.62,Paid
509441,709441,COD,10442.38,Paid
509442,709442,UPI,9317.71,Paid
509443,709443,COD,14767.33,Paid
509444,709444,Wallet,24902.23,Paid
509445,709445,COD,3947.76,Paid
509446,709446,UPI,47054.54,Paid
509447,709447,Credit Card,39041.74,Paid
509448,709448,Debit Card,5632.32,Paid
509449,709449,Debit Card,727.9,Paid
509450,709450,Credit Card,20307.37,Paid
509451,709451,UPI,5176.02,Paid
509452,709452,COD,12109.34,Paid
509453,709453,UPI,22552.35,Paid
509454,709454,UPI,4926.9,Paid
509455,709455,Credit Card,7454.91,Paid
509456,709456,Wallet,26292.68,Paid
509457,709457,Wallet,15543.48,Paid
509458,709458,UPI,4529.82,Paid
509459,709459,Debit Card,9647.32,Paid
509460,709460,Debit Card,10844.51,Paid
509461,709461,Wallet,5726.94,Paid
509462,709462,Credit Card,19525.78,Paid
509463,709463,Credit Card,8241.01,Paid
509464,709464,COD,3190.56,Paid
509465,709465,UPI,7603.49,Paid
509466,709466,UPI,21230.52,Paid
509467,709467,COD,29754.08,Paid
509468,709468,UPI,497.27,Paid
509469,709469,Debit Card,70104.37,Paid
509470,709470,Credit Card,91468.62,Pending
509471,709471,UPI,2002.31,Paid
509472,709472,Debit Card,2608.31,Paid
509473,709473,COD,6072.74,Paid
509474,709474,COD,10373.07,Paid
509475,709475,Credit Card,31304.91,Paid
509476,709476,UPI,6497.79,Paid
509477,709477,COD,4495.19,Paid
509478,709478,COD,1506.98,Paid
509479,709479,UPI,829.15,Paid
509480,709480,Net Banking,30717.05,Paid
509481,709481,Net Banking,63261.89,Paid
509482,709482,COD,37185.65,Paid
509483,709483,COD,12104.43,Paid
509484,709484,Wallet,23234.43,Paid
509485,709485,Debit Card,1527.72,Paid
509486,709486,Debit Card,6605.98,Paid
509487,709487,UPI,87957.94,Paid
509488,709488,Debit Card,11334.29,Paid
509489,709489,Debit Card,2521.76,Paid
509490,709490,COD,2540.02,Paid
509491,709491,Debit Card,10226.26,Paid
509492,709492,COD,4215.96,Paid
509493,709493,UPI,51235.01,Paid
509494,709494,Debit Card,29958.66,Paid
509495,709495,UPI,1129.69,Paid
509496,709496,UPI,14440.38,Paid
509497,709497,Credit Card,547.39,Paid
509498,709498,UPI,4533.71,Paid
509499,709499,UPI,18006.6,Paid
509500,709500,COD,30947.46,Paid
509501,709501,Credit Card,1907.62,Paid
509502,709502,COD,50356.2,Paid
509503,709503,Credit Card,9438.67,Paid
509504,709504,Credit Card,536.78,Paid
509505,709505,Wallet,45318.02,Pending
509506,709506,Wallet,30465.21,Paid
509507,709507,UPI,6966.11,Paid
509508,709508,UPI,3481.19,Paid
509509,709509,Debit Card,4453.08,Paid
509510,709510,UPI,19306.05,Paid
509511,709511,Net Banking,1805.5,Paid
509512,709512,Credit Card,3708.4,Paid
509513,709513,Credit Card,3636.7,Paid
509514,709514,Credit Card,11083.28,Paid
509515,709515,Net Banking,13893.6,Paid
509516,709516,COD,1174.21,Paid
509517,709517,Debit Card,6107.8,Paid
509518,709518,Credit Card,661.43,Paid
509519,709519,Credit Card,937.26,Paid
509520,709520,UPI,2770.57,Paid
509521,709521,Credit Card,448.8,Paid
509522,709522,Debit Card,35332.97,Paid
509523,709523,Credit Card,1412.44,Paid
509524,709524,UPI,69677.35,Pending
509525,709525,Net Banking,942.88,Paid
509526,709526,COD,21450.49,Paid
509527,709527,Credit Card,1750.18,Paid
509528,709528,COD,759.32,Paid
509529,709529,UPI,1689.82,Paid
509530,709530,UPI,11026.52,Paid
509531,709531,Debit Card,1884.53,Paid
509532,709532,Debit Card,7358.87,Paid
509533,709533,UPI,55170.34,Paid
509534,709534,Credit Card,5911.2,Failed
509535,709535,UPI,632.77,Paid
509536,709536,Debit Card,11482.63,Paid
509537,709537,Debit Card,14689.43,Paid
509538,709538,Debit Card,5499.52,Paid
509539,709539,UPI,1129.07,Paid
509540,709540,UPI,49268.44,Paid
509541,709541,Credit Card,882.85,Paid
509542,709542,UPI,4845.62,Paid
509543,709543,Credit Card,6296.83,Paid
509544,709544,UPI,12298.15,Paid
509545,709545,Credit Card,23229.62,Paid
509546,709546,Net Banking,7508.09,Paid
509547,709547,Debit Card,3493.03,Paid
509548,709548,Net Banking,410.21,Paid
509549,709549,Net Banking,14494.76,Paid
509550,709550,UPI,6552.87,Paid
509551,709551,UPI,2191.53,Paid
509552,709552,Debit Card,7749.78,Paid
509553,709553,Debit Card,1878.4,Pending
509554,709554,Credit Card,111896.21,Paid
509555,709555,Wallet,5720.56,Paid
509556,709556,Debit Card,98130.81,Pending
509557,709557,UPI,13599.07,Paid
509558,709558,Net Banking,9784.08,Pending
509559,709559,UPI,1392.19,Pending
509560,709560,UPI,104868.57,Paid
509561,709561,UPI,35416.36,Paid
509562,709562,COD,31582.88,Paid
509563,709563,Credit Card,1726.42,Paid
509564,709564,Credit Card,12571.68,Failed
509565,709565,Credit Card,3389.44,Paid
509566,709566,Wallet,728.43,Paid
509567,709567,Credit Card,26550.2,Pending
509568,709568,UPI,2666.49,Paid
509569,709569,Credit Card,1439.98,Paid
509570,709570,UPI,59059.67,Paid
509571,709571,UPI,55854.14,Paid
509572,709572,COD,2647.14,Paid
509573,709573,Credit Card,118435.42,Paid
509574,709574,COD,2708.48,Paid
509575,709575,Credit Card,45041.25,Paid
509576,709576,UPI,130095.76,Paid
509577,709577,UPI,8579.63,Paid
509578,709578,Credit Card,12313.04,Paid
509579,709579,Credit Card,12897.9,Paid
509580,709580,Credit Card,1350.99,Paid
509581,709581,Debit Card,75180.47,Paid
509582,709582,Debit Card,112833.48,Paid
509583,709583,COD,31720.26,Paid
509584,709584,Credit Card,26299.9,Paid
509585,709585,Net Banking,136999.62,Paid
509586,709586,UPI,21195.69,Paid
509587,709587,COD,868.63,Paid
509588,709588,UPI,53480.21,Paid
509589,709589,Credit Card,13922.21,Paid
509590,709590,Debit Card,974.12,Paid
509591,709591,Net Banking,6293.88,Paid
509592,709592,Credit Card,10114.9,Paid
509593,709593,UPI,314.89,Paid
509594,709594,Wallet,6741.6,Paid
509595,709595,Credit Card,13453.39,Paid
509596,709596,UPI,2809.38,Paid
509597,709597,Credit Card,7023.18,Paid
509598,709598,Credit Card,1472.05,Failed
509599,709599,Wallet,95104.02,Paid
509600,709600,COD,16455.34,Paid
509601,709601,COD,142425.37,Paid
509602,709602,Credit Card,6129.88,Paid
509603,709603,Credit Card,88666.71,Paid
509604,709604,Debit Card,8225.48,Paid
509605,709605,UPI,4498.86,Paid
509606,709606,Wallet,27244.94,Paid
509607,709607,Credit Card,4935.35,Paid
509608,709608,Credit Card,10477.03,Paid
509609,709609,UPI,807.79,Paid
509610,709610,UPI,84437.03,Paid
509611,709611,COD,5057.03,Paid
509612,709612,Debit Card,7430.22,Paid
509613,709613,UPI,6163.64,Paid
509614,709614,Net Banking,1760.45,Paid
509615,709615,COD,43577.6,Paid
509616,709616,Wallet,10096.76,Paid
509617,709617,Wallet,2946.82,Paid
509618,709618,Debit Card,26532.18,Paid
509619,709619,UPI,718.78,Paid
509620,709620,Wallet,89717.0,Paid
509621,709621,Credit Card,37764.09,Paid
509622,709622,Debit Card,5352.35,Paid
509623,709623,Net Banking,3954.95,Paid
509624,709624,UPI,6382.03,Paid
509625,709625,UPI,6784.96,Paid
509626,709626,Credit Card,35988.4,Paid
509627,709627,Debit Card,58714.96,Paid
509628,709628,UPI,41328.64,Paid
509629,709629,UPI,5429.66,Paid
509630,709630,UPI,5635.83,Paid
509631,709631,COD,4122.85,Paid
509632,709632,Credit Card,1760.24,Paid
509633,709633,Wallet,9050.05,Paid
509634,709634,UPI,20458.71,Paid
509635,709635,UPI,5224.87,Paid
509636,709636,UPI,29986.13,Paid
509637,709637,Credit Card,9078.32,Paid
509638,709638,Debit Card,25502.91,Paid
509639,709639,Debit Card,2785.47,Paid
509640,709640,UPI,122638.4,Paid
509641,709641,UPI,1569.06,Paid
509642,709642,COD,1778.84,Paid
509643,709643,UPI,14838.63,Paid
509644,709644,Debit Card,17691.26,Paid
509645,709645,UPI,824.08,Paid
509646,709646,UPI,6886.47,Paid
509647,709647,UPI,24406.41,Paid
509648,709648,Credit Card,67430.77,Paid
509649,709649,UPI,3378.24,Pending
509650,709650,Credit Card,13279.03,Paid
509651,709651,Net Banking,15537.6,Failed
509652,709652,Wallet,3765.71,Paid
509653,709653,Net Banking,22222.58,Paid
509654,709654,UPI,71753.14,Paid
509655,709655,UPI,4875.54,Paid
509656,709656,Net Banking,3287.79,Paid
509657,709657,Credit Card,994.98,Paid
509658,709658,Credit Card,22563.71,Paid
509659,709659,UPI,9350.67,Paid
509660,709660,Credit Card,26769.64,Paid
509661,709661,Credit Card,8744.14,Paid
509662,709662,UPI,29255.2,Paid
509663,709663,Credit Card,2984.88,Paid
509664,709664,UPI,12176.2,Paid
509665,709665,UPI,50776.91,Paid
509666,709666,UPI,1304.36,Paid
509667,709667,UPI,2597.41,Paid
509668,709668,UPI,16375.19,Failed
509669,709669,Credit Card,10659.21,Paid
509670,709670,COD,6882.41,Paid
509671,709671,UPI,557.1,Paid
509672,709672,UPI,22233.84,Paid
509673,709673,UPI,8359.09,Paid
509674,709674,Net Banking,2176.47,Paid
509675,709675,UPI,13994.72,Paid
509676,709676,Credit Card,12295.78,Paid
509677,709677,UPI,384.82,Paid
509678,709678,UPI,3742.39,Paid
509679,709679,Credit Card,4665.24,Paid
509680,709680,Credit Card,4708.98,Paid
509681,709681,Credit Card,1635.93,Paid
509682,709682,Debit Card,18845.84,Paid
509683,709683,Credit Card,17907.41,Paid
509684,709684,Wallet,1106.46,Paid
509685,709685,COD,2256.08,Paid
509686,709686,COD,2478.29,Paid
509687,709687,Credit Card,9338.27,Paid
509688,709688,Credit Card,2034.59,Paid
509689,709689,Wallet,1627.06,Paid
509690,709690,Net Banking,11115.67,Paid
509691,709691,Net Banking,31802.99,Paid
509692,709692,COD,7086.42,Paid
509693,709693,COD,8174.94,Failed
509694,709694,UPI,4307.08,Paid
509695,709695,COD,1027.62,Paid
509696,709696,Debit Card,25553.96,Paid
509697,709697,Credit Card,46111.44,Paid
509698,709698,Credit Card,4278.16,Paid
509699,709699,Credit Card,6051.96,Paid
509700,709700,UPI,5664.22,Paid
509701,709701,Credit Card,13211.96,Paid
509702,709702,UPI,11697.39,Paid
509703,709703,Credit Card,36005.55,Paid
509704,709704,Credit Card,953.77,Paid
509705,709705,COD,243861.72,Paid
509706,709706,Debit Card,448.82,Paid
509707,709707,Credit Card,16185.68,Paid
509708,709708,UPI,6285.86,Paid
509709,709709,UPI,1831.13,Pending
509710,709710,UPI,13246.91,Paid
509711,709711,UPI,456.17,Paid
509712,709712,Net Banking,3838.74,Paid
509713,709713,Credit Card,56407.62,Paid
509714,709714,UPI,8053.5,Paid
509715,709715,Debit Card,405.34,Paid
509716,709716,COD,4069.18,Paid
509717,709717,Credit Card,21755.68,Paid
509718,709718,Debit Card,25505.19,Pending
509719,709719,UPI,3980.43,Paid
509720,709720,UPI,40922.83,Paid
509721,709721,UPI,27585.17,Paid
509722,709722,UPI,4221.89,Failed
509723,709723,COD,1761.32,Paid
509724,709724,Debit Card,2818.28,Paid
509725,709725,UPI,335053.93,Paid
509726,709726,COD,58691.48,Pending
509727,709727,UPI,10315.33,Paid
509728,709728,Credit Card,11350.96,Paid
509729,709729,Wallet,1743.26,Paid
509730,709730,UPI,11455.27,Paid
509731,709731,Credit Card,11981.39,Paid
509732,709732,UPI,20014.48,Paid
509733,709733,Net Banking,994.98,Paid
509734,709734,UPI,9431.2,Paid
509735,709735,Credit Card,13588.8,Paid
509736,709736,UPI,104197.8,Paid
509737,709737,UPI,16310.73,Paid
509738,709738,UPI,2030.1,Paid
509739,709739,UPI,10971.42,Pending
509740,709740,COD,6288.03,Paid
509741,709741,Net Banking,3525.11,Paid
509742,709742,Credit Card,1462.39,Paid
509743,709743,UPI,13339.15,Paid
509744,709744,Credit Card,4061.7,Paid
509745,709745,Debit Card,19861.06,Paid
509746,709746,Wallet,1106.67,Paid
509747,709747,UPI,1420.83,Paid
509748,709748,Credit Card,2982.27,Paid
509749,709749,COD,5662.48,Paid
509750,709750,Net Banking,8860.29,Paid
509751,709751,UPI,3937.9,Paid
509752,709752,Credit Card,4848.59,Paid
509753,709753,Credit Card,7826.35,Paid
509754,709754,Debit Card,14081.43,Paid
509755,709755,Debit Card,1557.72,Paid
509756,709756,UPI,2876.85,Paid
509757,709757,UPI,24459.88,Paid
509758,709758,Credit Card,2837.11,Paid
509759,709759,Net Banking,12750.25,Paid
509760,709760,Credit Card,1381.14,Paid
509761,709761,Credit Card,3107.58,Pending
509762,709762,Credit Card,11014.69,Paid
509763,709763,Debit Card,1884.65,Paid
509764,709764,Debit Card,26195.39,Paid
509765,709765,Net Banking,9330.93,Paid
509766,709766,Credit Card,2604.79,Paid
509767,709767,Credit Card,20583.5,Paid
509768,709768,Debit Card,458.35,Paid
509769,709769,Credit Card,13922.25,Paid
509770,709770,Debit Card,9476.36,Paid
509771,709771,Debit Card,17095.54,Paid
509772,709772,Net Banking,35559.58,Paid
509773,709773,UPI,17807.54,Paid
509774,709774,Debit Card,999.89,Paid
509775,709775,Credit Card,4988.01,Paid
509776,709776,COD,36483.54,Paid
509777,709777,Net Banking,10607.18,Paid
509778,709778,COD,45467.4,Paid
509779,709779,Wallet,1352.29,Paid
509780,709780,Credit Card,8745.19,Paid
509781,709781,UPI,2424.6,Paid
509782,709782,COD,25925.44,Paid
509783,709783,Credit Card,10999.03,Paid
509784,709784,COD,1565.48,Paid
509785,709785,Credit Card,130792.31,Paid
509786,709786,Net Banking,31242.61,Paid
509787,709787,Credit Card,26620.89,Paid
509788,709788,Debit Card,2999.86,Paid
509789,709789,UPI,113034.99,Paid
509790,709790,UPI,30584.89,Paid
509791,709791,Credit Card,11432.43,Paid
509792,709792,UPI,5541.14,Paid
509793,709793,Credit Card,5667.15,Paid
509794,709794,Credit Card,24100.27,Paid
509795,709795,COD,11138.78,Paid
509796,709796,UPI,14424.36,Paid
509797,709797,COD,97218.14,Paid
509798,709798,COD,6534.93,Failed
509799,709799,COD,934.79,Paid
509800,709800,UPI,7349.9,Paid
509801,709801,COD,991.0,Paid
509802,709802,Net Banking,4560.43,Paid
509803,709803,Wallet,2855.73,Paid
509804,709804,UPI,17767.95,Pending
509805,709805,COD,1044.13,Paid
509806,709806,COD,69726.23,Paid
509807,709807,COD,2737.6,Paid
509808,709808,Credit Card,11658.68,Paid
509809,709809,UPI,3180.28,Paid
509810,709810,Debit Card,1230.81,Paid
509811,709811,Wallet,1234.14,Paid
509812,709812,Debit Card,57693.64,Paid
509813,709813,Net Banking,1518.64,Paid
509814,709814,Credit Card,7183.5,Paid
509815,709815,Debit Card,2367.15,Paid
509816,709816,UPI,10443.02,Paid
509817,709817,UPI,2841.66,Paid
509818,709818,COD,4843.88,Paid
509819,709819,UPI,11081.74,Paid
509820,709820,COD,67034.85,Paid
509821,709821,UPI,810.69,Paid
509822,709822,UPI,39837.1,Paid
509823,709823,Net Banking,9533.23,Paid
509824,709824,UPI,25230.27,Paid
509825,709825,Credit Card,19761.2,Paid
509826,709826,Credit Card,3549.28,Pending
509827,709827,Net Banking,11658.68,Paid
509828,709828,Debit Card,3701.22,Paid
509829,709829,COD,12774.79,Paid
509830,709830,UPI,54955.57,Paid
509831,709831,UPI,2900.99,Paid
509832,709832,Debit Card,44131.12,Failed
509833,709833,UPI,76421.72,Paid
509834,709834,UPI,15575.7,Paid
509835,709835,Net Banking,2733.83,Paid
509836,709836,UPI,2708.48,Paid
509837,709837,UPI,81842.06,Paid
509838,709838,COD,9515.38,Paid
509839,709839,Debit Card,14943.35,Paid
509840,709840,UPI,1138.77,Paid
509841,709841,Wallet,1685.3,Paid
509842,709842,Credit Card,7569.08,Paid
509843,709843,UPI,3426.5,Failed
509844,709844,UPI,2332.92,Paid
509845,709845,Credit Card,19245.96,Paid
509846,709846,Debit Card,35609.07,Paid
509847,709847,Debit Card,12443.24,Paid
509848,709848,Credit Card,2821.56,Pending
509849,709849,UPI,15946.84,Paid
509850,709850,Debit Card,6039.78,Paid
509851,709851,UPI,8397.93,Paid
509852,709852,Debit Card,4272.49,Pending
509853,709853,COD,2303.54,Paid
509854,709854,Debit Card,20983.96,Paid
509855,709855,UPI,56054.57,Paid
509856,709856,UPI,8891.46,Paid
509857,709857,Net Banking,3003.91,Paid
509858,709858,Net Banking,431.2,Paid
509859,709859,Credit Card,1736.54,Pending
509860,709860,COD,3539.95,Paid
509861,709861,UPI,1989.95,Paid
509862,709862,UPI,5176.58,Paid
509863,709863,Net Banking,9337.28,Paid
509864,709864,Debit Card,2281.69,Paid
509865,709865,Net Banking,695.77,Paid
509866,709866,Wallet,1774.64,Paid
509867,709867,COD,5531.45,Paid
509868,709868,UPI,3671.83,Paid
509869,709869,Debit Card,9958.04,Paid
509870,709870,UPI,5059.24,Failed
509871,709871,UPI,752.98,Paid
509872,709872,Credit Card,5307.01,Paid
509873,709873,Net Banking,959.25,Paid
509874,709874,Credit Card,38890.53,Paid
509875,709875,Net Banking,3289.36,Paid
509876,709876,Debit Card,24538.17,Pending
509877,709877,COD,2092.09,Failed
509878,709878,Credit Card,1126.34,Paid
509879,709879,Credit Card,3852.11,Paid
509880,709880,UPI,10687.99,Paid
509881,709881,Credit Card,1335.44,Paid
509882,709882,COD,24904.21,Paid
509883,709883,Credit Card,15893.26,Paid
509884,709884,Credit Card,2010.77,Paid
509885,709885,Wallet,8993.0,Pending
509886,709886,UPI,4896.95,Paid
509887,709887,UPI,53632.46,Paid
509888,709888,Net Banking,2585.28,Paid
509889,709889,COD,10709.15,Paid
509890,709890,Credit Card,16732.35,Paid
509891,709891,UPI,17122.51,Paid
509892,709892,UPI,5355.64,Paid
509893,709893,Debit Card,26259.37,Paid
509894,709894,UPI,8576.73,Failed
509895,709895,Debit Card,4850.41,Paid
509896,709896,Credit Card,4112.46,Paid
509897,709897,Credit Card,5097.17,Paid
509898,709898,Debit Card,12710.92,Pending
509899,709899,UPI,64302.66,Paid
509900,709900,Net Banking,14117.67,Paid
509901,709901,Credit Card,4631.2,Paid
509902,709902,UPI,9485.33,Paid
509903,709903,UPI,1509.13,Paid
509904,709904,Credit Card,23878.96,Paid
509905,709905,Credit Card,732.73,Paid
509906,709906,UPI,11066.28,Paid
509907,709907,UPI,19163.63,Failed
509908,709908,Wallet,11763.82,Paid
509909,709909,UPI,7349.18,Paid
509910,709910,UPI,7928.75,Paid
509911,709911,COD,3429.04,Paid
509912,709912,Debit Card,7830.82,Paid
509913,709913,UPI,8785.52,Pending
509914,709914,Wallet,933.96,Paid
509915,709915,Credit Card,5680.47,Paid
509916,709916,Net Banking,14193.75,Paid
509917,709917,UPI,6320.79,Paid
509918,709918,COD,7909.61,Paid
509919,709919,UPI,9205.8,Paid
509920,709920,Net Banking,3191.3,Pending
509921,709921,UPI,40200.97,Paid
509922,709922,UPI,38548.58,Paid
509923,709923,COD,1183.96,Paid
509924,709924,Debit Card,2281.73,Paid
509925,709925,UPI,856.35,Failed
509926,709926,Wallet,5669.17,Paid
509927,709927,COD,2038.87,Paid
509928,709928,Net Banking,25974.77,Failed
509929,709929,Debit Card,13775.91,Paid
509930,709930,UPI,6744.75,Paid
509931,709931,Debit Card,57495.44,Paid
509932,709932,UPI,3649.75,Paid
509933,709933,UPI,17546.43,Paid
509934,709934,UPI,13908.32,Paid
509935,709935,Credit Card,29073.77,Paid
509936,709936,Net Banking,2074.85,Paid
509937,709937,UPI,803.87,Paid
509938,709938,Net Banking,15635.22,Paid
509939,709939,Credit Card,152431.17,Paid
509940,709940,UPI,2032.78,Paid
509941,709941,COD,41015.19,Paid
509942,709942,Debit Card,2921.97,Pending
509943,709943,COD,1854.14,Paid
509944,709944,Debit Card,923.58,Paid
509945,709945,Credit Card,894.64,Paid
509946,709946,Net Banking,1529.32,Failed
509947,709947,UPI,24960.01,Pending
509948,709948,UPI,3949.38,Paid
509949,709949,COD,401.56,Paid
509950,709950,UPI,13574.51,Paid
509951,709951,UPI,7372.59,Paid
509952,709952,Net Banking,243.11,Paid
509953,709953,UPI,3789.3,Paid
509954,709954,Debit Card,3210.09,Paid
509955,709955,Credit Card,22213.03,Paid
509956,709956,Debit Card,1492.52,Paid
509957,709957,UPI,9708.03,Paid
509958,709958,UPI,372.91,Paid
509959,709959,UPI,10563.12,Paid
509960,709960,Debit Card,718.78,Paid
509961,709961,UPI,37494.38,Paid
509962,709962,UPI,18135.67,Failed
509963,709963,COD,36573.15,Paid
509964,709964,Net Banking,337.23,Paid
509965,709965,UPI,2944.09,Paid
509966,709966,Credit Card,43921.79,Paid
509967,709967,Debit Card,14400.08,Paid
509968,709968,Credit Card,3649.75,Pending
509969,709969,Wallet,2355.66,Paid
509970,709970,Wallet,61634.1,Paid
509971,709971,Credit Card,7787.34,Paid
509972,709972,Credit Card,7898.76,Paid
509973,709973,Net Banking,13866.42,Paid
509974,709974,UPI,41458.46,Paid
509975,709975,Debit Card,8468.08,Paid
509976,709976,Credit Card,12623.87,Paid
509977,709977,Debit Card,2507.81,Paid
509978,709978,Wallet,792.8,Paid
509979,709979,UPI,5037.46,Paid
509980,709980,Net Banking,4244.27,Paid
509981,709981,Net Banking,609.97,Paid
509982,709982,Credit Card,106054.07,Paid
509983,709983,UPI,41481.69,Paid
509984,709984,Net Banking,13395.78,Failed
509985,709985,Credit Card,4326.64,Paid
509986,709986,UPI,2146.49,Paid
509987,709987,Debit Card,11590.02,Paid
509988,709988,Credit Card,20137.89,Paid
509989,709989,Credit Card,11070.24,Paid
509990,709990,Debit Card,1235.5,Paid
509991,709991,Net Banking,871.63,Paid
509992,709992,UPI,17649.63,Paid
509993,709993,Net Banking,797.87,Paid
509994,709994,UPI,3620.77,Paid
509995,709995,Credit Card,16468.71,Paid
509996,709996,UPI,3414.97,Paid
509997,709997,Credit Card,22660.29,Paid
509998,709998,UPI,12718.71,Paid
509999,709999,Credit Card,12250.74,Paid
510000,710000,Debit Card,2343.56,Paid
510001,710001,COD,9806.55,Paid
510002,710002,UPI,5008.71,Paid
510003,710003,Debit Card,35107.59,Paid
510004,710004,Debit Card,1586.83,Paid
510005,710005,COD,7447.12,Paid
510006,710006,Credit Card,3654.84,Paid
510007,710007,Debit Card,7743.07,Paid
510008,710008,Credit Card,44836.65,Paid
510009,710009,Wallet,5901.75,Paid
510010,710010,UPI,4281.21,Paid
510011,710011,COD,4978.32,Paid
510012,710012,Credit Card,1109.72,Paid
510013,710013,Debit Card,4368.1,Paid
510014,710014,Credit Card,6115.47,Paid
510015,710015,Credit Card,5823.02,Paid
510016,710016,Debit Card,5557.35,Paid
510017,710017,UPI,69681.33,Pending
510018,710018,UPI,26133.32,Paid
510019,710019,COD,472.42,Paid
510020,710020,Credit Card,6730.5,Paid
510021,710021,UPI,3708.46,Paid
510022,710022,UPI,7142.06,Paid
510023,710023,COD,1643.54,Paid
510024,710024,UPI,5870.05,Paid
510025,710025,COD,13647.72,Paid
510026,710026,UPI,11731.78,Paid
510027,710027,UPI,826.99,Paid
510028,710028,UPI,14997.81,Paid
510029,710029,Debit Card,3654.84,Paid
510030,710030,COD,8470.58,Paid
510031,710031,UPI,76280.98,Paid
510032,710032,Debit Card,16025.9,Pending
510033,710033,Credit Card,5313.72,Paid
510034,710034,UPI,31965.5,Paid
510035,710035,Credit Card,2302.04,Paid
510036,710036,UPI,2457.35,Paid
510037,710037,Credit Card,186546.05,Paid
510038,710038,Credit Card,343.86,Paid
510039,710039,Net Banking,648.09,Paid
510040,710040,Credit Card,74385.2,Paid
510041,710041,Credit Card,462.28,Paid
510042,710042,Net Banking,7098.81,Paid
510043,710043,COD,11658.68,Paid
510044,710044,COD,5600.03,Paid
510045,710045,Net Banking,55297.88,Paid
510046,710046,UPI,275.35,Paid
510047,710047,Credit Card,3504.53,Paid
510048,710048,COD,62045.42,Paid
510049,710049,UPI,11792.24,Paid
510050,710050,Net Banking,2913.22,Paid
510051,710051,Credit Card,1312.64,Paid
510052,710052,Wallet,9260.53,Paid
510053,710053,COD,24701.5,Paid
510054,710054,Wallet,11835.26,Paid
510055,710055,Net Banking,62182.02,Paid
510056,710056,Credit Card,6748.57,Failed
510057,710057,UPI,5008.95,Paid
510058,710058,UPI,41372.71,Paid
510059,710059,Net Banking,198825.22,Failed
510060,710060,Debit Card,39591.58,Paid
510061,710061,UPI,2709.5,Paid
510062,710062,Credit Card,24760.68,Paid
510063,710063,Debit Card,14081.17,Paid
510064,710064,Credit Card,37784.25,Failed
510065,710065,UPI,15919.96,Paid
510066,710066,UPI,609.97,Paid
510067,710067,UPI,2643.76,Paid
510068,710068,Credit Card,22356.21,Paid
510069,710069,Debit Card,56172.63,Paid
510070,710070,Debit Card,4929.39,Pending
510071,710071,Credit Card,1472.05,Paid
510072,710072,Credit Card,68601.18,Paid
510073,710073,Net Banking,2373.42,Paid
510074,710074,Credit Card,1779.51,Paid
510075,710075,UPI,4903.28,Paid
510076,710076,Debit Card,9692.64,Paid
510077,710077,Debit Card,16748.28,Paid
510078,710078,COD,2095.6,Paid
510079,710079,Debit Card,53072.67,Paid
510080,710080,COD,481.52,Paid
510081,710081,Net Banking,3154.91,Paid
510082,710082,UPI,1174.21,Paid
510083,710083,Debit Card,19987.21,Paid
510084,710084,Credit Card,21408.34,Paid
510085,710085,UPI,24300.04,Paid
510086,710086,UPI,7797.73,Paid
510087,710087,Debit Card,19384.94,Paid
510088,710088,COD,447.54,Paid
510089,710089,Wallet,106361.71,Paid
510090,710090,UPI,6144.2,Paid
510091,710091,Wallet,6498.25,Paid
510092,710092,Debit Card,27283.39,Paid
510093,710093,UPI,1056.79,Paid
510094,710094,Net Banking,2498.79,Paid
510095,710095,Credit Card,3560.09,Paid
510096,710096,UPI,1005.01,Paid
510097,710097,UPI,8430.16,Paid
510098,710098,UPI,225.26,Paid
510099,710099,Debit Card,965.14,Paid
510100,710100,UPI,1901.91,Paid
510101,710101,COD,993.5,Paid
510102,710102,COD,70646.87,Paid
510103,710103,UPI,2331.12,Paid
510104,710104,UPI,1898.1,Paid
510105,710105,COD,3963.23,Paid
510106,710106,Credit Card,26205.14,Paid
510107,710107,Credit Card,4598.04,Paid
510108,710108,Credit Card,185722.92,Paid
510109,710109,Debit Card,45320.58,Paid
510110,710110,Wallet,26510.31,Paid
510111,710111,UPI,386.85,Paid
510112,710112,UPI,3585.93,Paid
510113,710113,Net Banking,4399.64,Paid
510114,710114,UPI,2701.38,Paid
510115,710115,Credit Card,2555.96,Paid
510116,710116,Debit Card,2552.07,Paid
510117,710117,Net Banking,2550.85,Paid
510118,710118,Debit Card,55211.26,Paid
510119,710119,Credit Card,13339.0,Paid
510120,710120,Credit Card,1039.27,Paid
510121,710121,Debit Card,1905.31,Paid
510122,710122,Debit Card,8793.0,Paid
510123,710123,UPI,2912.97,Paid
510124,710124,COD,43372.64,Paid
510125,710125,UPI,10893.99,Paid
510126,710126,Debit Card,2108.46,Pending
510127,710127,UPI,10681.88,Paid
510128,710128,Debit Card,39879.05,Paid
510129,710129,UPI,5281.33,Paid
510130,710130,Net Banking,8091.5,Paid
510131,710131,UPI,17013.59,Paid
510132,710132,COD,384.12,Paid
510133,710133,Credit Card,4480.57,Paid
510134,710134,UPI,32685.88,Paid
510135,710135,UPI,5238.23,Paid
510136,710136,Debit Card,9488.19,Paid
510137,710137,Debit Card,5859.38,Paid
510138,710138,Debit Card,7860.04,Paid
510139,710139,UPI,3575.91,Pending
510140,710140,UPI,2756.6,Paid
510141,710141,Net Banking,2256.08,Paid
510142,710142,UPI,21830.93,Paid
510143,710143,Debit Card,7074.04,Paid
510144,710144,UPI,2276.61,Paid
510145,710145,COD,554.86,Paid
510146,710146,Wallet,20021.63,Paid
510147,710147,COD,5919.85,Paid
510148,710148,COD,3852.66,Paid
510149,710149,COD,13745.0,Paid
510150,710150,Net Banking,11431.79,Failed
510151,710151,Credit Card,30623.05,Paid
510152,710152,Credit Card,14962.31,Pending
510153,710153,COD,448.8,Paid
510154,710154,Credit Card,5209.33,Paid
510155,710155,Debit Card,101423.01,Paid
510156,710156,Debit Card,4959.66,Paid
510157,710157,Wallet,15563.85,Paid
510158,710158,COD,7078.43,Paid
510159,710159,Debit Card,2309.08,Paid
510160,710160,UPI,14467.54,Paid
510161,710161,Debit Card,75908.31,Paid
510162,710162,Debit Card,22978.29,Paid
510163,710163,COD,13113.82,Paid
510164,710164,Debit Card,1141.96,Paid
510165,710165,COD,1243.07,Paid
510166,710166,COD,1315.3,Paid
510167,710167,COD,2441.65,Paid
510168,710168,UPI,125298.44,Paid
510169,710169,UPI,7717.18,Paid
510170,710170,COD,23200.29,Paid
510171,710171,UPI,3316.59,Paid
510172,710172,UPI,1719.93,Paid
510173,710173,COD,10725.5,Paid
510174,710174,UPI,1144.02,Paid
510175,710175,COD,6213.23,Paid
510176,710176,UPI,1627.67,Paid
510177,710177,Credit Card,33788.46,Paid
510178,710178,Debit Card,10335.71,Paid
510179,710179,Net Banking,513.44,Paid
510180,710180,UPI,15043.18,Paid
510181,710181,UPI,2499.83,Paid
510182,710182,Credit Card,14884.56,Paid
510183,710183,Debit Card,4935.64,Paid
510184,710184,COD,21477.24,Paid
510185,710185,COD,3827.38,Paid
510186,710186,UPI,60049.84,Paid
510187,710187,Credit Card,1874.14,Pending
510188,710188,UPI,3525.11,Paid
510189,710189,Credit Card,12640.82,Paid
510190,710190,Debit Card,5840.3,Paid
510191,710191,COD,31663.44,Paid
510192,710192,UPI,3107.58,Paid
510193,710193,Credit Card,4599.86,Paid
510194,710194,Net Banking,20622.06,Paid
510195,710195,UPI,66137.67,Paid
510196,710196,UPI,16800.79,Paid
510197,710197,Credit Card,11303.35,Paid
510198,710198,UPI,10373.07,Paid
510199,710199,UPI,8049.24,Paid
510200,710200,Credit Card,25899.74,Paid
510201,710201,COD,2026.24,Paid
510202,710202,UPI,780.89,Paid
510203,710203,Credit Card,8096.83,Paid
510204,710204,Net Banking,14254.94,Paid
510205,710205,Debit Card,50744.51,Pending
510206,710206,Net Banking,10789.64,Paid
510207,710207,UPI,30028.14,Paid
510208,710208,COD,8225.48,Paid
510209,710209,UPI,15714.28,Paid
510210,710210,UPI,29565.88,Paid
510211,710211,COD,3208.58,Paid
510212,710212,COD,5022.54,Paid
510213,710213,UPI,1114.82,Paid
510214,710214,Credit Card,7181.41,Paid
510215,710215,Net Banking,1058.34,Paid
510216,710216,Credit Card,2074.85,Paid
510217,710217,Wallet,642.26,Failed
510218,710218,UPI,616.04,Paid
510219,710219,Credit Card,568.36,Paid
510220,710220,Net Banking,13716.68,Pending
510221,710221,COD,5082.83,Paid
510222,710222,Credit Card,18405.83,Paid
510223,710223,COD,36074.47,Paid
510224,710224,COD,1772.71,Paid
510225,710225,Credit Card,3623.12,Paid
510226,710226,UPI,678.84,Paid
510227,710227,Wallet,64618.9,Paid
510228,710228,Debit Card,8908.2,Paid
510229,710229,COD,1047.53,Paid
510230,710230,Debit Card,35138.83,Paid
510231,710231,COD,494.45,Paid
510232,710232,Debit Card,25991.63,Paid
510233,710233,Credit Card,31314.57,Paid
510234,710234,Credit Card,38179.76,Paid
510235,710235,Debit Card,994.98,Paid
510236,710236,UPI,290.64,Paid
510237,710237,Credit Card,31193.22,Paid
510238,710238,Credit Card,14437.3,Paid
510239,710239,UPI,7400.68,Paid
510240,710240,Credit Card,3408.64,Paid
510241,710241,UPI,406.71,Paid
510242,710242,UPI,792.8,Paid
510243,710243,COD,15930.25,Paid
510244,710244,UPI,1511.58,Paid
510245,710245,Credit Card,25647.8,Paid
510246,710246,UPI,12109.34,Paid
510247,710247,COD,454.91,Pending
510248,710248,Net Banking,32107.98,Paid
510249,710249,COD,9374.91,Paid
510250,710250,COD,591.32,Paid
510251,710251,Credit Card,64317.47,Paid
510252,710252,Credit Card,16228.65,Paid
510253,710253,Debit Card,92842.39,Paid
510254,710254,Debit Card,21417.7,Paid
510255,710255,Credit Card,8761.32,Paid
510256,710256,Debit Card,644.74,Paid
510257,710257,Credit Card,1014.76,Paid
510258,710258,Credit Card,600.68,Paid
510259,710259,Credit Card,4494.75,Paid
510260,710260,COD,3873.57,Paid
510261,710261,Wallet,7760.66,Paid
510262,710262,Credit Card,1039.43,Paid
510263,710263,Credit Card,32056.96,Pending
510264,710264,COD,25261.75,Paid
510265,710265,Credit Card,1582.79,Paid
510266,710266,UPI,9329.09,Paid
510267,710267,COD,619.87,Failed
510268,710268,UPI,15957.69,Paid
510269,710269,Credit Card,10428.44,Paid
510270,710270,Credit Card,5303.59,Paid
510271,710271,UPI,26979.0,Paid
510272,710272,Credit Card,5500.74,Paid
510273,710273,Credit Card,9933.86,Failed
510274,710274,Debit Card,7123.14,Paid
510275,710275,Credit Card,56407.62,Pending
510276,710276,Net Banking,2730.16,Paid
510277,710277,UPI,4314.14,Paid
510278,710278,Wallet,2712.32,Paid
510279,710279,Net Banking,8614.27,Failed
510280,710280,UPI,1892.8,Paid
510281,710281,Debit Card,17417.64,Paid
510282,710282,COD,7783.4,Paid
510283,710283,UPI,12907.55,Failed
510284,710284,UPI,448.8,Paid
510285,710285,Credit Card,24616.39,Paid
510286,710286,UPI,28760.88,Paid
510287,710287,UPI,1011.91,Paid
510288,710288,UPI,10563.93,Paid
510289,710289,Net Banking,54774.73,Paid
510290,710290,UPI,25360.99,Paid
510291,710291,COD,90956.82,Paid
510292,710292,Debit Card,8226.04,Paid
510293,710293,Net Banking,3310.74,Paid
510294,710294,Debit Card,25582.95,Paid
510295,710295,Credit Card,56409.28,Paid
510296,710296,Credit Card,22939.92,Paid
510297,710297,Debit Card,851.9,Paid
510298,710298,Debit Card,49231.92,Failed
510299,710299,UPI,6702.2,Failed
510300,710300,UPI,11330.88,Paid
510301,710301,Credit Card,831.7,Paid
510302,710302,UPI,7538.86,Paid
510303,710303,Net Banking,5870.29,Paid
510304,710304,UPI,102810.86,Paid
510305,710305,UPI,1039.27,Paid
510306,710306,Wallet,6109.89,Paid
510307,710307,Credit Card,49633.21,Paid
510308,710308,COD,5132.11,Paid
510309,710309,Debit Card,18106.58,Paid
510310,710310,UPI,52932.68,Paid
510311,710311,UPI,1492.23,Paid
510312,710312,Credit Card,24846.33,Paid
510313,710313,UPI,45797.65,Paid
510314,710314,Debit Card,473.63,Paid
510315,710315,COD,130092.96,Paid
510316,710316,Net Banking,4794.7,Paid
510317,710317,Debit Card,13620.17,Paid
510318,710318,UPI,11081.74,Paid
510319,710319,COD,2672.42,Paid
510320,710320,Credit Card,2003.14,Paid
510321,710321,UPI,25403.66,Paid
510322,710322,Debit Card,5519.88,Paid
510323,710323,Credit Card,25915.8,Paid
510324,710324,Credit Card,5290.58,Pending
510325,710325,UPI,4168.79,Pending
510326,710326,UPI,7006.62,Paid
510327,710327,Net Banking,21557.59,Paid
510328,710328,COD,46164.67,Paid
510329,710329,COD,11423.91,Paid
510330,710330,UPI,596.63,Paid
510331,710331,UPI,439.51,Paid
510332,710332,Debit Card,2441.65,Paid
510333,710333,Net Banking,11790.06,Failed
510334,710334,Credit Card,16500.83,Paid
510335,710335,Credit Card,1341.95,Paid
510336,710336,Credit Card,39050.26,Paid
510337,710337,UPI,660.98,Paid
510338,710338,Debit Card,1686.17,Paid
510339,710339,Wallet,974.12,Paid
510340,710340,Credit Card,470.72,Paid
510341,710341,UPI,1643.54,Paid
510342,710342,Debit Card,24406.41,Paid
510343,710343,COD,8815.26,Paid
510344,710344,Debit Card,8410.09,Paid
510345,710345,COD,13538.43,Paid
510346,710346,Credit Card,5892.88,Paid
510347,710347,Net Banking,5848.95,Paid
510348,710348,UPI,21899.12,Paid
510349,710349,UPI,22369.76,Paid
510350,710350,COD,6488.76,Paid
510351,710351,Debit Card,65260.32,Paid
510352,710352,Wallet,33473.34,Paid
510353,710353,COD,8567.01,Paid
510354,710354,COD,6694.49,Pending
510355,710355,Debit Card,472.44,Paid
510356,710356,UPI,60774.31,Paid
510357,710357,COD,1136.83,Paid
510358,710358,UPI,284.3,Paid
510359,710359,UPI,12050.08,Paid
510360,710360,Net Banking,12800.77,Paid
510361,710361,COD,25964.48,Paid
510362,710362,Credit Card,6830.55,Paid
510363,710363,UPI,55756.02,Paid
510364,710364,UPI,67464.65,Paid
510365,710365,Debit Card,2811.34,Paid
510366,710366,Credit Card,2436.07,Paid
510367,710367,Credit Card,13907.15,Paid
510368,710368,Wallet,2532.65,Paid
510369,710369,COD,1872.46,Paid
510370,710370,Debit Card,4435.9,Paid
510371,710371,UPI,6677.87,Paid
510372,710372,Credit Card,995.05,Paid
510373,710373,UPI,6751.58,Paid
510374,710374,Credit Card,39698.66,Paid
510375,710375,UPI,1960.44,Paid
510376,710376,Debit Card,44768.39,Paid
510377,710377,UPI,751.46,Paid
510378,710378,Net Banking,6756.48,Paid
510379,710379,COD,22749.84,Pending
510380,710380,Net Banking,743.25,Paid
510381,710381,Credit Card,1277.98,Paid
510382,710382,UPI,10838.02,Paid
510383,710383,Credit Card,199725.0,Paid
510384,710384,Credit Card,3104.59,Paid
510385,710385,UPI,43921.79,Paid
510386,710386,Debit Card,8505.2,Paid
510387,710387,Credit Card,12000.07,Paid
510388,710388,UPI,53377.34,Paid
510389,710389,Credit Card,2841.8,Paid
510390,710390,UPI,1102.66,Pending
510391,710391,Credit Card,1050.25,Paid
510392,710392,Credit Card,1685.21,Paid
510393,710393,COD,14514.41,Paid
510394,710394,COD,64399.96,Failed
510395,710395,Debit Card,28761.99,Paid
510396,710396,UPI,83841.57,Paid
510397,710397,UPI,20451.68,Paid
510398,710398,Credit Card,4507.14,Paid
510399,710399,Debit Card,1714.29,Paid
510400,710400,Wallet,1594.31,Paid
510401,710401,UPI,9275.53,Paid
510402,710402,UPI,1156.86,Failed
510403,710403,UPI,7734.49,Paid
510404,710404,Credit Card,36553.21,Failed
510405,710405,UPI,3048.15,Paid
510406,710406,Net Banking,13238.13,Paid
510407,710407,UPI,20921.08,Paid
510408,710408,COD,2701.38,Paid
510409,710409,Credit Card,15654.35,Paid
510410,710410,UPI,17753.17,Paid
510411,710411,UPI,1578.78,Paid
510412,710412,UPI,555.49,Paid
510413,710413,Wallet,33431.52,Paid
510414,710414,UPI,14282.19,Paid
510415,710415,UPI,5472.21,Paid
510416,710416,UPI,6914.97,Paid
510417,710417,COD,622.64,Paid
510418,710418,UPI,157550.36,Paid
510419,710419,Net Banking,20488.43,Paid
510420,710420,Wallet,11205.78,Failed
510421,710421,UPI,719.25,Paid
510422,710422,Credit Card,3434.66,Paid
510423,710423,COD,1011.91,Paid
510424,710424,UPI,30947.46,Paid
510425,710425,COD,28988.23,Paid
510426,710426,UPI,2131.13,Paid
510427,710427,UPI,13252.99,Paid
510428,710428,Credit Card,5219.55,Paid
510429,710429,UPI,591.79,Paid
510430,710430,UPI,6512.83,Paid
510431,710431,UPI,2464.81,Paid
510432,710432,UPI,4037.19,Paid
510433,710433,COD,16949.79,Paid
510434,710434,Credit Card,65205.79,Paid
510435,710435,UPI,5223.8,Failed
510436,710436,Credit Card,3851.2,Paid
510437,710437,Net Banking,28920.66,Paid
510438,710438,Debit Card,5887.46,Paid
510439,710439,COD,2922.88,Paid
510440,710440,UPI,529.34,Paid
510441,710441,Credit Card,989.1,Paid
510442,710442,Debit Card,32854.85,Paid
510443,710443,Credit Card,62830.3,Paid
510444,710444,Net Banking,84809.02,Paid
510445,710445,Credit Card,655.41,Paid
510446,710446,UPI,22818.12,Failed
510447,710447,Credit Card,942.88,Pending
510448,710448,UPI,35192.69,Paid
510449,710449,UPI,5667.15,Paid
510450,710450,Debit Card,8306.3,Paid
510451,710451,Debit Card,22563.71,Paid
510452,710452,Debit Card,14880.87,Paid
510453,710453,COD,13034.9,Paid
510454,710454,UPI,7333.43,Paid
510455,710455,Credit Card,1154.92,Paid
510456,710456,UPI,110545.81,Failed
510457,710457,Credit Card,12889.62,Paid
510458,710458,COD,24902.23,Pending
510459,710459,UPI,38837.67,Paid
510460,710460,Net Banking,1560.18,Paid
510461,710461,UPI,13879.61,Paid
510462,710462,Credit Card,1351.86,Paid
510463,710463,UPI,6233.78,Paid
510464,710464,UPI,41640.15,Paid
510465,710465,UPI,37284.71,Pending
510466,710466,Credit Card,13176.14,Paid
510467,710467,Credit Card,30015.5,Paid
510468,710468,Debit Card,3083.65,Paid
510469,710469,UPI,4357.76,Paid
510470,710470,Net Banking,3661.63,Paid
510471,710471,Debit Card,2246.55,Paid
510472,710472,UPI,36777.42,Paid
510473,710473,Debit Card,1058.34,Paid
510474,710474,Credit Card,1515.77,Paid
510475,710475,Debit Card,7538.86,Paid
510476,710476,Credit Card,4629.26,Paid
510477,710477,Debit Card,7512.14,Paid
510478,710478,Credit Card,1003.97,Paid
510479,710479,Credit Card,2538.42,Paid
510480,710480,Credit Card,14134.53,Paid
510481,710481,UPI,53912.2,Paid
510482,710482,Net Banking,30732.64,Paid
510483,710483,Net Banking,5046.54,Paid
510484,710484,UPI,13610.31,Paid
510485,710485,UPI,38740.9,Paid
510486,710486,UPI,2033.51,Paid
510487,710487,UPI,29278.22,Paid
510488,710488,Credit Card,10879.89,Paid
510489,710489,Wallet,11701.73,Paid
510490,710490,UPI,10016.15,Paid
510491,710491,Wallet,5422.98,Paid
510492,710492,Credit Card,7705.83,Paid
510493,710493,Credit Card,14360.29,Paid
510494,710494,Debit Card,60806.22,Paid
510495,710495,Debit Card,39655.55,Paid
510496,710496,UPI,7811.35,Paid
510497,710497,UPI,406.71,Paid
510498,710498,UPI,265.01,Paid
510499,710499,Net Banking,8000.34,Paid
510500,710500,Credit Card,7333.43,Paid
510501,710501,Net Banking,507.31,Paid
510502,710502,Wallet,57927.03,Paid
510503,710503,Credit Card,6994.57,Paid
510504,710504,UPI,53725.96,Paid
510505,710505,Debit Card,286.47,Paid
510506,710506,UPI,10569.45,Paid
510507,710507,UPI,2766.82,Pending
510508,710508,UPI,4579.26,Paid
510509,710509,Wallet,9823.79,Paid
510510,710510,COD,72742.27,Paid
510511,710511,UPI,217.52,Paid
510512,710512,Credit Card,2900.99,Paid
510513,710513,UPI,90188.92,Paid
510514,710514,Credit Card,10212.18,Paid
510515,710515,UPI,5892.48,Paid
510516,710516,UPI,20638.95,Paid
510517,710517,UPI,38865.13,Paid
510518,710518,Wallet,12062.79,Paid
510519,710519,UPI,913.14,Paid
510520,710520,Debit Card,8692.69,Pending
510521,710521,UPI,1005.42,Pending
510522,710522,Credit Card,13186.62,Paid
510523,710523,UPI,10589.44,Paid
510524,710524,Credit Card,1994.57,Paid
510525,710525,Credit Card,1700.66,Paid
510526,710526,COD,8092.32,Paid
510527,710527,UPI,13181.4,Pending
510528,710528,COD,13400.56,Paid
510529,710529,COD,4671.19,Paid
510530,710530,UPI,2128.67,Paid
510531,710531,Credit Card,754.38,Paid
510532,710532,Debit Card,48890.68,Paid
510533,710533,Credit Card,42338.38,Paid
510534,710534,Credit Card,1821.08,Paid
510535,710535,COD,17030.81,Paid
510536,710536,COD,5948.94,Paid
510537,710537,UPI,2192.16,Paid
510538,710538,COD,21225.74,Paid
510539,710539,Credit Card,27718.64,Paid
510540,710540,UPI,88986.12,Paid
510541,710541,Credit Card,8741.43,Paid
510542,710542,Debit Card,1404.34,Paid
510543,710543,UPI,3723.56,Paid
510544,710544,Debit Card,21875.72,Paid
510545,710545,UPI,30985.01,Paid
510546,710546,UPI,5995.4,Paid
510547,710547,UPI,29066.44,Paid
510548,710548,COD,32523.94,Paid
510549,710549,COD,23577.38,Paid
510550,710550,Credit Card,15139.26,Paid
510551,710551,UPI,31858.31,Paid
510552,710552,UPI,1026.87,Paid
510553,710553,COD,1333.54,Paid
510554,710554,UPI,86281.31,Paid
510555,710555,Credit Card,1056.79,Paid
510556,710556,Credit Card,1364.73,Pending
510557,710557,UPI,12161.16,Paid
510558,710558,Debit Card,26247.72,Paid
510559,710559,COD,62649.22,Paid
510560,710560,Credit Card,45488.45,Paid
510561,710561,Net Banking,13074.07,Paid
510562,710562,Credit Card,2747.96,Paid
510563,710563,UPI,994.09,Paid
510564,710564,Credit Card,1315.3,Paid
510565,710565,COD,45252.64,Paid
510566,710566,UPI,7376.6,Paid
510567,710567,Credit Card,670.39,Paid
510568,710568,UPI,1415.55,Paid
510569,710569,Debit Card,4217.88,Paid
510570,710570,COD,4564.22,Failed
510571,710571,UPI,97603.98,Paid
510572,710572,Debit Card,21317.41,Paid
510573,710573,Debit Card,3396.92,Paid
510574,710574,Net Banking,29653.91,Paid
510575,710575,Credit Card,27508.86,Paid
510576,710576,Credit Card,20795.64,Paid
510577,710577,Debit Card,8181.63,Paid
510578,710578,UPI,26532.18,Paid
510579,710579,Debit Card,3920.61,Paid
510580,710580,UPI,3373.85,Paid
510581,710581,Net Banking,22000.29,Paid
510582,710582,UPI,2922.35,Paid
510583,710583,UPI,36180.59,Paid
510584,710584,COD,9373.92,Paid
510585,710585,Debit Card,53966.05,Paid
510586,710586,Wallet,6633.19,Paid
510587,710587,UPI,21429.29,Paid
510588,710588,UPI,2370.74,Paid
510589,710589,UPI,6669.79,Paid
510590,710590,Credit Card,986.13,Paid
510591,710591,Debit Card,944.39,Paid
510592,710592,UPI,4895.43,Paid
510593,710593,UPI,4619.21,Paid
510594,710594,UPI,18689.91,Paid
510595,710595,UPI,6670.15,Paid
510596,710596,UPI,492.1,Failed
510597,710597,UPI,10499.4,Paid
510598,710598,COD,7768.51,Paid
510599,710599,Debit Card,12122.57,Failed
510600,710600,UPI,28880.78,Paid
510601,710601,Credit Card,3481.19,Paid
510602,710602,COD,1538.28,Paid
510603,710603,Debit Card,28611.29,Paid
510604,710604,Credit Card,11703.66,Paid
510605,710605,Credit Card,16020.09,Paid
510606,710606,Debit Card,2342.8,Paid
510607,710607,UPI,11711.29,Paid
510608,710608,COD,32072.59,Paid
510609,710609,COD,131893.1,Paid
510610,710610,Debit Card,14850.01,Paid
510611,710611,Wallet,2855.73,Paid
510612,710612,COD,65636.57,Paid
510613,710613,COD,4604.42,Paid
510614,710614,Net Banking,36424.12,Paid
510615,710615,Credit Card,27795.71,Paid
510616,710616,Debit Card,3617.74,Pending
510617,710617,Net Banking,1705.19,Paid
510618,710618,UPI,9126.74,Paid
510619,710619,Debit Card,22660.29,Paid
510620,710620,COD,994.54,Paid
510621,710621,Debit Card,51823.07,Paid
510622,710622,Net Banking,6090.89,Paid
510623,710623,UPI,3369.99,Failed
510624,710624,UPI,608.21,Paid
510625,710625,COD,54255.12,Paid
510626,710626,Credit Card,1490.82,Paid
510627,710627,UPI,4168.08,Paid
510628,710628,UPI,11933.52,Paid
510629,710629,Credit Card,1903.9,Paid
510630,710630,Credit Card,14400.08,Paid
510631,710631,Debit Card,809.37,Paid
510632,710632,UPI,13561.9,Paid
510633,710633,Debit Card,1349.79,Paid
510634,710634,Credit Card,5419.01,Paid
510635,710635,COD,56198.94,Paid
510636,710636,UPI,9643.13,Paid
510637,710637,Credit Card,8682.59,Paid
510638,710638,UPI,2701.38,Paid
510639,710639,COD,12405.46,Paid
510640,710640,UPI,12410.96,Paid
510641,710641,UPI,1190.88,Paid
510642,710642,Credit Card,12505.46,Paid
510643,710643,Credit Card,12990.97,Paid
510644,710644,UPI,9148.43,Paid
510645,710645,UPI,5102.86,Paid
510646,710646,Debit Card,4929.39,Pending
510647,710647,Net Banking,11776.96,Paid
510648,710648,Credit Card,551.19,Paid
510649,710649,COD,40172.37,Paid
510650,710650,COD,27352.91,Paid
510651,710651,COD,29047.89,Paid
510652,710652,Net Banking,31649.24,Paid
510653,710653,COD,8004.74,Paid
510654,710654,COD,856.35,Paid
510655,710655,COD,15372.96,Paid
510656,710656,Credit Card,6582.47,Paid
510657,710657,UPI,5898.76,Paid
510658,710658,Wallet,5823.02,Paid
510659,710659,Credit Card,7760.66,Paid
510660,710660,UPI,11835.26,Paid
510661,710661,Debit Card,7784.66,Paid
510662,710662,Credit Card,487.44,Paid
510663,710663,Credit Card,1873.23,Paid
510664,710664,UPI,4167.78,Paid
510665,710665,Net Banking,1515.77,Paid
510666,710666,Debit Card,58571.78,Paid
510667,710667,UPI,2027.77,Paid
510668,710668,Credit Card,8074.39,Paid
510669,710669,Debit Card,10898.77,Paid
510670,710670,UPI,4560.88,Paid
510671,710671,COD,54238.58,Paid
510672,710672,Credit Card,31613.71,Paid
510673,710673,UPI,5882.41,Paid
510674,710674,UPI,5887.74,Paid
510675,710675,Wallet,9683.92,Paid
510676,710676,Debit Card,14367.0,Paid
510677,710677,Net Banking,1711.58,Paid
510678,710678,Net Banking,8768.73,Paid
510679,710679,UPI,76575.24,Paid
510680,710680,Debit Card,13696.74,Paid
510681,710681,UPI,57828.7,Paid
510682,710682,Wallet,17086.7,Paid
510683,710683,Debit Card,75377.34,Paid
510684,710684,UPI,107864.63,Paid
510685,710685,COD,29508.96,Paid
510686,710686,Credit Card,15840.24,Paid
510687,710687,UPI,11881.91,Failed
510688,710688,Credit Card,45437.55,Paid
510689,710689,UPI,6966.76,Paid
510690,710690,Debit Card,26343.12,Paid
510691,710691,UPI,7425.01,Paid
510692,710692,UPI,13702.2,Paid
510693,710693,Credit Card,8443.78,Paid
510694,710694,COD,28805.85,Paid
510695,710695,UPI,2424.29,Paid
510696,710696,Wallet,3424.57,Paid
510697,710697,UPI,246.38,Paid
510698,710698,UPI,6366.36,Paid
510699,710699,COD,25675.46,Paid
510700,710700,Wallet,11639.4,Paid
510701,710701,UPI,11612.58,Paid
510702,710702,Debit Card,857.15,Pending
510703,710703,Credit Card,3559.01,Paid
510704,710704,COD,66221.3,Paid
510705,710705,UPI,8345.82,Paid
510706,710706,Net Banking,727.9,Paid
510707,710707,Credit Card,3033.28,Paid
510708,710708,COD,3161.42,Paid
510709,710709,UPI,11605.97,Paid
510710,710710,UPI,97088.1,Paid
510711,710711,COD,2464.15,Paid
510712,710712,Debit Card,129209.65,Paid
510713,710713,COD,26794.41,Paid
510714,710714,UPI,8443.76,Paid
510715,710715,UPI,7561.58,Paid
510716,710716,Credit Card,32812.11,Paid
510717,710717,Debit Card,15461.49,Paid
510718,710718,Debit Card,3082.12,Paid
510719,710719,Debit Card,1766.91,Paid
510720,710720,Credit Card,10349.41,Paid
510721,710721,COD,7902.49,Paid
510722,710722,COD,1166.68,Paid
510723,710723,Credit Card,19805.04,Paid
510724,710724,Credit Card,1078.91,Paid
510725,710725,UPI,4122.85,Paid
510726,710726,Debit Card,25146.8,Paid
510727,710727,Debit Card,97088.1,Paid
510728,710728,Credit Card,13389.72,Paid
510729,710729,UPI,13989.13,Paid
510730,710730,Debit Card,17027.52,Paid
510731,710731,Credit Card,137518.36,Paid
510732,710732,UPI,45080.94,Paid
510733,710733,UPI,4604.05,Paid
510734,710734,Debit Card,11880.52,Paid
510735,710735,Credit Card,26953.72,Paid
510736,710736,UPI,27003.65,Paid
510737,710737,UPI,1003.97,Paid
510738,710738,Credit Card,631.24,Paid
510739,710739,UPI,25874.84,Paid
510740,710740,UPI,992.31,Paid
510741,710741,COD,15929.7,Paid
510742,710742,Credit Card,868.63,Paid
510743,710743,Debit Card,9425.73,Paid
510744,710744,Credit Card,648.46,Paid
510745,710745,UPI,2635.19,Paid
510746,710746,UPI,6993.14,Paid
510747,710747,Wallet,69348.96,Paid
510748,710748,UPI,4322.42,Paid
510749,710749,UPI,5376.85,Paid
510750,710750,Net Banking,26679.0,Paid
510751,710751,UPI,2070.11,Paid
510752,710752,Debit Card,31597.91,Paid
510753,710753,UPI,298.31,Paid
510754,710754,COD,1038.65,Paid
510755,710755,COD,2053.18,Paid
510756,710756,Credit Card,41506.86,Paid
510757,710757,Debit Card,31790.69,Paid
510758,710758,UPI,12294.98,Paid
510759,710759,Debit Card,63967.88,Paid
510760,710760,UPI,16145.57,Paid
510761,710761,COD,26317.6,Paid
510762,710762,Debit Card,3166.39,Paid
510763,710763,Debit Card,18940.9,Paid
510764,710764,Credit Card,5471.67,Paid
510765,710765,COD,10463.36,Failed
510766,710766,Credit Card,1465.34,Paid
510767,710767,Debit Card,41196.01,Paid
510768,710768,Debit Card,31445.13,Failed
510769,710769,Debit Card,1048.43,Paid
510770,710770,Credit Card,1220.54,Paid
510771,710771,UPI,3789.5,Paid
510772,710772,UPI,9054.02,Paid
510773,710773,UPI,79240.66,Failed
510774,710774,Credit Card,22580.51,Paid
510775,710775,UPI,3109.32,Failed
510776,710776,UPI,30316.71,Paid
510777,710777,UPI,12121.1,Paid
510778,710778,COD,24770.36,Paid
510779,710779,Net Banking,12044.2,Paid
510780,710780,Credit Card,4996.57,Paid
510781,710781,UPI,4911.74,Paid
510782,710782,Wallet,7907.48,Paid
510783,710783,Debit Card,3565.92,Paid
510784,710784,Credit Card,62484.8,Paid
510785,710785,UPI,2764.18,Paid
510786,710786,COD,24519.34,Paid
510787,710787,UPI,27135.45,Paid
510788,710788,COD,906.94,Paid
510789,710789,Debit Card,2415.51,Pending
510790,710790,UPI,1164.92,Paid
510791,710791,Credit Card,86486.91,Paid
510792,710792,UPI,9014.57,Paid
510793,710793,Net Banking,18736.36,Paid
510794,710794,UPI,454.91,Paid
510795,710795,UPI,11825.89,Paid
510796,710796,UPI,120355.69,Paid
510797,710797,UPI,3530.57,Paid
510798,710798,Credit Card,2943.73,Pending
510799,710799,COD,45803.47,Paid
510800,710800,Credit Card,17120.37,Paid
510801,710801,Debit Card,1738.3,Paid
510802,710802,UPI,6328.93,Paid
510803,710803,Credit Card,14309.59,Paid
510804,710804,Net Banking,4889.14,Paid
510805,710805,COD,4053.0,Paid
510806,710806,Debit Card,12690.49,Paid
510807,710807,UPI,936.25,Paid
510808,710808,Net Banking,12458.17,Paid
510809,710809,Wallet,4755.24,Paid
510810,710810,Debit Card,5475.7,Paid
510811,710811,Debit Card,6410.83,Paid
510812,710812,Credit Card,65965.36,Paid
510813,710813,UPI,8219.25,Paid
510814,710814,UPI,25079.89,Paid
510815,710815,Wallet,8586.74,Paid
510816,710816,Credit Card,14998.5,Paid
510817,710817,Credit Card,10473.26,Paid
510818,710818,Credit Card,24135.72,Paid
510819,710819,UPI,2671.07,Paid
510820,710820,Credit Card,3335.56,Paid
510821,710821,UPI,18551.06,Paid
510822,710822,Credit Card,20488.43,Paid
510823,710823,COD,5569.33,Paid
510824,710824,Wallet,4314.67,Paid
510825,710825,Net Banking,4279.59,Paid
510826,710826,COD,3379.93,Failed
510827,710827,Debit Card,37128.84,Paid
510828,710828,Credit Card,23794.12,Paid
510829,710829,COD,8065.82,Paid
510830,710830,COD,10185.86,Paid
510831,710831,Credit Card,1889.47,Paid
510832,710832,Net Banking,7591.25,Paid
510833,710833,Debit Card,2683.93,Paid
510834,710834,UPI,12659.09,Paid
510835,710835,COD,53334.96,Paid
510836,710836,UPI,2213.35,Paid
510837,710837,Wallet,9500.64,Paid
510838,710838,UPI,36987.22,Paid
510839,710839,UPI,4380.51,Paid
510840,710840,Credit Card,9464.91,Failed
510841,710841,Debit Card,2517.43,Paid
510842,710842,UPI,5956.08,Paid
510843,710843,Credit Card,7868.27,Paid
510844,710844,UPI,2542.47,Paid
510845,710845,Wallet,2566.9,Paid
510846,710846,Credit Card,2607.97,Paid
510847,710847,COD,3626.67,Paid
510848,710848,Credit Card,2115.94,Paid
510849,710849,Debit Card,12680.62,Paid
510850,710850,UPI,95079.93,Paid
510851,710851,Debit Card,4130.42,Paid
510852,710852,Net Banking,1870.91,Paid
510853,710853,UPI,12000.07,Paid
510854,710854,COD,5302.49,Paid
510855,710855,UPI,24039.44,Paid
510856,710856,UPI,544.29,Paid
510857,710857,Wallet,42847.49,Paid
510858,710858,COD,12215.6,Paid
510859,710859,Credit Card,54866.8,Paid
510860,710860,Net Banking,2033.51,Paid
510861,710861,Debit Card,15034.02,Paid
510862,710862,Credit Card,422.68,Paid
510863,710863,UPI,2184.05,Paid
510864,710864,COD,1364.19,Paid
510865,710865,Credit Card,113142.15,Paid
510866,710866,Credit Card,1557.72,Paid
510867,710867,Debit Card,11638.26,Paid
510868,710868,COD,36623.22,Paid
510869,710869,Credit Card,3777.84,Paid
510870,710870,UPI,13325.76,Paid
510871,710871,Credit Card,18526.16,Paid
510872,710872,UPI,844.98,Paid
510873,710873,UPI,19382.47,Paid
510874,710874,Debit Card,1846.95,Paid
510875,710875,Credit Card,1862.11,Paid
510876,710876,Wallet,87251.66,Paid
510877,710877,Debit Card,3051.88,Paid
510878,710878,UPI,25205.57,Paid
510879,710879,UPI,16643.1,Paid
510880,710880,UPI,11714.28,Paid
510881,710881,Credit Card,3704.5,Paid
510882,710882,Debit Card,1676.05,Paid
510883,710883,Net Banking,17266.21,Paid
510884,710884,UPI,5210.73,Paid
510885,710885,COD,33183.6,Paid
510886,710886,Credit Card,1364.98,Paid
510887,710887,Net Banking,5592.61,Paid
510888,710888,Credit Card,204497.78,Failed
510889,710889,Credit Card,15361.7,Paid
510890,710890,Wallet,11635.32,Paid
510891,710891,COD,36046.31,Paid
510892,710892,Debit Card,3008.07,Paid
510893,710893,COD,2876.74,Paid
510894,710894,UPI,31301.36,Paid
510895,710895,Credit Card,2673.35,Paid
510896,710896,COD,33673.75,Paid
510897,710897,Credit Card,71747.09,Paid
510898,710898,COD,6909.73,Paid
510899,710899,UPI,2729.16,Paid
510900,710900,Credit Card,11334.29,Paid
510901,710901,Credit Card,60090.17,Paid
510902,710902,Credit Card,1491.06,Paid
510903,710903,Credit Card,2829.14,Paid
510904,710904,Credit Card,11657.98,Paid
510905,710905,UPI,2104.35,Paid
510906,710906,UPI,585.68,Paid
510907,710907,UPI,54928.07,Paid
510908,710908,UPI,43964.88,Paid
510909,710909,UPI,670.69,Paid
510910,710910,UPI,3797.51,Paid
510911,710911,UPI,466.14,Paid
510912,710912,Net Banking,5806.29,Paid
510913,710913,COD,105431.61,Paid
510914,710914,Debit Card,41734.27,Paid
510915,710915,Debit Card,1314.83,Failed
510916,710916,UPI,13424.75,Paid
510917,710917,COD,2038.87,Paid
510918,710918,Debit Card,4931.49,Paid
510919,710919,Debit Card,758.77,Paid
510920,710920,UPI,37080.53,Paid
510921,710921,Debit Card,43782.05,Paid
510922,710922,Debit Card,29890.82,Paid
510923,710923,UPI,8423.02,Paid
510924,710924,Credit Card,4403.33,Paid
510925,710925,UPI,3080.06,Paid
510926,710926,UPI,3543.91,Paid
510927,710927,Credit Card,1184.25,Paid
510928,710928,COD,6612.83,Paid
510929,710929,Credit Card,1805.69,Paid
510930,710930,COD,12907.55,Paid
510931,710931,UPI,2561.31,Paid
510932,710932,Credit Card,16498.81,Failed
510933,710933,Credit Card,13898.65,Paid
510934,710934,COD,48728.19,Paid
510935,710935,Debit Card,714.67,Paid
510936,710936,Credit Card,5966.22,Paid
510937,710937,Debit Card,2391.94,Paid
510938,710938,Debit Card,2373.42,Paid
510939,710939,COD,8917.56,Paid
510940,710940,UPI,1242.93,Paid
510941,710941,Net Banking,8049.18,Paid
510942,710942,Credit Card,2818.1,Paid
510943,710943,UPI,16444.3,Paid
510944,710944,UPI,2794.41,Paid
510945,710945,Credit Card,4929.39,Paid
510946,710946,Net Banking,57727.44,Paid
510947,710947,Wallet,13134.28,Paid
510948,710948,Credit Card,22672.45,Paid
510949,710949,Net Banking,7148.58,Paid
510950,710950,UPI,36131.93,Paid
510951,710951,UPI,3699.29,Paid
510952,710952,Debit Card,413.62,Paid
510953,710953,Debit Card,14546.61,Paid
510954,710954,Credit Card,7040.72,Paid
510955,710955,UPI,3015.85,Paid
510956,710956,UPI,6805.42,Paid
510957,710957,Credit Card,687.96,Paid
510958,710958,UPI,1996.38,Pending
510959,710959,Credit Card,3765.71,Paid
510960,710960,UPI,16492.61,Paid
510961,710961,Net Banking,591.4,Paid
510962,710962,UPI,7569.08,Paid
510963,710963,Wallet,4907.21,Paid
510964,710964,UPI,5003.23,Paid
510965,710965,Debit Card,17338.96,Paid
510966,710966,UPI,6993.66,Paid
510967,710967,Credit Card,11320.96,Paid
510968,710968,Credit Card,33251.74,Paid
510969,710969,UPI,3301.65,Paid
510970,710970,Wallet,95958.31,Paid
510971,710971,UPI,5045.36,Paid
510972,710972,Debit Card,11185.47,Paid
510973,710973,Credit Card,5065.2,Paid
510974,710974,Credit Card,14697.57,Paid
510975,710975,UPI,827.24,Paid
510976,710976,Net Banking,17262.15,Paid
510977,710977,Credit Card,20753.59,Paid
510978,710978,COD,7142.06,Paid
510979,710979,UPI,9201.2,Failed
510980,710980,Wallet,405.84,Paid
510981,710981,COD,18784.27,Paid
510982,710982,COD,36550.1,Paid
510983,710983,UPI,7518.83,Paid
510984,710984,UPI,860.3,Paid
510985,710985,UPI,4926.55,Paid
510986,710986,Net Banking,120629.14,Failed
510987,710987,Net Banking,797.87,Paid
510988,710988,Wallet,13161.59,Paid
510989,710989,UPI,103102.07,Paid
510990,710990,Debit Card,9745.32,Paid
510991,710991,Credit Card,4028.82,Paid
510992,710992,UPI,10287.74,Paid
510993,710993,Credit Card,21062.85,Paid
510994,710994,Credit Card,1911.38,Paid
510995,710995,Debit Card,843.46,Paid
510996,710996,Debit Card,7148.58,Paid
510997,710997,Net Banking,7936.75,Paid
510998,710998,UPI,14778.99,Paid
510999,710999,Net Banking,3317.75,Paid
511000,711000,UPI,5352.31,Paid
511001,711001,Wallet,32110.98,Paid
511002,711002,Credit Card,24911.03,Paid
511003,711003,COD,2106.73,Paid
511004,711004,Credit Card,71071.04,Paid
511005,711005,Credit Card,24772.01,Paid
511006,711006,UPI,30160.19,Paid
511007,711007,Debit Card,13600.08,Paid
511008,711008,Credit Card,1364.19,Paid
511009,711009,Debit Card,2151.57,Paid
511010,711010,Wallet,1482.92,Paid
511011,711011,UPI,89940.56,Paid
511012,711012,UPI,4469.5,Paid
511013,711013,COD,2344.13,Paid
511014,711014,UPI,5837.64,Paid
511015,711015,Credit Card,286.47,Paid
511016,711016,UPI,21044.73,Paid
511017,711017,UPI,12984.65,Paid
511018,711018,Credit Card,6233.42,Pending
511019,711019,UPI,5776.55,Paid
511020,711020,UPI,998.34,Paid
511021,711021,UPI,7148.58,Paid
511022,711022,UPI,8730.74,Paid
511023,711023,COD,13331.92,Paid
511024,711024,Net Banking,2416.45,Paid
511025,711025,UPI,2641.74,Paid
511026,711026,Credit Card,12109.34,Paid
511027,711027,Credit Card,1190.12,Paid
511028,711028,UPI,1244.46,Paid
511029,711029,UPI,24681.47,Paid
511030,711030,UPI,16023.99,Paid
511031,711031,UPI,2110.54,Paid
511032,711032,UPI,773.69,Paid
511033,711033,COD,1769.97,Paid
511034,711034,COD,7745.03,Paid
511035,711035,UPI,26350.4,Paid
511036,711036,Debit Card,101021.26,Paid
511037,711037,Debit Card,10859.43,Paid
511038,711038,UPI,3295.46,Paid
511039,711039,Credit Card,46581.97,Paid
511040,711040,Debit Card,11673.58,Paid
511041,711041,UPI,4635.26,Paid
511042,711042,Credit Card,572.01,Paid
511043,711043,Wallet,1897.71,Paid
511044,711044,UPI,5542.42,Paid
511045,711045,COD,5480.6,Paid
511046,711046,Debit Card,6435.85,Paid
511047,711047,Credit Card,9936.17,Paid
511048,711048,UPI,7098.55,Paid
511049,711049,COD,1364.19,Paid
511050,711050,UPI,480.61,Paid
511051,711051,COD,26133.32,Paid
511052,711052,Wallet,4960.1,Failed
511053,711053,Net Banking,52757.24,Paid
511054,711054,Credit Card,115775.32,Paid
511055,711055,Debit Card,5100.65,Paid
511056,711056,Debit Card,16897.59,Paid
511057,711057,UPI,12197.23,Paid
511058,711058,Credit Card,7419.94,Paid
511059,711059,UPI,3814.58,Paid
511060,711060,COD,17581.76,Paid
511061,711061,Wallet,28379.77,Paid
511062,711062,UPI,15138.16,Paid
511063,711063,COD,6133.92,Paid
511064,711064,Credit Card,12270.52,Paid
511065,711065,UPI,1183.96,Paid
511066,711066,Credit Card,11716.66,Paid
511067,711067,Credit Card,6712.02,Paid
511068,711068,UPI,11516.09,Paid
511069,711069,Credit Card,797.87,Paid
511070,711070,UPI,132209.4,Paid
511071,711071,Credit Card,12912.59,Paid
511072,711072,UPI,507.3,Paid
511073,711073,Wallet,15191.23,Paid
511074,711074,Debit Card,25400.14,Paid
511075,711075,Debit Card,8296.0,Paid
511076,711076,Credit Card,257.82,Paid
511077,711077,Debit Card,3823.33,Paid
511078,711078,Debit Card,16964.48,Failed
511079,711079,Credit Card,1047.53,Paid
511080,711080,UPI,57639.3,Paid
511081,711081,UPI,46361.89,Paid
511082,711082,UPI,52057.54,Paid
511083,711083,UPI,7174.7,Paid
511084,711084,Net Banking,17818.82,Paid
511085,711085,COD,5077.02,Paid
511086,711086,Debit Card,11437.93,Paid
511087,711087,UPI,4318.99,Paid
511088,711088,COD,2881.62,Paid
511089,711089,Credit Card,4040.78,Paid
511090,711090,Credit Card,976.29,Paid
511091,711091,Credit Card,19377.44,Paid
511092,711092,UPI,6220.79,Paid
511093,711093,Net Banking,3352.09,Paid
511094,711094,UPI,7482.25,Paid
511095,711095,Debit Card,4365.37,Paid
511096,711096,UPI,3473.4,Paid
511097,711097,UPI,2136.21,Paid
511098,711098,Credit Card,295.66,Paid
511099,711099,Wallet,11104.32,Pending
511100,711100,Credit Card,4307.08,Paid
511101,711101,UPI,14870.0,Paid
511102,711102,Debit Card,61894.93,Paid
511103,711103,UPI,4240.19,Paid
511104,711104,Credit Card,4796.32,Paid
511105,711105,Credit Card,28061.46,Paid
511106,711106,Debit Card,12133.28,Paid
511107,711107,UPI,16187.4,Paid
511108,711108,Debit Card,29741.12,Paid
511109,711109,UPI,3966.79,Paid
511110,711110,UPI,9360.11,Paid
511111,711111,COD,2549.85,Paid
511112,711112,Net Banking,472.44,Paid
511113,711113,UPI,6217.39,Paid
511114,711114,Wallet,6356.51,Paid
511115,711115,Credit Card,17888.27,Pending
511116,711116,UPI,2331.12,Paid
511117,711117,UPI,965.14,Pending
511118,711118,Debit Card,6189.01,Paid
511119,711119,UPI,761.56,Paid
511120,711120,COD,8505.63,Paid
511121,711121,UPI,72003.03,Paid
511122,711122,Credit Card,48993.4,Paid
511123,711123,UPI,574.74,Paid
511124,711124,UPI,52757.24,Paid
511125,711125,Debit Card,10288.77,Paid
511126,711126,UPI,7089.02,Paid
511127,711127,Wallet,28411.71,Paid
511128,711128,Credit Card,1676.82,Paid
511129,711129,Wallet,757.98,Paid
511130,711130,Wallet,95408.96,Paid
511131,711131,Credit Card,17776.34,Paid
511132,711132,Credit Card,12350.75,Paid
511133,711133,UPI,773.89,Paid
511134,711134,Credit Card,57576.72,Paid
511135,711135,Credit Card,28061.46,Paid
511136,711136,Debit Card,24913.08,Paid
511137,711137,UPI,419.53,Paid
511138,711138,Debit Card,24140.49,Pending
511139,711139,Credit Card,1834.89,Paid
511140,711140,UPI,670.39,Failed
511141,711141,COD,386.85,Paid
511142,711142,UPI,3867.99,Paid
511143,711143,COD,8856.35,Pending
511144,711144,COD,51426.61,Paid
511145,711145,UPI,540.46,Paid
511146,711146,UPI,33645.82,Paid
511147,711147,Debit Card,4471.65,Pending
511148,711148,COD,2353.31,Pending
511149,711149,Net Banking,8186.98,Paid
511150,711150,COD,14534.48,Paid
511151,711151,UPI,5640.75,Paid
511152,711152,UPI,11626.49,Paid
511153,711153,COD,1397.47,Paid
511154,711154,Net Banking,174820.33,Paid
511155,711155,Net Banking,1439.98,Paid
511156,711156,Net Banking,7998.36,Paid
511157,711157,UPI,15448.76,Paid
511158,711158,Debit Card,36137.71,Paid
511159,711159,COD,4625.0,Paid
511160,711160,Debit Card,12252.4,Paid
511161,711161,Wallet,6905.59,Paid
511162,711162,UPI,5533.65,Paid
511163,711163,UPI,14743.74,Paid
511164,711164,Credit Card,65103.3,Paid
511165,711165,Credit Card,1700.52,Pending
511166,711166,COD,25232.72,Paid
511167,711167,UPI,13163.09,Paid
511168,711168,UPI,5187.5,Paid
511169,711169,UPI,1359.57,Paid
511170,711170,COD,89176.01,Paid
511171,711171,UPI,2872.53,Paid
511172,711172,Debit Card,5737.49,Paid
511173,711173,COD,453.91,Paid
511174,711174,Credit Card,481.52,Paid
511175,711175,Credit Card,2736.48,Paid
511176,711176,Net Banking,17718.82,Paid
511177,711177,Credit Card,2720.59,Paid
511178,711178,UPI,44139.57,Paid
511179,711179,Credit Card,5065.29,Paid
511180,711180,Net Banking,17078.48,Failed
511181,711181,Debit Card,14683.51,Paid
511182,711182,Credit Card,4935.35,Paid
511183,711183,Debit Card,51399.59,Paid
511184,711184,UPI,2271.97,Paid
511185,711185,UPI,10939.58,Paid
511186,711186,UPI,1731.82,Paid
511187,711187,UPI,3575.32,Paid
511188,711188,UPI,6568.82,Paid
511189,711189,UPI,11893.77,Paid
511190,711190,COD,23476.85,Paid
511191,711191,COD,1778.84,Paid
511192,711192,COD,24573.84,Paid
511193,711193,Credit Card,2770.57,Paid
511194,711194,UPI,11174.19,Paid
511195,711195,Credit Card,14402.92,Paid
511196,711196,UPI,15133.28,Paid
511197,711197,UPI,31844.01,Paid
511198,711198,Credit Card,7578.59,Paid
511199,711199,COD,23919.2,Paid
511200,711200,Net Banking,3333.11,Paid
511201,711201,COD,5813.88,Paid
511202,711202,Credit Card,338.08,Paid
511203,711203,UPI,9215.78,Paid
511204,711204,Net Banking,4646.32,Paid
511205,711205,Credit Card,10653.35,Paid
511206,711206,Wallet,31339.6,Paid
511207,711207,UPI,36497.19,Paid
511208,711208,COD,21307.54,Paid
511209,711209,UPI,225.26,Paid
511210,711210,Net Banking,2618.26,Paid
511211,711211,COD,67143.1,Paid
511212,711212,Wallet,11463.68,Paid
511213,711213,Credit Card,6736.11,Paid
511214,711214,UPI,3563.22,Paid
511215,711215,UPI,1106.46,Paid
511216,711216,COD,2019.48,Failed
511217,711217,Credit Card,619.87,Failed
511218,711218,Debit Card,1729.4,Paid
511219,711219,Credit Card,1553.79,Paid
511220,711220,Credit Card,2629.39,Paid
511221,711221,Debit Card,229.46,Paid
511222,711222,Credit Card,3495.86,Paid
511223,711223,Credit Card,551.19,Paid
511224,711224,COD,3388.1,Paid
511225,711225,Credit Card,33207.49,Paid
511226,711226,Credit Card,928.12,Failed
511227,711227,Credit Card,3757.87,Paid
511228,711228,Net Banking,11043.28,Paid
511229,711229,Debit Card,11315.58,Paid
511230,711230,Net Banking,2108.57,Paid
511231,711231,UPI,3304.51,Paid
511232,711232,Credit Card,22660.29,Paid
511233,711233,Debit Card,2391.94,Paid
511234,711234,Debit Card,30982.12,Paid
511235,711235,COD,931.94,Paid
511236,711236,COD,2788.19,Paid
511237,711237,Credit Card,6477.64,Paid
511238,711238,UPI,27228.75,Paid
511239,711239,Debit Card,2720.59,Paid
511240,711240,UPI,6934.77,Paid
511241,711241,UPI,23829.61,Paid
511242,711242,COD,2546.22,Paid
511243,711243,Credit Card,6728.07,Paid
511244,711244,Wallet,14848.88,Paid
511245,711245,COD,7187.62,Paid
511246,711246,UPI,14218.65,Paid
511247,711247,Net Banking,23394.78,Paid
511248,711248,Credit Card,41739.88,Paid
511249,711249,Net Banking,49804.45,Paid
511250,711250,UPI,1404.34,Paid
511251,711251,Credit Card,6170.6,Paid
511252,711252,Credit Card,27875.66,Paid
511253,711253,Wallet,10383.41,Paid
511254,711254,Credit Card,148070.36,Paid
511255,711255,Credit Card,1049.88,Paid
511256,711256,COD,3807.5,Paid
511257,711257,UPI,4168.79,Paid
511258,711258,Debit Card,7568.04,Paid
511259,711259,Debit Card,8105.99,Paid
511260,711260,UPI,6806.14,Paid
511261,711261,UPI,8461.0,Paid
511262,711262,Credit Card,14021.4,Paid
511263,711263,Credit Card,10572.61,Paid
511264,711264,COD,8574.34,Paid
511265,711265,Wallet,3854.24,Paid
511266,711266,Debit Card,265502.2,Paid
511267,711267,Credit Card,2593.17,Paid
511268,711268,Debit Card,13049.46,Paid
511269,711269,UPI,20610.09,Paid
511270,711270,Debit Card,64391.03,Paid
511271,711271,COD,3317.75,Paid
511272,711272,Wallet,2956.14,Paid
511273,711273,UPI,1115.5,Paid
511274,711274,Wallet,37415.28,Paid
511275,711275,UPI,45906.05,Paid
511276,711276,UPI,288.59,Paid
511277,711277,Net Banking,1532.87,Failed
511278,711278,UPI,27814.31,Paid
511279,711279,Debit Card,324.67,Paid
511280,711280,COD,5223.8,Paid
511281,711281,UPI,60105.64,Paid
511282,711282,UPI,15355.72,Paid
511283,711283,UPI,670.69,Failed
511284,711284,Debit Card,24654.81,Paid
511285,711285,Debit Card,321.18,Paid
511286,711286,Credit Card,3027.45,Paid
511287,711287,COD,288.59,Paid
511288,711288,COD,16962.44,Paid
511289,711289,UPI,10920.98,Pending
511290,711290,UPI,32765.8,Paid
511291,711291,Credit Card,1400.02,Paid
511292,711292,UPI,8304.36,Paid
511293,711293,Debit Card,13936.24,Paid
511294,711294,Credit Card,8695.81,Paid
511295,711295,COD,5531.45,Paid
511296,711296,COD,9966.54,Paid
511297,711297,COD,4157.83,Paid
511298,711298,Credit Card,24301.31,Paid
511299,711299,UPI,28706.04,Paid
511300,711300,Credit Card,4862.49,Paid
511301,711301,Credit Card,12270.66,Paid
511302,711302,COD,1152.74,Paid
511303,711303,Debit Card,3406.63,Failed
511304,711304,Wallet,2518.91,Paid
511305,711305,UPI,25564.44,Paid
511306,711306,Debit Card,68374.08,Paid
511307,711307,Credit Card,5027.03,Failed
511308,711308,Net Banking,23715.01,Paid
511309,711309,UPI,1104.23,Paid
511310,711310,Net Banking,570.9,Paid
511311,711311,Credit Card,75616.77,Paid
511312,711312,Credit Card,12394.88,Paid
511313,711313,Credit Card,3594.57,Paid
511314,711314,COD,503.52,Paid
511315,711315,UPI,17457.81,Paid
511316,711316,COD,5594.61,Paid
511317,711317,UPI,4209.79,Paid
511318,711318,Debit Card,822.34,Paid
511319,711319,Debit Card,16148.59,Paid
511320,711320,Wallet,21794.45,Paid
511321,711321,Credit Card,5666.29,Paid
511322,711322,UPI,3917.96,Paid
511323,711323,UPI,47328.42,Paid
511324,711324,Debit Card,13489.5,Paid
511325,711325,Debit Card,7116.9,Paid
511326,711326,UPI,76432.34,Paid
511327,711327,UPI,14362.58,Paid
511328,711328,COD,2146.49,Paid
511329,711329,COD,7600.44,Paid
511330,711330,COD,13114.25,Paid
511331,711331,Credit Card,16974.19,Paid
511332,711332,Wallet,15495.75,Paid
511333,711333,Debit Card,23846.75,Paid
511334,711334,UPI,11747.75,Paid
511335,711335,UPI,568.36,Paid
511336,711336,Credit Card,14442.23,Paid
511337,711337,Net Banking,1580.51,Paid
511338,711338,UPI,7040.72,Paid
511339,711339,UPI,9149.08,Paid
511340,711340,Credit Card,2096.86,Paid
511341,711341,Wallet,9951.75,Paid
511342,711342,UPI,2538.42,Paid
511343,711343,COD,952.51,Paid
511344,711344,COD,8682.59,Paid
511345,711345,COD,4458.7,Paid
511346,711346,UPI,5225.4,Paid
511347,711347,UPI,3619.67,Pending
511348,711348,UPI,59709.46,Paid
511349,711349,Wallet,825.82,Paid
511350,711350,Wallet,4928.64,Paid
511351,711351,COD,5936.74,Paid
511352,711352,UPI,3561.32,Paid
511353,711353,UPI,1301.72,Paid
511354,711354,UPI,70226.92,Paid
511355,711355,Net Banking,9989.21,Paid
511356,711356,Wallet,39859.19,Paid
511357,711357,UPI,12021.04,Paid
511358,711358,Credit Card,4100.83,Paid
511359,711359,Credit Card,42832.99,Paid
511360,711360,Net Banking,6475.65,Paid
511361,711361,COD,1932.86,Paid
511362,711362,Net Banking,246796.74,Paid
511363,711363,COD,4869.26,Paid
511364,711364,Credit Card,14754.48,Paid
511365,711365,UPI,35922.14,Paid
511366,711366,UPI,7977.71,Paid
511367,711367,Debit Card,5157.55,Paid
511368,711368,Credit Card,2842.76,Paid
511369,711369,Credit Card,18418.77,Paid
511370,711370,UPI,1516.86,Pending
511371,711371,Credit Card,41804.72,Paid
511372,711372,COD,3585.93,Paid
511373,711373,UPI,3362.3,Pending
511374,711374,Debit Card,28818.11,Paid
511375,711375,COD,10222.37,Paid
511376,711376,UPI,6417.16,Failed
511377,711377,Debit Card,33732.32,Failed
511378,711378,COD,11314.59,Paid
511379,711379,UPI,2936.94,Paid
511380,711380,UPI,14804.83,Paid
511381,711381,UPI,89888.52,Paid
511382,711382,UPI,3207.02,Paid
511383,711383,COD,3858.93,Pending
511384,711384,UPI,22328.36,Paid
511385,711385,Debit Card,6299.59,Paid
511386,711386,Credit Card,101825.59,Paid
511387,711387,Net Banking,2265.41,Paid
511388,711388,Credit Card,45320.58,Paid
511389,711389,Credit Card,372.91,Paid
511390,711390,COD,7718.45,Failed
511391,711391,COD,4086.52,Paid
511392,711392,Credit Card,18149.67,Paid
511393,711393,COD,535.19,Pending
511394,711394,UPI,2884.08,Paid
511395,711395,UPI,526.26,Paid
511396,711396,UPI,1173.49,Paid
511397,711397,UPI,5806.29,Paid
511398,711398,UPI,899.59,Paid
511399,711399,Credit Card,38083.35,Paid
511400,711400,Wallet,9700.82,Paid
511401,711401,Debit Card,585.67,Paid
511402,711402,Debit Card,4341.29,Paid
511403,711403,UPI,23405.34,Failed
511404,711404,UPI,8837.17,Paid
511405,711405,Credit Card,244.75,Paid
511406,711406,Credit Card,702.8,Paid
511407,711407,UPI,56913.0,Paid
511408,711408,UPI,26509.94,Paid
511409,711409,COD,15503.88,Failed
511410,711410,Credit Card,3223.06,Paid
511411,711411,UPI,8744.01,Paid
511412,711412,Debit Card,1603.1,Paid
511413,711413,UPI,6277.65,Paid
511414,711414,Debit Card,3617.74,Paid
511415,711415,COD,8658.22,Paid
511416,711416,COD,3104.59,Paid
511417,711417,COD,761.56,Paid
511418,711418,COD,7110.54,Paid
511419,711419,UPI,10455.79,Paid
511420,711420,UPI,15040.33,Paid
511421,711421,Wallet,9531.76,Paid
511422,711422,Credit Card,56259.9,Pending
511423,711423,Credit Card,459.5,Paid
511424,711424,UPI,1281.11,Paid
511425,711425,Credit Card,1477.26,Paid
511426,711426,UPI,2558.64,Paid
511427,711427,Credit Card,22772.83,Paid
511428,711428,Net Banking,113025.32,Paid
511429,711429,COD,1687.96,Paid
511430,711430,Wallet,11698.96,Pending
511431,711431,UPI,21310.96,Paid
511432,711432,Credit Card,10491.12,Paid
511433,711433,UPI,33673.75,Paid
511434,711434,Net Banking,54939.77,Paid
511435,711435,Credit Card,5790.02,Paid
511436,711436,Debit Card,33769.35,Paid
511437,711437,UPI,6813.27,Paid
511438,711438,UPI,36956.46,Paid
511439,711439,Net Banking,2576.81,Paid
511440,711440,Debit Card,44889.77,Paid
511441,711441,UPI,1824.01,Paid
511442,711442,UPI,72035.45,Paid
511443,711443,UPI,5778.43,Paid
511444,711444,UPI,87843.26,Paid
511445,711445,Credit Card,22894.05,Failed
511446,711446,Net Banking,1155.59,Paid
511447,711447,COD,9517.35,Pending
511448,711448,UPI,32066.93,Paid
511449,711449,Credit Card,472.41,Failed
511450,711450,Debit Card,265.01,Paid
511451,711451,Wallet,10895.1,Paid
511452,711452,Credit Card,265.01,Paid
511453,711453,Debit Card,223692.51,Paid
511454,711454,Net Banking,5431.92,Paid
511455,711455,Credit Card,31858.31,Paid
511456,711456,UPI,8120.51,Failed
511457,711457,Credit Card,5530.69,Paid
511458,711458,COD,9827.25,Paid
511459,711459,UPI,1234.14,Paid
511460,711460,Debit Card,990.37,Paid
511461,711461,COD,10983.25,Paid
511462,711462,UPI,4107.8,Paid
511463,711463,Credit Card,3035.87,Paid
511464,711464,COD,15720.87,Paid
511465,711465,Debit Card,4291.41,Paid
511466,711466,UPI,8056.02,Paid
511467,711467,Debit Card,1716.56,Paid
511468,711468,Credit Card,288.59,Paid
511469,711469,UPI,1102.66,Paid
511470,711470,Net Banking,29508.96,Paid
511471,711471,Debit Card,34420.8,Paid
511472,711472,Debit Card,3518.65,Paid
511473,711473,Credit Card,11916.81,Paid
511474,711474,Credit Card,8544.6,Paid
511475,711475,Debit Card,66946.68,Failed
511476,711476,UPI,3301.65,Paid
511477,711477,Credit Card,8711.11,Paid
511478,711478,UPI,4527.69,Paid
511479,711479,Credit Card,1606.05,Paid
511480,711480,COD,8682.45,Paid
511481,711481,UPI,481.52,Paid
511482,711482,UPI,155216.37,Paid
511483,711483,Credit Card,9757.06,Paid
511484,711484,Debit Card,1733.4,Paid
511485,711485,Credit Card,6733.71,Paid
511486,711486,Credit Card,20996.28,Paid
511487,711487,UPI,6019.32,Paid
511488,711488,COD,23228.87,Paid
511489,711489,Debit Card,14346.12,Paid
511490,711490,UPI,57570.18,Paid
511491,711491,COD,432.37,Paid
511492,711492,Debit Card,6470.02,Paid
511493,711493,Credit Card,5167.76,Failed
511494,711494,Credit Card,3684.22,Paid
511495,711495,Wallet,31802.99,Pending
511496,711496,UPI,1352.03,Paid
511497,711497,Wallet,225.26,Paid
511498,711498,COD,10709.93,Paid
511499,711499,COD,32938.69,Paid
511500,711500,Credit Card,3997.27,Paid
511501,711501,Wallet,38250.42,Paid
511502,711502,Debit Card,22660.29,Paid
511503,711503,Debit Card,2708.48,Paid
511504,711504,UPI,11386.41,Paid
511505,711505,UPI,466.14,Failed
511506,711506,COD,1699.06,Paid
511507,711507,UPI,2957.73,Paid
511508,711508,Debit Card,5699.08,Paid
511509,711509,Wallet,3438.06,Paid
511510,711510,UPI,2352.62,Paid
511511,711511,Credit Card,33050.2,Paid
511512,711512,Debit Card,470.72,Paid
511513,711513,Net Banking,19584.61,Paid
511514,711514,Debit Card,4141.25,Paid
511515,711515,UPI,35310.19,Paid
511516,711516,Wallet,5667.15,Paid
511517,711517,UPI,114389.26,Pending
511518,711518,Debit Card,14434.84,Paid
511519,711519,COD,5778.57,Paid
511520,711520,COD,2585.28,Paid
511521,711521,Wallet,1849.98,Paid
511522,711522,UPI,3867.99,Paid
511523,711523,COD,1348.81,Paid
511524,711524,Debit Card,1846.95,Paid
511525,711525,Wallet,9897.46,Paid
511526,711526,Debit Card,20652.08,Paid
511527,711527,Wallet,535.19,Pending
511528,711528,UPI,16290.38,Paid
511529,711529,COD,1467.04,Paid
511530,711530,UPI,27572.02,Paid
511531,711531,Credit Card,1874.52,Failed
511532,711532,Credit Card,8873.62,Paid
511533,711533,UPI,1492.23,Paid
511534,711534,Credit Card,2236.61,Paid
511535,711535,Credit Card,42636.99,Paid
511536,711536,Debit Card,459.39,Paid
511537,711537,Wallet,39798.27,Paid
511538,711538,Debit Card,49871.42,Paid
511539,711539,UPI,1875.68,Paid
511540,711540,Debit Card,28694.79,Paid
511541,711541,COD,19405.44,Paid
511542,711542,Debit Card,7474.79,Paid
511543,711543,Credit Card,437.42,Pending
511544,711544,Credit Card,8734.98,Paid
511545,711545,UPI,3019.1,Failed
511546,711546,Credit Card,9260.41,Paid
511547,711547,Credit Card,30802.67,Paid
511548,711548,UPI,4132.31,Paid
511549,711549,COD,3406.24,Paid
511550,711550,COD,10563.62,Paid
511551,711551,Credit Card,1094.78,Paid
511552,711552,Credit Card,13240.08,Paid
511553,711553,Credit Card,998.34,Paid
511554,711554,UPI,875.47,Paid
511555,711555,Credit Card,2377.07,Paid
511556,711556,Net Banking,16066.78,Pending
511557,711557,UPI,1487.65,Paid
511558,711558,Debit Card,20275.88,Paid
511559,711559,COD,4873.91,Paid
511560,711560,UPI,1597.82,Pending
511561,711561,Debit Card,23084.62,Paid
511562,711562,Debit Card,5304.27,Paid
511563,711563,Credit Card,13963.96,Paid
511564,711564,Wallet,8594.2,Paid
511565,711565,Credit Card,2007.69,Paid
511566,711566,Net Banking,12616.36,Paid
511567,711567,Debit Card,91906.99,Paid
511568,711568,Debit Card,61296.79,Pending
511569,711569,UPI,35088.28,Paid
511570,711570,UPI,5023.02,Paid
511571,711571,UPI,54151.75,Paid
511572,711572,UPI,12412.19,Paid
511573,711573,Debit Card,13507.72,Paid
511574,711574,Net Banking,44756.57,Paid
511575,711575,COD,8741.43,Paid
511576,711576,COD,1474.83,Paid
511577,711577,COD,2359.61,Paid
511578,711578,UPI,897.64,Paid
511579,711579,UPI,49231.92,Paid
511580,711580,COD,4718.58,Paid
511581,711581,UPI,6004.22,Paid
511582,711582,COD,15145.09,Paid
511583,711583,Debit Card,5830.34,Paid
511584,711584,UPI,16676.68,Paid
511585,711585,Debit Card,1862.11,Paid
511586,711586,UPI,6252.73,Paid
511587,711587,COD,43684.27,Paid
511588,711588,UPI,8258.51,Paid
511589,711589,Credit Card,4978.31,Paid
511590,711590,Credit Card,355.37,Paid
511591,711591,Debit Card,447.54,Paid
511592,711592,Net Banking,5935.72,Paid
511593,711593,UPI,1057.97,Paid
511594,711594,UPI,27893.96,Pending
511595,711595,UPI,605.65,Paid
511596,711596,Credit Card,4189.98,Paid
511597,711597,UPI,12434.78,Pending
511598,711598,COD,16326.97,Paid
511599,711599,Credit Card,7959.68,Paid
511600,711600,Debit Card,2936.94,Paid
511601,711601,Credit Card,789.05,Paid
511602,711602,COD,14240.16,Paid
511603,711603,UPI,1085.78,Paid
511604,711604,UPI,21057.95,Paid
511605,711605,UPI,9829.42,Paid
511606,711606,Debit Card,3500.34,Paid
511607,711607,Credit Card,52535.79,Paid
511608,711608,Credit Card,1253.91,Paid
511609,711609,Credit Card,35332.97,Paid
511610,711610,Net Banking,1278.6,Paid
511611,711611,COD,14256.5,Failed
511612,711612,Wallet,5414.33,Paid
511613,711613,Wallet,33473.34,Paid
511614,711614,Debit Card,25967.79,Paid
511615,711615,UPI,16560.07,Paid
511616,711616,Debit Card,6049.26,Paid
511617,711617,Credit Card,262.81,Paid
511618,711618,Wallet,5356.54,Paid
511619,711619,COD,533.94,Paid
511620,711620,Credit Card,547.39,Paid
511621,711621,UPI,998.34,Paid
511622,711622,UPI,306.63,Paid
511623,711623,Credit Card,1234.14,Paid
511624,711624,Credit Card,589.87,Paid
511625,711625,Credit Card,9894.39,Paid
511626,711626,UPI,21386.23,Paid
511627,711627,UPI,39553.12,Paid
511628,711628,Credit Card,19612.15,Paid
511629,711629,UPI,1948.15,Paid
511630,711630,UPI,42445.31,Paid
511631,711631,Debit Card,3727.11,Paid
511632,711632,UPI,4365.37,Paid
511633,711633,Debit Card,5191.7,Paid
511634,711634,UPI,9662.56,Paid
511635,711635,COD,6243.28,Paid
511636,711636,COD,14016.76,Paid
511637,711637,COD,11703.94,Paid
511638,711638,UPI,19570.2,Paid
511639,711639,Net Banking,3423.16,Paid
511640,711640,UPI,409.46,Paid
511641,711641,Credit Card,7302.27,Paid
511642,711642,UPI,557.2,Paid
511643,711643,Net Banking,4287.17,Paid
511644,711644,Debit Card,8326.26,Paid
511645,711645,Net Banking,8563.35,Paid
511646,711646,Net Banking,1561.38,Paid
511647,711647,Net Banking,16000.09,Paid
511648,711648,Debit Card,14532.97,Paid
511649,711649,Debit Card,9403.46,Paid
511650,711650,Credit Card,1067.6,Paid
511651,711651,UPI,1769.61,Paid
511652,711652,UPI,7870.24,Paid
511653,711653,COD,2746.31,Paid
511654,711654,Debit Card,29041.99,Paid
511655,711655,Net Banking,25580.73,Paid
511656,711656,Wallet,32666.77,Paid
511657,711657,COD,1330.29,Paid
511658,711658,Net Banking,7238.13,Paid
511659,711659,UPI,26287.42,Paid
511660,711660,UPI,136593.95,Paid
511661,711661,Credit Card,2709.5,Failed
511662,711662,Debit Card,1723.35,Paid
511663,711663,Credit Card,6850.89,Failed
511664,711664,COD,38476.76,Paid
511665,711665,Debit Card,3186.3,Paid
511666,711666,Credit Card,702.8,Paid
511667,711667,Debit Card,3227.34,Paid
511668,711668,UPI,62649.22,Paid
511669,711669,Credit Card,1643.54,Paid
511670,711670,Net Banking,2271.92,Paid
511671,711671,Debit Card,24337.39,Paid
511672,711672,UPI,21378.59,Paid
511673,711673,UPI,7114.13,Paid
511674,711674,UPI,1133.67,Paid
511675,711675,Debit Card,526.26,Paid
511676,711676,Credit Card,1863.13,Paid
511677,711677,UPI,19737.46,Paid
511678,711678,Wallet,10186.45,Paid
511679,711679,UPI,29797.6,Paid
511680,711680,Credit Card,9003.73,Failed
511681,711681,Debit Card,7772.13,Paid
511682,711682,Credit Card,1206.98,Paid
511683,711683,UPI,27577.29,Paid
511684,711684,Credit Card,2591.55,Paid
511685,711685,UPI,21342.32,Paid
511686,711686,UPI,112109.14,Paid
511687,711687,Wallet,964.84,Paid
511688,711688,Credit Card,2153.97,Paid
511689,711689,COD,12940.04,Paid
511690,711690,UPI,11031.95,Paid
511691,711691,UPI,24494.11,Paid
511692,711692,UPI,15679.59,Paid
511693,711693,UPI,15583.69,Paid
511694,711694,UPI,294.11,Paid
511695,711695,UPI,1520.84,Paid
511696,711696,COD,887.42,Paid
511697,711697,UPI,25663.34,Paid
511698,711698,Debit Card,58133.75,Paid
511699,711699,Debit Card,18506.96,Paid
511700,711700,UPI,3765.71,Paid
511701,711701,UPI,8303.28,Paid
511702,711702,Debit Card,7824.68,Paid
511703,711703,UPI,6490.61,Paid
511704,711704,Wallet,7467.08,Paid
511705,711705,UPI,4234.99,Paid
511706,711706,Credit Card,4172.53,Paid
511707,711707,Debit Card,1648.64,Paid
511708,711708,Credit Card,34379.4,Paid
511709,711709,Credit Card,11100.98,Paid
511710,711710,Credit Card,7046.34,Paid
511711,711711,Debit Card,60645.16,Paid
511712,711712,Credit Card,46705.18,Paid
511713,711713,COD,2834.02,Paid
511714,711714,COD,829.15,Paid
511715,711715,Debit Card,37896.83,Paid
511716,711716,Credit Card,13124.32,Paid
511717,711717,Debit Card,162788.35,Paid
511718,711718,Credit Card,16733.26,Paid
511719,711719,Debit Card,36359.15,Paid
511720,711720,Credit Card,11702.54,Pending
511721,711721,Net Banking,13560.83,Paid
511722,711722,UPI,8329.4,Paid
511723,711723,UPI,3943.51,Pending
511724,711724,Debit Card,1581.43,Paid
511725,711725,Debit Card,8241.87,Paid
511726,711726,UPI,10648.25,Paid
511727,711727,Debit Card,10324.26,Paid
511728,711728,Debit Card,8172.48,Paid
511729,711729,Credit Card,10434.97,Paid
511730,711730,COD,3457.98,Paid
511731,711731,UPI,1129.21,Paid
511732,711732,Credit Card,2309.78,Paid
511733,711733,UPI,2113.58,Paid
511734,711734,Net Banking,3378.24,Paid
511735,711735,UPI,9475.84,Paid
511736,711736,UPI,1894.57,Paid
511737,711737,UPI,564.54,Paid
511738,711738,Credit Card,13055.05,Paid
511739,711739,Net Banking,15770.38,Paid
511740,711740,Debit Card,66493.18,Paid
511741,711741,Credit Card,42420.61,Paid
511742,711742,UPI,12963.19,Paid
511743,711743,UPI,6256.38,Paid
511744,711744,UPI,1955.59,Paid
511745,711745,Net Banking,16390.74,Paid
511746,711746,COD,17013.56,Paid
511747,711747,UPI,56926.48,Paid
511748,711748,UPI,5823.08,Paid
511749,711749,UPI,4956.95,Paid
511750,711750,Credit Card,19838.25,Pending
511751,711751,Debit Card,505.21,Paid
511752,711752,Net Banking,4068.88,Paid
511753,711753,UPI,1667.78,Paid
511754,711754,UPI,46506.35,Paid
511755,711755,UPI,38194.27,Paid
511756,711756,UPI,6805.42,Paid
511757,711757,COD,9855.25,Paid
511758,711758,Net Banking,379.39,Paid
511759,711759,COD,2958.99,Pending
511760,711760,Debit Card,4601.48,Paid
511761,711761,Credit Card,3244.64,Paid
511762,711762,Credit Card,1356.16,Paid
511763,711763,Credit Card,516.56,Paid
511764,711764,Credit Card,7081.24,Paid
511765,711765,COD,7302.76,Paid
511766,711766,UPI,49231.92,Paid
511767,711767,Credit Card,5852.76,Paid
511768,711768,UPI,65912.54,Paid
511769,711769,UPI,472.41,Paid
511770,711770,Debit Card,7997.29,Failed
511771,711771,Credit Card,661.43,Paid
511772,711772,UPI,24924.2,Paid
511773,711773,UPI,2630.44,Paid
511774,711774,UPI,1166.68,Paid
511775,711775,Credit Card,5027.7,Paid
511776,711776,COD,19003.5,Paid
511777,711777,UPI,8479.57,Paid
511778,711778,COD,10549.1,Paid
511779,711779,Wallet,42332.48,Paid
511780,711780,Debit Card,37480.36,Paid
511781,711781,Debit Card,1655.27,Paid
511782,711782,UPI,6161.27,Paid
511783,711783,Credit Card,5249.86,Paid
511784,711784,Net Banking,6427.85,Paid
511785,711785,UPI,35451.99,Paid
511786,711786,Debit Card,20753.94,Paid
511787,711787,UPI,14159.23,Paid
511788,711788,Debit Card,7492.1,Paid
511789,711789,UPI,177075.86,Paid
511790,711790,Credit Card,31294.67,Paid
511791,711791,COD,112815.23,Paid
511792,711792,Credit Card,34230.14,Paid
511793,711793,Credit Card,1897.71,Paid
511794,711794,Credit Card,25627.49,Failed
511795,711795,Wallet,9328.99,Paid
511796,711796,Debit Card,25351.72,Failed
511797,711797,Net Banking,10893.99,Paid
511798,711798,Net Banking,1595.74,Paid
511799,711799,UPI,44049.61,Paid
511800,711800,UPI,2887.72,Paid
511801,711801,Net Banking,3503.65,Paid
511802,711802,Credit Card,3643.07,Paid
511803,711803,Credit Card,10294.67,Paid
511804,711804,UPI,5107.53,Paid
511805,711805,UPI,729.31,Paid
511806,711806,UPI,27669.14,Paid
511807,711807,Net Banking,16673.94,Paid
511808,711808,Credit Card,3753.75,Paid
511809,711809,COD,5953.75,Paid
511810,711810,Net Banking,3287.08,Paid
511811,711811,UPI,3351.8,Paid
511812,711812,UPI,23023.6,Paid
511813,711813,Credit Card,7503.27,Paid
511814,711814,Credit Card,12549.06,Paid
511815,711815,UPI,9341.45,Paid
511816,711816,Credit Card,634.05,Paid
511817,711817,Credit Card,30477.6,Paid
511818,711818,UPI,11594.41,Paid
511819,711819,UPI,1333.54,Paid
511820,711820,Credit Card,34013.84,Paid
511821,711821,UPI,3458.17,Pending
511822,711822,UPI,11081.74,Paid
511823,711823,UPI,2040.61,Paid
511824,711824,UPI,20541.72,Paid
511825,711825,Credit Card,67934.18,Paid
511826,711826,COD,1999.79,Paid
511827,711827,UPI,57967.0,Paid
511828,711828,UPI,5898.69,Paid
511829,711829,UPI,12569.94,Failed
511830,711830,COD,7588.0,Paid
511831,711831,UPI,533.94,Paid
511832,711832,Credit Card,965.14,Paid
511833,711833,Net Banking,7512.59,Failed
511834,711834,UPI,23186.09,Paid
511835,711835,Debit Card,695.77,Paid
511836,711836,COD,30097.83,Paid
511837,711837,Credit Card,9260.4,Paid
511838,711838,COD,109514.67,Paid
511839,711839,Credit Card,486.23,Paid
511840,711840,COD,6296.83,Paid
511841,711841,UPI,4319.12,Paid
511842,711842,Debit Card,6420.66,Paid
511843,711843,COD,5461.55,Paid
511844,711844,UPI,15543.48,Paid
511845,711845,Debit Card,185226.05,Paid
511846,711846,COD,7023.29,Paid
511847,711847,COD,7560.62,Paid
511848,711848,Net Banking,1400.02,Paid
511849,711849,COD,5492.76,Paid
511850,711850,UPI,3955.65,Paid
511851,711851,Credit Card,9322.63,Paid
511852,711852,UPI,7473.82,Paid
511853,711853,Debit Card,696.09,Paid
511854,711854,Debit Card,355.37,Paid
511855,711855,COD,66926.13,Paid
511856,711856,COD,28564.19,Paid
511857,711857,Credit Card,12876.74,Paid
511858,711858,Net Banking,1610.35,Paid
511859,711859,UPI,27643.2,Paid
511860,711860,Credit Card,22149.46,Failed
511861,711861,Credit Card,5835.61,Paid
511862,711862,UPI,1607.74,Paid
511863,711863,UPI,2640.63,Paid
511864,711864,Wallet,9474.44,Paid
511865,711865,COD,212169.79,Paid
511866,711866,COD,6833.52,Paid
511867,711867,Net Banking,1201.16,Paid
511868,711868,Credit Card,8344.98,Paid
511869,711869,UPI,28830.42,Paid
511870,711870,UPI,122252.37,Paid
511871,711871,COD,39979.75,Paid
511872,711872,UPI,5022.53,Paid
511873,711873,UPI,9985.98,Paid
511874,711874,Credit Card,2808.9,Paid
511875,711875,Credit Card,3943.51,Paid
511876,711876,Credit Card,46078.21,Paid
511877,711877,COD,23055.51,Paid
511878,711878,Credit Card,16704.68,Paid
511879,711879,UPI,66744.1,Paid
511880,711880,Credit Card,160090.77,Paid
511881,711881,UPI,319.83,Paid
511882,711882,UPI,73479.99,Paid
511883,711883,UPI,31727.04,Paid
511884,711884,Debit Card,36137.71,Paid
511885,711885,Debit Card,1472.05,Paid
511886,711886,Credit Card,431.2,Paid
511887,711887,Credit Card,1544.22,Paid
511888,711888,Credit Card,4459.74,Paid
511889,711889,UPI,7194.4,Paid
511890,711890,Credit Card,10673.08,Paid
511891,711891,Wallet,88252.86,Paid
511892,711892,UPI,1578.77,Pending
511893,711893,Wallet,639.3,Paid
511894,711894,UPI,1515.77,Paid
511895,711895,UPI,998.08,Paid
511896,711896,UPI,3101.21,Paid
511897,711897,Credit Card,8695.81,Paid
511898,711898,Credit Card,24406.59,Paid
511899,711899,UPI,26558.06,Paid
511900,711900,Credit Card,2033.06,Paid
511901,711901,Credit Card,13130.22,Paid
511902,711902,UPI,17442.72,Failed
511903,711903,Debit Card,43515.33,Paid
511904,711904,Credit Card,3958.35,Paid
511905,711905,Credit Card,12813.55,Paid
511906,711906,Net Banking,6577.8,Failed
511907,711907,COD,35956.57,Failed
511908,711908,UPI,13314.65,Paid
511909,711909,UPI,22557.57,Paid
511910,711910,Net Banking,11244.58,Paid
511911,711911,UPI,10016.15,Paid
511912,711912,UPI,1575.85,Paid
511913,711913,UPI,4403.62,Paid
511914,711914,UPI,1657.9,Paid
511915,711915,UPI,780.89,Paid
511916,711916,Net Banking,557.2,Paid
511917,711917,UPI,1057.97,Paid
511918,711918,UPI,66662.09,Paid
511919,711919,COD,6097.27,Paid
511920,711920,Credit Card,5515.98,Paid
511921,711921,Debit Card,674.46,Paid
511922,711922,UPI,9423.58,Paid
511923,711923,Debit Card,4682.92,Paid
511924,711924,Debit Card,2976.93,Paid
511925,711925,UPI,5187.5,Paid
511926,711926,Debit Card,8550.39,Paid
511927,711927,UPI,8972.49,Paid
511928,711928,Credit Card,3066.96,Pending
511929,711929,Credit Card,2149.6,Paid
511930,711930,Credit Card,882.85,Paid
511931,711931,Credit Card,21099.12,Paid
511932,711932,UPI,5859.99,Paid
511933,711933,COD,11947.32,Paid
511934,711934,COD,9768.42,Paid
511935,711935,Wallet,6639.84,Paid
511936,711936,COD,66361.9,Paid
511937,711937,COD,1812.97,Paid
511938,711938,Wallet,16307.32,Paid
511939,711939,Debit Card,7446.36,Paid
511940,711940,COD,11129.06,Paid
511941,711941,Credit Card,9228.43,Paid
511942,711942,Debit Card,11906.84,Paid
511943,711943,UPI,6993.14,Paid
511944,711944,UPI,7538.86,Paid
511945,711945,COD,1575.76,Pending
511946,711946,Credit Card,3992.48,Paid
511947,711947,UPI,9870.69,Paid
511948,711948,Credit Card,10414.29,Paid
511949,711949,UPI,577.46,Paid
511950,711950,UPI,8443.76,Paid
511951,711951,Net Banking,4122.85,Paid
511952,711952,UPI,14749.99,Paid
511953,711953,UPI,1045.46,Paid
511954,711954,UPI,15935.43,Paid
511955,711955,Credit Card,1575.16,Paid
511956,711956,UPI,10651.96,Paid
511957,711957,Credit Card,9937.51,Paid
511958,711958,Debit Card,8768.98,Paid
511959,711959,Debit Card,7920.12,Paid
511960,711960,Credit Card,22660.29,Paid
511961,711961,UPI,44910.8,Paid
511962,711962,Debit Card,5936.65,Paid
511963,711963,Debit Card,11260.74,Paid
511964,711964,UPI,3892.11,Paid
511965,711965,UPI,1316.67,Paid
511966,711966,Net Banking,16929.77,Paid
511967,711967,UPI,3723.56,Paid
511968,711968,Net Banking,72076.32,Paid
511969,711969,Debit Card,29798.36,Paid
511970,711970,COD,7811.9,Paid
511971,711971,Credit Card,5752.13,Paid
511972,711972,Credit Card,8443.76,Paid
511973,711973,Wallet,5668.41,Paid
511974,711974,UPI,34864.49,Paid
511975,711975,Credit Card,2168.0,Paid
511976,711976,UPI,6199.85,Paid
511977,711977,Debit Card,124990.48,Paid
511978,711978,Debit Card,1236.63,Paid
511979,711979,UPI,3701.77,Paid
511980,711980,UPI,6486.87,Paid
511981,711981,Debit Card,9902.98,Paid
511982,711982,UPI,8883.39,Paid
511983,711983,UPI,5158.21,Paid
511984,711984,UPI,790.41,Paid
511985,711985,UPI,4189.98,Paid
511986,711986,Credit Card,466.98,Paid
511987,711987,Credit Card,2296.56,Paid
511988,711988,Wallet,45897.58,Paid
511989,711989,UPI,6199.21,Paid
511990,711990,COD,18801.82,Paid
511991,711991,COD,3171.22,Paid
511992,711992,Debit Card,63658.49,Paid
511993,711993,UPI,4026.68,Paid
511994,711994,Credit Card,4318.99,Paid
511995,711995,UPI,3804.71,Paid
511996,711996,UPI,22363.42,Paid
511997,711997,COD,26489.22,Paid
511998,711998,UPI,83383.05,Paid
511999,711999,UPI,2146.49,Paid
512000,712000,UPI,47609.15,Paid
512001,712001,Net Banking,2053.9,Paid
512002,712002,UPI,9423.58,Paid
512003,712003,COD,7148.58,Pending
512004,712004,Credit Card,24681.47,Paid
512005,712005,UPI,622.64,Paid
512006,712006,Debit Card,12046.59,Paid
512007,712007,Credit Card,4061.53,Paid
512008,712008,UPI,13634.61,Paid
512009,712009,Debit Card,419.53,Paid
512010,712010,COD,1277.1,Paid
512011,712011,Credit Card,850.36,Paid
512012,712012,Net Banking,695.77,Paid
512013,712013,Debit Card,2585.28,Paid
512014,712014,Wallet,26676.35,Paid
512015,712015,Debit Card,3048.02,Paid
512016,712016,UPI,10288.77,Pending
512017,712017,Wallet,5720.56,Paid
512018,712018,Debit Card,5707.23,Paid
512019,712019,UPI,24314.92,Pending
512020,712020,Credit Card,8932.24,Paid
512021,712021,Credit Card,46680.48,Paid
512022,712022,Credit Card,7644.05,Paid
512023,712023,UPI,7387.99,Paid
512024,712024,COD,18308.12,Paid
512025,712025,UPI,57551.48,Paid
512026,712026,UPI,1698.06,Paid
512027,712027,UPI,2755.6,Paid
512028,712028,UPI,4215.18,Paid
512029,712029,UPI,2521.76,Paid
512030,712030,Debit Card,6833.71,Failed
512031,712031,UPI,529.34,Failed
512032,712032,UPI,32235.29,Paid
512033,712033,Net Banking,2109.0,Paid
512034,712034,Debit Card,11643.8,Paid
512035,712035,Net Banking,16204.38,Paid
512036,712036,Net Banking,113503.97,Paid
512037,712037,Net Banking,758.71,Paid
512038,712038,UPI,10344.9,Paid
512039,712039,UPI,6654.22,Paid
512040,712040,Credit Card,992.39,Paid
512041,712041,Net Banking,3577.42,Paid
512042,712042,UPI,4122.85,Failed
512043,712043,Credit Card,14763.5,Failed
512044,712044,UPI,456.57,Paid
512045,712045,UPI,7234.57,Paid
512046,712046,UPI,8776.4,Paid
512047,712047,Debit Card,4852.52,Paid
512048,712048,Net Banking,5515.98,Paid
512049,712049,UPI,9313.77,Paid
512050,712050,Credit Card,831.7,Paid
512051,712051,COD,28753.87,Paid
512052,712052,Credit Card,3226.78,Paid
512053,712053,UPI,2566.9,Paid
512054,712054,UPI,23038.66,Paid
512055,712055,UPI,7866.16,Failed
512056,712056,COD,5325.35,Paid
512057,712057,Credit Card,18439.59,Paid
512058,712058,UPI,1076.99,Paid
512059,712059,Net Banking,1815.67,Paid
512060,712060,UPI,2325.0,Paid
512061,712061,UPI,11309.75,Paid
512062,712062,UPI,9624.93,Paid
512063,712063,UPI,3016.21,Paid
512064,712064,Credit Card,39785.36,Paid
512065,712065,COD,73095.06,Paid
512066,712066,UPI,5255.03,Paid
512067,712067,Credit Card,15431.42,Paid
512068,712068,UPI,186546.05,Paid
512069,712069,UPI,33473.34,Paid
512070,712070,Credit Card,21485.61,Pending
512071,712071,Debit Card,2820.89,Pending
512072,712072,UPI,8513.76,Paid
512073,712073,Debit Card,4023.69,Paid
512074,712074,Credit Card,4291.41,Paid
512075,712075,Credit Card,4848.16,Paid
512076,712076,Credit Card,4704.3,Paid
512077,712077,Debit Card,32507.31,Paid
512078,712078,UPI,12587.16,Paid
512079,712079,UPI,1706.75,Paid
512080,712080,Debit Card,21722.23,Paid
512081,712081,UPI,9711.18,Paid
512082,712082,UPI,19914.23,Paid
512083,712083,Credit Card,5192.49,Failed
512084,712084,COD,2591.42,Paid
512085,712085,UPI,1948.8,Paid
512086,712086,Debit Card,4702.95,Paid
512087,712087,UPI,853.37,Paid
512088,712088,Credit Card,16026.73,Paid
512089,712089,Debit Card,7554.94,Paid
512090,712090,COD,7156.35,Paid
512091,712091,UPI,103659.48,Paid
512092,712092,COD,1404.45,Paid
512093,712093,Credit Card,3301.65,Paid
512094,712094,UPI,3519.49,Paid
512095,712095,UPI,6720.77,Paid
512096,712096,Credit Card,1021.68,Paid
512097,712097,Net Banking,2282.11,Paid
512098,712098,Debit Card,8010.31,Paid
512099,712099,COD,19959.16,Paid
512100,712100,UPI,3887.09,Paid
512101,712101,UPI,54829.76,Paid
512102,712102,UPI,14415.01,Paid
512103,712103,COD,5737.49,Paid
512104,712104,Debit Card,7008.17,Paid
512105,712105,Credit Card,6296.83,Paid
512106,712106,COD,22657.76,Paid
512107,712107,UPI,106549.18,Paid
512108,712108,Credit Card,2403.75,Paid
512109,712109,UPI,46707.98,Paid
512110,712110,Credit Card,7078.43,Paid
512111,712111,UPI,1386.59,Paid
512112,712112,Net Banking,6025.14,Paid
512113,712113,Debit Card,41946.59,Paid
512114,712114,UPI,7836.27,Paid
512115,712115,Net Banking,3109.7,Paid
512116,712116,UPI,5979.11,Paid
512117,712117,Credit Card,3089.04,Paid
512118,712118,Credit Card,5978.9,Paid
512119,712119,Wallet,2811.78,Paid
512120,712120,Credit Card,29109.83,Paid
512121,712121,COD,2824.28,Paid
512122,712122,UPI,3741.13,Paid
512123,712123,Debit Card,1115.5,Paid
512124,712124,Net Banking,11967.04,Paid
512125,712125,Credit Card,22424.3,Paid
512126,712126,COD,5478.72,Paid
512127,712127,COD,57437.64,Paid
512128,712128,Net Banking,5802.98,Paid
512129,712129,Credit Card,7912.88,Paid
512130,712130,Credit Card,14163.91,Failed
512131,712131,UPI,1882.67,Paid
512132,712132,UPI,428.15,Paid
512133,712133,UPI,15141.3,Paid
512134,712134,Debit Card,60360.97,Paid
512135,712135,UPI,56118.41,Paid
512136,712136,Wallet,14422.07,Paid
512137,712137,UPI,12279.29,Paid
512138,712138,UPI,20488.43,Paid
512139,712139,COD,923.94,Paid
512140,712140,Credit Card,70642.68,Paid
512141,712141,COD,3403.89,Paid
512142,712142,Debit Card,2102.93,Paid
512143,712143,Credit Card,3304.92,Paid
512144,712144,UPI,8715.53,Paid
512145,712145,Credit Card,6766.98,Paid
512146,712146,Debit Card,16027.24,Paid
512147,712147,UPI,12725.67,Paid
512148,712148,COD,2317.53,Paid
512149,712149,COD,43337.29,Failed
512150,712150,COD,50400.49,Paid
512151,712151,COD,2585.28,Failed
512152,712152,Credit Card,1555.58,Paid
512153,712153,Net Banking,4395.15,Paid
512154,712154,UPI,32630.74,Paid
512155,712155,UPI,5802.98,Paid
512156,712156,Net Banking,10043.49,Paid
512157,712157,Net Banking,1323.57,Paid
512158,712158,UPI,1088.72,Paid
512159,712159,UPI,8786.89,Paid
512160,712160,UPI,37588.03,Paid
512161,712161,Credit Card,1357.15,Paid
512162,712162,COD,11188.13,Paid
512163,712163,UPI,3104.59,Paid
512164,712164,UPI,11985.54,Paid
512165,712165,UPI,12122.9,Paid
512166,712166,UPI,27724.96,Paid
512167,712167,UPI,8202.57,Paid
512168,712168,UPI,1584.68,Paid
512169,712169,Debit Card,55338.28,Paid
512170,712170,Wallet,1231.72,Paid
512171,712171,COD,16155.32,Paid
512172,712172,COD,21942.84,Paid
512173,712173,Credit Card,1316.67,Paid
512174,712174,Credit Card,18909.85,Paid
512175,712175,Debit Card,3058.37,Paid
512176,712176,UPI,13279.03,Paid
512177,712177,Debit Card,22911.23,Paid
512178,712178,UPI,2644.72,Paid
512179,712179,Debit Card,15595.04,Paid
512180,712180,UPI,5082.84,Paid
512181,712181,UPI,28271.9,Paid
512182,712182,UPI,32274.28,Paid
512183,712183,Credit Card,2303.54,Paid
512184,712184,Credit Card,8933.59,Paid
512185,712185,COD,5179.19,Paid
512186,712186,Debit Card,2462.08,Paid
512187,712187,Net Banking,7861.89,Pending
512188,712188,Credit Card,14320.98,Paid
512189,712189,UPI,9630.94,Paid
512190,712190,Debit Card,10485.43,Paid
512191,712191,Credit Card,279.23,Paid
512192,712192,Debit Card,160632.28,Paid
512193,712193,Debit Card,4693.49,Paid
512194,712194,UPI,5158.21,Paid
512195,712195,Debit Card,456.17,Pending
512196,712196,COD,14754.48,Paid
512197,712197,Debit Card,1676.05,Paid
512198,712198,Credit Card,35957.08,Paid
512199,712199,COD,631.24,Paid
512200,712200,Credit Card,28456.17,Paid
512201,712201,UPI,9271.14,Paid
512202,712202,UPI,2616.27,Paid
512203,712203,UPI,22804.59,Failed
512204,712204,UPI,1088.72,Paid
512205,712205,Credit Card,1575.16,Paid
512206,712206,UPI,10983.25,Paid
512207,712207,Net Banking,6424.2,Paid
512208,712208,UPI,4215.44,Paid
512209,712209,Net Banking,10919.19,Paid
512210,712210,UPI,16591.81,Paid
512211,712211,Wallet,884.42,Paid
512212,712212,Credit Card,154734.73,Paid
512213,712213,Credit Card,21337.24,Paid
512214,712214,Credit Card,3446.99,Pending
512215,712215,Credit Card,1739.58,Paid
512216,712216,Debit Card,6625.1,Paid
512217,712217,UPI,430.83,Paid
512218,712218,Net Banking,24532.49,Paid
512219,712219,UPI,1288.4,Paid
512220,712220,Debit Card,3896.76,Paid
512221,712221,UPI,1462.39,Paid
512222,712222,Credit Card,13076.26,Paid
512223,712223,UPI,903.57,Paid
512224,712224,Net Banking,5762.48,Paid
512225,712225,UPI,6922.58,Paid
512226,712226,Credit Card,4419.66,Paid
512227,712227,COD,939.7,Paid
512228,712228,Credit Card,1251.49,Paid
512229,712229,UPI,52901.74,Paid
512230,712230,COD,798.64,Paid
512231,712231,Debit Card,190900.77,Paid
512232,712232,UPI,243.5,Paid
512233,712233,UPI,8543.35,Paid
512234,712234,UPI,3020.9,Paid
512235,712235,Credit Card,3214.78,Paid
512236,712236,UPI,65636.57,Paid
512237,712237,UPI,23814.1,Paid
512238,712238,Credit Card,1494.62,Paid
512239,712239,UPI,6741.6,Paid
512240,712240,Debit Card,462.38,Paid
512241,712241,Debit Card,851.65,Paid
512242,712242,Credit Card,8668.19,Paid
512243,712243,UPI,35803.3,Paid
512244,712244,UPI,65636.57,Paid
512245,712245,UPI,56001.33,Paid
512246,712246,UPI,1648.13,Paid
512247,712247,UPI,4356.55,Paid
512248,712248,Credit Card,22812.54,Paid
512249,712249,Wallet,974.89,Paid
512250,712250,COD,7138.17,Paid
512251,712251,COD,3757.22,Paid
512252,712252,UPI,6340.12,Paid
512253,712253,Credit Card,11138.65,Paid
512254,712254,Net Banking,1642.3,Paid
512255,712255,UPI,1712.05,Paid
512256,712256,UPI,1719.03,Paid
512257,712257,Credit Card,2955.6,Paid
512258,712258,Wallet,21235.28,Paid
512259,712259,Net Banking,1483.69,Paid
512260,712260,UPI,17279.42,Paid
512261,712261,UPI,873.69,Paid
512262,712262,UPI,8962.07,Paid
512263,712263,Debit Card,97396.42,Paid
512264,712264,UPI,20115.79,Paid
512265,712265,Credit Card,2162.21,Paid
512266,712266,COD,591.4,Paid
512267,712267,Debit Card,63595.83,Paid
512268,712268,Debit Card,17279.43,Paid
512269,712269,UPI,4513.56,Paid
512270,712270,UPI,12653.68,Paid
512271,712271,Credit Card,6602.99,Paid
512272,712272,Wallet,2373.42,Paid
512273,712273,UPI,21311.14,Paid
512274,712274,Credit Card,55528.93,Paid
512275,712275,UPI,34472.15,Pending
512276,712276,UPI,14123.44,Paid
512277,712277,UPI,55258.35,Paid
512278,712278,Debit Card,2441.65,Paid
512279,712279,UPI,9275.53,Paid
512280,712280,Credit Card,1031.42,Paid
512281,712281,Credit Card,3052.14,Paid
512282,712282,UPI,2321.94,Paid
512283,712283,Credit Card,897.6,Paid
512284,712284,Credit Card,57503.38,Paid
512285,712285,UPI,7386.14,Paid
512286,712286,Debit Card,28869.25,Paid
512287,712287,UPI,76758.19,Paid
512288,712288,Debit Card,4854.47,Paid
512289,712289,COD,1356.16,Paid
512290,712290,UPI,23523.76,Paid
512291,712291,Debit Card,2641.2,Paid
512292,712292,UPI,55850.35,Paid
512293,712293,Credit Card,2671.07,Paid
512294,712294,UPI,2597.73,Paid
512295,712295,Net Banking,11144.01,Paid
512296,712296,UPI,2401.08,Failed
512297,712297,UPI,5861.44,Paid
512298,712298,Debit Card,67193.52,Paid
512299,712299,Debit Card,6447.35,Paid
512300,712300,COD,87281.46,Paid
512301,712301,COD,6562.59,Paid
512302,712302,UPI,1587.7,Paid
512303,712303,COD,33278.29,Paid
512304,712304,COD,108973.59,Failed
512305,712305,Debit Card,12741.3,Paid
512306,712306,UPI,2741.13,Paid
512307,712307,Net Banking,4417.91,Paid
512308,712308,Net Banking,9302.47,Failed
512309,712309,Debit Card,14156.86,Paid
512310,712310,UPI,58407.53,Paid
512311,712311,Credit Card,19971.95,Paid
512312,712312,Debit Card,54886.02,Paid
512313,712313,UPI,6385.2,Paid
512314,712314,Debit Card,12313.04,Paid
512315,712315,UPI,4529.82,Paid
512316,712316,Credit Card,64417.58,Paid
512317,712317,Credit Card,5874.28,Paid
512318,712318,Debit Card,22191.06,Paid
512319,712319,Wallet,6768.24,Paid
512320,712320,Credit Card,13275.48,Paid
512321,712321,Credit Card,127164.37,Paid
512322,712322,Credit Card,7867.29,Paid
512323,712323,Debit Card,20788.3,Paid
512324,712324,Net Banking,10098.24,Paid
512325,712325,COD,47165.26,Paid
512326,712326,UPI,19987.78,Paid
512327,712327,UPI,7789.08,Paid
512328,712328,Debit Card,18082.87,Paid
512329,712329,Credit Card,7335.26,Paid
512330,712330,Debit Card,5981.99,Paid
512331,712331,Debit Card,2185.3,Failed
512332,712332,Debit Card,994.09,Paid
512333,712333,UPI,1109.27,Paid
512334,712334,Debit Card,25391.71,Paid
512335,712335,Net Banking,1689.82,Paid
512336,712336,UPI,3075.59,Paid
512337,712337,UPI,3825.91,Paid
512338,712338,COD,60119.38,Paid
512339,712339,UPI,8044.08,Paid
512340,712340,COD,29614.42,Failed
512341,712341,UPI,74133.64,Paid
512342,712342,COD,71745.73,Paid
512343,712343,Wallet,10451.32,Paid
512344,712344,Credit Card,4639.33,Paid
512345,712345,UPI,8105.46,Paid
512346,712346,Credit Card,21273.21,Paid
512347,712347,Net Banking,43468.24,Paid
512348,712348,Credit Card,6533.64,Paid
512349,712349,UPI,7977.92,Paid
512350,712350,Net Banking,1507.49,Paid
512351,712351,UPI,5635.51,Paid
512352,712352,UPI,7715.86,Paid
512353,712353,UPI,7131.84,Paid
512354,712354,Debit Card,5480.6,Paid
512355,712355,Credit Card,14276.34,Failed
512356,712356,Net Banking,3688.44,Paid
512357,712357,Credit Card,1803.49,Paid
512358,712358,UPI,16068.24,Paid
512359,712359,Debit Card,6125.32,Failed
512360,712360,Debit Card,8428.0,Paid
512361,712361,COD,4903.28,Paid
512362,712362,Debit Card,5282.84,Pending
512363,712363,Wallet,13395.78,Paid
512364,712364,UPI,4051.11,Paid
512365,712365,Credit Card,942.88,Paid
512366,712366,Debit Card,6435.82,Pending
512367,712367,UPI,138182.26,Paid
512368,712368,UPI,7899.94,Paid
512369,712369,Credit Card,11373.48,Failed
512370,712370,Wallet,23561.51,Paid
512371,712371,Wallet,53284.6,Paid
512372,712372,Credit Card,6436.39,Paid
512373,712373,UPI,2320.3,Paid
512374,712374,Debit Card,1825.69,Paid
512375,712375,COD,6881.65,Paid
512376,712376,Credit Card,2667.17,Paid
512377,712377,Debit Card,13426.2,Paid
512378,712378,UPI,27814.31,Failed
512379,712379,UPI,75869.59,Paid
512380,712380,UPI,405.34,Paid
512381,712381,Credit Card,2383.11,Paid
512382,712382,UPI,1052.51,Paid
512383,712383,Debit Card,4933.59,Paid
512384,712384,Credit Card,7078.43,Paid
512385,712385,COD,37415.28,Paid
512386,712386,Debit Card,951.84,Paid
512387,712387,Debit Card,3467.39,Paid
512388,712388,Credit Card,4682.92,Paid
512389,712389,Credit Card,10460.54,Paid
512390,712390,UPI,2630.59,Paid
512391,712391,Credit Card,21145.21,Paid
512392,712392,COD,891.52,Paid
512393,712393,Credit Card,4789.69,Paid
512394,712394,UPI,38471.13,Failed
512395,712395,UPI,6600.09,Paid
512396,712396,UPI,4587.17,Paid
512397,712397,Debit Card,19836.38,Paid
512398,712398,UPI,14241.62,Paid
512399,712399,Net Banking,2712.32,Paid
512400,712400,UPI,11454.2,Paid
512401,712401,UPI,2913.22,Paid
512402,712402,Credit Card,9033.59,Paid
512403,712403,UPI,931.94,Paid
512404,712404,COD,5798.58,Paid
512405,712405,Wallet,6529.67,Paid
512406,712406,UPI,858.28,Paid
512407,712407,Wallet,2584.59,Paid
512408,712408,COD,3516.92,Paid
512409,712409,UPI,10117.96,Paid
512410,712410,UPI,2994.59,Paid
512411,712411,UPI,4621.61,Paid
512412,712412,COD,1686.51,Paid
512413,712413,Wallet,3520.89,Paid
512414,712414,Credit Card,12979.36,Paid
512415,712415,Credit Card,1676.32,Paid
512416,712416,UPI,18164.01,Failed
512417,712417,Net Banking,77532.91,Paid
512418,712418,COD,3200.64,Pending
512419,712419,UPI,15920.51,Paid
512420,712420,COD,27490.4,Failed
512421,712421,Credit Card,1899.86,Paid
512422,712422,Net Banking,1207.71,Paid
512423,712423,Wallet,29647.47,Paid
512424,712424,UPI,1771.79,Paid
512425,712425,COD,17198.06,Pending
512426,712426,Debit Card,2981.01,Paid
512427,712427,Debit Card,8337.88,Paid
512428,712428,Wallet,42875.54,Paid
512429,712429,COD,2833.3,Paid
512430,712430,Debit Card,3274.75,Failed
512431,712431,COD,1594.98,Paid
512432,712432,Credit Card,3564.97,Paid
512433,712433,UPI,125585.71,Paid
512434,712434,UPI,10037.5,Paid
512435,712435,UPI,1242.22,Paid
512436,712436,COD,6714.42,Paid
512437,712437,Debit Card,4291.41,Paid
512438,712438,UPI,33664.62,Paid
512439,712439,UPI,34776.36,Paid
512440,712440,UPI,720.25,Paid
512441,712441,Credit Card,936.79,Paid
512442,712442,Debit Card,6796.23,Paid
512443,712443,Net Banking,2598.18,Paid
512444,712444,UPI,12185.39,Paid
512445,712445,UPI,406.71,Paid
512446,712446,UPI,162805.09,Paid
512447,712447,UPI,6984.15,Paid
512448,712448,COD,1504.44,Paid
512449,712449,Net Banking,8059.69,Paid
512450,712450,COD,5948.48,Paid
512451,712451,UPI,30895.99,Paid
512452,712452,COD,14148.07,Paid
512453,712453,Credit Card,40877.16,Paid
512454,712454,Credit Card,7800.5,Paid
512455,712455,UPI,21635.2,Paid
512456,712456,UPI,9399.85,Paid
512457,712457,UPI,16501.74,Paid
512458,712458,UPI,3565.92,Paid
512459,712459,UPI,31253.53,Paid
512460,712460,UPI,15557.16,Paid
512461,712461,Credit Card,506.86,Paid
512462,712462,UPI,32666.77,Paid
512463,712463,Net Banking,3317.75,Paid
512464,712464,COD,69523.63,Paid
512465,712465,Debit Card,5126.02,Paid
512466,712466,Debit Card,7897.76,Paid
512467,712467,Credit Card,1109.27,Failed
512468,712468,Net Banking,674.97,Paid
512469,712469,UPI,2013.82,Paid
512470,712470,UPI,2082.75,Paid
512471,712471,UPI,2810.8,Paid
512472,712472,UPI,1439.98,Paid
512473,712473,UPI,24740.26,Paid
512474,712474,Credit Card,1510.81,Paid
512475,712475,Debit Card,5223.8,Paid
512476,712476,Credit Card,46111.44,Paid
512477,712477,UPI,21038.95,Paid
512478,712478,UPI,23399.06,Paid
512479,712479,Credit Card,37528.16,Paid
512480,712480,Credit Card,47932.22,Paid
512481,712481,Wallet,780.89,Paid
512482,712482,UPI,1348.98,Paid
512483,712483,Credit Card,7716.97,Paid
512484,712484,Debit Card,584.73,Pending
512485,712485,UPI,7962.51,Paid
512486,712486,Debit Card,57110.65,Paid
512487,712487,Debit Card,2673.35,Paid
512488,712488,Credit Card,9662.76,Paid
512489,712489,Credit Card,38960.59,Paid
512490,712490,Credit Card,4642.83,Paid
512491,712491,UPI,887.97,Paid
512492,712492,Debit Card,99030.15,Paid
512493,712493,COD,15270.97,Paid
512494,712494,COD,19251.63,Paid
512495,712495,UPI,50527.5,Paid
512496,712496,Net Banking,3467.39,Paid
512497,712497,Credit Card,33473.34,Paid
512498,712498,UPI,9192.12,Paid
512499,712499,Debit Card,3389.14,Paid
512500,712500,COD,9855.25,Paid
512501,712501,Debit Card,1747.72,Paid
512502,712502,Debit Card,1905.8,Paid
512503,712503,Net Banking,2168.0,Paid
512504,712504,UPI,19178.62,Paid
512505,712505,COD,16915.4,Paid
512506,712506,Debit Card,54791.47,Paid
512507,712507,UPI,248.6,Paid
512508,712508,UPI,199444.01,Paid
512509,712509,Net Banking,6490.61,Paid
512510,712510,UPI,51007.67,Paid
512511,712511,Wallet,8026.55,Paid
512512,712512,Debit Card,705.67,Paid
512513,712513,COD,24057.09,Paid
512514,712514,Credit Card,71736.82,Paid
512515,712515,Credit Card,2168.0,Paid
512516,712516,UPI,9934.26,Paid
512517,712517,UPI,3122.73,Paid
512518,712518,Debit Card,11213.76,Paid
512519,712519,Debit Card,26470.12,Paid
512520,712520,Credit Card,2201.74,Paid
512521,712521,Credit Card,14078.57,Paid
512522,712522,Credit Card,3424.5,Paid
512523,712523,UPI,5339.89,Pending
512524,712524,UPI,6993.14,Pending
512525,712525,UPI,7366.75,Paid
512526,712526,Debit Card,51234.55,Paid
512527,712527,Net Banking,34976.04,Failed
512528,712528,UPI,6270.75,Failed
512529,712529,Credit Card,5008.0,Paid
512530,712530,UPI,17308.5,Paid
512531,712531,Credit Card,22636.81,Paid
512532,712532,Debit Card,38573.56,Paid
512533,712533,UPI,12668.45,Paid
512534,712534,UPI,4524.66,Paid
512535,712535,Net Banking,255.91,Paid
512536,712536,UPI,9254.29,Paid
512537,712537,UPI,3797.59,Paid
512538,712538,Credit Card,811.81,Failed
512539,712539,Debit Card,11957.8,Paid
512540,712540,UPI,4427.75,Paid
512541,712541,Credit Card,1624.07,Paid
512542,712542,UPI,53744.9,Pending
512543,712543,UPI,11712.19,Paid
512544,712544,Credit Card,481.52,Paid
512545,712545,Wallet,17860.9,Paid
512546,712546,Debit Card,7064.41,Paid
512547,712547,Credit Card,3941.23,Paid
512548,712548,Net Banking,4058.41,Failed
512549,712549,COD,36868.62,Paid
512550,712550,Credit Card,1925.6,Paid
512551,712551,UPI,3109.7,Paid
512552,712552,UPI,7078.43,Failed
512553,712553,Debit Card,1021.68,Paid
512554,712554,Debit Card,63625.64,Paid
512555,712555,COD,481.52,Paid
512556,712556,UPI,36359.51,Paid
512557,712557,UPI,13249.71,Paid
512558,712558,UPI,5120.93,Paid
512559,712559,UPI,1124.34,Paid
512560,712560,Debit Card,4469.06,Paid
512561,712561,UPI,21086.49,Pending
512562,712562,Credit Card,13786.25,Paid
512563,712563,COD,1364.42,Paid
512564,712564,UPI,43155.41,Paid
512565,712565,UPI,9078.32,Paid
512566,712566,Net Banking,20641.66,Paid
512567,712567,COD,52902.49,Paid
512568,712568,Credit Card,37495.77,Paid
512569,712569,UPI,80698.68,Paid
512570,712570,Net Banking,1310.55,Paid
512571,712571,Wallet,1487.65,Paid
512572,712572,UPI,12616.36,Paid
512573,712573,UPI,74385.2,Paid
512574,712574,UPI,6606.36,Paid
512575,712575,Net Banking,14234.11,Paid
512576,712576,Net Banking,6214.17,Paid
512577,712577,UPI,1926.05,Paid
512578,712578,UPI,2599.16,Paid
512579,712579,UPI,1106.01,Paid
512580,712580,COD,131784.25,Pending
512581,712581,Credit Card,3041.28,Paid
512582,712582,UPI,50411.14,Paid
512583,712583,Net Banking,3307.57,Paid
512584,712584,Debit Card,52210.64,Paid
512585,712585,UPI,360.74,Paid
512586,712586,Debit Card,1477.8,Paid
512587,712587,Credit Card,21176.62,Paid
512588,712588,UPI,95515.85,Paid
512589,712589,UPI,9424.03,Paid
512590,712590,Credit Card,73772.19,Paid
512591,712591,COD,8963.96,Paid
512592,712592,Credit Card,16946.54,Paid
512593,712593,UPI,40966.43,Paid
512594,712594,Debit Card,23186.09,Paid
512595,712595,UPI,5763.89,Paid
512596,712596,Net Banking,3745.87,Paid
512597,712597,Debit Card,23830.18,Paid
512598,712598,UPI,2675.32,Pending
512599,712599,UPI,27980.83,Paid
512600,712600,UPI,5205.3,Paid
512601,712601,UPI,4158.61,Paid
512602,712602,UPI,12644.5,Paid
512603,712603,Credit Card,24953.01,Pending
512604,712604,Wallet,1400.14,Paid
512605,712605,Credit Card,7683.3,Paid
512606,712606,Debit Card,3333.11,Paid
512607,712607,Credit Card,3565.92,Paid
512608,712608,COD,21100.83,Paid
512609,712609,UPI,12313.04,Paid
512610,712610,UPI,1889.47,Paid
512611,712611,Credit Card,18756.38,Paid
512612,712612,UPI,18344.36,Paid
512613,712613,Debit Card,2002.31,Paid
512614,712614,Credit Card,11095.53,Failed
512615,712615,COD,483.68,Paid
512616,712616,Debit Card,12228.52,Paid
512617,712617,Net Banking,4621.93,Paid
512618,712618,Credit Card,17181.35,Paid
512619,712619,UPI,10572.61,Paid
512620,712620,Debit Card,757.98,Paid
512621,712621,UPI,67230.53,Paid
512622,712622,UPI,8125.9,Paid
512623,712623,COD,31311.12,Paid
512624,712624,Credit Card,61826.73,Paid
512625,712625,Debit Card,2471.65,Paid
512626,712626,Debit Card,10608.05,Paid
512627,712627,Credit Card,2317.27,Paid
512628,712628,Net Banking,3480.0,Paid
512629,712629,COD,4891.64,Paid
512630,712630,Wallet,16344.01,Paid
512631,712631,COD,27400.02,Paid
512632,712632,Net Banking,3674.59,Paid
512633,712633,Net Banking,14754.48,Paid
512634,712634,Net Banking,435.31,Paid
512635,712635,UPI,17815.19,Paid
512636,712636,Credit Card,1997.29,Paid
512637,712637,UPI,4484.99,Paid
512638,712638,COD,3107.43,Failed
512639,712639,Wallet,5711.45,Paid
512640,712640,COD,1606.05,Failed
512641,712641,COD,3690.08,Paid
512642,712642,COD,39669.86,Paid
512643,712643,Credit Card,6538.35,Paid
512644,712644,Net Banking,2031.34,Paid
512645,712645,COD,32437.08,Paid
512646,712646,UPI,16831.72,Paid
512647,712647,UPI,21600.64,Paid
512648,712648,Debit Card,78802.21,Paid
512649,712649,Debit Card,22854.59,Pending
512650,712650,Credit Card,8850.32,Paid
512651,712651,Credit Card,3660.02,Paid
512652,712652,UPI,108613.65,Pending
512653,712653,UPI,37950.55,Paid
512654,712654,UPI,48312.0,Paid
512655,712655,Debit Card,11593.43,Paid
512656,712656,Debit Card,15021.51,Paid
512657,712657,Credit Card,2034.59,Paid
512658,712658,UPI,1458.63,Pending
512659,712659,UPI,4636.38,Failed
512660,712660,UPI,2040.12,Paid
512661,712661,COD,9846.13,Paid
512662,712662,Credit Card,2107.61,Paid
512663,712663,Net Banking,1670.47,Paid
512664,712664,Debit Card,229.18,Pending
512665,712665,Wallet,4686.38,Paid
512666,712666,Credit Card,243.11,Paid
512667,712667,Credit Card,5823.02,Paid
512668,712668,Credit Card,14922.94,Paid
512669,712669,Debit Card,8348.89,Paid
512670,712670,Credit Card,30138.65,Paid
512671,712671,COD,2282.11,Paid
512672,712672,UPI,33994.54,Paid
512673,712673,UPI,572.01,Pending
512674,712674,Credit Card,11835.26,Paid
512675,712675,Credit Card,4604.42,Paid
512676,712676,COD,11830.54,Paid
512677,712677,UPI,12952.21,Paid
512678,712678,UPI,6784.96,Paid
512679,712679,Credit Card,1558.64,Paid
512680,712680,Wallet,7597.93,Paid
512681,712681,UPI,41014.95,Paid
512682,712682,Credit Card,2466.89,Paid
512683,712683,COD,3446.99,Paid
512684,712684,UPI,1689.82,Paid
512685,712685,Credit Card,2434.04,Paid
512686,712686,UPI,4168.08,Paid
512687,712687,Credit Card,12775.36,Paid
512688,712688,Debit Card,810.35,Paid
512689,712689,Debit Card,694.57,Paid
512690,712690,Net Banking,129688.42,Paid
512691,712691,UPI,535.19,Paid
512692,712692,UPI,7682.16,Paid
512693,712693,Credit Card,3949.38,Pending
512694,712694,Debit Card,3654.84,Pending
512695,712695,Debit Card,29059.7,Paid
512696,712696,Credit Card,768.23,Paid
512697,712697,Debit Card,302.06,Paid
512698,712698,Credit Card,526.26,Paid
512699,712699,Credit Card,11910.32,Paid
512700,712700,UPI,1394.29,Paid
512701,712701,Credit Card,49766.28,Paid
512702,712702,Wallet,2275.15,Paid
512703,712703,COD,5349.54,Paid
512704,712704,Debit Card,7217.48,Paid
512705,712705,UPI,3041.46,Paid
512706,712706,Net Banking,1662.67,Paid
512707,712707,UPI,11129.06,Paid
512708,712708,UPI,30992.66,Paid
512709,712709,COD,4399.64,Pending
512710,712710,Credit Card,5446.17,Paid
512711,712711,Wallet,7385.37,Paid
512712,712712,UPI,14773.69,Paid
512713,712713,COD,58987.68,Paid
512714,712714,Debit Card,6805.42,Paid
512715,712715,UPI,2985.68,Paid
512716,712716,Wallet,1429.34,Paid
512717,712717,UPI,809.37,Paid
512718,712718,COD,17998.43,Paid
512719,712719,Credit Card,1133.86,Paid
512720,712720,UPI,1070.39,Paid
512721,712721,UPI,4092.93,Paid
512722,712722,Credit Card,4141.45,Paid
512723,712723,Credit Card,516.98,Paid
512724,712724,UPI,16597.78,Paid
512725,712725,UPI,6548.23,Paid
512726,712726,Debit Card,243.5,Paid
512727,712727,UPI,15098.62,Paid
512728,712728,Debit Card,27385.0,Paid
512729,712729,UPI,10967.93,Paid
512730,712730,COD,9790.12,Paid
512731,712731,Credit Card,4543.5,Paid
512732,712732,Debit Card,5309.92,Paid
512733,712733,Debit Card,5352.36,Paid
512734,712734,Net Banking,5313.22,Paid
512735,712735,Wallet,1212.62,Paid
512736,712736,COD,1731.82,Paid
512737,712737,Credit Card,2120.09,Paid
512738,712738,Credit Card,4293.38,Paid
512739,712739,Credit Card,557.1,Paid
512740,712740,Debit Card,3495.7,Paid
512741,712741,UPI,2623.58,Pending
512742,712742,COD,5798.58,Pending
512743,712743,UPI,2390.9,Paid
512744,712744,COD,31537.61,Paid
512745,712745,Credit Card,3472.1,Paid
512746,712746,Wallet,5497.65,Paid
512747,712747,Net Banking,23971.08,Paid
512748,712748,UPI,1209.94,Paid
512749,712749,UPI,2847.15,Paid
512750,712750,COD,20985.62,Paid
512751,712751,UPI,1555.58,Paid
512752,712752,Credit Card,7928.54,Paid
512753,712753,UPI,2872.99,Paid
512754,712754,COD,7311.54,Paid
512755,712755,UPI,600.68,Paid
512756,712756,Debit Card,9867.17,Paid
512757,712757,Debit Card,1876.55,Paid
512758,712758,COD,2786.46,Paid
512759,712759,UPI,20606.33,Paid
512760,712760,UPI,11593.43,Paid
512761,712761,UPI,57849.2,Paid
512762,712762,UPI,18684.06,Paid
512763,712763,Credit Card,14078.59,Paid
512764,712764,UPI,3806.33,Paid
512765,712765,UPI,9150.21,Paid
512766,712766,COD,2567.51,Paid
512767,712767,COD,16217.86,Paid
512768,712768,Debit Card,9805.88,Paid
512769,712769,Debit Card,1675.9,Paid
512770,712770,UPI,9353.46,Pending
512771,712771,Net Banking,26026.9,Pending
512772,712772,UPI,5111.22,Paid
512773,712773,UPI,15759.66,Paid
512774,712774,Credit Card,26067.02,Paid
512775,712775,Credit Card,2770.57,Paid
512776,712776,UPI,67476.72,Paid
512777,712777,UPI,4168.36,Paid
512778,712778,COD,10694.68,Paid
512779,712779,COD,1014.76,Paid
512780,712780,Debit Card,5355.59,Failed
512781,712781,UPI,7078.43,Paid
512782,712782,UPI,2637.57,Paid
512783,712783,Net Banking,3140.12,Paid
512784,712784,Wallet,4755.21,Paid
512785,712785,Net Banking,75095.95,Paid
512786,712786,COD,5104.14,Paid
512787,712787,UPI,75908.31,Paid
512788,712788,Debit Card,4687.76,Paid
512789,712789,UPI,882.85,Paid
512790,712790,Credit Card,65946.55,Paid
512791,712791,UPI,8093.7,Paid
512792,712792,UPI,1231.72,Paid
512793,712793,Debit Card,45048.88,Failed
512794,712794,UPI,37533.89,Paid
512795,712795,UPI,6678.11,Paid
512796,712796,Credit Card,1913.69,Paid
512797,712797,UPI,3955.65,Paid
512798,712798,Debit Card,3884.29,Paid
512799,712799,Net Banking,5796.46,Paid
512800,712800,UPI,23106.07,Paid
512801,712801,Debit Card,74736.94,Paid
512802,712802,Credit Card,2605.88,Paid
512803,712803,UPI,686.21,Pending
512804,712804,Credit Card,3084.48,Paid
512805,712805,COD,212.01,Paid
512806,712806,UPI,5451.68,Paid
512807,712807,Credit Card,19489.85,Paid
512808,712808,Net Banking,9069.52,Paid
512809,712809,COD,8121.92,Paid
512810,712810,Net Banking,18825.54,Paid
512811,712811,COD,124829.16,Paid
512812,712812,Wallet,6410.83,Pending
512813,712813,COD,70156.17,Paid
512814,712814,Credit Card,8540.28,Paid
512815,712815,Credit Card,886.98,Paid
512816,712816,UPI,2562.23,Paid
512817,712817,UPI,5806.29,Paid
512818,712818,UPI,1504.58,Paid
512819,712819,Wallet,928.12,Paid
512820,712820,Debit Card,7667.95,Paid
512821,712821,Credit Card,1220.54,Paid
512822,712822,UPI,9484.86,Paid
512823,712823,COD,16650.59,Paid
512824,712824,UPI,379.39,Paid
512825,712825,UPI,25053.61,Paid
512826,712826,Credit Card,42338.32,Paid
512827,712827,Credit Card,2309.84,Paid
512828,712828,Credit Card,2282.11,Paid
512829,712829,Credit Card,13833.94,Paid
512830,712830,Debit Card,9619.19,Paid
512831,712831,COD,12884.76,Paid
512832,712832,Credit Card,20996.28,Paid
512833,712833,Debit Card,667.42,Paid
512834,712834,Credit Card,22908.82,Paid
512835,712835,Credit Card,813.53,Paid
512836,712836,UPI,7736.58,Paid
512837,712837,COD,5295.63,Paid
512838,712838,Debit Card,14504.44,Paid
512839,712839,Credit Card,1437.55,Paid
512840,712840,UPI,1642.3,Paid
512841,712841,UPI,17415.17,Paid
512842,712842,UPI,14126.5,Paid
512843,712843,COD,10878.29,Paid
512844,712844,Debit Card,46111.44,Paid
512845,712845,Credit Card,486.57,Paid
512846,712846,COD,570.9,Paid
512847,712847,COD,47757.92,Failed
512848,712848,Net Banking,45320.58,Paid
512849,712849,COD,2006.11,Paid
512850,712850,Credit Card,6289.42,Paid
512851,712851,Net Banking,16172.68,Paid
512852,712852,COD,9993.89,Paid
512853,712853,Credit Card,2296.98,Paid
512854,712854,COD,15271.46,Paid
512855,712855,UPI,22632.86,Paid
512856,712856,UPI,5517.02,Paid
512857,712857,COD,20859.55,Paid
512858,712858,UPI,2037.4,Paid
512859,712859,UPI,10001.72,Paid
512860,712860,Net Banking,23827.17,Paid
512861,712861,Debit Card,16594.16,Paid
512862,712862,UPI,49437.53,Paid
512863,712863,Debit Card,6457.49,Paid
512864,712864,COD,9397.98,Paid
512865,712865,Credit Card,12396.53,Paid
512866,712866,UPI,1114.58,Paid
512867,712867,UPI,8872.9,Paid
512868,712868,UPI,1977.23,Paid
512869,712869,UPI,14400.08,Paid
512870,712870,COD,111910.79,Paid
512871,712871,UPI,4470.24,Paid
512872,712872,UPI,1221.26,Paid
512873,712873,Debit Card,1874.81,Paid
512874,712874,Net Banking,486.34,Paid
512875,712875,Net Banking,30947.46,Paid
512876,712876,COD,6427.85,Paid
512877,712877,UPI,851.65,Pending
512878,712878,Debit Card,11095.53,Paid
512879,712879,UPI,7066.98,Paid
512880,712880,COD,4061.53,Paid
512881,712881,Credit Card,79596.54,Paid
512882,712882,Net Banking,688.75,Paid
512883,712883,UPI,7248.96,Paid
512884,712884,COD,4236.76,Paid
512885,712885,UPI,797.87,Paid
512886,712886,Net Banking,7148.58,Paid
512887,712887,Debit Card,16608.72,Paid
512888,712888,COD,5032.06,Paid
512889,712889,UPI,435.85,Paid
512890,712890,Credit Card,3675.21,Paid
512891,712891,Credit Card,40732.54,Paid
512892,712892,Credit Card,9850.43,Paid
512893,712893,UPI,230.32,Paid
512894,712894,Net Banking,4669.22,Paid
512895,712895,UPI,84282.37,Paid
512896,712896,COD,2832.11,Paid
512897,712897,Net Banking,1805.5,Paid
512898,712898,Credit Card,916.88,Paid
512899,712899,UPI,3173.03,Paid
512900,712900,Credit Card,25338.99,Failed
512901,712901,UPI,472.41,Paid
512902,712902,Debit Card,26350.4,Paid
512903,712903,COD,22660.29,Paid
512904,712904,Credit Card,56407.62,Paid
512905,712905,UPI,8033.61,Paid
512906,712906,Credit Card,11202.14,Paid
512907,712907,UPI,1645.19,Paid
512908,712908,UPI,2157.84,Paid
512909,712909,Wallet,47767.1,Paid
512910,712910,UPI,5486.35,Paid
512911,712911,COD,30798.0,Paid
512912,712912,Credit Card,4365.37,Paid
512913,712913,UPI,27990.66,Paid
512914,712914,Net Banking,1476.31,Paid
512915,712915,Credit Card,401.57,Paid
512916,712916,Credit Card,35816.65,Paid
512917,712917,Debit Card,4000.62,Paid
512918,712918,Credit Card,678.84,Paid
512919,712919,COD,15398.9,Paid
512920,712920,COD,745.57,Paid
512921,712921,UPI,23996.05,Paid
512922,712922,UPI,7743.54,Paid
512923,712923,Credit Card,2254.86,Paid
512924,712924,Wallet,1556.08,Paid
512925,712925,Wallet,9329.09,Paid
512926,712926,COD,13867.92,Paid
512927,712927,UPI,4357.76,Paid
512928,712928,Debit Card,83599.16,Paid
512929,712929,Credit Card,8368.43,Paid
512930,712930,UPI,5628.1,Paid
512931,712931,COD,466.98,Paid
512932,712932,UPI,6642.63,Paid
512933,712933,COD,2744.92,Paid
512934,712934,UPI,4699.79,Paid
512935,712935,Debit Card,696.09,Paid
512936,712936,Net Banking,4055.28,Paid
512937,712937,UPI,9441.85,Paid
512938,712938,Net Banking,4696.29,Paid
512939,712939,UPI,67665.58,Paid
512940,712940,UPI,6173.0,Paid
512941,712941,Wallet,96936.32,Pending
512942,712942,Credit Card,899.59,Paid
512943,712943,UPI,372.91,Paid
512944,712944,Wallet,66637.25,Paid
512945,712945,UPI,10873.95,Paid
512946,712946,Net Banking,9269.29,Paid
512947,712947,Debit Card,10022.84,Paid
512948,712948,Wallet,4486.84,Paid
512949,712949,UPI,6488.45,Paid
512950,712950,Credit Card,13710.46,Paid
512951,712951,UPI,53804.12,Paid
512952,712952,UPI,1053.81,Paid
512953,712953,UPI,1449.44,Failed
512954,712954,UPI,10971.42,Paid
512955,712955,Credit Card,21141.77,Paid
512956,712956,Debit Card,13731.51,Paid
512957,712957,UPI,14036.77,Paid
512958,712958,COD,7604.75,Paid
512959,712959,UPI,3116.58,Paid
512960,712960,UPI,30500.28,Paid
512961,712961,Net Banking,11594.41,Paid
512962,712962,COD,631.51,Paid
512963,712963,Debit Card,8457.16,Paid
512964,712964,Debit Card,52551.06,Paid
512965,712965,Credit Card,1478.86,Paid
512966,712966,Credit Card,461.97,Paid
512967,712967,UPI,12293.04,Paid
512968,712968,UPI,55165.69,Paid
512969,712969,Credit Card,55587.24,Paid
512970,712970,COD,12391.34,Paid
512971,712971,COD,20122.47,Paid
512972,712972,UPI,989.59,Paid
512973,712973,Credit Card,654.31,Paid
512974,712974,UPI,28357.45,Paid
512975,712975,Credit Card,7102.87,Paid
512976,712976,Credit Card,16501.81,Paid
512977,712977,UPI,6993.14,Paid
512978,712978,Debit Card,28858.56,Paid
512979,712979,UPI,5008.95,Paid
512980,712980,COD,17786.5,Paid
512981,712981,Debit Card,230.32,Paid
512982,712982,UPI,1872.03,Paid
512983,712983,COD,35848.47,Paid
512984,712984,Credit Card,1606.09,Paid
512985,712985,COD,108510.24,Paid
512986,712986,Wallet,6639.43,Paid
512987,712987,Credit Card,26829.48,Paid
512988,712988,Debit Card,10716.62,Paid
512989,712989,UPI,25384.18,Paid
512990,712990,Credit Card,27331.71,Paid
512991,712991,Debit Card,5690.32,Paid
512992,712992,Wallet,439.51,Paid
512993,712993,Credit Card,8993.0,Paid
512994,712994,UPI,14333.15,Paid
512995,712995,Debit Card,10830.74,Paid
512996,712996,UPI,85613.81,Paid
512997,712997,UPI,1047.53,Paid
512998,712998,Debit Card,3327.02,Paid
512999,712999,Wallet,12240.58,Paid
513000,713000,UPI,4936.48,Paid
513001,713001,Debit Card,64451.42,Paid
513002,713002,Credit Card,1299.28,Paid
513003,713003,Net Banking,6325.43,Paid
513004,713004,Wallet,8686.36,Paid
513005,713005,Debit Card,5512.31,Paid
513006,713006,Debit Card,6146.64,Paid
513007,713007,UPI,23233.59,Paid
513008,713008,Credit Card,70964.92,Paid
513009,713009,Debit Card,11212.35,Paid
513010,713010,Debit Card,20488.43,Paid
513011,713011,Debit Card,6847.34,Paid
513012,713012,Debit Card,4557.52,Paid
513013,713013,Credit Card,4805.11,Paid
513014,713014,UPI,36988.89,Paid
513015,713015,Credit Card,1916.13,Paid
513016,713016,UPI,8179.37,Paid
513017,713017,COD,1507.49,Paid
513018,713018,UPI,4515.2,Paid
513019,713019,UPI,11249.22,Paid
513020,713020,COD,1164.92,Paid
513021,713021,UPI,5315.31,Paid
513022,713022,COD,1635.11,Paid
513023,713023,Credit Card,2166.78,Pending
513024,713024,UPI,5053.3,Paid
513025,713025,UPI,23878.96,Paid
513026,713026,UPI,1369.01,Paid
513027,713027,Credit Card,12897.88,Paid
513028,713028,UPI,2943.0,Paid
513029,713029,Debit Card,809.37,Paid
513030,713030,Debit Card,3284.6,Paid
513031,713031,Net Banking,6805.42,Paid
513032,713032,Debit Card,14412.1,Paid
513033,713033,UPI,5981.99,Paid
513034,713034,Debit Card,7204.59,Paid
513035,713035,Debit Card,19800.26,Paid
513036,713036,Credit Card,2692.42,Paid
513037,713037,Net Banking,35544.52,Paid
513038,713038,UPI,6646.69,Paid
513039,713039,UPI,9434.82,Paid
513040,713040,Credit Card,10444.35,Paid
513041,713041,UPI,27854.24,Paid
513042,713042,UPI,24481.74,Paid
513043,713043,UPI,50983.47,Paid
513044,713044,UPI,39837.1,Paid
513045,713045,Credit Card,1869.57,Paid
513046,713046,Credit Card,1245.28,Paid
513047,713047,UPI,850.39,Paid
513048,713048,Wallet,43875.88,Paid
513049,713049,Credit Card,2018.6,Paid
513050,713050,Debit Card,97120.28,Paid
513051,713051,Credit Card,8758.81,Paid
513052,713052,UPI,2294.73,Paid
513053,713053,Net Banking,28919.14,Paid
513054,713054,UPI,48750.74,Paid
513055,713055,UPI,42832.99,Paid
513056,713056,UPI,8634.66,Paid
513057,713057,Credit Card,68777.48,Paid
513058,713058,Wallet,2252.68,Paid
513059,713059,Debit Card,75573.01,Paid
513060,713060,UPI,30992.97,Paid
513061,713061,COD,549.39,Paid
513062,713062,UPI,3867.99,Paid
513063,713063,COD,21057.27,Pending
513064,713064,UPI,2374.82,Paid
513065,713065,COD,3274.03,Paid
513066,713066,COD,17469.05,Paid
513067,713067,Debit Card,13041.62,Paid
513068,713068,Debit Card,25178.1,Paid
513069,713069,UPI,24731.56,Paid
513070,713070,Debit Card,143488.14,Paid
513071,713071,Debit Card,20352.14,Paid
513072,713072,UPI,3469.74,Paid
513073,713073,Debit Card,1007.42,Paid
513074,713074,Debit Card,13619.11,Paid
513075,713075,UPI,30949.82,Pending
513076,713076,Net Banking,20611.1,Paid
513077,713077,Credit Card,6233.42,Paid
513078,713078,Debit Card,7911.62,Pending
513079,713079,COD,4590.59,Paid
513080,713080,UPI,304.27,Paid
513081,713081,Net Banking,24332.87,Paid
513082,713082,UPI,15450.67,Failed
513083,713083,Wallet,1844.01,Paid
513084,713084,COD,20996.28,Paid
513085,713085,COD,1643.54,Failed
513086,713086,COD,19917.52,Failed
513087,713087,Debit Card,839.05,Paid
513088,713088,UPI,2080.51,Paid
513089,713089,UPI,49619.03,Paid
513090,713090,Credit Card,4518.48,Paid
513091,713091,COD,1590.54,Paid
513092,713092,Net Banking,122808.95,Paid
513093,713093,UPI,29824.13,Paid
513094,713094,Wallet,35317.34,Paid
513095,713095,Debit Card,32527.67,Paid
513096,713096,COD,4813.79,Paid
513097,713097,UPI,7703.45,Paid
513098,713098,Net Banking,3620.18,Failed
513099,713099,COD,70646.87,Paid
513100,713100,COD,4589.04,Paid
513101,713101,UPI,25152.75,Paid
513102,713102,UPI,20751.86,Paid
513103,713103,Debit Card,2309.62,Paid
513104,713104,Credit Card,3115.85,Paid
513105,713105,COD,25514.37,Paid
513106,713106,Debit Card,8996.02,Paid
513107,713107,Debit Card,41301.04,Paid
513108,713108,UPI,3589.59,Paid
513109,713109,UPI,5495.74,Paid
513110,713110,UPI,7431.55,Paid
513111,713111,UPI,96001.11,Paid
513112,713112,Net Banking,24931.02,Paid
513113,713113,Net Banking,238.51,Paid
513114,713114,Net Banking,7026.23,Paid
513115,713115,UPI,2732.12,Paid
513116,713116,Credit Card,98225.31,Paid
513117,713117,Credit Card,8528.12,Paid
513118,713118,UPI,12901.44,Paid
513119,713119,UPI,138249.59,Paid
513120,713120,COD,54757.34,Paid
513121,713121,UPI,7599.78,Paid
513122,713122,UPI,866.19,Paid
513123,713123,Credit Card,6036.33,Paid
513124,713124,UPI,5804.44,Paid
513125,713125,Net Banking,8380.92,Paid
513126,713126,Debit Card,67347.5,Paid
513127,713127,UPI,10979.41,Paid
513128,713128,UPI,1140.0,Paid
513129,713129,Credit Card,1102.66,Paid
513130,713130,UPI,5778.11,Paid
513131,713131,UPI,5061.46,Paid
513132,713132,UPI,2342.18,Paid
513133,713133,COD,1288.35,Paid
513134,713134,Debit Card,4336.01,Paid
513135,713135,Wallet,1926.05,Paid
513136,713136,Credit Card,1653.0,Paid
513137,713137,Debit Card,17112.4,Paid
513138,713138,COD,223550.2,Paid
513139,713139,UPI,10131.0,Pending
513140,713140,UPI,8903.25,Paid
513141,713141,Wallet,15482.11,Paid
513142,713142,UPI,31802.99,Paid
513143,713143,Net Banking,30230.31,Paid
513144,713144,Net Banking,964.02,Paid
513145,713145,COD,719.25,Paid
513146,713146,UPI,34009.4,Paid
513147,713147,Credit Card,15536.74,Paid
513148,713148,Debit Card,6304.35,Paid
513149,713149,UPI,583.61,Paid
513150,713150,Wallet,4161.12,Paid
513151,713151,Credit Card,11210.52,Paid
513152,713152,Debit Card,85992.27,Paid
513153,713153,Debit Card,67114.53,Paid
513154,713154,UPI,1002.29,Paid
513155,713155,Credit Card,4625.0,Paid
513156,713156,Credit Card,5483.97,Paid
513157,713157,Wallet,1905.8,Paid
513158,713158,Debit Card,5475.7,Paid
513159,713159,COD,2856.85,Paid
513160,713160,UPI,5709.02,Paid
513161,713161,Credit Card,4841.96,Paid
513162,713162,UPI,122609.81,Paid
513163,713163,Credit Card,11013.78,Paid
513164,713164,COD,3217.15,Paid
513165,713165,Credit Card,939.37,Paid
513166,713166,Debit Card,2378.04,Paid
513167,713167,Debit Card,5472.75,Paid
513168,713168,COD,770.71,Paid
513169,713169,UPI,1932.41,Paid
513170,713170,COD,486.61,Paid
513171,713171,UPI,4441.12,Paid
513172,713172,Net Banking,44123.8,Paid
513173,713173,UPI,3284.6,Paid
513174,713174,UPI,6231.69,Paid
513175,713175,Credit Card,24561.37,Paid
513176,713176,UPI,56523.39,Paid
513177,713177,Credit Card,1577.44,Paid
513178,713178,COD,26692.05,Paid
513179,713179,Debit Card,38354.0,Paid
513180,713180,Debit Card,9238.42,Paid
513181,713181,COD,13364.22,Paid
513182,713182,UPI,1627.67,Paid
513183,713183,Wallet,41699.54,Paid
513184,713184,Debit Card,656.6,Paid
513185,713185,UPI,25830.64,Pending
513186,713186,Debit Card,6353.02,Paid
513187,713187,UPI,2374.29,Paid
513188,713188,Credit Card,10511.52,Paid
513189,713189,COD,688.8,Paid
513190,713190,COD,5806.29,Paid
513191,713191,UPI,18973.53,Paid
513192,713192,COD,298.31,Paid
513193,713193,Wallet,998.08,Paid
513194,713194,Debit Card,45783.1,Paid
513195,713195,COD,3807.59,Paid
513196,713196,COD,1171.98,Paid
513197,713197,Wallet,17808.35,Paid
513198,713198,Credit Card,11414.08,Paid
513199,713199,Debit Card,28970.06,Failed
513200,713200,UPI,1206.98,Paid
513201,713201,UPI,9873.45,Paid
513202,713202,COD,9850.43,Paid
513203,713203,Debit Card,9980.19,Paid
513204,713204,UPI,39130.64,Paid
513205,713205,Credit Card,1133.35,Paid
513206,713206,Debit Card,7626.6,Paid
513207,713207,UPI,4436.45,Paid
513208,713208,Net Banking,37751.07,Paid
513209,713209,Debit Card,3884.29,Paid
513210,713210,Debit Card,15910.35,Paid
513211,713211,COD,670.39,Paid
513212,713212,Debit Card,3942.59,Paid
513213,713213,UPI,324.67,Paid
513214,713214,Debit Card,114255.63,Paid
513215,713215,Credit Card,4523.9,Paid
513216,713216,Debit Card,7304.92,Paid
513217,713217,Credit Card,36418.31,Paid
513218,713218,Debit Card,7531.42,Paid
513219,713219,Credit Card,35021.48,Paid
513220,713220,Credit Card,131760.59,Paid
513221,713221,Net Banking,89380.65,Paid
513222,713222,UPI,9072.81,Paid
513223,713223,Debit Card,34035.93,Paid
513224,713224,Debit Card,9994.08,Paid
513225,713225,COD,9431.2,Pending
513226,713226,COD,21290.17,Paid
513227,713227,UPI,6805.42,Pending
513228,713228,UPI,5728.48,Paid
513229,713229,Credit Card,1014.76,Paid
513230,713230,Net Banking,702.8,Paid
513231,713231,Credit Card,10146.35,Paid
513232,713232,UPI,2311.95,Paid
513233,713233,UPI,3209.78,Paid
513234,713234,UPI,9691.24,Paid
513235,713235,Debit Card,37415.28,Paid
513236,713236,Credit Card,79133.57,Paid
513237,713237,Credit Card,4599.86,Paid
513238,713238,Credit Card,11834.8,Pending
513239,713239,Debit Card,999.89,Paid
513240,713240,Credit Card,2605.99,Paid
513241,713241,UPI,16736.05,Paid
513242,713242,Net Banking,2034.59,Paid
513243,713243,COD,19509.75,Paid
513244,713244,Credit Card,18372.13,Failed
513245,713245,Credit Card,21327.98,Paid
513246,713246,COD,23064.45,Paid
513247,713247,Credit Card,19157.19,Paid
513248,713248,COD,567.31,Paid
513249,713249,UPI,1627.06,Paid
513250,713250,UPI,21097.95,Paid
513251,713251,UPI,622.64,Paid
513252,713252,UPI,17251.88,Paid
513253,713253,Credit Card,311.41,Failed
513254,713254,Credit Card,20076.1,Paid
513255,713255,Wallet,473.62,Paid
513256,713256,Debit Card,8111.32,Paid
513257,713257,UPI,14682.18,Paid
513258,713258,UPI,377.95,Paid
513259,713259,UPI,69107.17,Paid
513260,713260,Credit Card,4191.63,Paid
513261,713261,Wallet,12367.62,Paid
513262,713262,Credit Card,17986.0,Paid
513263,713263,COD,30928.1,Paid
513264,713264,Net Banking,14907.56,Paid
513265,713265,Debit Card,4147.19,Paid
513266,713266,Credit Card,10901.53,Paid
513267,713267,Debit Card,2415.41,Paid
513268,713268,Credit Card,10434.97,Paid
513269,713269,UPI,9084.79,Paid
513270,713270,Credit Card,7913.61,Paid
513271,713271,UPI,12124.79,Paid
513272,713272,UPI,28688.43,Paid
513273,713273,Credit Card,36609.62,Failed
513274,713274,UPI,9659.72,Pending
513275,713275,COD,3219.07,Paid
513276,713276,Credit Card,507.3,Paid
513277,713277,UPI,3949.38,Paid
513278,713278,Credit Card,4357.76,Paid
513279,713279,UPI,29140.54,Paid
513280,713280,COD,50816.88,Paid
513281,713281,UPI,1662.64,Paid
513282,713282,UPI,583.61,Paid
513283,713283,COD,5371.11,Paid
513284,713284,UPI,759.32,Paid
513285,713285,COD,5328.23,Paid
513286,713286,Credit Card,2866.28,Paid
513287,713287,COD,1507.49,Paid
513288,713288,Credit Card,3049.09,Paid
513289,713289,COD,11090.35,Paid
513290,713290,COD,1933.54,Paid
513291,713291,Debit Card,68123.47,Paid
513292,713292,UPI,762.46,Paid
513293,713293,UPI,15411.2,Paid
513294,713294,COD,11229.96,Paid
513295,713295,Debit Card,48011.51,Pending
513296,713296,COD,6504.16,Paid
513297,713297,Credit Card,2498.0,Paid
513298,713298,Credit Card,4253.17,Paid
513299,713299,Credit Card,23666.23,Paid
513300,713300,Credit Card,39086.65,Paid
513301,713301,Credit Card,3370.43,Paid
513302,713302,Net Banking,53054.76,Paid
513303,713303,Credit Card,45320.58,Paid
513304,713304,Net Banking,6879.93,Paid
513305,713305,COD,577.8,Paid
513306,713306,Credit Card,15234.59,Paid
513307,713307,COD,53634.96,Paid
513308,713308,Credit Card,63540.12,Paid
513309,713309,COD,18847.16,Paid
513310,713310,UPI,13746.94,Paid
513311,713311,Credit Card,4823.66,Pending
513312,713312,COD,12319.21,Paid
513313,713313,Credit Card,1400.02,Paid
513314,713314,Credit Card,4605.45,Paid
513315,713315,UPI,770.71,Paid
513316,713316,UPI,6691.11,Pending
513317,713317,Net Banking,3809.83,Paid
513318,713318,UPI,931.94,Paid
513319,713319,UPI,7254.37,Paid
513320,713320,UPI,30997.19,Paid
513321,713321,Net Banking,19530.55,Paid
513322,713322,Credit Card,7183.5,Paid
513323,713323,UPI,16639.33,Paid
513324,713324,Net Banking,20446.36,Paid
513325,713325,Credit Card,14836.44,Paid
513326,713326,Wallet,62464.87,Pending
513327,713327,UPI,33164.47,Paid
513328,713328,Wallet,3253.85,Paid
513329,713329,Credit Card,1445.8,Paid
513330,713330,Credit Card,3604.19,Paid
513331,713331,UPI,5779.32,Paid
513332,713332,Debit Card,54255.12,Paid
513333,713333,Debit Card,4463.74,Paid
513334,713334,Debit Card,4322.42,Paid
513335,713335,UPI,1184.94,Paid
513336,713336,Credit Card,4425.16,Paid
513337,713337,Debit Card,11499.21,Paid
513338,713338,UPI,29132.83,Paid
513339,713339,Net Banking,25011.18,Paid
513340,713340,UPI,636.33,Paid
513341,713341,UPI,2125.57,Paid
513342,713342,UPI,13464.02,Paid
513343,713343,Credit Card,29617.86,Paid
513344,713344,UPI,58273.94,Paid
513345,713345,COD,10663.99,Failed
513346,713346,Credit Card,55840.67,Paid
513347,713347,UPI,4168.08,Paid
513348,713348,COD,32088.26,Paid
513349,713349,Wallet,6765.81,Paid
513350,713350,UPI,3166.45,Paid
513351,713351,UPI,11129.06,Pending
513352,713352,Credit Card,27460.61,Paid
513353,713353,UPI,466.98,Paid
513354,713354,COD,14704.46,Paid
513355,713355,UPI,7920.12,Paid
513356,713356,COD,626.19,Paid
513357,713357,Wallet,6784.96,Pending
513358,713358,Net Banking,1001.94,Paid
513359,713359,Debit Card,1712.05,Paid
513360,713360,UPI,2466.37,Paid
513361,713361,Debit Card,9733.46,Paid
513362,713362,Net Banking,5873.87,Paid
513363,713363,Debit Card,8024.31,Paid
513364,713364,COD,60049.84,Paid
513365,713365,COD,27155.4,Paid
513366,713366,UPI,35648.2,Paid
513367,713367,UPI,4006.28,Paid
513368,713368,Credit Card,26558.06,Paid
513369,713369,Debit Card,6361.04,Paid
513370,713370,Net Banking,31613.71,Paid
513371,713371,Credit Card,60510.02,Paid
513372,713372,Credit Card,461.79,Paid
513373,713373,Debit Card,2741.67,Paid
513374,713374,Debit Card,2015.18,Paid
513375,713375,Debit Card,26816.2,Paid
513376,713376,UPI,18851.91,Paid
513377,713377,UPI,8234.77,Paid
513378,713378,Credit Card,26920.69,Paid
513379,713379,Credit Card,6462.36,Paid
513380,713380,Debit Card,11605.97,Paid
513381,713381,Credit Card,4214.97,Paid
513382,713382,UPI,4976.3,Paid
513383,713383,Wallet,1489.69,Paid
513384,713384,Credit Card,2573.06,Paid
513385,713385,Net Banking,26681.74,Paid
513386,713386,Debit Card,10288.77,Paid
513387,713387,Net Banking,2729.95,Paid
513388,713388,UPI,9955.45,Paid
513389,713389,Net Banking,84503.07,Paid
513390,713390,Debit Card,2833.14,Paid
513391,713391,UPI,6877.87,Paid
513392,713392,Credit Card,7095.01,Paid
513393,713393,UPI,1520.84,Paid
513394,713394,UPI,5171.29,Paid
513395,713395,UPI,28885.88,Pending
513396,713396,Credit Card,3013.01,Paid
513397,713397,UPI,1511.0,Failed
513398,713398,UPI,16543.45,Paid
513399,713399,Wallet,794.08,Paid
513400,713400,Debit Card,6869.33,Paid
513401,713401,UPI,22000.29,Paid
513402,713402,Credit Card,11616.79,Pending
513403,713403,Debit Card,1044.92,Paid
513404,713404,Credit Card,36276.12,Paid
513405,713405,Net Banking,616.04,Paid
513406,713406,UPI,1603.1,Paid
513407,713407,UPI,29306.02,Paid
513408,713408,UPI,33056.78,Paid
513409,713409,Wallet,17916.97,Paid
513410,713410,Debit Card,305.94,Paid
513411,713411,UPI,11864.94,Paid
513412,713412,COD,1920.54,Paid
513413,713413,COD,29927.91,Paid
513414,713414,Debit Card,3338.67,Paid
513415,713415,Debit Card,4521.29,Paid
513416,713416,UPI,4217.93,Paid
513417,713417,Credit Card,35956.57,Paid
513418,713418,COD,22935.99,Paid
513419,713419,UPI,59725.71,Paid
513420,713420,Debit Card,25623.86,Paid
513421,713421,Credit Card,7383.15,Failed
513422,713422,Credit Card,20848.51,Paid
513423,713423,COD,8128.51,Paid
513424,713424,Credit Card,7515.74,Paid
513425,713425,COD,9369.76,Paid
513426,713426,Debit Card,2374.29,Paid
513427,713427,UPI,10225.43,Paid
513428,713428,Credit Card,3660.02,Paid
513429,713429,UPI,3885.51,Paid
513430,713430,Debit Card,17116.14,Paid
513431,713431,UPI,6825.89,Paid
513432,713432,Net Banking,34730.92,Paid
513433,713433,Credit Card,14237.7,Paid
513434,713434,UPI,6784.0,Paid
513435,713435,Debit Card,19006.23,Paid
513436,713436,UPI,9014.74,Paid
513437,713437,Credit Card,12796.79,Paid
513438,713438,Debit Card,319.83,Paid
513439,713439,Net Banking,1995.88,Paid
513440,713440,UPI,884.42,Paid
513441,713441,Credit Card,6893.98,Paid
513442,713442,UPI,10539.18,Paid
513443,713443,Net Banking,902.26,Paid
513444,713444,Debit Card,8336.97,Paid
513445,713445,COD,7490.15,Paid
513446,713446,Debit Card,64928.14,Paid
513447,713447,Net Banking,3884.29,Paid
513448,713448,Credit Card,9233.38,Paid
513449,713449,UPI,20032.31,Paid
513450,713450,UPI,448.8,Paid
513451,713451,Credit Card,32666.77,Pending
513452,713452,COD,106534.36,Paid
513453,713453,COD,117454.92,Paid
513454,713454,Credit Card,2704.57,Paid
513455,713455,UPI,1792.28,Paid
513456,713456,Credit Card,18234.48,Paid
513457,713457,Debit Card,22963.65,Paid
513458,713458,Net Banking,6071.26,Paid
513459,713459,COD,2419.41,Paid
513460,713460,COD,5496.8,Paid
513461,713461,Debit Card,2166.59,Paid
513462,713462,UPI,524.03,Paid
513463,713463,UPI,23971.08,Pending
513464,713464,COD,6803.43,Paid
513465,713465,Debit Card,1028.64,Paid
513466,713466,Credit Card,417.9,Paid
513467,713467,UPI,2791.07,Paid
513468,713468,Credit Card,678.84,Paid
513469,713469,COD,23778.82,Paid
513470,713470,Credit Card,10287.61,Paid
513471,713471,UPI,2006.11,Paid
513472,713472,UPI,16223.16,Paid
513473,713473,UPI,2365.62,Paid
513474,713474,Credit Card,1251.49,Paid
513475,713475,Net Banking,3753.6,Paid
513476,713476,UPI,10893.99,Paid
513477,713477,Net Banking,37654.08,Paid
513478,713478,UPI,65687.18,Paid
513479,713479,Debit Card,26992.03,Paid
513480,713480,Wallet,3867.99,Paid
513481,713481,Debit Card,123685.61,Paid
513482,713482,UPI,1259.28,Paid
513483,713483,Debit Card,23592.01,Failed
513484,713484,COD,761.56,Paid
513485,713485,UPI,35606.34,Paid
513486,713486,Credit Card,11449.29,Paid
513487,713487,COD,964.95,Paid
513488,713488,UPI,29049.47,Paid
513489,713489,Credit Card,3126.97,Paid
513490,713490,Net Banking,108756.06,Paid
513491,713491,UPI,11819.32,Paid
513492,713492,Debit Card,1676.82,Paid
513493,713493,Net Banking,2729.95,Paid
513494,713494,Credit Card,13876.56,Paid
513495,713495,Debit Card,9571.68,Paid
513496,713496,Credit Card,48975.73,Paid
513497,713497,UPI,8952.4,Paid
513498,713498,Credit Card,5595.52,Paid
513499,713499,Debit Card,3732.47,Paid
513500,713500,COD,9162.28,Paid
513501,713501,Wallet,9235.67,Paid
513502,713502,Credit Card,2122.0,Paid
513503,713503,COD,8491.94,Paid
513504,713504,COD,547.39,Paid
513505,713505,COD,4291.41,Paid
513506,713506,UPI,11593.43,Paid
513507,713507,UPI,4424.19,Paid
513508,713508,UPI,932.28,Paid
513509,713509,Net Banking,5729.02,Paid
513510,713510,Credit Card,955.69,Paid
513511,713511,UPI,328.51,Paid
513512,713512,UPI,8322.6,Paid
513513,713513,Net Banking,9238.42,Paid
513514,713514,COD,22278.75,Paid
513515,713515,Credit Card,8962.18,Paid
513516,713516,UPI,10870.4,Paid
513517,713517,UPI,8123.06,Paid
513518,713518,COD,3599.61,Paid
513519,713519,COD,3637.53,Paid
513520,713520,COD,42685.03,Paid
513521,713521,Debit Card,39807.22,Pending
513522,713522,Net Banking,17482.86,Failed
513523,713523,Credit Card,13662.7,Paid
513524,713524,UPI,897.78,Paid
513525,713525,UPI,7999.35,Paid
513526,713526,Debit Card,2200.1,Paid
513527,713527,UPI,1593.5,Paid
513528,713528,UPI,2844.38,Paid
513529,713529,UPI,22648.64,Paid
513530,713530,UPI,25789.73,Paid
513531,713531,Debit Card,4867.07,Paid
513532,713532,COD,10893.64,Paid
513533,713533,UPI,2257.41,Pending
513534,713534,Debit Card,1826.57,Paid
513535,713535,Net Banking,20312.82,Paid
513536,713536,Net Banking,1065.56,Paid
513537,713537,Wallet,41437.4,Paid
513538,713538,Credit Card,1827.99,Paid
513539,713539,COD,11508.05,Paid
513540,713540,Debit Card,93604.44,Pending
513541,713541,Credit Card,5088.76,Paid
513542,713542,Credit Card,8508.31,Paid
513543,713543,Credit Card,91393.07,Paid
513544,713544,Credit Card,18588.15,Paid
513545,713545,Credit Card,48474.77,Paid
513546,713546,Credit Card,74801.52,Paid
513547,713547,Debit Card,29932.22,Failed
513548,713548,UPI,15200.09,Pending
513549,713549,Credit Card,270.56,Paid
513550,713550,COD,5499.52,Paid
513551,713551,COD,3943.51,Paid
513552,713552,Wallet,22349.8,Paid
513553,713553,Credit Card,688.75,Paid
513554,713554,UPI,1705.58,Paid
513555,713555,UPI,6190.88,Paid
513556,713556,COD,68153.86,Paid
513557,713557,UPI,1871.95,Paid
513558,713558,Credit Card,46064.63,Paid
513559,713559,Net Banking,59351.89,Paid
513560,713560,Debit Card,2018.33,Paid
513561,713561,UPI,19557.69,Paid
513562,713562,Net Banking,167773.06,Paid
513563,713563,UPI,38486.03,Paid
513564,713564,Credit Card,59072.68,Paid
513565,713565,UPI,5531.45,Failed
513566,713566,UPI,19235.47,Paid
513567,713567,Net Banking,63582.18,Pending
513568,713568,Wallet,79651.06,Paid
513569,713569,UPI,8741.43,Paid
513570,713570,UPI,190389.48,Paid
513571,713571,COD,52006.3,Paid
513572,713572,Net Banking,1292.49,Paid
513573,713573,UPI,4067.03,Paid
513574,713574,Debit Card,20154.94,Failed
513575,713575,Debit Card,32157.3,Paid
513576,713576,Credit Card,2360.09,Paid
513577,713577,UPI,1605.04,Paid
513578,713578,Credit Card,2555.96,Paid
513579,713579,Credit Card,10993.6,Paid
513580,713580,Wallet,13212.32,Paid
513581,713581,UPI,486.61,Paid
513582,713582,UPI,42293.38,Paid
513583,713583,UPI,17203.56,Paid
513584,713584,UPI,802.78,Failed
513585,713585,UPI,6437.9,Paid
513586,713586,UPI,1124.02,Paid
513587,713587,Credit Card,19792.99,Paid
513588,713588,Debit Card,619.87,Paid
513589,713589,COD,7999.35,Paid
513590,713590,Debit Card,2504.34,Paid
513591,713591,UPI,35606.34,Paid
513592,713592,UPI,25121.74,Paid
513593,713593,COD,7097.94,Paid
513594,713594,COD,466.14,Paid
513595,713595,COD,1236.63,Paid
513596,713596,Net Banking,10427.28,Paid
513597,713597,Wallet,11228.8,Paid
513598,713598,UPI,15667.05,Pending
513599,713599,UPI,11081.74,Paid
513600,713600,Debit Card,28431.51,Paid
513601,713601,UPI,6991.55,Paid
513602,713602,COD,1703.3,Paid
513603,713603,UPI,10225.0,Paid
513604,713604,Debit Card,5830.34,Paid
513605,713605,COD,3061.39,Paid
513606,713606,Credit Card,421.54,Paid
513607,713607,Wallet,8304.36,Paid
513608,713608,COD,3995.64,Paid
513609,713609,COD,425.18,Paid
513610,713610,UPI,94481.28,Paid
513611,713611,UPI,2576.7,Paid
513612,713612,COD,18320.97,Paid
513613,713613,COD,18601.33,Paid
513614,713614,UPI,31542.61,Paid
513615,713615,COD,3950.09,Paid
513616,713616,UPI,34747.5,Paid
513617,713617,COD,2515.4,Paid
513618,713618,UPI,7299.14,Paid
513619,713619,Credit Card,473.62,Paid
513620,713620,UPI,1569.55,Paid
513621,713621,Debit Card,10537.01,Paid
513622,713622,UPI,14235.66,Paid
513623,713623,Credit Card,1393.23,Paid
513624,713624,Debit Card,1640.1,Paid
513625,713625,UPI,3872.34,Paid
513626,713626,Debit Card,16645.2,Pending
513627,713627,UPI,4755.6,Pending
513628,713628,UPI,1348.98,Paid
513629,713629,COD,2863.67,Paid
513630,713630,UPI,7086.42,Paid
513631,713631,Credit Card,4055.28,Paid
513632,713632,COD,769.83,Paid
513633,713633,Credit Card,14135.37,Paid
513634,713634,Net Banking,2157.76,Paid
513635,713635,UPI,2557.49,Paid
513636,713636,COD,65762.92,Paid
513637,713637,Credit Card,507.3,Paid
513638,713638,Net Banking,1794.68,Paid
513639,713639,Credit Card,793.85,Paid
513640,713640,Credit Card,4994.88,Paid
513641,713641,Debit Card,5482.26,Pending
513642,713642,COD,14665.65,Paid
513643,713643,UPI,5500.07,Paid
513644,713644,COD,2824.28,Paid
513645,713645,Wallet,97754.16,Paid
513646,713646,UPI,11996.92,Failed
513647,713647,Credit Card,2426.15,Paid
513648,713648,Credit Card,3104.59,Paid
513649,713649,UPI,4600.74,Paid
513650,713650,UPI,14083.92,Paid
513651,713651,COD,10996.45,Paid
513652,713652,UPI,6818.17,Paid
513653,713653,UPI,8682.45,Paid
513654,713654,Debit Card,396.22,Paid
513655,713655,Wallet,1510.81,Paid
513656,713656,Credit Card,3234.34,Paid
513657,713657,UPI,45691.99,Paid
513658,713658,Credit Card,11902.99,Paid
513659,713659,Net Banking,43215.92,Paid
513660,713660,Net Banking,1461.44,Paid
513661,713661,UPI,20081.25,Paid
513662,713662,UPI,5109.1,Paid
513663,713663,UPI,10572.61,Paid
513664,713664,UPI,66738.51,Paid
513665,713665,COD,43148.77,Paid
513666,713666,Net Banking,3012.57,Paid
513667,713667,Net Banking,19030.76,Paid
513668,713668,Net Banking,27999.23,Paid
513669,713669,Credit Card,2425.23,Paid
513670,713670,UPI,4122.65,Paid
513671,713671,Credit Card,52104.9,Pending
513672,713672,UPI,7423.74,Paid
513673,713673,UPI,4333.13,Paid
513674,713674,Debit Card,19951.94,Paid
513675,713675,UPI,18407.07,Paid
513676,713676,Credit Card,29395.87,Paid
513677,713677,Debit Card,2014.41,Paid
513678,713678,Credit Card,28044.8,Failed
513679,713679,Debit Card,22660.29,Paid
513680,713680,COD,850.36,Paid
513681,713681,Credit Card,2846.92,Paid
513682,713682,Credit Card,1049.26,Paid
513683,713683,UPI,11697.39,Paid
513684,713684,Credit Card,64290.2,Paid
513685,713685,Net Banking,7477.91,Paid
513686,713686,Credit Card,10712.82,Paid
513687,713687,Net Banking,7774.18,Paid
513688,713688,COD,3384.61,Paid
513689,713689,Debit Card,9821.38,Paid
513690,713690,UPI,38886.78,Paid
513691,713691,UPI,3782.1,Paid
513692,713692,Debit Card,4783.99,Paid
513693,713693,Debit Card,36514.58,Paid
513694,713694,Net Banking,453.91,Paid
513695,713695,Credit Card,3116.89,Paid
513696,713696,Credit Card,3406.63,Paid
513697,713697,UPI,5656.0,Paid
513698,713698,UPI,406.71,Paid
513699,713699,UPI,19238.38,Paid
513700,713700,Net Banking,5274.37,Paid
513701,713701,Wallet,1831.13,Paid
513702,713702,UPI,248604.05,Paid
513703,713703,Credit Card,4470.24,Paid
513704,713704,COD,10301.23,Paid
513705,713705,UPI,57639.3,Paid
513706,713706,UPI,11382.11,Paid
513707,713707,UPI,24638.34,Paid
513708,713708,Debit Card,4427.48,Paid
513709,713709,Debit Card,146980.22,Paid
513710,713710,Debit Card,2124.54,Paid
513711,713711,UPI,4419.14,Paid
513712,713712,UPI,22082.01,Failed
513713,713713,Credit Card,3814.58,Paid
513714,713714,Credit Card,951.84,Pending
513715,713715,UPI,459.5,Paid
513716,713716,Credit Card,7878.93,Paid
513717,713717,UPI,1199.64,Paid
513718,713718,Net Banking,32481.18,Paid
513719,713719,UPI,4864.57,Paid
513720,713720,UPI,2915.17,Paid
513721,713721,UPI,19561.63,Paid
513722,713722,UPI,103636.7,Paid
513723,713723,UPI,4318.99,Paid
513724,713724,Wallet,21191.29,Paid
513725,713725,Credit Card,50522.92,Paid
513726,713726,UPI,243.5,Paid
513727,713727,UPI,5804.27,Paid
513728,713728,Credit Card,65223.21,Paid
513729,713729,COD,4037.45,Paid
513730,713730,Debit Card,7554.94,Paid
513731,713731,Wallet,994.54,Paid
513732,713732,Credit Card,405.84,Paid
513733,713733,COD,3576.17,Paid
513734,713734,UPI,20932.17,Paid
513735,713735,COD,20283.31,Paid
513736,713736,COD,4552.01,Paid
513737,713737,Wallet,3014.38,Paid
513738,713738,COD,9680.66,Paid
513739,713739,UPI,1372.43,Paid
513740,713740,Credit Card,37480.36,Paid
513741,713741,UPI,1281.22,Paid
513742,713742,UPI,2787.49,Paid
513743,713743,Wallet,3363.48,Paid
513744,713744,Wallet,14400.08,Paid
513745,713745,UPI,265.17,Paid
513746,713746,UPI,5913.63,Paid
513747,713747,Debit Card,35596.2,Paid
513748,713748,COD,3333.11,Pending
513749,713749,Credit Card,5720.56,Paid
513750,713750,Credit Card,115801.97,Paid
513751,713751,Debit Card,6966.76,Paid
513752,713752,COD,11272.77,Paid
513753,713753,Credit Card,20278.77,Paid
513754,713754,Credit Card,17627.74,Paid
513755,713755,Credit Card,11896.15,Paid
513756,713756,Credit Card,23605.71,Paid
513757,713757,Credit Card,577.46,Paid
513758,713758,Credit Card,8388.41,Paid
513759,713759,UPI,1259.45,Paid
513760,713760,Credit Card,8799.28,Paid
513761,713761,COD,591.32,Paid
513762,713762,UPI,2536.67,Paid
513763,713763,Wallet,1525.94,Paid
513764,713764,Credit Card,36537.2,Paid
513765,713765,Credit Card,2708.76,Paid
513766,713766,Debit Card,1093.56,Pending
513767,713767,Debit Card,6691.64,Paid
513768,713768,Wallet,5116.73,Paid
513769,713769,UPI,2522.68,Paid
513770,713770,Credit Card,2814.51,Paid
513771,713771,Net Banking,13631.72,Paid
513772,713772,COD,52835.17,Paid
513773,713773,Net Banking,35332.97,Paid
513774,713774,Debit Card,6795.84,Paid
513775,713775,UPI,9320.14,Paid
513776,713776,Credit Card,49231.92,Paid
513777,713777,Credit Card,4147.19,Paid
513778,713778,Credit Card,1750.18,Paid
513779,713779,UPI,2967.45,Paid
513780,713780,Debit Card,908.77,Paid
513781,713781,COD,6537.61,Paid
513782,713782,UPI,2703.87,Paid
513783,713783,Debit Card,8506.26,Pending
513784,713784,COD,1862.11,Paid
513785,713785,Wallet,1712.26,Paid
513786,713786,Credit Card,2584.56,Paid
513787,713787,Debit Card,529.34,Paid
513788,713788,Debit Card,51399.59,Failed
513789,713789,Debit Card,37565.86,Failed
513790,713790,Credit Card,21726.42,Paid
513791,713791,Debit Card,4996.02,Paid
513792,713792,Credit Card,15218.64,Paid
513793,713793,Credit Card,2542.47,Paid
513794,713794,UPI,1147.77,Paid
513795,713795,UPI,3289.36,Paid
513796,713796,Wallet,89362.83,Paid
513797,713797,COD,759.32,Paid
513798,713798,UPI,5732.29,Paid
513799,713799,Wallet,5957.23,Paid
513800,713800,UPI,5515.98,Paid
513801,713801,Debit Card,12443.24,Paid
513802,713802,Credit Card,6124.23,Paid
513803,713803,Debit Card,11697.39,Paid
513804,713804,COD,60338.03,Paid
513805,713805,UPI,62182.02,Paid
513806,713806,Credit Card,7920.12,Paid
513807,713807,Debit Card,125083.55,Paid
513808,713808,Wallet,19014.04,Paid
513809,713809,UPI,21001.12,Paid
513810,713810,Credit Card,71999.16,Paid
513811,713811,UPI,13031.6,Paid
513812,713812,Debit Card,951.84,Paid
513813,713813,UPI,46866.26,Paid
513814,713814,Debit Card,5100.65,Paid
513815,713815,UPI,2444.54,Paid
513816,713816,Net Banking,3803.49,Paid
513817,713817,Debit Card,43921.79,Paid
513818,713818,UPI,104857.59,Paid
513819,713819,COD,4304.28,Paid
513820,713820,COD,68427.35,Paid
513821,713821,COD,7160.51,Paid
513822,713822,Debit Card,3013.4,Paid
513823,713823,Wallet,63043.8,Paid
513824,713824,UPI,10079.23,Paid
513825,713825,UPI,2452.79,Paid
513826,713826,Net Banking,2701.38,Paid
513827,713827,Debit Card,15967.94,Paid
513828,713828,UPI,21129.23,Paid
513829,713829,UPI,15273.28,Paid
513830,713830,UPI,19072.72,Paid
513831,713831,UPI,4841.96,Paid
513832,713832,COD,23485.11,Paid
513833,713833,UPI,5234.57,Paid
513834,713834,Net Banking,952.51,Paid
513835,713835,UPI,2095.53,Paid
513836,713836,Wallet,2914.72,Paid
513837,713837,COD,5619.13,Paid
513838,713838,UPI,3649.75,Paid
513839,713839,COD,2854.86,Paid
513840,713840,Debit Card,1393.23,Paid
513841,713841,COD,551.19,Paid
513842,713842,Credit Card,11787.01,Paid
513843,713843,UPI,22458.17,Paid
513844,713844,UPI,1956.05,Paid
513845,713845,UPI,10719.34,Failed
513846,713846,Credit Card,2608.31,Paid
513847,713847,Net Banking,5155.65,Paid
513848,713848,UPI,953.77,Paid
513849,713849,Debit Card,15979.17,Paid
513850,713850,Net Banking,7411.28,Paid
513851,713851,Net Banking,3378.51,Paid
513852,713852,COD,84613.92,Paid
513853,713853,Net Banking,3879.05,Paid
513854,713854,COD,27311.96,Paid
513855,713855,COD,34330.82,Paid
513856,713856,Credit Card,12593.66,Paid
513857,713857,COD,75384.66,Paid
513858,713858,Debit Card,24406.41,Paid
513859,713859,UPI,2532.65,Paid
513860,713860,UPI,298.31,Paid
513861,713861,UPI,8878.94,Paid
513862,713862,COD,11593.43,Paid
513863,713863,Net Banking,2874.78,Paid
513864,713864,Credit Card,4345.76,Paid
513865,713865,Net Banking,1296.35,Paid
513866,713866,COD,10490.1,Paid
513867,713867,COD,19237.87,Paid
513868,713868,Net Banking,7754.79,Paid
513869,713869,Credit Card,1858.43,Paid
513870,713870,Net Banking,40043.61,Paid
513871,713871,Credit Card,6291.94,Paid
513872,713872,Debit Card,56461.0,Paid
513873,713873,Debit Card,1533.84,Paid
513874,713874,COD,487.12,Pending
513875,713875,Net Banking,2595.63,Paid
513876,713876,Wallet,14931.51,Paid
513877,713877,Net Banking,118121.08,Paid
513878,713878,UPI,2885.3,Paid
513879,713879,Net Banking,4259.94,Paid
513880,713880,COD,5037.46,Paid
513881,713881,COD,6946.17,Paid
513882,713882,COD,17114.43,Paid
513883,713883,Net Banking,3723.56,Paid
513884,713884,COD,9108.43,Paid
513885,713885,Net Banking,4645.03,Paid
513886,713886,Net Banking,13584.52,Paid
513887,713887,Debit Card,386.85,Paid
513888,713888,Credit Card,10421.8,Paid
513889,713889,Net Banking,14364.32,Paid
513890,713890,UPI,11232.67,Paid
513891,713891,UPI,11308.13,Paid
513892,713892,COD,112815.23,Paid
513893,713893,UPI,4265.48,Paid
513894,713894,COD,3753.02,Paid
513895,713895,Credit Card,16676.16,Paid
513896,713896,Net Banking,12644.25,Paid
513897,713897,Debit Card,1472.05,Paid
513898,713898,UPI,18553.22,Paid
513899,713899,UPI,3283.63,Paid
513900,713900,UPI,2144.68,Paid
513901,713901,Net Banking,1254.02,Paid
513902,713902,UPI,9704.42,Paid
513903,713903,UPI,66750.6,Paid
513904,713904,Debit Card,7860.04,Paid
513905,713905,UPI,506.86,Paid
513906,713906,Debit Card,33161.24,Paid
513907,713907,Debit Card,4599.86,Paid
513908,713908,COD,14485.25,Paid
513909,713909,Credit Card,4555.3,Paid
513910,713910,Debit Card,9241.64,Paid
513911,713911,UPI,13420.88,Paid
513912,713912,UPI,8016.56,Paid
513913,713913,COD,1675.9,Paid
513914,713914,Debit Card,3398.12,Paid
513915,713915,Net Banking,1955.59,Paid
513916,713916,UPI,5958.89,Paid
513917,713917,UPI,97088.1,Pending
513918,713918,UPI,3520.47,Paid
513919,713919,UPI,4322.92,Paid
513920,713920,COD,10620.03,Paid
513921,713921,Credit Card,657.42,Paid
513922,713922,COD,62182.02,Paid
513923,713923,Credit Card,24907.6,Paid
513924,713924,Debit Card,3939.83,Paid
513925,713925,UPI,27817.7,Paid
513926,713926,Wallet,8830.7,Paid
513927,713927,COD,7436.84,Paid
513928,713928,COD,115090.96,Paid
513929,713929,UPI,2019.96,Paid
513930,713930,COD,2415.41,Paid
513931,713931,Debit Card,11226.34,Paid
513932,713932,Net Banking,4648.56,Paid
513933,713933,COD,6055.57,Paid
513934,713934,Debit Card,2971.97,Paid
513935,713935,UPI,8231.45,Paid
513936,713936,UPI,438.55,Paid
513937,713937,UPI,4676.72,Paid
513938,713938,Net Banking,1825.69,Paid
513939,713939,Credit Card,4767.46,Paid
513940,713940,Net Banking,104389.6,Paid
513941,713941,Credit Card,23541.33,Paid
513942,713942,COD,744.15,Paid
513943,713943,Wallet,816.68,Paid
513944,713944,Wallet,25873.28,Paid
513945,713945,UPI,8410.09,Paid
513946,713946,UPI,28546.14,Paid
513947,713947,Debit Card,21401.38,Paid
513948,713948,UPI,149076.25,Paid
513949,713949,Credit Card,26927.96,Paid
513950,713950,Wallet,65043.63,Paid
513951,713951,UPI,749.6,Paid
513952,713952,UPI,13157.42,Paid
513953,713953,UPI,3510.56,Paid
513954,713954,Debit Card,4537.88,Paid
513955,713955,UPI,8289.15,Pending
513956,713956,Debit Card,843.46,Paid
513957,713957,UPI,2720.59,Paid
513958,713958,Credit Card,6578.05,Paid
513959,713959,UPI,2949.91,Paid
513960,713960,Wallet,7040.58,Paid
513961,713961,Wallet,40717.47,Paid
513962,713962,Net Banking,18747.09,Paid
513963,713963,UPI,35544.52,Paid
513964,713964,COD,1378.65,Paid
513965,713965,Debit Card,54156.15,Pending
513966,713966,Credit Card,35386.96,Paid
513967,713967,Debit Card,6813.27,Paid
513968,713968,COD,1167.23,Paid
513969,713969,COD,9993.89,Paid
513970,713970,UPI,1750.94,Paid
513971,713971,UPI,23919.2,Paid
513972,713972,Net Banking,12759.22,Paid
513973,713973,UPI,3628.18,Paid
513974,713974,Credit Card,9627.58,Paid
513975,713975,Debit Card,10556.28,Pending
513976,713976,UPI,18193.31,Paid
513977,713977,UPI,542.36,Paid
513978,713978,UPI,1561.36,Paid
513979,713979,COD,2355.66,Paid
513980,713980,UPI,2558.44,Paid
513981,713981,COD,33724.96,Paid
513982,713982,Credit Card,17194.28,Paid
513983,713983,Credit Card,31381.62,Paid
513984,713984,UPI,3988.33,Paid
513985,713985,COD,4476.68,Paid
513986,713986,UPI,37965.58,Paid
513987,713987,Net Banking,34997.51,Paid
513988,713988,Debit Card,68192.39,Paid
513989,713989,UPI,39804.29,Paid
513990,713990,UPI,74574.85,Paid
513991,713991,UPI,4868.42,Paid
513992,713992,Debit Card,1965.65,Paid
513993,713993,UPI,20891.7,Paid
513994,713994,UPI,3549.28,Paid
513995,713995,COD,1013.72,Paid
513996,713996,COD,5646.53,Paid
513997,713997,COD,8200.15,Paid
513998,713998,UPI,12593.66,Paid
513999,713999,UPI,24353.99,Paid
514000,714000,UPI,38904.97,Paid
514001,714001,Credit Card,41728.02,Paid
514002,714002,Wallet,114456.59,Paid
514003,714003,UPI,12821.06,Paid
514004,714004,Credit Card,5761.62,Pending
514005,714005,Net Banking,22363.48,Paid
514006,714006,UPI,2872.53,Paid
514007,714007,Credit Card,18986.42,Paid
514008,714008,COD,1712.23,Paid
514009,714009,Wallet,2033.06,Failed
514010,714010,Debit Card,9084.79,Paid
514011,714011,COD,22135.31,Paid
514012,714012,COD,3504.53,Paid
514013,714013,UPI,1393.23,Paid
514014,714014,Net Banking,5841.55,Paid
514015,714015,UPI,31991.24,Failed
514016,714016,UPI,4286.63,Paid
514017,714017,Credit Card,448.8,Paid
514018,714018,Debit Card,1088.72,Paid
514019,714019,UPI,9582.65,Paid
514020,714020,Credit Card,10601.28,Paid
514021,714021,UPI,2115.8,Paid
514022,714022,Credit Card,5290.61,Paid
514023,714023,Debit Card,14910.11,Failed
514024,714024,UPI,11922.71,Paid
514025,714025,COD,2584.56,Paid
514026,714026,Debit Card,16764.8,Paid
514027,714027,Credit Card,10983.25,Paid
514028,714028,Credit Card,4053.0,Paid
514029,714029,Credit Card,8596.71,Paid
514030,714030,COD,52241.93,Paid
514031,714031,COD,33245.21,Paid
514032,714032,COD,11052.32,Paid
514033,714033,Credit Card,4793.47,Paid
514034,714034,COD,10993.43,Paid
514035,714035,COD,4648.2,Paid
514036,714036,Debit Card,6916.29,Paid
514037,714037,Debit Card,858.28,Paid
514038,714038,Wallet,1289.14,Pending
514039,714039,Debit Card,19659.51,Paid
514040,714040,Debit Card,419.53,Paid
514041,714041,Debit Card,104714.26,Pending
514042,714042,Credit Card,400.46,Paid
514043,714043,Credit Card,1419.98,Paid
514044,714044,UPI,371.62,Paid
514045,714045,UPI,23784.09,Paid
514046,714046,Credit Card,4716.49,Paid
514047,714047,COD,461.97,Paid
514048,714048,Credit Card,13612.05,Paid
514049,714049,Debit Card,39897.82,Paid
514050,714050,UPI,4559.68,Paid
514051,714051,Wallet,5457.81,Paid
514052,714052,UPI,901.75,Paid
514053,714053,Credit Card,3467.39,Paid
514054,714054,UPI,13555.64,Paid
514055,714055,Credit Card,4545.8,Pending
514056,714056,UPI,69884.28,Paid
514057,714057,UPI,3389.14,Paid
514058,714058,COD,57945.49,Paid
514059,714059,Debit Card,11154.11,Pending
514060,714060,Debit Card,42382.43,Paid
514061,714061,Credit Card,2424.29,Paid
514062,714062,Credit Card,1755.56,Pending
514063,714063,Credit Card,35439.97,Paid
514064,714064,Debit Card,29754.08,Paid
514065,714065,Credit Card,4850.41,Paid
514066,714066,UPI,18085.21,Paid
514067,714067,COD,46121.08,Paid
514068,714068,UPI,812.03,Paid
514069,714069,UPI,3215.48,Paid
514070,714070,UPI,11285.61,Paid
514071,714071,COD,35606.34,Paid
514072,714072,UPI,198.76,Paid
514073,714073,COD,31961.39,Paid
514074,714074,Debit Card,22664.83,Paid
514075,714075,Wallet,2533.11,Paid
514076,714076,Debit Card,328.71,Paid
514077,714077,COD,15998.71,Paid
514078,714078,COD,8519.21,Paid
514079,714079,Debit Card,6025.04,Paid
514080,714080,Credit Card,1217.09,Paid
514081,714081,UPI,14654.35,Paid
514082,714082,Credit Card,3716.5,Paid
514083,714083,Credit Card,1428.15,Paid
514084,714084,Debit Card,2468.24,Paid
514085,714085,UPI,2746.45,Paid
514086,714086,COD,32666.77,Paid
514087,714087,UPI,11242.73,Paid
514088,714088,Credit Card,10901.08,Paid
514089,714089,Credit Card,728.43,Paid
514090,714090,Debit Card,14400.36,Paid
514091,714091,UPI,19153.97,Paid
514092,714092,UPI,7840.29,Paid
514093,714093,UPI,12236.29,Paid
514094,714094,Net Banking,1070.38,Paid
514095,714095,UPI,10038.28,Paid
514096,714096,Credit Card,22698.99,Paid
514097,714097,UPI,18167.99,Paid
514098,714098,UPI,7981.89,Paid
514099,714099,Debit Card,3507.7,Paid
514100,714100,Net Banking,2053.18,Paid
514101,714101,UPI,6296.83,Paid
514102,714102,UPI,10907.13,Paid
514103,714103,UPI,7137.98,Paid
514104,714104,COD,10262.99,Paid
514105,714105,UPI,119252.98,Paid
514106,714106,Credit Card,17830.93,Paid
514107,714107,UPI,9303.41,Paid
514108,714108,COD,585.68,Failed
514109,714109,UPI,28011.25,Paid
514110,714110,UPI,5044.95,Paid
514111,714111,Net Banking,2800.04,Paid
514112,714112,Credit Card,2090.02,Paid
514113,714113,COD,17824.83,Paid
514114,714114,Credit Card,491.56,Paid
514115,714115,UPI,11991.85,Pending
514116,714116,UPI,4322.92,Paid
514117,714117,Debit Card,1591.59,Paid
514118,714118,UPI,897.64,Paid
514119,714119,Debit Card,146421.9,Paid
514120,714120,COD,27340.18,Paid
514121,714121,Debit Card,30693.13,Paid
514122,714122,Credit Card,6760.52,Paid
514123,714123,COD,225.26,Paid
514124,714124,Credit Card,7385.77,Paid
514125,714125,UPI,14442.34,Paid
514126,714126,Credit Card,1171.37,Paid
514127,714127,COD,4291.41,Pending
514128,714128,Credit Card,69075.17,Paid
514129,714129,Debit Card,62529.98,Paid
514130,714130,UPI,40419.17,Paid
514131,714131,UPI,1378.57,Paid
514132,714132,Credit Card,12104.43,Paid
514133,714133,Net Banking,687.96,Paid
514134,714134,UPI,20032.38,Paid
514135,714135,Credit Card,2399.74,Paid
514136,714136,Credit Card,18054.51,Paid
514137,714137,Credit Card,6005.76,Paid
514138,714138,Credit Card,10674.08,Paid
514139,714139,Credit Card,59495.3,Paid
514140,714140,Credit Card,1575.85,Paid
514141,714141,UPI,6621.61,Paid
514142,714142,Debit Card,24532.56,Paid
514143,714143,COD,877.1,Paid
514144,714144,Credit Card,54933.1,Pending
514145,714145,UPI,124364.03,Paid
514146,714146,Debit Card,529.34,Paid
514147,714147,UPI,62060.37,Paid
514148,714148,Credit Card,13119.17,Paid
514149,714149,Credit Card,661.43,Paid
514150,714150,UPI,60558.77,Paid
514151,714151,UPI,7782.18,Paid
514152,714152,Net Banking,230.32,Paid
514153,714153,UPI,3384.61,Paid
514154,714154,Credit Card,1795.0,Paid
514155,714155,UPI,724.34,Paid
514156,714156,UPI,53589.45,Pending
514157,714157,UPI,2995.03,Paid
514158,714158,Net Banking,3306.43,Paid
514159,714159,COD,10211.67,Paid
514160,714160,COD,16329.16,Paid
514161,714161,UPI,1658.3,Paid
514162,714162,Credit Card,27850.45,Paid
514163,714163,UPI,951.84,Paid
514164,714164,UPI,32459.31,Paid
514165,714165,Credit Card,1124.76,Paid
514166,714166,Credit Card,13395.78,Paid
514167,714167,Debit Card,29942.16,Paid
514168,714168,Net Banking,35805.68,Pending
514169,714169,Wallet,8655.55,Pending
514170,714170,Debit Card,3033.28,Paid
514171,714171,Credit Card,2915.17,Paid
514172,714172,UPI,7931.3,Pending
514173,714173,Credit Card,3094.14,Pending
514174,714174,Credit Card,4380.66,Paid
514175,714175,UPI,21153.48,Paid
514176,714176,Debit Card,1023.64,Pending
514177,714177,Credit Card,52880.52,Paid
514178,714178,Credit Card,4644.71,Paid
514179,714179,UPI,10533.33,Paid
514180,714180,Debit Card,7837.73,Paid
514181,714181,COD,1056.79,Paid
514182,714182,Debit Card,63449.78,Paid
514183,714183,UPI,15728.99,Paid
514184,714184,Credit Card,13769.92,Paid
514185,714185,UPI,9551.86,Paid
514186,714186,Net Banking,68100.2,Paid
514187,714187,UPI,102567.6,Paid
514188,714188,Credit Card,15244.68,Failed
514189,714189,Credit Card,454.91,Paid
514190,714190,Debit Card,8282.97,Paid
514191,714191,UPI,1081.83,Failed
514192,714192,Wallet,54255.12,Paid
514193,714193,UPI,22131.1,Paid
514194,714194,UPI,13161.2,Paid
514195,714195,UPI,53991.07,Paid
514196,714196,Debit Card,77654.11,Paid
514197,714197,Credit Card,16371.71,Paid
514198,714198,Credit Card,4284.75,Paid
514199,714199,UPI,11065.86,Paid
514200,714200,Debit Card,25287.34,Paid
514201,714201,Net Banking,611.88,Paid
514202,714202,Credit Card,9254.29,Paid
514203,714203,Debit Card,13268.61,Paid
514204,714204,COD,28704.9,Paid
514205,714205,Credit Card,1136.72,Paid
514206,714206,COD,7397.01,Paid
514207,714207,Credit Card,4897.06,Paid
514208,714208,Debit Card,53398.96,Paid
514209,714209,UPI,63226.68,Failed
514210,714210,Debit Card,1982.94,Paid
514211,714211,UPI,2576.38,Paid
514212,714212,COD,96561.72,Paid
514213,714213,UPI,5259.84,Paid
514214,714214,Credit Card,16281.56,Paid
514215,714215,UPI,27669.14,Paid
514216,714216,Credit Card,7288.67,Paid
514217,714217,Credit Card,59543.24,Paid
514218,714218,Credit Card,4119.7,Paid
514219,714219,UPI,1216.42,Paid
514220,714220,UPI,2533.11,Paid
514221,714221,COD,1580.0,Paid
514222,714222,COD,1173.49,Paid
514223,714223,Credit Card,8065.82,Paid
514224,714224,COD,10458.19,Paid
514225,714225,COD,2603.44,Paid
514226,714226,UPI,4006.28,Pending
514227,714227,UPI,36667.06,Paid
514228,714228,UPI,12084.38,Paid
514229,714229,Credit Card,1913.69,Paid
514230,714230,UPI,4147.45,Paid
514231,714231,UPI,22190.29,Paid
514232,714232,Credit Card,4262.49,Paid
514233,714233,UPI,6263.42,Paid
514234,714234,UPI,65946.55,Paid
514235,714235,COD,9254.29,Paid
514236,714236,UPI,8479.57,Paid
514237,714237,UPI,20133.92,Paid
514238,714238,UPI,27760.95,Paid
514239,714239,Debit Card,986.42,Paid
514240,714240,Credit Card,2724.94,Paid
514241,714241,Wallet,29076.17,Paid
514242,714242,Wallet,16488.83,Paid
514243,714243,UPI,1627.06,Paid
514244,714244,UPI,19892.74,Paid
514245,714245,Credit Card,3554.18,Paid
514246,714246,UPI,2087.49,Paid
514247,714247,COD,5142.6,Paid
514248,714248,UPI,11652.21,Paid
514249,714249,Debit Card,3789.9,Paid
514250,714250,UPI,1869.57,Paid
514251,714251,UPI,2224.6,Paid
514252,714252,COD,63055.01,Paid
514253,714253,Debit Card,7093.96,Paid
514254,714254,COD,1194.27,Paid
514255,714255,UPI,844.98,Paid
514256,714256,Credit Card,17913.78,Paid
514257,714257,Net Banking,4239.1,Paid
514258,714258,COD,53969.14,Paid
514259,714259,Credit Card,265.01,Paid
514260,714260,Net Banking,831.7,Paid
514261,714261,Net Banking,7281.89,Paid
514262,714262,COD,19255.53,Paid
514263,714263,COD,8574.56,Paid
514264,714264,UPI,1183.96,Paid
514265,714265,UPI,75759.66,Paid
514266,714266,UPI,1863.13,Paid
514267,714267,Credit Card,38990.36,Paid
514268,714268,Credit Card,52757.24,Paid
514269,714269,COD,355.37,Paid
514270,714270,UPI,12952.21,Paid
514271,714271,Wallet,6766.98,Paid
514272,714272,Debit Card,10499.05,Paid
514273,714273,Debit Card,12082.93,Paid
514274,714274,UPI,3761.36,Paid
514275,714275,Credit Card,942.69,Paid
514276,714276,Debit Card,51875.37,Paid
514277,714277,UPI,27694.6,Paid
514278,714278,UPI,4109.39,Paid
514279,714279,UPI,2063.97,Paid
514280,714280,Credit Card,15326.23,Paid
514281,714281,UPI,1155.79,Paid
514282,714282,UPI,17047.47,Failed
514283,714283,Credit Card,115560.19,Paid
514284,714284,Credit Card,27942.14,Paid
514285,714285,UPI,6051.36,Paid
514286,714286,UPI,1905.8,Paid
514287,714287,Debit Card,10586.35,Paid
514288,714288,UPI,1270.21,Paid
514289,714289,Debit Card,14263.68,Paid
514290,714290,Debit Card,27138.49,Pending
514291,714291,Wallet,1595.27,Paid
514292,714292,Credit Card,36313.42,Paid
514293,714293,COD,1106.01,Paid
514294,714294,UPI,8682.45,Paid
514295,714295,Net Banking,16197.24,Paid
514296,714296,Debit Card,2855.53,Paid
514297,714297,Wallet,111196.78,Paid
514298,714298,UPI,11594.41,Paid
514299,714299,UPI,9511.77,Failed
514300,714300,Net Banking,47553.82,Paid
514301,714301,UPI,47642.61,Paid
514302,714302,UPI,32923.59,Paid
514303,714303,UPI,6694.49,Paid
514304,714304,Wallet,1185.37,Paid
514305,714305,UPI,1039.27,Paid
514306,714306,Debit Card,191.93,Paid
514307,714307,COD,19995.9,Paid
514308,714308,Debit Card,686.21,Pending
514309,714309,Credit Card,7970.48,Paid
514310,714310,UPI,9384.07,Paid
514311,714311,Debit Card,2367.92,Pending
514312,714312,UPI,2225.08,Pending
514313,714313,UPI,11997.25,Paid
514314,714314,Wallet,2602.14,Paid
514315,714315,Wallet,14852.43,Paid
514316,714316,COD,10093.02,Paid
514317,714317,Net Banking,2602.3,Paid
514318,714318,UPI,21297.8,Paid
514319,714319,Credit Card,3094.39,Paid
514320,714320,Credit Card,35540.8,Paid
514321,714321,Debit Card,3088.68,Paid
514322,714322,COD,321.18,Pending
514323,714323,Credit Card,51823.07,Paid
514324,714324,UPI,13663.78,Paid
514325,714325,Net Banking,5543.2,Paid
514326,714326,UPI,557.2,Failed
514327,714327,Credit Card,16928.61,Paid
514328,714328,COD,1277.1,Paid
514329,714329,UPI,8828.25,Paid
514330,714330,UPI,1703.3,Paid
514331,714331,Credit Card,549.55,Paid
514332,714332,COD,11527.78,Paid
514333,714333,UPI,324.67,Paid
514334,714334,Credit Card,50814.92,Paid
514335,714335,Net Banking,1946.8,Paid
514336,714336,Wallet,44699.44,Paid
514337,714337,UPI,456.57,Paid
514338,714338,UPI,10016.19,Paid
514339,714339,UPI,28243.46,Paid
514340,714340,COD,24846.14,Paid
514341,714341,COD,7569.08,Paid
514342,714342,Net Banking,1389.13,Paid
514343,714343,UPI,585.68,Paid
514344,714344,UPI,51873.59,Paid
514345,714345,UPI,6883.92,Paid
514346,714346,Credit Card,260.05,Paid
514347,714347,Debit Card,73406.18,Paid
514348,714348,UPI,12895.52,Paid
514349,714349,UPI,5067.15,Paid
514350,714350,Credit Card,22772.85,Paid
514351,714351,COD,11272.19,Paid
514352,714352,Debit Card,23973.94,Paid
514353,714353,Credit Card,5962.02,Paid
514354,714354,Net Banking,4319.94,Paid
514355,714355,Debit Card,2064.24,Paid
514356,714356,Credit Card,52757.24,Paid
514357,714357,UPI,8546.7,Paid
514358,714358,Credit Card,35246.37,Paid
514359,714359,Debit Card,86051.2,Paid
514360,714360,Debit Card,18533.91,Paid
514361,714361,UPI,14303.36,Paid
514362,714362,Credit Card,9414.49,Paid
514363,714363,COD,11354.72,Paid
514364,714364,COD,10492.96,Paid
514365,714365,Credit Card,2247.75,Paid
514366,714366,UPI,9079.19,Pending
514367,714367,Credit Card,19204.36,Paid
514368,714368,Debit Card,13802.41,Paid
514369,714369,UPI,8853.07,Paid
514370,714370,Credit Card,10466.08,Paid
514371,714371,Debit Card,820.96,Paid
514372,714372,Credit Card,634.05,Pending
514373,714373,UPI,908.77,Paid
514374,714374,UPI,9414.49,Paid
514375,714375,Credit Card,797.87,Paid
514376,714376,UPI,505.21,Paid
514377,714377,Credit Card,14666.86,Paid
514378,714378,UPI,6605.98,Paid
514379,714379,UPI,2923.62,Paid
514380,714380,Credit Card,4775.08,Paid
514381,714381,UPI,4935.35,Paid
514382,714382,Wallet,4835.82,Paid
514383,714383,COD,12800.07,Paid
514384,714384,Net Banking,1136.72,Pending
514385,714385,UPI,944.88,Paid
514386,714386,Wallet,570.9,Paid
514387,714387,COD,12504.24,Paid
514388,714388,COD,2629.68,Paid
514389,714389,Debit Card,3107.56,Paid
514390,714390,UPI,1057.97,Paid
514391,714391,UPI,5520.74,Paid
514392,714392,Credit Card,1558.64,Paid
514393,714393,UPI,25308.72,Paid
514394,714394,UPI,114495.3,Paid
514395,714395,UPI,2566.9,Paid
514396,714396,Wallet,11784.78,Paid
514397,714397,COD,486.34,Paid
514398,714398,UPI,5133.8,Paid
514399,714399,COD,1134.61,Pending
514400,714400,UPI,7423.12,Paid
514401,714401,Wallet,15932.99,Paid
514402,714402,UPI,19394.75,Paid
514403,714403,Credit Card,6361.11,Paid
514404,714404,UPI,8616.43,Paid
514405,714405,Credit Card,3019.19,Paid
514406,714406,UPI,11700.79,Paid
514407,714407,COD,60049.84,Paid
514408,714408,COD,13090.21,Paid
514409,714409,Credit Card,13645.49,Paid
514410,714410,Credit Card,6025.04,Paid
514411,714411,UPI,1094.78,Paid
514412,714412,UPI,2139.08,Paid
514413,714413,UPI,64192.73,Paid
514414,714414,Debit Card,2252.68,Paid
514415,714415,Credit Card,3576.17,Paid
514416,714416,UPI,4909.31,Paid
514417,714417,UPI,2923.87,Paid
514418,714418,Debit Card,10751.33,Failed
514419,714419,UPI,2718.91,Paid
514420,714420,Net Banking,14744.49,Paid
514421,714421,COD,6327.29,Paid
514422,714422,UPI,7853.06,Paid
514423,714423,Credit Card,616.04,Paid
514424,714424,UPI,4280.12,Paid
514425,714425,UPI,17080.56,Paid
514426,714426,Credit Card,30549.03,Paid
514427,714427,Debit Card,54471.3,Paid
514428,714428,COD,12443.24,Paid
514429,714429,UPI,52497.14,Paid
514430,714430,COD,1088.72,Paid
514431,714431,UPI,1337.52,Paid
514432,714432,UPI,3214.78,Paid
514433,714433,Credit Card,16736.86,Paid
514434,714434,COD,3285.3,Paid
514435,714435,UPI,14112.01,Paid
514436,714436,Debit Card,6396.06,Paid
514437,714437,Credit Card,53278.62,Paid
514438,714438,UPI,11346.61,Paid
514439,714439,UPI,2131.13,Paid
514440,714440,UPI,33477.63,Paid
514441,714441,Credit Card,10740.06,Paid
514442,714442,Credit Card,46459.23,Paid
514443,714443,Credit Card,8657.5,Paid
514444,714444,UPI,513.81,Paid
514445,714445,UPI,714.67,Paid
514446,714446,COD,3724.22,Paid
514447,714447,COD,10974.77,Paid
514448,714448,Debit Card,1437.55,Paid
514449,714449,Net Banking,24613.32,Paid
514450,714450,COD,2023.38,Paid
514451,714451,Debit Card,7884.95,Paid
514452,714452,Wallet,15440.31,Paid
514453,714453,Wallet,1153.08,Paid
514454,714454,UPI,3825.49,Paid
514455,714455,UPI,3625.94,Paid
514456,714456,UPI,90897.49,Paid
514457,714457,UPI,12458.17,Paid
514458,714458,COD,1515.95,Paid
514459,714459,UPI,2282.11,Paid
514460,714460,Wallet,7549.35,Paid
514461,714461,COD,1076.99,Failed
514462,714462,Net Banking,26952.31,Paid
514463,714463,Credit Card,66981.21,Paid
514464,714464,COD,26227.87,Paid
514465,714465,COD,1054.5,Pending
514466,714466,UPI,6670.12,Paid
514467,714467,UPI,16733.78,Paid
514468,714468,COD,39917.15,Paid
514469,714469,UPI,32381.86,Paid
514470,714470,Wallet,33467.48,Paid
514471,714471,UPI,2570.55,Paid
514472,714472,UPI,1542.11,Paid
514473,714473,COD,14400.08,Pending
514474,714474,Credit Card,6895.65,Paid
514475,714475,UPI,362.76,Paid
514476,714476,Debit Card,1824.08,Paid
514477,714477,Debit Card,14785.93,Paid
514478,714478,UPI,8838.37,Paid
514479,714479,Net Banking,450.52,Paid
514480,714480,Wallet,11406.86,Paid
514481,714481,Credit Card,36316.58,Paid
514482,714482,UPI,4326.97,Paid
514483,714483,COD,25863.84,Paid
514484,714484,Credit Card,9459.7,Paid
514485,714485,UPI,152380.84,Paid
514486,714486,Net Banking,12307.19,Paid
514487,714487,Credit Card,36512.52,Paid
514488,714488,COD,9004.69,Paid
514489,714489,UPI,14211.12,Paid
514490,714490,Debit Card,557.2,Paid
514491,714491,UPI,3282.46,Paid
514492,714492,UPI,9612.02,Paid
514493,714493,UPI,2249.52,Paid
514494,714494,UPI,472.41,Paid
514495,714495,UPI,32479.29,Paid
514496,714496,Credit Card,27267.82,Paid
514497,714497,UPI,31639.24,Paid
514498,714498,Debit Card,1519.87,Paid
514499,714499,Net Banking,13175.2,Paid
514500,714500,UPI,3690.08,Paid
514501,714501,COD,4161.63,Pending
514502,714502,UPI,10971.42,Failed
514503,714503,COD,6698.92,Paid
514504,714504,Debit Card,38389.75,Paid
514505,714505,Credit Card,3108.58,Paid
514506,714506,UPI,678.84,Paid
514507,714507,UPI,2047.21,Paid
514508,714508,UPI,3926.33,Paid
514509,714509,UPI,114221.3,Paid
514510,714510,COD,26166.12,Paid
514511,714511,Debit Card,22596.18,Paid
514512,714512,Credit Card,12425.0,Paid
514513,714513,UPI,14547.72,Paid
514514,714514,COD,6390.54,Paid
514515,714515,UPI,9959.13,Paid
514516,714516,Credit Card,3190.79,Paid
514517,714517,COD,870.62,Paid
514518,714518,UPI,1726.42,Paid
514519,714519,Credit Card,1294.82,Paid
514520,714520,COD,50346.44,Paid
514521,714521,COD,1377.5,Paid
514522,714522,UPI,2548.55,Paid
514523,714523,UPI,1163.57,Paid
514524,714524,UPI,16383.59,Paid
514525,714525,COD,12962.33,Paid
514526,714526,UPI,37453.85,Paid
514527,714527,COD,4832.85,Paid
514528,714528,Debit Card,11274.28,Paid
514529,714529,UPI,54258.85,Failed
514530,714530,UPI,8214.44,Paid
514531,714531,UPI,1133.35,Paid
514532,714532,COD,1318.91,Paid
514533,714533,UPI,17626.45,Paid
514534,714534,UPI,10451.32,Paid
514535,714535,Credit Card,10225.17,Paid
514536,714536,Net Banking,1769.97,Paid
514537,714537,Debit Card,10770.26,Paid
514538,714538,UPI,55338.28,Paid
514539,714539,Wallet,55801.56,Paid
514540,714540,Credit Card,942.69,Paid
514541,714541,Credit Card,3387.67,Paid
514542,714542,Debit Card,6708.43,Paid
514543,714543,UPI,4469.06,Paid
514544,714544,Credit Card,15553.4,Paid
514545,714545,UPI,7293.29,Paid
514546,714546,Debit Card,1455.8,Paid
514547,714547,UPI,21279.79,Paid
514548,714548,Debit Card,24780.71,Paid
514549,714549,Wallet,11916.0,Paid
514550,714550,Net Banking,674.97,Paid
514551,714551,Net Banking,2415.51,Paid
514552,714552,UPI,35010.6,Paid
514553,714553,Debit Card,9084.79,Paid
514554,714554,Credit Card,3227.34,Paid
514555,714555,Credit Card,12725.99,Paid
514556,714556,Net Banking,2734.79,Paid
514557,714557,UPI,4614.85,Paid
514558,714558,Net Banking,2107.61,Paid
514559,714559,UPI,1848.12,Paid
514560,714560,Debit Card,1779.51,Paid
514561,714561,UPI,8200.22,Paid
514562,714562,UPI,20791.7,Paid
514563,714563,Wallet,20985.62,Paid
514564,714564,COD,4926.02,Paid
514565,714565,UPI,456.17,Paid
514566,714566,COD,34272.49,Paid
514567,714567,Credit Card,7074.04,Paid
514568,714568,UPI,7270.48,Paid
514569,714569,Credit Card,11700.78,Paid
514570,714570,UPI,57791.03,Paid
514571,714571,COD,1606.05,Pending
514572,714572,Wallet,14525.99,Paid
514573,714573,UPI,3025.68,Paid
514574,714574,UPI,12367.84,Paid
514575,714575,Debit Card,421.18,Paid
514576,714576,UPI,567.31,Paid
514577,714577,COD,47811.77,Paid
514578,714578,UPI,9014.57,Paid
514579,714579,Credit Card,1348.81,Paid
514580,714580,Debit Card,15069.47,Paid
514581,714581,COD,35817.45,Paid
514582,714582,UPI,42569.0,Paid
514583,714583,Debit Card,48489.42,Paid
514584,714584,Net Banking,12690.64,Paid
514585,714585,COD,492.1,Paid
514586,714586,UPI,461.48,Paid
514587,714587,Net Banking,8186.71,Paid
514588,714588,UPI,25230.23,Paid
514589,714589,Credit Card,9614.04,Paid
514590,714590,COD,11062.13,Paid
514591,714591,Credit Card,4357.76,Paid
514592,714592,Debit Card,10437.98,Paid
514593,714593,Debit Card,5223.8,Paid
514594,714594,UPI,3843.34,Paid
514595,714595,Debit Card,2173.96,Paid
514596,714596,UPI,18697.36,Paid
514597,714597,Credit Card,7900.87,Paid
514598,714598,UPI,8975.03,Pending
514599,714599,UPI,16745.53,Paid
514600,714600,COD,526.26,Paid
514601,714601,Wallet,17022.1,Paid
514602,714602,Wallet,3408.18,Pending
514603,714603,Wallet,40530.16,Paid
514604,714604,COD,44448.71,Paid
514605,714605,Credit Card,3577.42,Paid
514606,714606,COD,140834.62,Paid
514607,714607,UPI,8513.69,Paid
514608,714608,COD,533.94,Paid
514609,714609,UPI,379.39,Paid
514610,714610,Net Banking,15655.25,Paid
514611,714611,Credit Card,64685.38,Paid
514612,714612,Debit Card,3251.08,Paid
514613,714613,UPI,11071.71,Paid
514614,714614,UPI,8215.77,Paid
514615,714615,UPI,9585.64,Paid
514616,714616,Wallet,486.41,Failed
514617,714617,UPI,3584.57,Failed
514618,714618,Credit Card,15507.02,Paid
514619,714619,Credit Card,933.96,Paid
514620,714620,Credit Card,6294.33,Paid
514621,714621,Debit Card,89762.43,Paid
514622,714622,Credit Card,461.48,Paid
514623,714623,UPI,13815.77,Paid
514624,714624,Credit Card,111209.56,Paid
514625,714625,Debit Card,4128.96,Paid
514626,714626,Wallet,4929.39,Paid
514627,714627,Debit Card,9005.18,Paid
514628,714628,Debit Card,4862.94,Paid
514629,714629,UPI,992.31,Paid
514630,714630,COD,2457.53,Paid
514631,714631,Net Banking,7779.44,Paid
514632,714632,UPI,78047.69,Paid
514633,714633,UPI,7306.8,Paid
514634,714634,UPI,4147.92,Paid
514635,714635,COD,88775.93,Paid
514636,714636,UPI,3795.43,Paid
514637,714637,Credit Card,2764.88,Paid
514638,714638,UPI,3825.49,Pending
514639,714639,Credit Card,405.84,Paid
514640,714640,COD,649.82,Paid
514641,714641,Credit Card,585.67,Paid
514642,714642,UPI,13480.71,Paid
514643,714643,UPI,8799.28,Paid
514644,714644,Debit Card,13839.93,Paid
514645,714645,Wallet,3210.62,Paid
514646,714646,UPI,54487.96,Pending
514647,714647,Credit Card,14679.55,Paid
514648,714648,Debit Card,131893.1,Paid
514649,714649,UPI,23452.69,Paid
514650,714650,COD,32812.44,Paid
514651,714651,COD,5761.62,Paid
514652,714652,UPI,1755.56,Paid
514653,714653,Debit Card,24415.99,Paid
514654,714654,UPI,4377.53,Paid
514655,714655,UPI,1932.86,Paid
514656,714656,Debit Card,25205.57,Pending
514657,714657,UPI,25361.9,Paid
514658,714658,COD,1645.23,Paid
514659,714659,Wallet,3082.12,Paid
514660,714660,UPI,22155.92,Paid
514661,714661,Net Banking,53415.45,Paid
514662,714662,UPI,33047.23,Paid
514663,714663,Credit Card,5305.27,Paid
514664,714664,Wallet,8903.25,Pending
514665,714665,COD,23158.0,Paid
514666,714666,Wallet,5693.34,Paid
514667,714667,Debit Card,2741.13,Paid
514668,714668,Credit Card,6764.05,Paid
514669,714669,Debit Card,1390.87,Paid
514670,714670,Net Banking,5099.83,Paid
514671,714671,Wallet,1913.69,Paid
514672,714672,UPI,1315.3,Paid
514673,714673,UPI,1518.64,Paid
514674,714674,COD,24631.54,Paid
514675,714675,UPI,15674.21,Paid
514676,714676,Credit Card,77157.04,Paid
514677,714677,Wallet,26442.3,Paid
514678,714678,Net Banking,1440.81,Paid
514679,714679,UPI,19038.07,Paid
514680,714680,COD,5600.78,Paid
514681,714681,Credit Card,38870.32,Paid
514682,714682,Net Banking,13507.72,Paid
514683,714683,UPI,34538.9,Paid
514684,714684,UPI,1400.02,Paid
514685,714685,Credit Card,7471.67,Paid
514686,714686,UPI,12660.51,Paid
514687,714687,Credit Card,1371.73,Paid
514688,714688,Net Banking,27669.14,Paid
514689,714689,Credit Card,23232.13,Paid
514690,714690,Debit Card,13249.89,Paid
514691,714691,Credit Card,14753.33,Paid
514692,714692,COD,4100.11,Paid
514693,714693,Debit Card,2641.4,Paid
514694,714694,UPI,2566.9,Paid
514695,714695,Debit Card,939.37,Paid
514696,714696,Net Banking,12313.04,Paid
514697,714697,COD,619.87,Paid
514698,714698,COD,128186.65,Paid
514699,714699,Net Banking,43390.18,Paid
514700,714700,UPI,662.92,Paid
514701,714701,UPI,8891.46,Paid
514702,714702,COD,66115.73,Failed
514703,714703,UPI,809.37,Paid
514704,714704,UPI,3928.51,Paid
514705,714705,Credit Card,20009.39,Paid
514706,714706,UPI,3877.07,Paid
514707,714707,Wallet,16507.12,Paid
514708,714708,Debit Card,2653.85,Paid
514709,714709,UPI,2279.92,Paid
514710,714710,UPI,6390.62,Paid
514711,714711,UPI,2729.95,Paid
514712,714712,Debit Card,25722.65,Paid
514713,714713,UPI,9414.49,Paid
514714,714714,Credit Card,11034.66,Paid
514715,714715,Credit Card,6088.02,Paid
514716,714716,Debit Card,6659.44,Paid
514717,714717,Credit Card,42747.09,Paid
514718,714718,Wallet,9412.09,Paid
514719,714719,COD,3943.06,Paid
514720,714720,Wallet,47843.34,Paid
514721,714721,Credit Card,16962.44,Paid
514722,714722,Wallet,22164.55,Paid
514723,714723,Net Banking,1014.76,Paid
514724,714724,UPI,18862.4,Paid
514725,714725,Credit Card,6284.31,Paid
514726,714726,Debit Card,2770.57,Paid
514727,714727,Debit Card,3854.12,Paid
514728,714728,UPI,41111.46,Paid
514729,714729,UPI,54318.75,Paid
514730,714730,Debit Card,2887.72,Pending
514731,714731,Credit Card,9328.71,Paid
514732,714732,Credit Card,10711.27,Paid
514733,714733,Debit Card,4161.63,Failed
514734,714734,Net Banking,43127.69,Paid
514735,714735,Credit Card,13715.53,Paid
514736,714736,UPI,39010.7,Paid
514737,714737,COD,12310.44,Paid
514738,714738,Net Banking,994.09,Paid
514739,714739,COD,57009.34,Paid
514740,714740,COD,897.6,Paid
514741,714741,Credit Card,36654.02,Paid
514742,714742,Credit Card,29891.87,Paid
514743,714743,COD,1368.65,Paid
514744,714744,UPI,9254.29,Paid
514745,714745,COD,37032.3,Paid
514746,714746,UPI,4476.1,Paid
514747,714747,Debit Card,1705.19,Paid
514748,714748,Credit Card,688.75,Pending
514749,714749,Net Banking,1846.95,Failed
514750,714750,UPI,21624.06,Paid
514751,714751,Debit Card,696.09,Paid
514752,714752,Credit Card,4326.42,Paid
514753,714753,UPI,9362.41,Paid
514754,714754,UPI,58563.53,Paid
514755,714755,Debit Card,14305.72,Paid
514756,714756,UPI,1142.93,Paid
514757,714757,Credit Card,7867.29,Paid
514758,714758,Debit Card,1310.82,Paid
514759,714759,Net Banking,7411.28,Paid
514760,714760,UPI,6054.67,Paid
514761,714761,UPI,36361.06,Paid
514762,714762,Net Banking,628.36,Paid
514763,714763,COD,659.46,Paid
514764,714764,UPI,26137.66,Paid
514765,714765,Net Banking,4252.91,Paid
514766,714766,UPI,1294.82,Paid
514767,714767,Debit Card,3041.39,Paid
514768,714768,Credit Card,77874.85,Paid
514769,714769,COD,5664.22,Paid
514770,714770,COD,3545.03,Paid
514771,714771,UPI,5898.36,Paid
514772,714772,UPI,39563.03,Paid
514773,714773,UPI,2225.9,Paid
514774,714774,Debit Card,8945.4,Paid
514775,714775,Debit Card,1089.58,Paid
514776,714776,UPI,4100.11,Paid
514777,714777,Credit Card,2174.66,Failed
514778,714778,UPI,598.4,Failed
514779,714779,Net Banking,893.08,Paid
514780,714780,COD,1580.0,Paid
514781,714781,Debit Card,34750.72,Failed
514782,714782,UPI,10041.74,Paid
514783,714783,UPI,14655.66,Paid
514784,714784,COD,15674.34,Paid
514785,714785,COD,1798.24,Paid
514786,714786,Credit Card,12796.79,Paid
514787,714787,UPI,13161.18,Paid
514788,714788,Debit Card,4338.81,Paid
514789,714789,COD,1875.15,Paid
514790,714790,Debit Card,49145.06,Paid
514791,714791,UPI,1006.37,Paid
514792,714792,UPI,29816.87,Paid
514793,714793,UPI,3291.42,Paid
514794,714794,Credit Card,68631.95,Paid
514795,714795,UPI,57343.95,Paid
514796,714796,Credit Card,7534.74,Paid
514797,714797,UPI,1464.93,Paid
514798,714798,UPI,7508.72,Paid
514799,714799,COD,4259.94,Failed
514800,714800,Credit Card,1242.11,Paid
514801,714801,COD,10224.0,Paid
514802,714802,Credit Card,42344.17,Paid
514803,714803,Credit Card,10732.66,Paid
514804,714804,UPI,2712.36,Paid
514805,714805,Debit Card,2557.89,Failed
514806,714806,Credit Card,1020.3,Paid
514807,714807,Debit Card,856.35,Paid
514808,714808,UPI,4349.97,Paid
514809,714809,UPI,14771.93,Paid
514810,714810,UPI,6689.1,Paid
514811,714811,Net Banking,127403.01,Paid
514812,714812,UPI,53607.75,Paid
514813,714813,UPI,4631.2,Paid
514814,714814,UPI,76549.56,Paid
514815,714815,UPI,19039.91,Paid
514816,714816,Debit Card,1006.37,Paid
514817,714817,Debit Card,1620.7,Paid
514818,714818,UPI,856.35,Paid
514819,714819,COD,1310.82,Paid
514820,714820,Net Banking,7465.45,Paid
514821,714821,COD,801.51,Paid
514822,714822,COD,9254.29,Paid
514823,714823,COD,7464.26,Paid
514824,714824,Credit Card,55923.53,Pending
514825,714825,COD,1712.05,Paid
514826,714826,UPI,4423.92,Paid
514827,714827,UPI,2424.29,Paid
514828,714828,UPI,33912.31,Paid
514829,714829,Credit Card,4936.48,Paid
514830,714830,COD,413.62,Paid
514831,714831,UPI,338.08,Paid
514832,714832,Debit Card,38880.2,Paid
514833,714833,Net Banking,1307.0,Paid
514834,714834,Credit Card,8454.68,Pending
514835,714835,COD,14906.6,Paid
514836,714836,Credit Card,5338.8,Paid
514837,714837,Credit Card,1561.36,Paid
514838,714838,Debit Card,16345.24,Paid
514839,714839,COD,162881.44,Pending
514840,714840,Net Banking,3818.87,Paid
514841,714841,Net Banking,3205.24,Failed
514842,714842,COD,10078.62,Paid
514843,714843,Debit Card,21956.45,Paid
514844,714844,Net Banking,4718.58,Paid
514845,714845,Credit Card,12943.07,Paid
514846,714846,UPI,2441.09,Paid
514847,714847,Net Banking,20372.13,Paid
514848,714848,COD,22235.24,Paid
514849,714849,Debit Card,516.98,Paid
514850,714850,Credit Card,23604.8,Paid
514851,714851,Credit Card,8019.34,Paid
514852,714852,COD,6166.08,Paid
514853,714853,Debit Card,7442.52,Paid
514854,714854,UPI,31724.89,Paid
514855,714855,UPI,5963.22,Paid
514856,714856,Credit Card,49766.05,Paid
514857,714857,Net Banking,14456.16,Paid
514858,714858,COD,2348.42,Paid
514859,714859,UPI,2190.42,Paid
514860,714860,COD,13907.15,Paid
514861,714861,Debit Card,49807.92,Paid
514862,714862,Debit Card,15381.56,Paid
514863,714863,UPI,7660.1,Paid
514864,714864,Debit Card,71726.39,Paid
514865,714865,Credit Card,90387.58,Paid
514866,714866,UPI,4347.92,Paid
514867,714867,UPI,3107.43,Failed
514868,714868,Debit Card,83907.01,Paid
514869,714869,Debit Card,13715.58,Paid
514870,714870,COD,53089.52,Paid
514871,714871,Wallet,741.85,Paid
514872,714872,Credit Card,1651.64,Pending
514873,714873,UPI,6574.43,Paid
514874,714874,COD,4336.01,Paid
514875,714875,Credit Card,6014.75,Paid
514876,714876,Debit Card,2345.68,Failed
514877,714877,UPI,4461.16,Paid
514878,714878,UPI,1553.78,Paid
514879,714879,UPI,8132.64,Paid
514880,714880,UPI,7067.68,Paid
514881,714881,UPI,26719.62,Paid
514882,714882,Wallet,6470.02,Paid
514883,714883,Wallet,34060.44,Paid
514884,714884,UPI,2187.95,Paid
514885,714885,Debit Card,2241.14,Paid
514886,714886,UPI,26241.5,Paid
514887,714887,UPI,3178.09,Paid
514888,714888,Debit Card,26935.12,Paid
514889,714889,Net Banking,27015.44,Paid
514890,714890,Wallet,2762.27,Paid
514891,714891,COD,13279.03,Paid
514892,714892,Wallet,33757.01,Paid
514893,714893,UPI,8273.39,Paid
514894,714894,UPI,21542.24,Paid
514895,714895,COD,17554.07,Paid
514896,714896,UPI,843.69,Paid
514897,714897,UPI,974.12,Paid
514898,714898,Net Banking,16962.44,Pending
514899,714899,Credit Card,7771.74,Paid
514900,714900,UPI,9014.57,Paid
514901,714901,COD,2069.5,Pending
514902,714902,Net Banking,9420.75,Paid
514903,714903,Credit Card,31613.71,Paid
514904,714904,Wallet,7067.68,Paid
514905,714905,UPI,3781.47,Paid
514906,714906,UPI,11499.21,Paid
514907,714907,UPI,3852.65,Paid
514908,714908,Net Banking,8582.81,Paid
514909,714909,Credit Card,3838.54,Paid
514910,714910,UPI,507.3,Paid
514911,714911,Net Banking,35332.97,Paid
514912,714912,UPI,1102.66,Paid
514913,714913,UPI,41109.61,Paid
514914,714914,COD,3748.96,Paid
514915,714915,Debit Card,3109.7,Paid
514916,714916,UPI,9271.29,Paid
514917,714917,Wallet,9182.8,Paid
514918,714918,UPI,21827.92,Pending
514919,714919,Credit Card,36647.51,Pending
514920,714920,UPI,8395.47,Paid
514921,714921,UPI,30584.16,Paid
514922,714922,COD,12262.17,Paid
514923,714923,Debit Card,2545.92,Paid
514924,714924,UPI,12686.59,Paid
514925,714925,Credit Card,12549.3,Paid
514926,714926,Wallet,45718.74,Paid
514927,714927,COD,14534.66,Paid
514928,714928,COD,1643.54,Paid
514929,714929,UPI,20244.75,Paid
514930,714930,COD,26073.78,Paid
514931,714931,UPI,6580.25,Paid
514932,714932,UPI,2767.24,Paid
514933,714933,Debit Card,13718.48,Paid
514934,714934,Credit Card,4852.52,Paid
514935,714935,UPI,986.72,Paid
514936,714936,Credit Card,7157.25,Paid
514937,714937,UPI,10355.61,Paid
514938,714938,Credit Card,928.12,Paid
514939,714939,Credit Card,1056.79,Paid
514940,714940,Debit Card,4122.85,Paid
514941,714941,UPI,2197.54,Paid
514942,714942,Net Banking,8682.59,Pending
514943,714943,Debit Card,26227.46,Paid
514944,714944,UPI,557.1,Paid
514945,714945,COD,794.22,Paid
514946,714946,Credit Card,48966.32,Paid
514947,714947,COD,1323.57,Paid
514948,714948,Net Banking,1583.66,Paid
514949,714949,UPI,40316.27,Paid
514950,714950,Wallet,290.64,Paid
514951,714951,Debit Card,7021.12,Pending
514952,714952,UPI,826.99,Paid
514953,714953,Net Banking,133547.61,Paid
514954,714954,UPI,1141.8,Paid
514955,714955,UPI,220685.24,Paid
514956,714956,COD,513.44,Paid
514957,714957,COD,12812.35,Paid
514958,714958,UPI,8079.0,Paid
514959,714959,Wallet,55548.77,Paid
514960,714960,Debit Card,6325.21,Paid
514961,714961,Credit Card,16756.49,Failed
514962,714962,UPI,74919.05,Paid
514963,714963,Net Banking,113221.34,Pending
514964,714964,UPI,28348.93,Paid
514965,714965,Debit Card,15524.42,Paid
514966,714966,UPI,38137.07,Paid
514967,714967,UPI,10168.21,Paid
514968,714968,Credit Card,62650.39,Paid
514969,714969,UPI,1860.62,Paid
514970,714970,UPI,1511.58,Paid
514971,714971,UPI,10326.04,Paid
514972,714972,UPI,34077.16,Pending
514973,714973,Credit Card,2225.9,Paid
514974,714974,COD,48544.05,Paid
514975,714975,UPI,24681.47,Paid
514976,714976,UPI,1492.23,Paid
514977,714977,Credit Card,12745.94,Paid
514978,714978,Debit Card,857.15,Paid
514979,714979,Debit Card,27003.95,Paid
514980,714980,Credit Card,544.29,Paid
514981,714981,UPI,1932.41,Paid
514982,714982,Credit Card,27171.21,Paid
514983,714983,Credit Card,19542.5,Paid
514984,714984,UPI,43448.02,Paid
514985,714985,COD,1276.59,Paid
514986,714986,UPI,5768.56,Paid
514987,714987,Credit Card,497.27,Paid
514988,714988,Debit Card,10384.65,Paid
514989,714989,Debit Card,26648.39,Paid
514990,714990,Wallet,8418.82,Paid
514991,714991,Credit Card,6566.55,Paid
514992,714992,UPI,11856.89,Paid
514993,714993,Credit Card,31557.28,Paid
514994,714994,Debit Card,59725.71,Paid
514995,714995,Credit Card,1858.25,Paid
514996,714996,UPI,1483.35,Paid
514997,714997,UPI,11104.32,Paid
514998,714998,Net Banking,586.18,Paid
514999,714999,UPI,5634.98,Paid
515000,715000,UPI,1676.82,Paid
515001,715001,Debit Card,2954.5,Paid
515002,715002,Net Banking,69542.32,Paid
515003,715003,Credit Card,7515.74,Failed
515004,715004,COD,8332.68,Paid
515005,715005,Wallet,39409.1,Paid
515006,715006,Credit Card,25748.6,Paid
515007,715007,COD,12983.12,Paid
515008,715008,COD,46288.68,Failed
515009,715009,UPI,770.71,Paid
515010,715010,COD,118730.37,Paid
515011,715011,Credit Card,29209.6,Paid
515012,715012,UPI,24459.49,Paid
515013,715013,Debit Card,6954.43,Paid
515014,715014,Credit Card,9234.78,Pending
515015,715015,COD,78700.91,Paid
515016,715016,UPI,26133.32,Paid
515017,715017,Debit Card,2946.34,Paid
515018,715018,UPI,23541.44,Failed
515019,715019,UPI,4157.66,Paid
515020,715020,UPI,9205.2,Paid
515021,715021,Credit Card,56568.01,Paid
515022,715022,Net Banking,1209.94,Paid
515023,715023,Debit Card,14863.48,Pending
515024,715024,UPI,1825.69,Paid
515025,715025,Net Banking,10903.99,Paid
515026,715026,UPI,678.19,Paid
515027,715027,Credit Card,1869.57,Paid
515028,715028,Net Banking,1038.65,Paid
515029,715029,Debit Card,52604.24,Paid
515030,715030,Credit Card,4478.78,Paid
515031,715031,Net Banking,16390.74,Paid
515032,715032,Credit Card,9768.42,Paid
515033,715033,UPI,186650.44,Paid
515034,715034,Net Banking,1489.69,Paid
515035,715035,Credit Card,56933.89,Paid
515036,715036,Debit Card,13738.27,Paid
515037,715037,UPI,1133.67,Paid
515038,715038,Credit Card,12271.55,Paid
515039,715039,Credit Card,319.83,Paid
515040,715040,Credit Card,757.98,Paid
515041,715041,COD,13600.08,Paid
515042,715042,Debit Card,16036.98,Paid
515043,715043,Credit Card,3559.01,Paid
515044,715044,COD,198.76,Paid
515045,715045,Wallet,11929.42,Paid
515046,715046,Credit Card,2999.8,Paid
515047,715047,Credit Card,2055.24,Paid
515048,715048,Credit Card,71824.84,Paid
515049,715049,Credit Card,9898.62,Paid
515050,715050,Wallet,28101.34,Paid
515051,715051,COD,9557.51,Paid
515052,715052,UPI,7334.38,Paid
515053,715053,UPI,972.83,Paid
515054,715054,Credit Card,20869.94,Paid
515055,715055,UPI,46676.78,Paid
515056,715056,UPI,1752.23,Paid
515057,715057,UPI,2219.05,Paid
515058,715058,UPI,4879.71,Paid
515059,715059,Credit Card,16630.26,Paid
515060,715060,Net Banking,36137.71,Paid
515061,715061,Credit Card,10016.15,Paid
515062,715062,UPI,516.98,Paid
515063,715063,Credit Card,14900.79,Paid
515064,715064,Credit Card,1621.38,Paid
515065,715065,UPI,8888.17,Paid
515066,715066,Credit Card,3481.19,Pending
515067,715067,UPI,27500.76,Paid
515068,715068,Debit Card,6966.76,Paid
515069,715069,Debit Card,35192.83,Paid
515070,715070,COD,13850.31,Paid
515071,715071,Debit Card,12901.75,Paid
515072,715072,Net Banking,29030.46,Paid
515073,715073,UPI,24659.79,Pending
515074,715074,UPI,15580.48,Paid
515075,715075,Net Banking,1057.97,Paid
515076,715076,COD,513.81,Paid
515077,715077,UPI,9254.29,Paid
515078,715078,COD,5243.86,Paid
515079,715079,Credit Card,5100.65,Paid
515080,715080,Wallet,175959.45,Paid
515081,715081,Debit Card,1608.97,Paid
515082,715082,UPI,12062.8,Paid
515083,715083,Credit Card,5322.83,Paid
515084,715084,COD,18862.4,Paid
515085,715085,UPI,4642.03,Paid
515086,715086,Credit Card,421.54,Paid
515087,715087,Credit Card,10960.26,Paid
515088,715088,COD,48621.35,Paid
515089,715089,Credit Card,6054.67,Paid
515090,715090,UPI,61572.4,Paid
515091,715091,UPI,16284.03,Paid
515092,715092,UPI,7980.78,Paid
515093,715093,Wallet,660.98,Paid
515094,715094,Debit Card,44458.2,Paid
515095,715095,COD,28110.27,Pending
515096,715096,UPI,2018.6,Paid
515097,715097,UPI,462.28,Paid
515098,715098,UPI,7730.72,Paid
515099,715099,Debit Card,10626.56,Paid
515100,715100,COD,2944.09,Failed
515101,715101,Debit Card,626.19,Paid
515102,715102,COD,28123.51,Paid
515103,715103,UPI,692.02,Paid
515104,715104,UPI,6169.56,Paid
515105,715105,Debit Card,989.59,Paid
515106,715106,UPI,536.78,Paid
515107,715107,UPI,29093.06,Paid
515108,715108,UPI,2521.59,Paid
515109,715109,UPI,1798.94,Paid
515110,715110,Credit Card,767.73,Paid
515111,715111,UPI,13373.32,Paid
515112,715112,UPI,42290.43,Paid
515113,715113,Net Banking,992.31,Paid
515114,715114,UPI,34369.64,Paid
515115,715115,Wallet,5203.33,Paid
515116,715116,UPI,180149.52,Paid
515117,715117,Credit Card,2071.46,Paid
515118,715118,Net Banking,71062.28,Paid
515119,715119,Net Banking,8147.11,Paid
515120,715120,Credit Card,2299.6,Paid
515121,715121,Credit Card,9139.42,Paid
515122,715122,Credit Card,530.34,Pending
515123,715123,Net Banking,134153.64,Paid
515124,715124,UPI,50065.05,Paid
515125,715125,UPI,7981.28,Paid
515126,715126,UPI,5235.63,Paid
515127,715127,Net Banking,9113.62,Paid
515128,715128,Credit Card,9532.7,Paid
515129,715129,UPI,497.27,Paid
515130,715130,Debit Card,145612.14,Paid
515131,715131,Net Banking,64171.82,Paid
515132,715132,COD,1525.29,Paid
515133,715133,Debit Card,1333.54,Paid
515134,715134,COD,1755.04,Paid
515135,715135,Credit Card,59048.04,Paid
515136,715136,Credit Card,5558.46,Paid
515137,715137,Debit Card,11801.81,Paid
515138,715138,UPI,8191.29,Paid
515139,715139,Debit Card,3467.39,Failed
515140,715140,Credit Card,2328.91,Paid
515141,715141,Net Banking,1133.35,Paid
515142,715142,UPI,29508.96,Paid
515143,715143,Debit Card,23878.96,Paid
515144,715144,Wallet,2537.83,Pending
515145,715145,Credit Card,1875.06,Paid
515146,715146,UPI,931.38,Paid
515147,715147,UPI,14981.31,Paid
515148,715148,COD,6741.6,Paid
515149,715149,Debit Card,5187.5,Paid
515150,715150,COD,3373.3,Paid
515151,715151,Credit Card,36730.73,Paid
515152,715152,Debit Card,49555.43,Paid
515153,715153,COD,23928.67,Paid
515154,715154,UPI,1292.57,Paid
515155,715155,Debit Card,53287.45,Paid
515156,715156,Credit Card,266.53,Paid
515157,715157,COD,19525.78,Paid
515158,715158,UPI,1676.82,Paid
515159,715159,UPI,2064.24,Pending
515160,715160,UPI,52357.01,Paid
515161,715161,Credit Card,701.98,Paid
515162,715162,Net Banking,31858.31,Paid
515163,715163,Net Banking,68740.76,Paid
515164,715164,COD,27949.78,Paid
515165,715165,UPI,5545.9,Paid
515166,715166,Debit Card,1054.5,Paid
515167,715167,Net Banking,23271.56,Paid
515168,715168,UPI,3858.93,Paid
515169,715169,UPI,3952.31,Paid
515170,715170,UPI,1364.19,Paid
515171,715171,COD,53089.52,Paid
515172,715172,Credit Card,6805.08,Paid
515173,715173,Net Banking,938.79,Paid
515174,715174,UPI,4414.45,Paid
515175,715175,COD,10072.09,Pending
515176,715176,COD,2418.2,Pending
515177,715177,Credit Card,4823.23,Paid
515178,715178,UPI,1154.92,Paid
515179,715179,Credit Card,25178.1,Paid
515180,715180,UPI,7538.9,Paid
515181,715181,UPI,87788.42,Pending
515182,715182,Credit Card,674.46,Paid
515183,715183,UPI,2760.9,Paid
515184,715184,COD,36422.27,Paid
515185,715185,Debit Card,30206.96,Paid
515186,715186,Net Banking,4244.19,Paid
515187,715187,UPI,107259.74,Paid
515188,715188,UPI,7519.3,Pending
515189,715189,COD,1789.36,Paid
515190,715190,COD,2665.36,Paid
515191,715191,Net Banking,59335.31,Paid
515192,715192,UPI,3836.24,Paid
515193,715193,Credit Card,15366.6,Paid
515194,715194,Debit Card,5764.62,Paid
515195,715195,UPI,9064.54,Paid
515196,715196,Debit Card,12225.19,Paid
515197,715197,Debit Card,974.12,Paid
515198,715198,Net Banking,50768.35,Paid
515199,715199,Debit Card,50231.03,Paid
515200,715200,COD,946.6,Paid
515201,715201,COD,1400.75,Paid
515202,715202,Credit Card,23301.32,Paid
515203,715203,Debit Card,39951.74,Paid
515204,715204,Net Banking,49942.41,Paid
515205,715205,COD,32962.74,Paid
515206,715206,Credit Card,1417.26,Paid
515207,715207,COD,4932.89,Paid
515208,715208,Debit Card,34814.47,Paid
515209,715209,Wallet,999.89,Paid
515210,715210,Debit Card,1174.31,Paid
515211,715211,Wallet,660.9,Paid
515212,715212,COD,4895.39,Paid
515213,715213,Credit Card,1084.93,Paid
515214,715214,UPI,18016.2,Paid
515215,715215,Net Banking,20708.55,Paid
515216,715216,Credit Card,50530.28,Failed
515217,715217,UPI,1846.95,Paid
515218,715218,UPI,1490.5,Pending
515219,715219,Credit Card,955.69,Paid
515220,715220,COD,25623.92,Paid
515221,715221,Net Banking,31680.13,Paid
515222,715222,UPI,78679.18,Paid
515223,715223,UPI,1478.86,Paid
515224,715224,COD,487.44,Paid
515225,715225,Net Banking,2120.09,Paid
515226,715226,UPI,13838.59,Paid
515227,715227,Net Banking,10524.54,Paid
515228,715228,COD,40503.95,Paid
515229,715229,Debit Card,1400.02,Paid
515230,715230,Credit Card,1047.8,Paid
515231,715231,Credit Card,18957.64,Paid
515232,715232,Net Banking,49652.35,Pending
515233,715233,COD,1532.29,Failed
515234,715234,UPI,4994.78,Paid
515235,715235,Credit Card,11317.8,Paid
515236,715236,UPI,513.81,Paid
515237,715237,UPI,40447.67,Paid
515238,715238,UPI,7774.18,Paid
515239,715239,UPI,994.54,Paid
515240,715240,Wallet,1220.54,Paid
515241,715241,UPI,16871.29,Paid
515242,715242,Credit Card,6793.73,Paid
515243,715243,Debit Card,437.95,Paid
515244,715244,Debit Card,13617.38,Paid
515245,715245,COD,243.5,Paid
515246,715246,Credit Card,1142.46,Paid
515247,715247,Credit Card,5804.22,Failed
515248,715248,Credit Card,1580.0,Paid
515249,715249,UPI,24194.8,Paid
515250,715250,UPI,39795.37,Paid
515251,715251,Credit Card,8500.09,Paid
515252,715252,Credit Card,24208.86,Paid
515253,715253,Credit Card,11645.28,Paid
515254,715254,UPI,1171.55,Paid
515255,715255,UPI,8693.68,Paid
515256,715256,COD,4374.34,Paid
515257,715257,Credit Card,89276.68,Paid
515258,715258,Credit Card,255.91,Paid
515259,715259,Credit Card,2770.57,Failed
515260,715260,Debit Card,10035.99,Paid
515261,715261,COD,268458.11,Paid
515262,715262,Net Banking,33732.32,Paid
515263,715263,UPI,10160.98,Paid
515264,715264,UPI,2913.86,Paid
515265,715265,COD,56407.62,Paid
515266,715266,UPI,27194.6,Paid
515267,715267,UPI,7467.43,Paid
515268,715268,Debit Card,29862.67,Paid
515269,715269,UPI,5003.35,Paid
515270,715270,UPI,19132.55,Paid
515271,715271,Credit Card,33709.18,Paid
515272,715272,UPI,4167.35,Paid
515273,715273,Net Banking,5892.88,Paid
515274,715274,UPI,5227.21,Paid
515275,715275,Net Banking,2566.9,Paid
515276,715276,Credit Card,244272.77,Paid
515277,715277,Debit Card,2697.08,Paid
515278,715278,Net Banking,40557.77,Paid
515279,715279,Wallet,13407.84,Paid
515280,715280,Credit Card,42832.99,Paid
515281,715281,Wallet,5154.45,Paid
515282,715282,UPI,55608.08,Paid
515283,715283,UPI,3841.08,Paid
515284,715284,UPI,23106.82,Paid
515285,715285,Wallet,8010.04,Paid
515286,715286,COD,628.36,Paid
515287,715287,COD,24097.28,Paid
515288,715288,Credit Card,123868.52,Paid
515289,715289,UPI,1556.69,Paid
515290,715290,Credit Card,29256.3,Paid
515291,715291,Debit Card,59351.89,Paid
515292,715292,Credit Card,12665.4,Paid
515293,715293,UPI,1747.24,Paid
515294,715294,UPI,2134.81,Paid
515295,715295,Debit Card,1064.98,Pending
515296,715296,Wallet,752.98,Paid
515297,715297,UPI,5671.57,Pending
515298,715298,UPI,685.08,Paid
515299,715299,Credit Card,600.68,Paid
515300,715300,COD,31704.22,Paid
515301,715301,UPI,554.86,Paid
515302,715302,Net Banking,1270.49,Paid
515303,715303,Net Banking,1971.82,Pending
515304,715304,Debit Card,9326.94,Paid
515305,715305,UPI,396.22,Paid
515306,715306,Credit Card,1183.96,Paid
515307,715307,UPI,708.66,Paid
515308,715308,Credit Card,8152.75,Paid
515309,715309,COD,1139.86,Paid
515310,715310,UPI,1124.34,Paid
515311,715311,UPI,4590.59,Paid
515312,715312,COD,77957.24,Paid
515313,715313,UPI,9425.85,Paid
515314,715314,UPI,6463.88,Paid
515315,715315,Debit Card,1750.18,Paid
515316,715316,Debit Card,41318.26,Paid
515317,715317,Net Banking,598.4,Paid
515318,715318,Debit Card,34677.06,Paid
515319,715319,Credit Card,27696.63,Paid
515320,715320,COD,9477.84,Paid
515321,715321,COD,7989.59,Paid
515322,715322,Debit Card,50087.45,Paid
515323,715323,Debit Card,2831.8,Paid
515324,715324,Net Banking,69469.62,Paid
515325,715325,COD,957.83,Paid
515326,715326,Credit Card,63861.41,Paid
515327,715327,COD,7358.54,Paid
515328,715328,Credit Card,1705.19,Paid
515329,715329,UPI,1955.59,Paid
515330,715330,COD,6296.83,Paid
515331,715331,Debit Card,2141.06,Paid
515332,715332,Credit Card,1561.38,Paid
515333,715333,Debit Card,52769.47,Paid
515334,715334,Debit Card,1891.51,Paid
515335,715335,UPI,2657.87,Paid
515336,715336,UPI,5040.67,Paid
515337,715337,UPI,14709.83,Paid
515338,715338,COD,26966.16,Paid
515339,715339,Net Banking,9229.7,Paid
515340,715340,Credit Card,11474.07,Paid
515341,715341,UPI,212.01,Paid
515342,715342,COD,801.55,Failed
515343,715343,UPI,102313.5,Paid
515344,715344,UPI,97149.52,Paid
515345,715345,Debit Card,8269.72,Paid
515346,715346,Credit Card,702.8,Paid
515347,715347,Net Banking,5008.95,Paid
515348,715348,Credit Card,11949.56,Paid
515349,715349,Debit Card,6454.67,Paid
515350,715350,UPI,887.42,Pending
515351,715351,Net Banking,2601.69,Paid
515352,715352,UPI,1472.05,Paid
515353,715353,Credit Card,3166.39,Paid
515354,715354,Credit Card,12725.99,Paid
515355,715355,Debit Card,1993.54,Paid
515356,715356,COD,2448.53,Paid
515357,715357,UPI,13673.99,Paid
515358,715358,UPI,1203.0,Paid
515359,715359,Credit Card,9005.44,Paid
515360,715360,UPI,31613.71,Paid
515361,715361,Debit Card,16921.05,Paid
515362,715362,Wallet,51943.91,Paid
515363,715363,UPI,4631.2,Paid
515364,715364,UPI,17083.45,Paid
515365,715365,Debit Card,429.7,Paid
515366,715366,COD,2265.41,Paid
515367,715367,Net Banking,14219.55,Pending
515368,715368,COD,13438.57,Paid
515369,715369,UPI,27048.94,Paid
515370,715370,Net Banking,944.39,Paid
515371,715371,Debit Card,1769.97,Paid
515372,715372,UPI,13148.27,Paid
515373,715373,COD,9591.49,Paid
515374,715374,COD,32365.17,Paid
515375,715375,UPI,3443.64,Paid
515376,715376,UPI,40413.22,Failed
515377,715377,Debit Card,12525.7,Paid
515378,715378,UPI,6916.12,Paid
515379,715379,UPI,4863.54,Paid
515380,715380,UPI,11383.15,Paid
515381,715381,COD,1750.84,Paid
515382,715382,UPI,3346.93,Paid
515383,715383,Debit Card,1959.48,Paid
515384,715384,UPI,1732.38,Paid
515385,715385,UPI,3507.13,Paid
515386,715386,Debit Card,10655.05,Paid
515387,715387,Debit Card,7762.69,Paid
515388,715388,Debit Card,9882.76,Paid
515389,715389,COD,46969.47,Paid
515390,715390,Net Banking,67205.83,Paid
515391,715391,Credit Card,6914.97,Pending
515392,715392,Credit Card,52280.13,Paid
515393,715393,COD,3019.19,Paid
515394,715394,Credit Card,40015.19,Paid
515395,715395,UPI,39490.47,Paid
515396,715396,Net Banking,16166.52,Paid
515397,715397,UPI,108624.3,Paid
515398,715398,UPI,46323.74,Paid
515399,715399,Debit Card,12855.71,Paid
515400,715400,COD,11202.02,Pending
515401,715401,Credit Card,14456.01,Paid
515402,715402,UPI,76208.03,Paid
515403,715403,UPI,9260.92,Paid
515404,715404,Credit Card,12336.15,Pending
515405,715405,COD,1417.26,Paid
515406,715406,Credit Card,6966.65,Paid
515407,715407,UPI,11115.67,Paid
515408,715408,Credit Card,44178.02,Paid
515409,715409,Wallet,2294.73,Paid
515410,715410,Debit Card,29037.02,Paid
515411,715411,UPI,14018.11,Paid
515412,715412,Debit Card,18173.0,Paid
515413,715413,UPI,2575.76,Paid
515414,715414,COD,770.71,Paid
515415,715415,UPI,3723.56,Paid
515416,715416,Credit Card,6816.85,Paid
515417,715417,Net Banking,2004.57,Paid
515418,715418,Credit Card,61480.01,Paid
515419,715419,Debit Card,209194.28,Paid
515420,715420,Wallet,3732.47,Paid
515421,715421,UPI,96869.55,Paid
515422,715422,UPI,13855.44,Paid
515423,715423,Net Banking,306.63,Paid
515424,715424,UPI,14672.67,Paid
515425,715425,UPI,4933.59,Paid
515426,715426,UPI,14712.65,Paid
515427,715427,Credit Card,5050.35,Paid
515428,715428,UPI,46372.18,Paid
515429,715429,UPI,7867.29,Paid
515430,715430,Credit Card,3032.02,Paid
515431,715431,Net Banking,670.39,Paid
515432,715432,Debit Card,29340.39,Paid
515433,715433,Debit Card,1259.28,Paid
515434,715434,UPI,41324.2,Paid
515435,715435,UPI,13458.03,Paid
515436,715436,UPI,6085.73,Paid
515437,715437,Debit Card,12438.79,Paid
515438,715438,Net Banking,7531.42,Paid
515439,715439,Debit Card,1848.11,Paid
515440,715440,Net Banking,1146.02,Paid
515441,715441,Debit Card,63043.8,Paid
515442,715442,UPI,5558.46,Paid
515443,715443,Credit Card,2040.61,Paid
515444,715444,Credit Card,6859.2,Pending
515445,715445,Credit Card,1293.62,Paid
515446,715446,UPI,6848.05,Paid
515447,715447,UPI,2468.24,Paid
515448,715448,COD,3584.57,Paid
515449,715449,Debit Card,1171.55,Paid
515450,715450,COD,27765.9,Paid
515451,715451,COD,9167.11,Paid
515452,715452,Credit Card,14362.22,Paid
515453,715453,Credit Card,18470.33,Paid
515454,715454,Credit Card,9423.58,Paid
515455,715455,Credit Card,116080.99,Paid
515456,715456,Net Banking,759.32,Paid
515457,715457,UPI,21447.81,Paid
515458,715458,Debit Card,1781.44,Paid
515459,715459,UPI,13021.79,Paid
515460,715460,Credit Card,36846.8,Paid
515461,715461,Credit Card,1277.98,Paid
515462,715462,Credit Card,648.09,Paid
515463,715463,UPI,8357.69,Paid
515464,715464,UPI,8655.57,Paid
515465,715465,Credit Card,67689.91,Paid
515466,715466,UPI,1396.58,Paid
515467,715467,UPI,4129.31,Paid
515468,715468,Net Banking,3208.58,Paid
515469,715469,Debit Card,7311.62,Paid
515470,715470,UPI,768.9,Paid
515471,715471,Debit Card,7710.81,Paid
515472,715472,COD,134301.69,Paid
515473,715473,Debit Card,24945.52,Paid
515474,715474,Credit Card,1905.8,Paid
515475,715475,UPI,2411.0,Pending
515476,715476,Credit Card,16023.77,Paid
515477,715477,Credit Card,47915.03,Paid
515478,715478,UPI,12766.18,Paid
515479,715479,Credit Card,60042.76,Paid
515480,715480,UPI,9235.6,Paid
515481,715481,Net Banking,30216.0,Paid
515482,715482,UPI,16177.26,Paid
515483,715483,UPI,19933.49,Paid
515484,715484,Debit Card,66437.91,Paid
515485,715485,Net Banking,406.71,Failed
515486,715486,COD,9388.93,Paid
515487,715487,UPI,19570.96,Paid
515488,715488,UPI,8110.56,Paid
515489,715489,Credit Card,31613.71,Paid
515490,715490,Credit Card,229.18,Paid
515491,715491,COD,53781.68,Paid
515492,715492,UPI,5955.12,Paid
515493,715493,COD,3166.45,Paid
515494,715494,Debit Card,28195.86,Paid
515495,715495,UPI,516.98,Paid
515496,715496,Net Banking,1884.53,Failed
515497,715497,UPI,1852.15,Paid
515498,715498,Net Banking,11711.38,Paid
515499,715499,Credit Card,780.89,Paid
515500,715500,Debit Card,1662.64,Paid
515501,715501,Credit Card,2477.47,Paid
515502,715502,UPI,26532.18,Paid
515503,715503,UPI,26966.16,Pending
515504,715504,Debit Card,12246.88,Paid
515505,715505,UPI,17841.83,Paid
515506,715506,COD,38826.49,Paid
515507,715507,Debit Card,2720.59,Paid
515508,715508,Credit Card,12056.2,Paid
515509,715509,UPI,5111.42,Paid
515510,715510,UPI,2163.16,Paid
515511,715511,Net Banking,48993.4,Paid
515512,715512,UPI,3025.68,Paid
515513,715513,Credit Card,4427.19,Paid
515514,715514,Credit Card,19787.97,Paid
515515,715515,Credit Card,15857.22,Paid
515516,715516,UPI,5671.18,Paid
515517,715517,Credit Card,23498.58,Pending
515518,715518,UPI,1242.22,Paid
515519,715519,UPI,208931.98,Paid
515520,715520,Credit Card,803.87,Paid
515521,715521,Credit Card,1620.41,Paid
515522,715522,UPI,13235.16,Paid
515523,715523,Credit Card,150526.38,Paid
515524,715524,UPI,14858.4,Paid
515525,715525,Net Banking,2436.1,Paid
515526,715526,Wallet,9222.22,Paid
515527,715527,UPI,8910.24,Paid
515528,715528,Debit Card,9738.56,Paid
515529,715529,UPI,15616.32,Paid
515530,715530,Credit Card,2752.32,Paid
515531,715531,Net Banking,65000.17,Paid
515532,715532,UPI,2810.89,Paid
515533,715533,UPI,6433.84,Paid
515534,715534,Net Banking,1774.64,Paid
515535,715535,UPI,1229.78,Paid
515536,715536,Credit Card,17546.6,Paid
515537,715537,Credit Card,1695.88,Paid
515538,715538,COD,36476.28,Paid
515539,715539,UPI,24843.39,Paid
515540,715540,Debit Card,14801.55,Paid
515541,715541,UPI,4510.78,Paid
515542,715542,UPI,10355.03,Paid
515543,715543,Credit Card,16450.96,Paid
515544,715544,Debit Card,2301.45,Paid
515545,715545,UPI,204.73,Paid
515546,715546,UPI,13449.21,Paid
515547,715547,Debit Card,26899.4,Paid
515548,715548,Net Banking,2257.59,Paid
515549,715549,Credit Card,6045.26,Paid
515550,715550,UPI,10815.9,Paid
515551,715551,Net Banking,1137.48,Paid
515552,715552,UPI,595.29,Paid
515553,715553,UPI,8540.28,Paid
515554,715554,Credit Card,12858.67,Paid
515555,715555,Credit Card,1849.53,Paid
515556,715556,UPI,4909.16,Paid
515557,715557,Credit Card,66381.95,Paid
515558,715558,Debit Card,1352.08,Paid
515559,715559,UPI,29287.42,Paid
515560,715560,Credit Card,19582.37,Paid
515561,715561,UPI,12796.79,Paid
515562,715562,UPI,15535.95,Paid
515563,715563,UPI,13961.6,Paid
515564,715564,Credit Card,12735.84,Paid
515565,715565,Debit Card,622.64,Paid
515566,715566,UPI,49231.92,Paid
515567,715567,Debit Card,9181.17,Paid
515568,715568,UPI,2704.57,Paid
515569,715569,COD,275.35,Paid
515570,715570,Debit Card,4817.42,Paid
515571,715571,Debit Card,20408.75,Paid
515572,715572,Credit Card,12056.2,Paid
515573,715573,Credit Card,695.77,Paid
515574,715574,Wallet,6447.76,Paid
515575,715575,COD,557.2,Paid
515576,715576,Wallet,634.64,Failed
515577,715577,Credit Card,4287.17,Paid
515578,715578,UPI,5347.12,Paid
515579,715579,UPI,23293.26,Paid
515580,715580,Debit Card,31178.17,Paid
515581,715581,UPI,519.44,Paid
515582,715582,Credit Card,105768.53,Paid
515583,715583,UPI,11849.59,Failed
515584,715584,Debit Card,14200.01,Paid
515585,715585,Wallet,48990.83,Paid
515586,715586,Debit Card,4503.82,Paid
515587,715587,Debit Card,773.69,Paid
515588,715588,COD,2391.61,Paid
515589,715589,Credit Card,1662.67,Paid
515590,715590,Net Banking,3611.0,Paid
515591,715591,UPI,42363.65,Paid
515592,715592,UPI,4709.46,Failed
515593,715593,Credit Card,84930.53,Paid
515594,715594,Credit Card,179967.44,Paid
515595,715595,Credit Card,1792.28,Paid
515596,715596,Net Banking,41347.06,Paid
515597,715597,Credit Card,3569.06,Pending
515598,715598,COD,41458.46,Paid
515599,715599,Credit Card,23796.73,Paid
515600,715600,Debit Card,572.94,Paid
515601,715601,Net Banking,1377.5,Paid
515602,715602,Credit Card,15630.58,Paid
515603,715603,Credit Card,14840.53,Paid
515604,715604,Credit Card,2451.03,Paid
515605,715605,Credit Card,305.94,Paid
515606,715606,Credit Card,599.93,Paid
515607,715607,COD,9750.88,Paid
515608,715608,Debit Card,759.32,Paid
515609,715609,Credit Card,16668.57,Paid
515610,715610,UPI,3838.74,Paid
515611,715611,Debit Card,14810.95,Paid
515612,715612,UPI,1146.02,Paid
515613,715613,UPI,12445.76,Paid
515614,715614,UPI,1591.59,Paid
515615,715615,Debit Card,9825.29,Paid
515616,715616,Wallet,1648.14,Paid
515617,715617,UPI,5601.17,Paid
515618,715618,UPI,1025.52,Paid
515619,715619,UPI,1242.22,Paid
515620,715620,UPI,305.94,Failed
515621,715621,Net Banking,7411.28,Paid
515622,715622,COD,1003.97,Paid
515623,715623,Credit Card,2666.49,Paid
515624,715624,UPI,40581.98,Paid
515625,715625,COD,4885.77,Paid
515626,715626,COD,45066.04,Paid
515627,715627,Net Banking,1226.01,Paid
515628,715628,UPI,243.5,Paid
515629,715629,Credit Card,13116.64,Paid
515630,715630,COD,12640.1,Paid
515631,715631,Credit Card,72503.31,Paid
515632,715632,UPI,3159.6,Paid
515633,715633,Debit Card,56463.94,Paid
515634,715634,Credit Card,7771.74,Paid
515635,715635,COD,3316.59,Paid
515636,715636,Debit Card,5935.72,Paid
515637,715637,UPI,1580.0,Paid
515638,715638,Debit Card,17923.88,Paid
515639,715639,UPI,51155.83,Paid
515640,715640,UPI,3582.03,Paid
515641,715641,COD,6457.8,Paid
515642,715642,Credit Card,1620.36,Paid
515643,715643,Debit Card,8918.87,Paid
515644,715644,UPI,12056.2,Paid
515645,715645,COD,18305.42,Paid
515646,715646,COD,9746.03,Failed
515647,715647,UPI,71921.83,Paid
515648,715648,COD,11081.74,Failed
515649,715649,UPI,2889.49,Paid
515650,715650,UPI,21054.07,Paid
515651,715651,UPI,6730.48,Paid
515652,715652,Credit Card,13501.93,Paid
515653,715653,UPI,25298.77,Paid
515654,715654,UPI,820.37,Paid
515655,715655,UPI,4743.93,Paid
515656,715656,COD,10457.56,Paid
515657,715657,UPI,12205.63,Paid
515658,715658,UPI,7341.87,Paid
515659,715659,Credit Card,13290.7,Pending
515660,715660,Credit Card,607.03,Paid
515661,715661,UPI,14726.74,Paid
515662,715662,COD,51399.59,Paid
515663,715663,COD,56517.5,Pending
515664,715664,UPI,512.76,Paid
515665,715665,Wallet,1798.0,Paid
515666,715666,COD,5611.05,Paid
515667,715667,Credit Card,2828.64,Paid
515668,715668,Credit Card,36137.71,Paid
515669,715669,COD,1874.07,Paid
515670,715670,Credit Card,5514.01,Pending
515671,715671,UPI,908.77,Paid
515672,715672,Credit Card,8466.21,Paid
515673,715673,COD,674.95,Paid
515674,715674,Credit Card,118703.79,Paid
515675,715675,Credit Card,35090.99,Paid
515676,715676,UPI,16590.55,Paid
515677,715677,Debit Card,5838.92,Paid
515678,715678,UPI,5376.83,Paid
515679,715679,UPI,1807.57,Paid
515680,715680,COD,8443.76,Paid
515681,715681,UPI,1887.05,Paid
515682,715682,Debit Card,4371.49,Paid
515683,715683,Credit Card,3942.59,Paid
515684,715684,UPI,4053.0,Failed
515685,715685,Credit Card,4678.06,Paid
515686,715686,COD,97485.83,Paid
515687,715687,Wallet,931.94,Paid
515688,715688,UPI,16236.15,Paid
515689,715689,UPI,4560.43,Paid
515690,715690,UPI,3041.46,Paid
515691,715691,Debit Card,419.53,Paid
515692,715692,UPI,28346.95,Paid
515693,715693,UPI,14011.07,Paid
515694,715694,Wallet,3924.11,Paid
515695,715695,Credit Card,13575.41,Paid
515696,715696,UPI,45167.47,Paid
515697,715697,UPI,5191.7,Paid
515698,715698,UPI,964.76,Paid
515699,715699,UPI,3227.34,Paid
515700,715700,COD,6628.8,Paid
515701,715701,Credit Card,14822.83,Paid
515702,715702,COD,8660.02,Paid
515703,715703,UPI,3289.36,Paid
515704,715704,Credit Card,6305.99,Paid
515705,715705,Credit Card,118161.35,Paid
515706,715706,Net Banking,3175.39,Paid
515707,715707,Net Banking,2363.03,Paid
515708,715708,Credit Card,2542.47,Paid
515709,715709,Credit Card,2437.63,Paid
515710,715710,UPI,4357.76,Paid
515711,715711,Credit Card,2288.33,Paid
515712,715712,COD,321.18,Paid
515713,715713,Credit Card,13212.15,Paid
515714,715714,Wallet,56407.62,Paid
515715,715715,Debit Card,21473.15,Paid
515716,715716,Debit Card,2331.12,Paid
515717,715717,Credit Card,5075.38,Pending
515718,715718,Debit Card,7018.13,Paid
515719,715719,Debit Card,3529.38,Paid
515720,715720,COD,10073.55,Paid
515721,715721,COD,1236.63,Paid
515722,715722,Debit Card,2203.47,Paid
515723,715723,UPI,16793.53,Paid
515724,715724,UPI,752.98,Paid
515725,715725,Credit Card,16660.77,Paid
515726,715726,Debit Card,5170.3,Paid
515727,715727,Credit Card,9493.56,Paid
515728,715728,Credit Card,461.79,Paid
515729,715729,COD,25932.62,Paid
515730,715730,Credit Card,45688.52,Paid
515731,715731,COD,9749.85,Paid
515732,715732,COD,1686.51,Paid
515733,715733,Credit Card,53185.39,Paid
515734,715734,Debit Card,33700.59,Paid
515735,715735,UPI,4615.16,Paid
515736,715736,Credit Card,81342.03,Paid
515737,715737,Debit Card,16719.93,Paid
515738,715738,UPI,4924.68,Paid
515739,715739,Debit Card,2410.4,Paid
515740,715740,Wallet,1207.71,Paid
515741,715741,Credit Card,2591.42,Paid
515742,715742,Wallet,4476.68,Paid
515743,715743,UPI,19293.23,Paid
515744,715744,UPI,13633.91,Paid
515745,715745,Net Banking,68772.14,Paid
515746,715746,Debit Card,3873.98,Pending
515747,715747,UPI,6784.96,Paid
515748,715748,UPI,6465.75,Paid
515749,715749,COD,35938.92,Paid
515750,715750,Debit Card,3285.5,Paid
515751,715751,Credit Card,19281.55,Paid
515752,715752,Credit Card,27251.74,Paid
515753,715753,Credit Card,50806.58,Paid
515754,715754,UPI,2281.12,Paid
515755,715755,Wallet,66922.73,Paid
515756,715756,Credit Card,2613.81,Paid
515757,715757,Debit Card,4366.01,Pending
515758,715758,UPI,20323.93,Paid
515759,715759,UPI,12918.6,Paid
515760,715760,COD,2601.69,Paid
515761,715761,UPI,3279.12,Paid
515762,715762,Debit Card,8777.22,Failed
515763,715763,Debit Card,5422.07,Paid
515764,715764,Credit Card,2012.73,Paid
515765,715765,Credit Card,6792.34,Paid
515766,715766,Net Banking,19583.01,Paid
515767,715767,Debit Card,1932.41,Paid
515768,715768,Debit Card,260.05,Paid
515769,715769,Net Banking,973.22,Paid
515770,715770,UPI,1553.66,Pending
515771,715771,UPI,343.86,Paid
515772,715772,COD,48381.75,Paid
515773,715773,Credit Card,3455.22,Paid
515774,715774,Credit Card,1115.5,Paid
515775,715775,UPI,28025.58,Paid
515776,715776,UPI,9379.99,Paid
515777,715777,Net Banking,1799.8,Pending
515778,715778,Credit Card,65837.09,Paid
515779,715779,Net Banking,58217.71,Paid
515780,715780,Debit Card,38856.69,Paid
515781,715781,Credit Card,19030.15,Paid
515782,715782,UPI,9026.49,Paid
515783,715783,Debit Card,128236.42,Paid
515784,715784,UPI,12168.33,Paid
515785,715785,UPI,4004.62,Paid
515786,715786,UPI,11639.08,Paid
515787,715787,Credit Card,29356.75,Paid
515788,715788,Net Banking,2937.96,Paid
515789,715789,Debit Card,1106.67,Paid
515790,715790,UPI,12781.31,Paid
515791,715791,Credit Card,5219.73,Paid
515792,715792,COD,3836.24,Paid
515793,715793,COD,77757.24,Paid
515794,715794,Credit Card,1570.43,Paid
515795,715795,COD,19780.55,Paid
515796,715796,UPI,634.05,Paid
515797,715797,COD,4578.13,Paid
515798,715798,UPI,3008.07,Paid
515799,715799,UPI,4544.85,Paid
515800,715800,Debit Card,1445.01,Paid
515801,715801,Wallet,32982.18,Paid
515802,715802,Debit Card,4001.12,Paid
515803,715803,COD,1812.86,Paid
515804,715804,Credit Card,8489.4,Paid
515805,715805,UPI,102135.4,Paid
515806,715806,Debit Card,1889.47,Paid
515807,715807,UPI,26398.74,Paid
515808,715808,COD,75212.0,Paid
515809,715809,Debit Card,121669.94,Paid
515810,715810,UPI,230.32,Paid
515811,715811,UPI,1315.3,Paid
515812,715812,COD,18227.15,Paid
515813,715813,COD,40962.77,Paid
515814,715814,Debit Card,2029.2,Paid
515815,715815,UPI,4382.9,Paid
515816,715816,Debit Card,45523.2,Paid
515817,715817,COD,2210.93,Pending
515818,715818,Credit Card,3811.61,Paid
515819,715819,COD,85119.7,Paid
515820,715820,UPI,9447.6,Paid
515821,715821,UPI,127164.37,Paid
515822,715822,Credit Card,47963.94,Paid
515823,715823,UPI,2140.06,Paid
515824,715824,COD,92287.02,Paid
515825,715825,UPI,77236.86,Paid
515826,715826,UPI,2499.83,Paid
515827,715827,COD,11799.83,Paid
515828,715828,COD,14167.87,Paid
515829,715829,Net Banking,24935.75,Paid
515830,715830,Wallet,43921.79,Paid
515831,715831,Debit Card,1184.25,Paid
515832,715832,COD,456.72,Paid
515833,715833,UPI,5191.7,Paid
515834,715834,UPI,14173.57,Paid
515835,715835,Net Banking,4487.53,Paid
515836,715836,COD,29932.22,Paid
515837,715837,Debit Card,12735.16,Pending
515838,715838,UPI,1392.19,Paid
515839,715839,UPI,12508.29,Paid
515840,715840,Credit Card,4223.8,Paid
515841,715841,UPI,4113.14,Paid
515842,715842,Net Banking,8093.7,Paid
515843,715843,UPI,943.22,Paid
515844,715844,Credit Card,1043.84,Paid
515845,715845,Debit Card,5351.62,Paid
515846,715846,Debit Card,22086.72,Paid
515847,715847,Credit Card,22660.29,Paid
515848,715848,COD,428.18,Paid
515849,715849,Credit Card,12815.12,Paid
515850,715850,Credit Card,2810.04,Paid
515851,715851,UPI,99466.0,Paid
515852,715852,Net Banking,7136.36,Paid
515853,715853,COD,24586.62,Paid
515854,715854,Net Banking,2109.0,Paid
515855,715855,UPI,4061.29,Paid
515856,715856,Net Banking,9254.29,Paid
515857,715857,UPI,16876.83,Pending
515858,715858,Credit Card,2038.87,Paid
515859,715859,Net Banking,472.44,Paid
515860,715860,UPI,6007.64,Paid
515861,715861,UPI,3362.3,Failed
515862,715862,COD,51868.37,Paid
515863,715863,Credit Card,16437.03,Paid
515864,715864,Credit Card,8567.24,Paid
515865,715865,UPI,8375.03,Paid
515866,715866,COD,4631.2,Paid
515867,715867,Wallet,15865.25,Paid
515868,715868,COD,18277.25,Paid
515869,715869,Credit Card,472.44,Pending
515870,715870,UPI,4682.92,Paid
515871,715871,Debit Card,20926.2,Paid
515872,715872,UPI,3684.58,Paid
515873,715873,Debit Card,2635.56,Paid
515874,715874,UPI,2434.85,Paid
515875,715875,UPI,11733.56,Paid
515876,715876,Credit Card,4181.24,Paid
515877,715877,UPI,1179.74,Paid
515878,715878,Credit Card,4115.67,Paid
515879,715879,Credit Card,6701.86,Paid
515880,715880,Credit Card,14590.96,Paid
515881,715881,Net Banking,2360.09,Paid
515882,715882,Net Banking,14446.23,Paid
515883,715883,UPI,19010.93,Paid
515884,715884,UPI,4946.97,Paid
515885,715885,UPI,3758.72,Paid
515886,715886,Credit Card,1573.77,Paid
515887,715887,Credit Card,6253.89,Paid
515888,715888,UPI,6685.18,Paid
515889,715889,Credit Card,1804.52,Paid
515890,715890,Credit Card,1027.14,Paid
515891,715891,COD,845.36,Paid
515892,715892,Debit Card,577.8,Paid
515893,715893,COD,44307.12,Paid
515894,715894,COD,408.34,Paid
515895,715895,Debit Card,2163.86,Paid
515896,715896,UPI,2889.49,Paid
515897,715897,COD,40243.74,Paid
515898,715898,UPI,1353.13,Paid
515899,715899,Credit Card,35544.52,Paid
515900,715900,Debit Card,4823.66,Paid
515901,715901,Debit Card,39327.31,Paid
515902,715902,Net Banking,31531.57,Paid
515903,715903,UPI,955.69,Paid
515904,715904,COD,2014.41,Paid
515905,715905,Credit Card,2859.87,Paid
515906,715906,Credit Card,4264.18,Paid
515907,715907,COD,107448.86,Paid
515908,715908,Debit Card,2591.42,Paid
515909,715909,Credit Card,6617.54,Paid
515910,715910,COD,1440.81,Paid
515911,715911,Wallet,1811.63,Paid
515912,715912,Net Banking,11380.56,Paid
515913,715913,COD,2229.63,Paid
515914,715914,UPI,10167.59,Paid
515915,715915,UPI,1323.57,Paid
515916,715916,UPI,52836.36,Paid
515917,715917,Credit Card,16594.35,Paid
515918,715918,UPI,305.94,Paid
515919,715919,Credit Card,12002.92,Paid
515920,715920,UPI,24498.48,Paid
515921,715921,Credit Card,13800.39,Paid
515922,715922,Debit Card,2617.57,Paid
515923,715923,UPI,12500.29,Paid
515924,715924,UPI,1769.97,Paid
515925,715925,COD,1396.51,Paid
515926,715926,UPI,2374.82,Paid
515927,715927,UPI,10570.15,Paid
515928,715928,Wallet,25215.05,Paid
515929,715929,COD,15845.14,Paid
515930,715930,Wallet,10773.79,Paid
515931,715931,UPI,63922.78,Paid
515932,715932,Debit Card,112120.29,Paid
515933,715933,COD,688.8,Pending
515934,715934,Credit Card,2731.91,Paid
515935,715935,Credit Card,2923.87,Paid
515936,715936,Credit Card,1819.65,Paid
515937,715937,UPI,16577.64,Paid
515938,715938,Debit Card,6780.47,Paid
515939,715939,UPI,4883.3,Pending
515940,715940,Credit Card,1261.16,Paid
515941,715941,Credit Card,1796.94,Paid
515942,715942,Credit Card,6710.6,Paid
515943,715943,Net Banking,54129.12,Paid
515944,715944,UPI,3657.34,Paid
515945,715945,UPI,4209.7,Paid
515946,715946,Debit Card,2405.79,Paid
515947,715947,Credit Card,5176.02,Paid
515948,715948,UPI,69526.44,Paid
515949,715949,COD,29543.73,Paid
515950,715950,COD,21253.22,Paid
515951,715951,COD,902.26,Paid
515952,715952,COD,11066.5,Paid
515953,715953,COD,1503.69,Failed
515954,715954,Debit Card,10745.93,Paid
515955,715955,Debit Card,8088.05,Paid
515956,715956,UPI,2966.78,Paid
515957,715957,Wallet,3190.56,Paid
515958,715958,Debit Card,2959.15,Paid
515959,715959,Credit Card,31132.89,Paid
515960,715960,UPI,13929.16,Paid
515961,715961,UPI,2441.65,Paid
515962,715962,UPI,20019.32,Paid
515963,715963,Debit Card,12056.2,Paid
515964,715964,UPI,7581.26,Failed
515965,715965,Net Banking,14951.36,Paid
515966,715966,Debit Card,759.32,Paid
515967,715967,Net Banking,23382.8,Paid
515968,715968,COD,951.84,Paid
515969,715969,COD,7141.47,Paid
515970,715970,COD,11494.94,Paid
515971,715971,Wallet,3814.58,Paid
515972,715972,UPI,12345.64,Paid
515973,715973,UPI,92190.41,Paid
515974,715974,COD,16415.61,Paid
515975,715975,Debit Card,14817.5,Paid
515976,715976,Credit Card,10089.16,Paid
515977,715977,Net Banking,3507.03,Paid
515978,715978,UPI,1489.69,Paid
515979,715979,COD,26777.96,Paid
515980,715980,UPI,1194.27,Paid
515981,715981,Debit Card,9960.26,Paid
515982,715982,Debit Card,4157.29,Pending
515983,715983,COD,3701.83,Paid
515984,715984,Net Banking,2116.68,Paid
515985,715985,UPI,4168.79,Paid
515986,715986,Net Banking,10412.46,Paid
515987,715987,UPI,18308.1,Paid
515988,715988,COD,542.36,Paid
515989,715989,UPI,2437.63,Paid
515990,715990,Debit Card,1734.87,Paid
515991,715991,Net Banking,7074.04,Paid
515992,715992,Wallet,27365.27,Paid
515993,715993,COD,8388.13,Paid
515994,715994,Credit Card,3669.07,Paid
515995,715995,UPI,23246.16,Paid
515996,715996,COD,2839.96,Paid
515997,715997,Debit Card,657.42,Paid
515998,715998,Net Banking,35699.07,Paid
515999,715999,Credit Card,3520.58,Paid
516000,716000,UPI,902.26,Paid
516001,716001,Net Banking,8004.68,Paid
516002,716002,Debit Card,1364.19,Paid
516003,716003,COD,9157.69,Paid
516004,716004,UPI,4903.28,Paid
516005,716005,Credit Card,14952.31,Paid
516006,716006,COD,27343.21,Paid
516007,716007,Debit Card,7447.12,Paid
516008,716008,COD,400.51,Paid
516009,716009,Credit Card,5130.9,Paid
516010,716010,Credit Card,20152.46,Paid
516011,716011,Wallet,113309.01,Paid
516012,716012,Net Banking,20084.9,Paid
516013,716013,UPI,3239.24,Paid
516014,716014,UPI,13633.91,Paid
516015,716015,Debit Card,198.76,Paid
516016,716016,UPI,6991.72,Paid
516017,716017,UPI,654.31,Paid
516018,716018,Credit Card,447.54,Paid
516019,716019,COD,127141.0,Pending
516020,716020,COD,29141.92,Paid
516021,716021,UPI,1185.37,Paid
516022,716022,Wallet,9014.74,Paid
516023,716023,UPI,2727.29,Paid
516024,716024,Debit Card,6893.98,Paid
516025,716025,Wallet,7783.69,Paid
516026,716026,UPI,3721.13,Paid
516027,716027,Credit Card,5210.66,Paid
516028,716028,Credit Card,4168.79,Paid
516029,716029,Credit Card,5491.5,Paid
516030,716030,Credit Card,2668.58,Paid
516031,716031,UPI,3357.07,Paid
516032,716032,UPI,5108.4,Paid
516033,716033,Debit Card,1327.33,Failed
516034,716034,Debit Card,27751.46,Paid
516035,716035,UPI,16469.63,Paid
516036,716036,Net Banking,2647.14,Paid
516037,716037,Debit Card,26359.47,Paid
516038,716038,UPI,1497.97,Paid
516039,716039,Credit Card,648.09,Paid
516040,716040,UPI,12190.35,Paid
516041,716041,UPI,2689.45,Paid
516042,716042,Net Banking,1188.92,Paid
516043,716043,COD,23002.32,Paid
516044,716044,Wallet,11120.99,Paid
516045,716045,Wallet,557.2,Paid
516046,716046,COD,61796.33,Paid
516047,716047,Credit Card,1640.1,Paid
516048,716048,UPI,67348.25,Paid
516049,716049,Debit Card,15879.82,Paid
516050,716050,COD,1363.83,Paid
516051,716051,Net Banking,35471.75,Paid
516052,716052,Wallet,6581.41,Paid
516053,716053,UPI,57639.3,Paid
516054,716054,Net Banking,11260.8,Paid
516055,716055,Wallet,1357.92,Paid
516056,716056,Net Banking,896.32,Paid
516057,716057,Net Banking,1178.43,Paid
516058,716058,Debit Card,1778.68,Paid
516059,716059,UPI,2312.5,Paid
516060,716060,UPI,23186.09,Paid
516061,716061,Credit Card,40468.99,Paid
516062,716062,UPI,26118.02,Paid
516063,716063,Wallet,953.77,Paid
516064,716064,COD,2860.28,Paid
516065,716065,Credit Card,84352.96,Paid
516066,716066,Credit Card,10593.19,Paid
516067,716067,Credit Card,52731.72,Paid
516068,716068,Debit Card,772.11,Paid
516069,716069,Credit Card,5968.33,Paid
516070,716070,Credit Card,959.25,Paid
516071,716071,COD,116935.76,Paid
516072,716072,Debit Card,548.59,Paid
516073,716073,COD,5915.82,Paid
516074,716074,COD,36909.19,Paid
516075,716075,Wallet,324.67,Paid
516076,716076,Debit Card,2714.93,Paid
516077,716077,UPI,1026.87,Paid
516078,716078,UPI,18187.79,Paid
516079,716079,UPI,18107.67,Pending
516080,716080,Debit Card,851.65,Paid
516081,716081,Credit Card,6170.46,Paid
516082,716082,Debit Card,5804.22,Paid
516083,716083,UPI,324.67,Paid
516084,716084,UPI,3361.95,Paid
516085,716085,Credit Card,1038.79,Paid
516086,716086,UPI,40280.45,Paid
516087,716087,COD,11593.43,Paid
516088,716088,Net Banking,903.57,Paid
516089,716089,Credit Card,11625.91,Paid
516090,716090,Credit Card,843.46,Paid
516091,716091,Credit Card,20268.6,Paid
516092,716092,UPI,1766.74,Paid
516093,716093,UPI,5667.15,Failed
516094,716094,UPI,4941.1,Paid
516095,716095,UPI,8847.79,Paid
516096,716096,COD,14887.8,Paid
516097,716097,Debit Card,1977.8,Paid
516098,716098,UPI,1276.75,Paid
516099,716099,UPI,17373.63,Paid
516100,716100,COD,6154.11,Paid
516101,716101,COD,5402.49,Paid
516102,716102,Credit Card,93401.97,Pending
516103,716103,UPI,6605.98,Paid
516104,716104,UPI,14447.93,Paid
516105,716105,Net Banking,798.64,Paid
516106,716106,COD,619.87,Paid
516107,716107,Credit Card,11074.69,Paid
516108,716108,UPI,8471.95,Paid
516109,716109,UPI,2176.36,Paid
516110,716110,Credit Card,54649.11,Pending
516111,716111,UPI,1109.27,Paid
516112,716112,Debit Card,4024.42,Paid
516113,716113,Credit Card,421.54,Paid
516114,716114,Credit Card,9647.32,Paid
516115,716115,COD,9854.42,Paid
516116,716116,COD,17435.93,Paid
516117,716117,UPI,8730.74,Paid
516118,716118,Net Banking,6402.37,Paid
516119,716119,Debit Card,460.64,Paid
516120,716120,Debit Card,7184.23,Paid
516121,716121,UPI,12380.94,Paid
516122,716122,UPI,1892.76,Failed
516123,716123,Debit Card,6126.87,Paid
516124,716124,Credit Card,6482.16,Paid
516125,716125,Credit Card,1563.76,Paid
516126,716126,UPI,1681.52,Paid
516127,716127,UPI,26400.35,Pending
516128,716128,UPI,12547.1,Paid
516129,716129,UPI,15830.43,Paid
516130,716130,UPI,16632.74,Paid
516131,716131,Debit Card,548.59,Paid
516132,716132,UPI,51823.07,Paid
516133,716133,Credit Card,705.67,Paid
516134,716134,Net Banking,3811.89,Paid
516135,716135,UPI,6233.78,Paid
516136,716136,COD,5755.37,Paid
516137,716137,UPI,7004.25,Paid
516138,716138,UPI,585.68,Paid
516139,716139,Net Banking,3455.22,Paid
516140,716140,UPI,2818.44,Paid
516141,716141,Credit Card,6959.42,Paid
516142,716142,Debit Card,803.87,Failed
516143,716143,COD,1244.46,Paid
516144,716144,COD,667.42,Paid
516145,716145,Net Banking,6146.52,Paid
516146,716146,Net Banking,432.37,Paid
516147,716147,UPI,1065.56,Paid
516148,716148,UPI,72269.16,Paid
516149,716149,UPI,33502.18,Paid
516150,716150,Wallet,1326.68,Paid
516151,716151,UPI,882.85,Paid
516152,716152,UPI,25027.84,Paid
516153,716153,UPI,15141.65,Paid
516154,716154,Credit Card,9766.69,Paid
516155,716155,UPI,2410.29,Paid
516156,716156,Wallet,728.43,Paid
516157,716157,UPI,546.78,Paid
516158,716158,COD,36627.45,Paid
516159,716159,UPI,3482.6,Paid
516160,716160,Credit Card,4343.58,Paid
516161,716161,UPI,16000.09,Pending
516162,716162,Credit Card,35606.34,Pending
516163,716163,UPI,13802.03,Paid
516164,716164,COD,1913.69,Paid
516165,716165,Net Banking,933.96,Paid
516166,716166,UPI,54914.2,Paid
516167,716167,UPI,1314.83,Pending
516168,716168,Credit Card,2833.14,Paid
516169,716169,Wallet,3048.04,Paid
516170,716170,UPI,35815.49,Paid
516171,716171,Net Banking,427.21,Paid
516172,716172,UPI,3631.65,Paid
516173,716173,Credit Card,5920.03,Pending
516174,716174,COD,25522.81,Paid
516175,716175,UPI,1595.19,Paid
516176,716176,Credit Card,2057.95,Paid
516177,716177,Credit Card,2833.37,Paid
516178,716178,UPI,934.79,Paid
516179,716179,Debit Card,1662.67,Paid
516180,716180,UPI,2968.76,Paid
516181,716181,Net Banking,9019.13,Paid
516182,716182,UPI,1985.15,Paid
516183,716183,COD,27528.31,Paid
516184,716184,UPI,32523.94,Paid
516185,716185,Net Banking,9435.0,Paid
516186,716186,Debit Card,9956.61,Paid
516187,716187,Debit Card,10485.98,Paid
516188,716188,UPI,10945.23,Paid
516189,716189,COD,2995.38,Paid
516190,716190,Debit Card,3749.21,Paid
516191,716191,Credit Card,789.39,Paid
516192,716192,UPI,2261.44,Paid
516193,716193,UPI,21841.7,Paid
516194,716194,Net Banking,978.26,Paid
516195,716195,COD,2855.73,Paid
516196,716196,Debit Card,15182.72,Paid
516197,716197,Net Banking,124364.03,Paid
516198,716198,Credit Card,1251.2,Paid
516199,716199,UPI,1686.86,Paid
516200,716200,Wallet,8260.35,Paid
516201,716201,UPI,5223.8,Paid
516202,716202,Debit Card,13327.79,Paid
516203,716203,Debit Card,1969.4,Paid
516204,716204,Debit Card,54700.73,Paid
516205,716205,UPI,7110.89,Paid
516206,716206,Debit Card,5264.99,Paid
516207,716207,COD,8891.32,Paid
516208,716208,COD,18026.11,Paid
516209,716209,Credit Card,3937.0,Paid
516210,716210,Credit Card,616.51,Paid
516211,716211,UPI,57639.3,Paid
516212,716212,COD,5956.46,Paid
516213,716213,COD,117747.55,Paid
516214,716214,Credit Card,5365.71,Paid
516215,716215,Credit Card,11616.79,Paid
516216,716216,UPI,1184.25,Paid
516217,716217,Debit Card,1629.66,Paid
516218,716218,UPI,12593.66,Paid
516219,716219,Debit Card,1725.42,Paid
516220,716220,Net Banking,20329.39,Paid
516221,716221,Credit Card,10992.36,Paid
516222,716222,UPI,408.34,Paid
516223,716223,Net Banking,7989.59,Paid
516224,716224,COD,7008.76,Paid
516225,716225,Wallet,25585.67,Paid
516226,716226,COD,2426.49,Paid
516227,716227,COD,19710.5,Failed
516228,716228,Credit Card,695.77,Paid
516229,716229,Debit Card,41281.63,Paid
516230,716230,UPI,40087.5,Paid
516231,716231,Credit Card,8550.39,Paid
516232,716232,Net Banking,11718.32,Pending
516233,716233,UPI,1200.87,Paid
516234,716234,UPI,1277.98,Paid
516235,716235,COD,116372.87,Paid
516236,716236,COD,15543.79,Paid
516237,716237,COD,1221.85,Paid
516238,716238,UPI,13600.08,Paid
516239,716239,Credit Card,28552.4,Paid
516240,716240,Credit Card,29305.27,Paid
516241,716241,Debit Card,12321.66,Pending
516242,716242,UPI,5015.17,Paid
516243,716243,COD,1124.43,Pending
516244,716244,UPI,1795.0,Paid
516245,716245,Credit Card,1087.13,Paid
516246,716246,Wallet,18450.49,Paid
516247,716247,Net Banking,453.91,Paid
516248,716248,Credit Card,949.05,Paid
516249,716249,UPI,11658.68,Paid
516250,716250,UPI,1846.95,Paid
516251,716251,UPI,3973.54,Paid
516252,716252,UPI,37480.36,Paid
516253,716253,UPI,1265.56,Paid
516254,716254,UPI,37305.62,Paid
516255,716255,Credit Card,567.31,Paid
516256,716256,Credit Card,21975.46,Paid
516257,716257,Net Banking,947.27,Paid
516258,716258,COD,12453.26,Paid
516259,716259,UPI,2285.86,Paid
516260,716260,Net Banking,9238.42,Paid
516261,716261,Credit Card,1856.44,Paid
516262,716262,Credit Card,3389.14,Paid
516263,716263,Wallet,3697.04,Paid
516264,716264,Credit Card,425.2,Paid
516265,716265,Credit Card,56407.62,Paid
516266,716266,UPI,486.23,Paid
516267,716267,Debit Card,11086.78,Paid
516268,716268,Debit Card,19734.05,Paid
516269,716269,Credit Card,4365.37,Paid
516270,716270,COD,5561.44,Paid
516271,716271,Debit Card,147695.75,Paid
516272,716272,Credit Card,35293.89,Paid
516273,716273,Net Banking,445.95,Paid
516274,716274,Net Banking,7973.71,Pending
516275,716275,UPI,11557.95,Paid
516276,716276,COD,546.78,Paid
516277,716277,UPI,9695.44,Paid
516278,716278,Credit Card,51830.04,Paid
516279,716279,Net Banking,4322.92,Pending
516280,716280,UPI,3146.79,Paid
516281,716281,COD,2584.56,Paid
516282,716282,COD,14009.2,Paid
516283,716283,Credit Card,3589.38,Paid
516284,716284,UPI,3045.08,Paid
516285,716285,UPI,6255.9,Paid
516286,716286,UPI,13143.08,Paid
516287,716287,Debit Card,7832.22,Paid
516288,716288,Credit Card,21829.99,Paid
516289,716289,Debit Card,9729.26,Paid
516290,716290,Credit Card,1569.06,Paid
516291,716291,UPI,10383.46,Paid
516292,716292,COD,965.14,Pending
516293,716293,UPI,1333.54,Paid
516294,716294,Debit Card,3110.35,Paid
516295,716295,Net Banking,25203.34,Paid
516296,716296,COD,11733.21,Paid
516297,716297,Credit Card,1417.32,Paid
516298,716298,Credit Card,21036.64,Paid
516299,716299,UPI,38856.64,Paid
516300,716300,Credit Card,7060.93,Paid
516301,716301,UPI,38834.8,Paid
516302,716302,Debit Card,18547.44,Paid
516303,716303,UPI,51362.37,Paid
516304,716304,UPI,38330.86,Paid
516305,716305,COD,66080.93,Pending
516306,716306,COD,8978.37,Paid
516307,716307,COD,7000.72,Paid
516308,716308,UPI,53689.35,Paid
516309,716309,UPI,1825.69,Paid
516310,716310,COD,81464.84,Failed
516311,716311,COD,10391.22,Paid
516312,716312,UPI,1490.35,Paid
516313,716313,COD,11697.39,Paid
516314,716314,Debit Card,26768.88,Paid
516315,716315,UPI,82103.72,Paid
516316,716316,Debit Card,53932.31,Paid
516317,716317,COD,125027.79,Paid
516318,716318,Net Banking,5823.02,Failed
516319,716319,UPI,7062.99,Pending
516320,716320,Net Banking,265694.4,Paid
516321,716321,Credit Card,3379.64,Failed
516322,716322,Credit Card,2672.84,Paid
516323,716323,Debit Card,1048.43,Paid
516324,716324,Debit Card,91771.59,Paid
516325,716325,COD,1084.93,Paid
516326,716326,COD,17437.97,Paid
516327,716327,UPI,3970.71,Failed
516328,716328,Debit Card,23206.0,Paid
516329,716329,Net Banking,120953.1,Paid
516330,716330,COD,2689.45,Paid
516331,716331,Debit Card,3169.63,Paid
516332,716332,Credit Card,75036.64,Paid
516333,716333,Credit Card,6427.58,Paid
516334,716334,UPI,4084.19,Paid
516335,716335,UPI,14462.99,Paid
516336,716336,Net Banking,8791.73,Paid
516337,716337,UPI,46883.56,Paid
516338,716338,Debit Card,9423.58,Paid
516339,716339,UPI,38076.9,Paid
516340,716340,UPI,14754.48,Paid
516341,716341,UPI,2433.48,Paid
516342,716342,UPI,21001.85,Paid
516343,716343,Credit Card,29551.3,Paid
516344,716344,Credit Card,8740.17,Paid
516345,716345,Debit Card,10891.16,Paid
516346,716346,Wallet,33905.65,Paid
516347,716347,Wallet,13064.98,Paid
516348,716348,Debit Card,5667.15,Paid
516349,716349,UPI,4643.38,Paid
516350,716350,Wallet,11733.21,Failed
516351,716351,COD,2137.22,Paid
516352,716352,Debit Card,451.9,Paid
516353,716353,Wallet,5645.3,Paid
516354,716354,Credit Card,1364.98,Paid
516355,716355,Credit Card,37234.34,Paid
516356,716356,COD,5515.98,Paid
516357,716357,UPI,10194.15,Paid
516358,716358,Wallet,3285.5,Paid
516359,716359,Net Banking,899.59,Paid
516360,716360,UPI,421.18,Paid
516361,716361,Credit Card,1559.14,Paid
516362,716362,Net Banking,2160.85,Paid
516363,716363,Debit Card,49716.59,Paid
516364,716364,Credit Card,32430.75,Paid
516365,716365,COD,4783.47,Paid
516366,716366,UPI,2385.63,Paid
516367,716367,Credit Card,9695.27,Paid
516368,716368,COD,40559.95,Paid
516369,716369,UPI,50411.14,Paid
516370,716370,Credit Card,7561.58,Paid
516371,716371,Wallet,513.81,Paid
516372,716372,UPI,1231.72,Paid
516373,716373,UPI,1520.84,Paid
516374,716374,UPI,7218.0,Paid
516375,716375,COD,493.21,Paid
516376,716376,UPI,16371.92,Paid
516377,716377,COD,971.49,Paid
516378,716378,UPI,4322.92,Paid
516379,716379,Credit Card,29501.33,Pending
516380,716380,UPI,5183.39,Paid
516381,716381,Credit Card,59186.19,Paid
516382,716382,Net Banking,3778.94,Paid
516383,716383,UPI,3406.63,Paid
516384,716384,COD,4348.96,Paid
516385,716385,UPI,47121.63,Paid
516386,716386,UPI,2053.73,Paid
516387,716387,COD,39419.7,Paid
516388,716388,Debit Card,5098.59,Paid
516389,716389,UPI,12715.71,Failed
516390,716390,Credit Card,10596.77,Failed
516391,716391,Debit Card,1575.16,Paid
516392,716392,Net Banking,1048.66,Paid
516393,716393,UPI,25815.1,Paid
516394,716394,COD,619.87,Paid
516395,716395,UPI,8138.39,Paid
516396,716396,UPI,14193.01,Paid
516397,716397,Credit Card,5315.63,Paid
516398,716398,Credit Card,10487.58,Paid
516399,716399,Credit Card,5070.74,Paid
516400,716400,Credit Card,4403.28,Paid
516401,716401,Net Banking,10893.99,Paid
516402,716402,Credit Card,3025.68,Paid
516403,716403,Debit Card,3671.14,Paid
516404,716404,UPI,15310.32,Paid
516405,716405,Debit Card,2707.97,Paid
516406,716406,UPI,7056.84,Failed
516407,716407,Debit Card,4518.92,Paid
516408,716408,COD,8740.17,Paid
516409,716409,Wallet,846.67,Paid
516410,716410,UPI,11617.72,Paid
516411,716411,COD,408.34,Paid
516412,716412,Credit Card,396.4,Paid
516413,716413,UPI,4342.47,Paid
516414,716414,COD,33041.54,Paid
516415,716415,UPI,15116.82,Paid
516416,716416,Debit Card,4324.3,Paid
516417,716417,Credit Card,1976.0,Paid
516418,716418,Credit Card,112941.88,Paid
516419,716419,COD,6055.79,Paid
516420,716420,COD,32685.13,Paid
516421,716421,Debit Card,6293.58,Paid
516422,716422,Debit Card,3248.37,Paid
516423,716423,Credit Card,61001.14,Paid
516424,716424,UPI,21873.03,Paid
516425,716425,Credit Card,6724.6,Paid
516426,716426,Debit Card,12185.75,Paid
516427,716427,COD,355.37,Paid
516428,716428,Debit Card,68661.65,Paid
516429,716429,Wallet,8872.92,Paid
516430,716430,COD,4347.33,Paid
516431,716431,Net Banking,2667.08,Paid
516432,716432,COD,1152.74,Paid
516433,716433,UPI,69987.95,Paid
516434,716434,UPI,2038.87,Paid
516435,716435,Credit Card,36918.61,Paid
516436,716436,Debit Card,7569.08,Paid
516437,716437,UPI,2048.66,Paid
516438,716438,Credit Card,32714.16,Failed
516439,716439,UPI,5500.07,Paid
516440,716440,UPI,5323.91,Paid
516441,716441,Credit Card,8132.91,Paid
516442,716442,UPI,6288.03,Paid
516443,716443,COD,1436.35,Paid
516444,716444,Debit Card,20272.35,Paid
516445,716445,UPI,7860.04,Paid
516446,716446,COD,2618.35,Paid
516447,716447,UPI,26607.35,Paid
516448,716448,COD,55659.74,Pending
516449,716449,UPI,1058.34,Paid
516450,716450,UPI,35265.61,Paid
516451,716451,Credit Card,24142.88,Paid
516452,716452,COD,591.4,Paid
516453,716453,UPI,36382.64,Paid
516454,716454,COD,4574.84,Paid
516455,716455,UPI,15051.02,Paid
516456,716456,COD,1201.36,Paid
516457,716457,UPI,25709.45,Paid
516458,716458,Debit Card,15762.31,Paid
516459,716459,Net Banking,909.82,Paid
516460,716460,Credit Card,12616.36,Paid
516461,716461,Credit Card,12268.67,Paid
516462,716462,Credit Card,22916.64,Paid
516463,716463,Wallet,2718.42,Paid
516464,716464,UPI,11023.77,Paid
516465,716465,Debit Card,89262.24,Paid
516466,716466,Credit Card,34925.24,Paid
516467,716467,UPI,12961.45,Paid
516468,716468,Credit Card,27995.65,Paid
516469,716469,Credit Card,2510.48,Paid
516470,716470,COD,29724.51,Paid
516471,716471,Net Banking,6350.11,Paid
516472,716472,Net Banking,40908.02,Paid
516473,716473,COD,10900.58,Paid
516474,716474,Debit Card,1053.81,Paid
516475,716475,Wallet,13600.08,Paid
516476,716476,UPI,14955.66,Paid
516477,716477,UPI,180873.48,Paid
516478,716478,Wallet,4387.98,Paid
516479,716479,Net Banking,3753.74,Paid
516480,716480,UPI,3014.38,Paid
516481,716481,Debit Card,35784.51,Paid
516482,716482,UPI,435.85,Pending
516483,716483,Credit Card,3014.98,Paid
516484,716484,UPI,16000.09,Paid
516485,716485,Credit Card,8682.59,Failed
516486,716486,COD,5457.15,Paid
516487,716487,Net Banking,7561.58,Paid
516488,716488,Net Banking,22867.28,Paid
516489,716489,Credit Card,2002.26,Paid
516490,716490,COD,3756.74,Paid
516491,716491,UPI,7968.71,Paid
516492,716492,Credit Card,58248.92,Paid
516493,716493,UPI,14536.72,Paid
516494,716494,UPI,21139.84,Failed
516495,716495,Credit Card,3839.46,Paid
516496,716496,Wallet,11588.82,Paid
516497,716497,Net Banking,7306.13,Paid
516498,716498,COD,58744.92,Paid
516499,716499,Net Banking,3565.92,Paid
516500,716500,Credit Card,1549.69,Paid
516501,716501,Credit Card,12605.19,Paid
516502,716502,Debit Card,67917.96,Paid
516503,716503,Wallet,17080.56,Paid
516504,716504,Debit Card,9933.86,Paid
516505,716505,COD,5806.29,Paid
516506,716506,Net Banking,4067.03,Paid
516507,716507,Wallet,77395.59,Paid
516508,716508,Credit Card,1167.23,Paid
516509,716509,UPI,5811.96,Paid
516510,716510,Credit Card,7552.5,Paid
516511,716511,Wallet,21242.39,Paid
516512,716512,UPI,4365.9,Paid
516513,716513,Credit Card,4599.86,Failed
516514,716514,Net Banking,3446.99,Paid
516515,716515,Net Banking,46470.54,Paid
516516,716516,UPI,10259.86,Paid
516517,716517,Credit Card,816.68,Paid
516518,716518,COD,18439.59,Paid
516519,716519,Net Banking,787.92,Paid
516520,716520,UPI,6966.98,Paid
516521,716521,UPI,989.59,Paid
516522,716522,Credit Card,34416.3,Paid
516523,716523,Net Banking,1440.81,Paid
516524,716524,Credit Card,17454.51,Paid
516525,716525,UPI,18210.22,Paid
516526,716526,UPI,11171.27,Paid
516527,716527,COD,9806.55,Paid
516528,716528,Debit Card,5774.77,Paid
516529,716529,Credit Card,5242.42,Paid
516530,716530,Wallet,3941.53,Paid
516531,716531,Credit Card,68342.9,Paid
516532,716532,Wallet,3044.28,Paid
516533,716533,COD,24407.22,Paid
516534,716534,Credit Card,59725.71,Paid
516535,716535,UPI,109630.65,Paid
516536,716536,UPI,7418.52,Paid
516537,716537,COD,47874.1,Paid
516538,716538,Credit Card,11311.97,Paid
516539,716539,Debit Card,61003.61,Failed
516540,716540,UPI,10895.01,Paid
516541,716541,COD,4978.31,Paid
516542,716542,UPI,33574.19,Paid
516543,716543,Credit Card,3245.28,Paid
516544,716544,UPI,16564.63,Paid
516545,716545,Debit Card,5828.35,Paid
516546,716546,UPI,62588.38,Failed
516547,716547,Debit Card,79175.31,Paid
516548,716548,UPI,35504.32,Pending
516549,716549,UPI,8770.0,Paid
516550,716550,UPI,8936.42,Paid
516551,716551,COD,7425.93,Paid
516552,716552,Debit Card,18731.68,Paid
516553,716553,COD,298.31,Paid
516554,716554,COD,13554.51,Paid
516555,716555,Credit Card,6880.06,Paid
516556,716556,UPI,51034.27,Paid
516557,716557,UPI,45463.56,Paid
516558,716558,COD,6600.09,Paid
516559,716559,Debit Card,2498.37,Paid
516560,716560,Debit Card,6409.05,Paid
516561,716561,COD,16181.47,Paid
516562,716562,UPI,40287.05,Paid
516563,716563,Credit Card,9431.2,Paid
516564,716564,UPI,10827.49,Paid
516565,716565,Net Banking,7994.35,Paid
516566,716566,UPI,19609.97,Paid
516567,716567,UPI,794.98,Paid
516568,716568,Credit Card,1352.29,Paid
516569,716569,UPI,30138.65,Paid
516570,716570,UPI,4130.19,Paid
516571,716571,COD,10754.27,Paid
516572,716572,Debit Card,40293.39,Paid
516573,716573,Credit Card,1479.19,Paid
516574,716574,UPI,30958.6,Paid
516575,716575,Debit Card,45851.82,Paid
516576,716576,UPI,9762.89,Paid
516577,716577,COD,30313.21,Paid
516578,716578,Credit Card,3838.74,Paid
516579,716579,UPI,12401.07,Paid
516580,716580,Debit Card,11415.49,Paid
516581,716581,COD,9069.5,Paid
516582,716582,Credit Card,4089.45,Paid
516583,716583,Debit Card,72599.75,Paid
516584,716584,Wallet,331.46,Paid
516585,716585,UPI,6559.46,Paid
516586,716586,UPI,36137.71,Paid
516587,716587,Credit Card,13200.17,Pending
516588,716588,Wallet,1031.66,Paid
516589,716589,Debit Card,6022.88,Paid
516590,716590,COD,908.77,Paid
516591,716591,COD,2807.36,Paid
516592,716592,Debit Card,5653.58,Paid
516593,716593,Debit Card,2477.46,Paid
516594,716594,Net Banking,5517.02,Paid
516595,716595,COD,744.15,Paid
516596,716596,Credit Card,1643.08,Paid
516597,716597,UPI,5334.45,Paid
516598,716598,UPI,3720.41,Paid
516599,716599,COD,6879.56,Paid
516600,716600,COD,686.21,Paid
516601,716601,UPI,361.52,Paid
516602,716602,Credit Card,109271.15,Paid
516603,716603,Debit Card,1680.65,Paid
516604,716604,UPI,40008.05,Paid
516605,716605,UPI,4493.28,Paid
516606,716606,Credit Card,11174.94,Paid
516607,716607,Credit Card,39561.81,Paid
516608,716608,Wallet,13119.91,Paid
516609,716609,Net Banking,33388.7,Paid
516610,716610,UPI,9966.54,Paid
516611,716611,Net Banking,72816.41,Paid
516612,716612,Credit Card,5351.55,Paid
516613,716613,UPI,6589.97,Pending
516614,716614,UPI,1058.68,Paid
516615,716615,Credit Card,15366.6,Paid
516616,716616,UPI,34597.21,Paid
516617,716617,UPI,16445.97,Paid
516618,716618,UPI,53004.92,Paid
516619,716619,Credit Card,35465.83,Paid
516620,716620,COD,8791.9,Paid
516621,716621,COD,7309.68,Paid
516622,716622,Wallet,1689.82,Paid
516623,716623,COD,9107.14,Paid
516624,716624,Debit Card,54645.7,Failed
516625,716625,UPI,19933.07,Paid
516626,716626,COD,257.82,Paid
516627,716627,Debit Card,11034.04,Paid
516628,716628,UPI,5187.5,Paid
516629,716629,UPI,13930.13,Paid
516630,716630,Net Banking,94876.15,Paid
516631,716631,COD,9500.47,Pending
516632,716632,UPI,2708.48,Paid
516633,716633,Net Banking,6904.72,Paid
516634,716634,Debit Card,24767.57,Paid
516635,716635,Net Banking,4657.98,Paid
516636,716636,Net Banking,2325.21,Paid
516637,716637,COD,1220.13,Paid
516638,716638,Debit Card,8563.64,Paid
516639,716639,Credit Card,6488.45,Paid
516640,716640,UPI,15791.62,Paid
516641,716641,Debit Card,12466.83,Paid
516642,716642,UPI,41265.64,Paid
516643,716643,Credit Card,4149.61,Paid
516644,716644,Net Banking,53888.33,Paid
516645,716645,UPI,1251.49,Paid
516646,716646,Net Banking,2464.33,Paid
516647,716647,UPI,11536.94,Paid
516648,716648,UPI,7896.27,Paid
516649,716649,UPI,17621.46,Paid
516650,716650,COD,15069.47,Paid
516651,716651,Net Banking,6025.5,Paid
516652,716652,Credit Card,8543.35,Paid
516653,716653,COD,8931.06,Paid
516654,716654,Credit Card,39404.26,Paid
516655,716655,Credit Card,6727.19,Paid
516656,716656,Credit Card,7345.98,Paid
516657,716657,UPI,487.12,Paid
516658,716658,UPI,3610.25,Paid
516659,716659,UPI,807.79,Paid
516660,716660,UPI,5737.49,Paid
516661,716661,COD,999.89,Paid
516662,716662,UPI,15450.89,Paid
516663,716663,COD,25964.26,Paid
516664,716664,Net Banking,8744.01,Paid
516665,716665,Credit Card,9414.49,Paid
516666,716666,Debit Card,10549.1,Paid
516667,716667,UPI,23685.02,Paid
516668,716668,Wallet,3143.51,Paid
516669,716669,UPI,17089.33,Pending
516670,716670,Net Banking,16418.28,Paid
516671,716671,UPI,3208.58,Paid
516672,716672,UPI,9234.78,Paid
516673,716673,UPI,2729.95,Paid
516674,716674,Credit Card,151142.83,Paid
516675,716675,COD,61516.15,Paid
516676,716676,COD,8590.98,Paid
516677,716677,Credit Card,513.81,Paid
516678,716678,Credit Card,42655.95,Paid
516679,716679,UPI,20382.52,Paid
516680,716680,COD,4666.74,Paid
516681,716681,UPI,288.59,Pending
516682,716682,UPI,135368.47,Paid
516683,716683,Wallet,9918.26,Paid
516684,716684,COD,557.2,Failed
516685,716685,Net Banking,15211.96,Paid
516686,716686,Debit Card,71056.98,Paid
516687,716687,Credit Card,8759.7,Paid
516688,716688,Debit Card,2423.56,Paid
516689,716689,UPI,5710.6,Paid
516690,716690,Debit Card,36447.65,Paid
516691,716691,UPI,12071.23,Paid
516692,716692,Credit Card,1298.86,Paid
516693,716693,Credit Card,69002.38,Paid
516694,716694,UPI,10594.53,Paid
516695,716695,Wallet,7074.04,Pending
516696,716696,COD,1239.75,Paid
516697,716697,Credit Card,112815.23,Paid
516698,716698,Debit Card,3495.86,Failed
516699,716699,UPI,8741.43,Paid
516700,716700,UPI,71929.82,Paid
516701,716701,Credit Card,2172.88,Paid
516702,716702,Wallet,5978.95,Paid
516703,716703,Credit Card,58103.04,Paid
516704,716704,COD,7459.93,Paid
516705,716705,Net Banking,5484.91,Paid
516706,716706,Wallet,13129.23,Paid
516707,716707,Net Banking,66946.68,Paid
516708,716708,UPI,4250.78,Paid
516709,716709,UPI,798.64,Paid
516710,716710,Debit Card,8597.88,Paid
516711,716711,Credit Card,4803.65,Paid
516712,716712,Credit Card,230.32,Pending
516713,716713,Net Banking,16025.0,Paid
516714,716714,Credit Card,875.47,Paid
516715,716715,Credit Card,116573.22,Paid
516716,716716,UPI,622.82,Paid
516717,716717,Net Banking,1220.54,Paid
516718,716718,Debit Card,4171.09,Paid
516719,716719,Net Banking,1760.45,Paid
516720,716720,UPI,4693.88,Paid
516721,716721,Credit Card,42655.95,Paid
516722,716722,Credit Card,851.65,Paid
516723,716723,UPI,10133.43,Paid
516724,716724,Credit Card,8104.13,Paid
516725,716725,Credit Card,5192.49,Paid
516726,716726,Credit Card,3451.87,Paid
516727,716727,UPI,8135.34,Paid
516728,716728,COD,4190.11,Paid
516729,716729,UPI,846.67,Paid
516730,716730,Debit Card,112109.14,Paid
516731,716731,Credit Card,63227.42,Paid
516732,716732,UPI,4352.94,Paid
516733,716733,UPI,8960.05,Paid
516734,716734,UPI,1277.98,Paid
516735,716735,Credit Card,10779.72,Paid
516736,716736,Debit Card,9053.9,Paid
516737,716737,Net Banking,2989.85,Paid
516738,716738,UPI,2107.61,Paid
516739,716739,Credit Card,39250.33,Paid
516740,716740,UPI,4425.16,Paid
516741,716741,UPI,312.08,Paid
516742,716742,Credit Card,131635.88,Paid
516743,716743,UPI,6652.66,Paid
516744,716744,UPI,1053.81,Paid
516745,716745,UPI,11023.77,Paid
516746,716746,UPI,2136.25,Paid
516747,716747,Debit Card,481.94,Paid
516748,716748,UPI,4317.91,Paid
516749,716749,Credit Card,3110.39,Paid
516750,716750,UPI,8218.68,Paid
516751,716751,UPI,26722.48,Paid
516752,716752,Credit Card,71555.04,Paid
516753,716753,UPI,5160.87,Paid
516754,716754,COD,44049.61,Paid
516755,716755,COD,67838.24,Failed
516756,716756,Net Banking,56411.52,Paid
516757,716757,Debit Card,1138.77,Paid
516758,716758,UPI,3122.45,Paid
516759,716759,Debit Card,508.43,Paid
516760,716760,Net Banking,12492.97,Paid
516761,716761,COD,86470.72,Paid
516762,716762,COD,4157.29,Paid
516763,716763,Net Banking,1586.83,Paid
516764,716764,Debit Card,3115.95,Paid
516765,716765,Net Banking,635.1,Paid
516766,716766,Debit Card,3289.36,Paid
516767,716767,COD,123343.66,Paid
516768,716768,COD,1085.78,Paid
516769,716769,COD,4834.58,Failed
516770,716770,UPI,47727.39,Paid
516771,716771,Wallet,861.67,Paid
516772,716772,UPI,572.01,Paid
516773,716773,Debit Card,29953.92,Paid
516774,716774,UPI,1603.01,Paid
516775,716775,Debit Card,7459.94,Paid
516776,716776,Net Banking,39618.12,Paid
516777,716777,UPI,2496.8,Paid
516778,716778,Credit Card,7756.98,Paid
516779,716779,UPI,3150.32,Paid
516780,716780,Credit Card,54826.98,Paid
516781,716781,Debit Card,1152.74,Paid
516782,716782,UPI,7661.15,Paid
516783,716783,Credit Card,51901.11,Paid
516784,716784,UPI,38562.19,Paid
516785,716785,UPI,2423.55,Failed
516786,716786,Debit Card,17520.52,Paid
516787,716787,COD,15006.55,Paid
516788,716788,UPI,30985.94,Paid
516789,716789,UPI,7469.25,Paid
516790,716790,UPI,24087.9,Paid
516791,716791,COD,6025.85,Paid
516792,716792,Wallet,165349.93,Paid
516793,716793,Credit Card,655.41,Paid
516794,716794,COD,655.41,Pending
516795,716795,UPI,14085.97,Paid
516796,716796,UPI,13531.67,Paid
516797,716797,Credit Card,39158.45,Paid
516798,716798,UPI,1531.79,Paid
516799,716799,COD,13854.34,Paid
516800,716800,COD,9957.59,Paid
516801,716801,Net Banking,97872.12,Paid
516802,716802,Credit Card,3156.18,Paid
516803,716803,Credit Card,2298.02,Paid
516804,716804,UPI,1393.74,Paid
516805,716805,Credit Card,7948.51,Paid
516806,716806,Credit Card,47371.6,Paid
516807,716807,UPI,4800.79,Paid
516808,716808,Net Banking,5024.6,Paid
516809,716809,UPI,3676.73,Paid
516810,716810,Wallet,644.74,Paid
516811,716811,Debit Card,15069.44,Paid
516812,716812,COD,1357.69,Paid
516813,716813,Debit Card,2946.5,Paid
516814,716814,Wallet,5191.7,Paid
516815,716815,COD,9727.96,Paid
516816,716816,UPI,6669.58,Paid
516817,716817,Credit Card,8321.65,Pending
516818,716818,UPI,58575.38,Paid
516819,716819,COD,15278.67,Paid
516820,716820,UPI,2208.45,Paid
516821,716821,UPI,78209.16,Paid
516822,716822,UPI,10893.99,Paid
516823,716823,UPI,114247.7,Paid
516824,716824,Credit Card,1819.05,Paid
516825,716825,Wallet,5842.05,Paid
516826,716826,UPI,5667.15,Paid
516827,716827,Debit Card,1429.34,Paid
516828,716828,Credit Card,47388.91,Paid
516829,716829,Wallet,42509.09,Paid
516830,716830,Net Banking,14364.42,Paid
516831,716831,COD,19288.01,Paid
516832,716832,Debit Card,7395.46,Paid
516833,716833,UPI,21346.85,Paid
516834,716834,UPI,9518.63,Paid
516835,716835,Debit Card,1169.18,Paid
516836,716836,Credit Card,9937.51,Paid
516837,716837,Credit Card,5256.27,Paid
516838,716838,UPI,22525.56,Paid
516839,716839,Credit Card,2019.48,Paid
516840,716840,UPI,28246.83,Paid
516841,716841,UPI,17460.03,Paid
516842,716842,COD,1348.81,Paid
516843,716843,Wallet,6784.96,Paid
516844,716844,Credit Card,5934.84,Paid
516845,716845,UPI,5187.5,Paid
516846,716846,UPI,20156.77,Paid
516847,716847,UPI,1439.98,Failed
516848,716848,COD,5515.98,Paid
516849,716849,UPI,4732.37,Paid
516850,716850,Credit Card,11019.19,Paid
516851,716851,Net Banking,15162.1,Paid
516852,716852,Debit Card,10282.55,Failed
516853,716853,Credit Card,7711.91,Pending
516854,716854,Net Banking,7894.78,Paid
516855,716855,UPI,14293.68,Paid
516856,716856,Credit Card,7679.97,Pending
516857,716857,COD,6490.18,Pending
516858,716858,UPI,5892.88,Paid
516859,716859,UPI,826.99,Paid
516860,716860,Credit Card,31802.99,Paid
516861,716861,Credit Card,10451.32,Paid
516862,716862,UPI,1856.35,Paid
516863,716863,Debit Card,839.05,Paid
516864,716864,Net Banking,34697.89,Paid
516865,716865,Credit Card,2414.16,Paid
516866,716866,UPI,9809.27,Paid
516867,716867,Debit Card,51037.63,Paid
516868,716868,Net Banking,6345.04,Paid
516869,716869,UPI,2784.36,Paid
516870,716870,Debit Card,41458.46,Paid
516871,716871,UPI,5208.99,Paid
516872,716872,Debit Card,12313.04,Paid
516873,716873,Debit Card,11612.77,Paid
516874,716874,COD,5166.88,Paid
516875,716875,Credit Card,10587.49,Paid
516876,716876,Debit Card,100920.45,Paid
516877,716877,UPI,40284.96,Paid
516878,716878,Debit Card,4067.27,Pending
516879,716879,UPI,20577.53,Paid
516880,716880,UPI,801.55,Paid
516881,716881,COD,5873.12,Paid
516882,716882,Credit Card,4207.25,Paid
516883,716883,Net Banking,687.96,Paid
516884,716884,Credit Card,1543.97,Paid
516885,716885,COD,58730.63,Paid
516886,716886,Wallet,3778.94,Paid
516887,716887,Debit Card,7116.9,Failed
516888,716888,Credit Card,762.88,Paid
516889,716889,Debit Card,7354.16,Paid
516890,716890,COD,114322.06,Paid
516891,716891,Net Banking,882.85,Paid
516892,716892,UPI,5704.22,Paid
516893,716893,Credit Card,5823.02,Paid
516894,716894,Net Banking,105970.8,Paid
516895,716895,Credit Card,5841.55,Paid
516896,716896,UPI,2660.66,Paid
516897,716897,Net Banking,9840.89,Paid
516898,716898,Debit Card,52640.49,Paid
516899,716899,Net Banking,519.44,Paid
516900,716900,UPI,2488.96,Paid
516901,716901,UPI,29023.12,Paid
516902,716902,Net Banking,7609.54,Paid
516903,716903,Debit Card,18518.79,Paid
516904,716904,Net Banking,2640.09,Paid
516905,716905,Net Banking,10614.59,Paid
516906,716906,COD,272.15,Paid
516907,716907,UPI,7031.67,Paid
516908,716908,Debit Card,99180.64,Paid
516909,716909,Debit Card,15810.23,Paid
516910,716910,Credit Card,932.28,Paid
516911,716911,Debit Card,655.41,Paid
516912,716912,UPI,93158.0,Paid
516913,716913,Wallet,557.1,Paid
516914,716914,Net Banking,30836.9,Paid
516915,716915,COD,1831.13,Paid
516916,716916,Credit Card,140850.17,Paid
516917,716917,UPI,9635.47,Paid
516918,716918,Wallet,37889.62,Paid
516919,716919,Credit Card,23518.77,Paid
516920,716920,Debit Card,1901.04,Paid
516921,716921,UPI,798.64,Paid
516922,716922,COD,526.26,Paid
516923,716923,Debit Card,9353.15,Paid
516924,716924,COD,114221.3,Paid
516925,716925,Credit Card,18075.12,Paid
516926,716926,Net Banking,1462.22,Paid
516927,716927,Credit Card,38051.03,Paid
516928,716928,Wallet,28604.62,Paid
516929,716929,UPI,1770.93,Paid
516930,716930,COD,106819.03,Paid
516931,716931,COD,2316.34,Paid
516932,716932,Debit Card,4046.69,Paid
516933,716933,UPI,1281.11,Paid
516934,716934,Credit Card,2906.84,Paid
516935,716935,COD,26278.5,Paid
516936,716936,Credit Card,14852.25,Paid
516937,716937,Wallet,20782.88,Paid
516938,716938,UPI,4089.64,Paid
516939,716939,Debit Card,10783.41,Paid
516940,716940,UPI,448.8,Paid
516941,716941,UPI,11588.82,Paid
516942,716942,UPI,19899.14,Paid
516943,716943,UPI,419.53,Paid
516944,716944,Debit Card,5747.2,Pending
516945,716945,COD,3056.4,Pending
516946,716946,Debit Card,1301.46,Paid
516947,716947,Credit Card,358.31,Paid
516948,716948,COD,18978.4,Paid
516949,716949,Net Banking,3464.47,Paid
516950,716950,UPI,807.79,Failed
516951,716951,Debit Card,12719.53,Paid
516952,716952,UPI,10808.31,Paid
516953,716953,Credit Card,4053.53,Paid
516954,716954,Credit Card,542.36,Paid
516955,716955,Debit Card,705.67,Paid
516956,716956,Net Banking,52867.99,Paid
516957,716957,Wallet,3697.04,Paid
516958,716958,Credit Card,9619.19,Paid
516959,716959,COD,21818.45,Paid
516960,716960,Credit Card,212.01,Paid
516961,716961,Wallet,40976.86,Paid
516962,716962,UPI,6375.4,Paid
516963,716963,Debit Card,15801.68,Paid
516964,716964,UPI,3002.68,Paid
516965,716965,COD,1124.76,Paid
516966,716966,Credit Card,3047.69,Paid
516967,716967,UPI,3831.3,Paid
516968,716968,Credit Card,2292.04,Pending
516969,716969,UPI,3729.97,Paid
516970,716970,Debit Card,22488.29,Paid
516971,716971,UPI,67614.46,Paid
516972,716972,UPI,46290.71,Paid
516973,716973,Net Banking,2008.74,Paid
516974,716974,UPI,4357.76,Paid
516975,716975,Debit Card,102922.16,Paid
516976,716976,COD,1805.5,Paid
516977,716977,Net Banking,31480.17,Paid
516978,716978,UPI,10847.44,Paid
516979,716979,Credit Card,14167.87,Paid
516980,716980,UPI,19627.83,Paid
516981,716981,UPI,74298.8,Paid
516982,716982,Credit Card,1197.65,Paid
516983,716983,Debit Card,7547.47,Paid
516984,716984,UPI,10979.33,Paid
516985,716985,Credit Card,68534.32,Paid
516986,716986,Debit Card,639.67,Paid
516987,716987,Credit Card,7503.27,Paid
516988,716988,Debit Card,36190.18,Pending
516989,716989,UPI,6325.73,Paid
516990,716990,UPI,11897.83,Failed
516991,716991,Debit Card,16450.96,Paid
516992,716992,UPI,2481.56,Paid
516993,716993,COD,44051.31,Paid
516994,716994,UPI,1297.27,Paid
516995,716995,UPI,6049.26,Paid
516996,716996,UPI,5941.24,Paid
516997,716997,UPI,16876.84,Paid
516998,716998,Credit Card,12947.12,Paid
516999,716999,UPI,11835.26,Paid
517000,717000,Credit Card,6914.73,Paid
517001,717001,UPI,14276.35,Paid
517002,717002,Credit Card,3674.59,Paid
517003,717003,UPI,361.52,Paid
517004,717004,Credit Card,2640.47,Paid
517005,717005,Wallet,1114.82,Paid
517006,717006,Credit Card,9037.7,Paid
517007,717007,COD,57644.26,Paid
517008,717008,UPI,3916.78,Paid
517009,717009,Credit Card,882.85,Paid
517010,717010,Credit Card,2343.44,Paid
517011,717011,Net Banking,4256.97,Paid
517012,717012,UPI,4978.31,Paid
517013,717013,UPI,1296.92,Paid
517014,717014,Credit Card,118596.6,Paid
517015,717015,Credit Card,5367.55,Paid
517016,717016,Credit Card,15322.04,Paid
517017,717017,Credit Card,14668.34,Paid
517018,717018,UPI,1898.1,Paid
517019,717019,Debit Card,14297.15,Paid
517020,717020,Net Banking,6613.18,Paid
517021,717021,UPI,894.68,Paid
517022,717022,Credit Card,1557.72,Paid
517023,717023,UPI,13395.78,Paid
517024,717024,Debit Card,9394.19,Paid
517025,717025,Wallet,1639.7,Paid
517026,717026,UPI,9956.44,Paid
517027,717027,UPI,1550.5,Paid
517028,717028,Net Banking,1345.54,Pending
517029,717029,Debit Card,937.26,Paid
517030,717030,COD,2138.06,Paid
517031,717031,UPI,1491.83,Paid
517032,717032,Credit Card,10403.84,Paid
517033,717033,Credit Card,1926.05,Paid
517034,717034,UPI,12900.05,Paid
517035,717035,Debit Card,9165.89,Paid
517036,717036,UPI,3836.24,Paid
517037,717037,Credit Card,3874.57,Paid
517038,717038,UPI,7357.6,Paid
517039,717039,Net Banking,7867.04,Paid
517040,717040,UPI,8705.5,Paid
517041,717041,Debit Card,41842.16,Paid
517042,717042,Net Banking,2152.14,Paid
517043,717043,Credit Card,15997.31,Paid
517044,717044,UPI,11570.58,Paid
517045,717045,Net Banking,584.73,Paid
517046,717046,UPI,9519.31,Paid
517047,717047,Credit Card,7738.16,Paid
517048,717048,Wallet,1611.53,Paid
517049,717049,UPI,31605.02,Paid
517050,717050,Credit Card,11533.74,Paid
517051,717051,Wallet,1184.25,Paid
517052,717052,Credit Card,1182.81,Pending
517053,717053,UPI,34905.71,Paid
517054,717054,COD,9774.52,Paid
517055,717055,Wallet,55298.76,Paid
517056,717056,Net Banking,4425.16,Failed
517057,717057,Debit Card,12646.1,Paid
517058,717058,Credit Card,16836.18,Paid
517059,717059,Debit Card,19183.74,Paid
517060,717060,Debit Card,39951.74,Paid
517061,717061,Credit Card,5823.02,Paid
517062,717062,Debit Card,9464.71,Failed
517063,717063,UPI,13537.48,Paid
517064,717064,Credit Card,17080.56,Paid
517065,717065,Wallet,6832.62,Pending
517066,717066,Wallet,8443.76,Paid
517067,717067,UPI,257.82,Paid
517068,717068,UPI,2302.21,Paid
517069,717069,UPI,439.51,Paid
517070,717070,UPI,5770.96,Paid
517071,717071,Credit Card,117330.11,Paid
517072,717072,COD,2008.7,Paid
517073,717073,UPI,2849.75,Failed
517074,717074,UPI,702.8,Paid
517075,717075,Credit Card,4137.62,Paid
517076,717076,Credit Card,12793.74,Paid
517077,717077,UPI,7561.58,Paid
517078,717078,Debit Card,11212.35,Paid
517079,717079,UPI,3852.0,Paid
517080,717080,COD,5579.35,Paid
517081,717081,UPI,3479.35,Paid
517082,717082,COD,472.42,Pending
517083,717083,Wallet,843.46,Paid
517084,717084,UPI,7080.73,Paid
517085,717085,Credit Card,2437.31,Paid
517086,717086,Wallet,35265.12,Paid
517087,717087,Credit Card,2716.9,Paid
517088,717088,UPI,181636.97,Paid
517089,717089,Credit Card,8888.17,Paid
517090,717090,COD,134960.99,Paid
517091,717091,Debit Card,2104.08,Paid
517092,717092,COD,13489.5,Paid
517093,717093,COD,3578.42,Paid
517094,717094,UPI,24149.75,Paid
517095,717095,Credit Card,12385.28,Paid
517096,717096,Wallet,22945.26,Paid
517097,717097,Credit Card,1393.23,Paid
517098,717098,Credit Card,2337.82,Paid
517099,717099,Credit Card,11766.12,Paid
517100,717100,Debit Card,47270.1,Paid
517101,717101,COD,939.7,Pending
517102,717102,COD,6825.51,Paid
517103,717103,Debit Card,9619.6,Paid
517104,717104,UPI,8676.62,Paid
517105,717105,Debit Card,7074.04,Paid
517106,717106,UPI,3347.96,Paid
517107,717107,UPI,3782.1,Paid
517108,717108,Credit Card,1458.96,Paid
517109,717109,UPI,5223.8,Paid
517110,717110,COD,4929.39,Paid
517111,717111,Wallet,36793.16,Paid
517112,717112,Credit Card,1310.88,Paid
517113,717113,COD,36065.58,Paid
517114,717114,COD,41458.46,Paid
517115,717115,UPI,619.87,Paid
517116,717116,UPI,20457.72,Paid
517117,717117,Credit Card,4667.55,Paid
517118,717118,Net Banking,2437.63,Pending
517119,717119,UPI,13633.67,Paid
517120,717120,UPI,12056.2,Paid
517121,717121,UPI,18803.95,Paid
517122,717122,Debit Card,1492.23,Paid
517123,717123,UPI,670.39,Paid
517124,717124,UPI,76054.98,Paid
517125,717125,UPI,1213.24,Paid
517126,717126,UPI,3102.08,Paid
517127,717127,Net Banking,1361.7,Paid
517128,717128,UPI,9215.78,Paid
517129,717129,COD,7380.57,Paid
517130,717130,UPI,974.12,Paid
517131,717131,UPI,1126.96,Paid
517132,717132,Credit Card,95574.92,Failed
517133,717133,UPI,12862.72,Paid
517134,717134,UPI,4786.55,Paid
517135,717135,UPI,638.3,Paid
517136,717136,UPI,515.65,Paid
517137,717137,Debit Card,6708.13,Paid
517138,717138,UPI,21243.74,Paid
517139,717139,Credit Card,33902.53,Pending
517140,717140,Credit Card,11616.79,Paid
517141,717141,UPI,4357.76,Paid
517142,717142,Net Banking,4475.12,Paid
517143,717143,UPI,52340.13,Pending
517144,717144,Debit Card,1028.64,Paid
517145,717145,Debit Card,1253.91,Paid
517146,717146,COD,35906.29,Paid
517147,717147,Debit Card,279.23,Paid
517148,717148,Debit Card,4121.53,Paid
517149,717149,Wallet,2362.28,Paid
517150,717150,Net Banking,69839.18,Paid
517151,717151,UPI,8876.42,Paid
517152,717152,Debit Card,18770.66,Failed
517153,717153,Credit Card,57588.23,Paid
517154,717154,UPI,1356.16,Paid
517155,717155,Net Banking,1308.62,Paid
517156,717156,UPI,21321.14,Paid
517157,717157,UPI,2909.03,Paid
517158,717158,Wallet,27234.3,Paid
517159,717159,Credit Card,3146.79,Paid
517160,717160,UPI,4157.29,Pending
517161,717161,Credit Card,41463.98,Paid
517162,717162,UPI,4238.79,Paid
517163,717163,UPI,11236.88,Paid
517164,717164,UPI,41490.9,Paid
517165,717165,COD,1941.6,Paid
517166,717166,Debit Card,2728.9,Paid
517167,717167,UPI,999.89,Paid
517168,717168,UPI,13569.91,Failed
517169,717169,Credit Card,5706.92,Paid
517170,717170,Credit Card,497.27,Paid
517171,717171,UPI,3191.77,Paid
517172,717172,Debit Card,1605.33,Paid
517173,717173,COD,3723.56,Failed
517174,717174,COD,11211.71,Paid
517175,717175,UPI,42365.84,Paid
517176,717176,Net Banking,47843.26,Paid
517177,717177,Debit Card,3104.59,Paid
517178,717178,UPI,57853.62,Paid
517179,717179,Net Banking,2077.76,Paid
517180,717180,Debit Card,8020.04,Paid
517181,717181,UPI,9014.57,Paid
517182,717182,Credit Card,23229.62,Paid
517183,717183,Net Banking,41560.5,Paid
517184,717184,Wallet,7123.14,Paid
517185,717185,UPI,11370.33,Paid
517186,717186,UPI,25101.28,Paid
517187,717187,UPI,2582.03,Paid
517188,717188,UPI,11028.02,Paid
517189,717189,UPI,12019.71,Paid
517190,717190,COD,14082.85,Paid
517191,717191,Wallet,5114.97,Paid
517192,717192,Debit Card,4055.28,Paid
517193,717193,COD,687.96,Paid
517194,717194,UPI,40191.24,Paid
517195,717195,COD,1778.84,Paid
517196,717196,UPI,1676.82,Paid
517197,717197,Net Banking,8755.51,Pending
517198,717198,UPI,1056.14,Paid
517199,717199,Net Banking,3626.2,Pending
517200,717200,Debit Card,3302.26,Paid
517201,717201,UPI,28001.33,Paid
517202,717202,UPI,36106.35,Paid
517203,717203,COD,2379.77,Paid
517204,717204,COD,8897.77,Paid
517205,717205,UPI,2386.28,Failed
517206,717206,Debit Card,495.5,Pending
517207,717207,Debit Card,13032.32,Paid
517208,717208,Credit Card,78728.48,Paid
517209,717209,COD,986.72,Paid
517210,717210,COD,12527.77,Paid
517211,717211,Debit Card,10041.74,Paid
517212,717212,UPI,12443.24,Paid
517213,717213,Credit Card,51243.99,Paid
517214,717214,UPI,472.42,Paid
517215,717215,Credit Card,23619.34,Paid
517216,717216,Credit Card,1324.9,Paid
517217,717217,Debit Card,45461.63,Paid
517218,717218,Wallet,3687.52,Paid
517219,717219,UPI,442.83,Paid
517220,717220,UPI,35627.52,Paid
517221,717221,UPI,168615.12,Failed
517222,717222,Debit Card,11835.26,Paid
517223,717223,COD,1520.84,Paid
517224,717224,COD,6296.83,Pending
517225,717225,Credit Card,1478.07,Paid
517226,717226,Credit Card,35606.34,Paid
517227,717227,UPI,28197.35,Paid
517228,717228,UPI,19871.15,Paid
517229,717229,Credit Card,3528.4,Paid
517230,717230,Net Banking,1069.87,Paid
517231,717231,Net Banking,902.26,Paid
517232,717232,Debit Card,5223.8,Paid
517233,717233,Credit Card,12272.01,Paid
517234,717234,Credit Card,1774.64,Pending
517235,717235,UPI,2521.76,Paid
517236,717236,COD,16820.18,Paid
517237,717237,Wallet,10256.35,Paid
517238,717238,Credit Card,20003.29,Paid
517239,717239,Credit Card,11834.51,Paid
517240,717240,UPI,26794.41,Paid
517241,717241,UPI,16898.3,Paid
517242,717242,Debit Card,11678.88,Paid
517243,717243,UPI,2984.45,Paid
517244,717244,Credit Card,4115.67,Paid
517245,717245,Net Banking,49285.11,Paid
517246,717246,Debit Card,577.46,Paid
517247,717247,COD,1610.04,Paid
517248,717248,UPI,8888.17,Paid
517249,717249,UPI,6241.12,Paid
517250,717250,Debit Card,30012.12,Paid
517251,717251,Credit Card,1334.84,Paid
517252,717252,COD,56947.65,Paid
517253,717253,UPI,1743.78,Paid
517254,717254,UPI,2674.77,Paid
517255,717255,UPI,26791.56,Paid
517256,717256,Credit Card,140277.86,Paid
517257,717257,Debit Card,36664.68,Paid
517258,717258,UPI,5223.8,Paid
517259,717259,UPI,6741.77,Paid
517260,717260,UPI,14891.32,Paid
517261,717261,Debit Card,13255.98,Paid
517262,717262,UPI,3317.27,Paid
517263,717263,UPI,6404.96,Paid
517264,717264,Credit Card,688.8,Paid
517265,717265,Credit Card,1516.64,Paid
517266,717266,Net Banking,4161.63,Paid
517267,717267,Debit Card,2252.68,Paid
517268,717268,Credit Card,53089.52,Paid
517269,717269,Debit Card,3068.6,Paid
517270,717270,UPI,1481.71,Paid
517271,717271,UPI,599.82,Paid
517272,717272,UPI,11116.79,Paid
517273,717273,UPI,47210.48,Paid
517274,717274,Debit Card,1047.8,Paid
517275,717275,UPI,934.79,Paid
517276,717276,COD,19710.5,Paid
517277,717277,COD,654.31,Paid
517278,717278,Wallet,55456.09,Paid
517279,717279,UPI,12480.72,Paid
517280,717280,Net Banking,400.51,Paid
517281,717281,COD,7367.73,Paid
517282,717282,Credit Card,13246.57,Paid
517283,717283,Wallet,513.81,Paid
517284,717284,Credit Card,910.44,Paid
517285,717285,Debit Card,619.87,Paid
517286,717286,UPI,47506.02,Paid
517287,717287,Net Banking,998.08,Paid
517288,717288,UPI,3973.54,Paid
517289,717289,Credit Card,1907.54,Paid
517290,717290,Credit Card,12349.29,Paid
517291,717291,Debit Card,7931.3,Paid
517292,717292,Net Banking,2516.16,Paid
517293,717293,Debit Card,7591.36,Failed
517294,717294,COD,2585.28,Paid
517295,717295,Credit Card,15069.47,Paid
517296,717296,UPI,22589.76,Paid
517297,717297,Debit Card,6682.66,Paid
517298,717298,UPI,1750.18,Paid
517299,717299,Credit Card,4051.28,Paid
517300,717300,Credit Card,6711.34,Paid
517301,717301,Credit Card,820.37,Pending
517302,717302,Debit Card,20766.82,Paid
517303,717303,Debit Card,7075.91,Paid
517304,717304,Wallet,581.29,Paid
517305,717305,UPI,22660.29,Paid
517306,717306,Credit Card,7133.15,Paid
517307,717307,Wallet,1941.83,Paid
517308,717308,Credit Card,2105.04,Paid
517309,717309,UPI,605.65,Paid
517310,717310,UPI,6356.18,Paid
517311,717311,COD,6073.38,Paid
517312,717312,Wallet,1894.34,Paid
517313,717313,UPI,485.26,Paid
517314,717314,Wallet,8055.92,Paid
517315,717315,Net Banking,965.14,Paid
517316,717316,Debit Card,44504.14,Paid
517317,717317,Net Banking,570.9,Paid
517318,717318,Credit Card,2429.46,Paid
517319,717319,UPI,5067.15,Paid
517320,717320,Credit Card,1253.91,Paid
517321,717321,UPI,1792.28,Paid
517322,717322,UPI,6940.76,Paid
517323,717323,COD,2127.53,Paid
517324,717324,Net Banking,4053.72,Paid
517325,717325,Credit Card,11138.55,Paid
517326,717326,COD,9776.3,Paid
517327,717327,Debit Card,3853.53,Paid
517328,717328,UPI,2506.08,Paid
517329,717329,UPI,28392.78,Paid
517330,717330,Credit Card,1003.97,Paid
517331,717331,UPI,23745.29,Paid
517332,717332,COD,485.26,Paid
517333,717333,COD,36119.73,Failed
517334,717334,Credit Card,3116.89,Paid
517335,717335,Net Banking,32264.34,Paid
517336,717336,UPI,11350.08,Paid
517337,717337,Credit Card,43788.1,Pending
517338,717338,Credit Card,61391.34,Paid
517339,717339,Credit Card,14233.8,Paid
517340,717340,COD,1719.23,Paid
517341,717341,UPI,22151.49,Paid
517342,717342,Credit Card,2818.44,Paid
517343,717343,UPI,1656.03,Paid
517344,717344,UPI,30424.07,Paid
517345,717345,Debit Card,1515.77,Paid
517346,717346,Wallet,1137.48,Paid
517347,717347,UPI,19529.06,Paid
517348,717348,UPI,16380.98,Paid
517349,717349,Net Banking,4760.73,Paid
517350,717350,Debit Card,3185.21,Paid
517351,717351,UPI,3189.73,Paid
517352,717352,UPI,1056.79,Paid
517353,717353,UPI,56409.28,Paid
517354,717354,UPI,1323.99,Paid
517355,717355,UPI,11191.18,Failed
517356,717356,UPI,55448.58,Paid
517357,717357,Credit Card,10447.6,Paid
517358,717358,Net Banking,3109.7,Paid
517359,717359,UPI,2359.29,Failed
517360,717360,UPI,18341.51,Paid
517361,717361,Debit Card,105823.53,Pending
517362,717362,UPI,294.11,Pending
517363,717363,Wallet,9845.02,Paid
517364,717364,Wallet,4787.13,Paid
517365,717365,COD,3560.48,Paid
517366,717366,UPI,3274.75,Paid
517367,717367,UPI,2426.51,Paid
517368,717368,Debit Card,859.52,Paid
517369,717369,UPI,1134.61,Paid
517370,717370,Credit Card,7999.35,Paid
517371,717371,COD,20118.77,Paid
517372,717372,Debit Card,9497.29,Paid
517373,717373,COD,9704.81,Paid
517374,717374,UPI,27510.43,Paid
517375,717375,Credit Card,17755.96,Paid
517376,717376,COD,39468.0,Paid
517377,717377,COD,13930.13,Paid
517378,717378,Credit Card,10359.86,Paid
517379,717379,Debit Card,2437.45,Paid
517380,717380,Net Banking,1869.57,Paid
517381,717381,Debit Card,260.05,Paid
517382,717382,Credit Card,37852.24,Paid
517383,717383,UPI,1423.52,Paid
517384,717384,Debit Card,12233.3,Paid
517385,717385,UPI,4813.79,Failed
517386,717386,COD,6028.81,Paid
517387,717387,COD,10257.9,Paid
517388,717388,Credit Card,3510.56,Paid
517389,717389,COD,2184.05,Paid
517390,717390,Credit Card,22261.82,Paid
517391,717391,UPI,1685.21,Paid
517392,717392,UPI,29717.13,Paid
517393,717393,Credit Card,953.77,Paid
517394,717394,Credit Card,3180.49,Paid
517395,717395,Debit Card,11354.72,Paid
517396,717396,Debit Card,1042.24,Failed
517397,717397,Credit Card,2529.04,Paid
517398,717398,UPI,10001.04,Paid
517399,717399,UPI,456.17,Paid
517400,717400,Wallet,20552.85,Pending
517401,717401,Credit Card,7055.27,Paid
517402,717402,Credit Card,2357.01,Paid
517403,717403,UPI,42114.93,Pending
517404,717404,UPI,5401.59,Pending
517405,717405,COD,1403.35,Paid
517406,717406,Debit Card,3141.0,Paid
517407,717407,Debit Card,1164.22,Paid
517408,717408,Credit Card,12328.26,Paid
517409,717409,Net Banking,5000.8,Paid
517410,717410,COD,25178.1,Paid
517411,717411,Debit Card,1926.05,Paid
517412,717412,Debit Card,890.92,Paid
517413,717413,UPI,23832.13,Paid
517414,717414,Net Banking,12017.92,Paid
517415,717415,Debit Card,721.48,Pending
517416,717416,Debit Card,9201.01,Paid
517417,717417,Net Banking,13154.63,Paid
517418,717418,UPI,4018.19,Paid
517419,717419,UPI,12364.03,Paid
517420,717420,UPI,2492.76,Paid
517421,717421,Credit Card,40643.84,Paid
517422,717422,COD,52289.21,Failed
517423,717423,COD,4357.76,Paid
517424,717424,UPI,759.32,Paid
517425,717425,UPI,28112.5,Paid
517426,717426,UPI,8311.7,Paid
517427,717427,UPI,6945.38,Paid
517428,717428,COD,15509.8,Failed
517429,717429,UPI,30985.4,Failed
517430,717430,Credit Card,1775.35,Paid
517431,717431,Debit Card,556.62,Paid
517432,717432,COD,25443.67,Paid
517433,717433,Credit Card,32067.81,Paid
517434,717434,UPI,6773.08,Paid
517435,717435,Debit Card,749.6,Paid
517436,717436,Credit Card,8299.05,Paid
517437,717437,Debit Card,14754.48,Paid
517438,717438,Net Banking,1068.02,Paid
517439,717439,COD,29864.12,Paid
517440,717440,Debit Card,1583.66,Paid
517441,717441,UPI,27355.82,Paid
517442,717442,UPI,558.47,Paid
517443,717443,UPI,3713.53,Paid
517444,717444,UPI,3138.64,Pending
517445,717445,Credit Card,7435.37,Paid
517446,717446,Credit Card,826.04,Paid
517447,717447,Credit Card,1106.46,Paid
517448,717448,Debit Card,25451.98,Pending
517449,717449,Net Banking,52139.22,Paid
517450,717450,UPI,2499.83,Paid
517451,717451,UPI,3560.09,Paid
517452,717452,Credit Card,424.02,Paid
517453,717453,UPI,24972.39,Paid
517454,717454,UPI,1581.78,Paid
517455,717455,UPI,8472.65,Paid
517456,717456,Wallet,27000.62,Paid
517457,717457,UPI,65392.27,Paid
517458,717458,UPI,759.32,Paid
517459,717459,Credit Card,10075.96,Failed
517460,717460,UPI,42972.87,Paid
517461,717461,Debit Card,328.51,Paid
517462,717462,COD,6293.9,Paid
517463,717463,UPI,4682.92,Paid
517464,717464,Credit Card,762.46,Pending
517465,717465,Net Banking,11524.95,Paid
517466,717466,UPI,2278.95,Paid
517467,717467,Net Banking,55170.34,Paid
517468,717468,COD,9641.77,Paid
517469,717469,UPI,10072.89,Paid
517470,717470,Net Banking,7931.3,Paid
517471,717471,Credit Card,5609.53,Paid
517472,717472,UPI,3690.08,Paid
517473,717473,UPI,9615.9,Paid
517474,717474,Debit Card,7310.52,Failed
517475,717475,Net Banking,15182.72,Paid
517476,717476,Credit Card,17075.96,Paid
517477,717477,Credit Card,4978.31,Paid
517478,717478,Credit Card,9002.12,Paid
517479,717479,Credit Card,6949.67,Paid
517480,717480,UPI,5768.56,Paid
517481,717481,Debit Card,2695.8,Paid
517482,717482,COD,2390.94,Paid
517483,717483,Credit Card,64856.53,Paid
517484,717484,Credit Card,7024.76,Paid
517485,717485,Wallet,26794.41,Paid
517486,717486,COD,13892.63,Paid
517487,717487,UPI,922.97,Paid
517488,717488,COD,1524.92,Paid
517489,717489,Credit Card,19779.07,Pending
517490,717490,COD,3560.09,Paid
517491,717491,Debit Card,4813.79,Paid
517492,717492,Debit Card,2880.52,Paid
517493,717493,UPI,12505.02,Paid
517494,717494,UPI,5685.91,Paid
517495,717495,COD,10971.42,Paid
517496,717496,Credit Card,44542.25,Paid
517497,717497,Credit Card,4323.6,Paid
517498,717498,UPI,225.26,Failed
517499,717499,Net Banking,405.49,Paid
517500,717500,Credit Card,3852.52,Paid
517501,717501,COD,6923.48,Paid
517502,717502,Credit Card,48921.9,Paid
517503,717503,UPI,34710.74,Paid
517504,717504,UPI,8970.08,Failed
517505,717505,Credit Card,5483.14,Paid
517506,717506,Credit Card,16109.21,Paid
517507,717507,UPI,1149.39,Paid
517508,717508,COD,50417.17,Paid
517509,717509,Credit Card,908.77,Paid
517510,717510,Net Banking,1313.84,Paid
517511,717511,Debit Card,12095.61,Paid
517512,717512,UPI,43917.44,Paid
517513,717513,Debit Card,1563.35,Pending
517514,717514,COD,1348.81,Paid
517515,717515,Wallet,149015.97,Paid
517516,717516,COD,57698.39,Paid
517517,717517,Debit Card,22135.31,Paid
517518,717518,UPI,3477.71,Paid
517519,717519,Credit Card,2531.07,Paid
517520,717520,Debit Card,71089.03,Paid
517521,717521,UPI,8854.64,Paid
517522,717522,Credit Card,56544.74,Paid
517523,717523,UPI,2521.76,Paid
517524,717524,COD,762.46,Paid
517525,717525,Net Banking,3002.88,Paid
517526,717526,UPI,10808.1,Pending
517527,717527,UPI,513.1,Paid
517528,717528,COD,28230.02,Paid
517529,717529,Net Banking,36043.55,Paid
517530,717530,Credit Card,13415.35,Paid
517531,717531,Debit Card,17745.8,Paid
517532,717532,COD,4936.48,Paid
517533,717533,UPI,21688.93,Paid
517534,717534,Debit Card,18919.51,Paid
517535,717535,Debit Card,2415.05,Paid
517536,717536,UPI,1301.72,Paid
517537,717537,Credit Card,66463.44,Paid
517538,717538,Credit Card,15720.08,Paid
517539,717539,COD,22866.49,Paid
517540,717540,Credit Card,3116.89,Paid
517541,717541,Wallet,4425.16,Paid
517542,717542,UPI,3660.02,Paid
517543,717543,Credit Card,3244.22,Paid
517544,717544,COD,24873.72,Paid
517545,717545,Net Banking,49447.17,Paid
517546,717546,UPI,1381.14,Failed
517547,717547,Net Banking,24552.55,Paid
517548,717548,Net Banking,524.33,Paid
517549,717549,UPI,16463.47,Paid
517550,717550,UPI,33673.75,Paid
517551,717551,Credit Card,7411.28,Paid
517552,717552,Net Banking,8489.62,Paid
517553,717553,Wallet,7789.94,Paid
517554,717554,UPI,3258.86,Paid
517555,717555,UPI,38690.44,Paid
517556,717556,UPI,6990.67,Paid
517557,717557,UPI,4738.47,Paid
517558,717558,UPI,3232.62,Paid
517559,717559,UPI,37101.72,Paid
517560,717560,UPI,19398.47,Paid
517561,717561,UPI,176078.79,Paid
517562,717562,COD,10016.15,Paid
517563,717563,Debit Card,451.9,Paid
517564,717564,UPI,2704.48,Paid
517565,717565,Credit Card,40291.82,Paid
517566,717566,Credit Card,1734.87,Paid
517567,717567,Net Banking,7467.04,Paid
517568,717568,COD,7003.73,Paid
517569,717569,Credit Card,3173.66,Paid
517570,717570,Credit Card,1817.53,Paid
517571,717571,COD,20751.86,Paid
517572,717572,Debit Card,12655.44,Paid
517573,717573,Net Banking,57427.91,Paid
517574,717574,COD,11212.35,Paid
517575,717575,Debit Card,30947.46,Paid
517576,717576,Debit Card,421.18,Paid
517577,717577,Debit Card,4593.76,Paid
517578,717578,Credit Card,1819.05,Paid
517579,717579,Net Banking,2499.62,Paid
517580,717580,UPI,547.39,Paid
517581,717581,COD,11212.22,Paid
517582,717582,Credit Card,12443.24,Paid
517583,717583,Credit Card,1808.53,Paid
517584,717584,UPI,4923.97,Paid
517585,717585,Credit Card,20319.63,Paid
517586,717586,Debit Card,1779.51,Pending
517587,717587,UPI,4718.58,Paid
517588,717588,UPI,11191.89,Paid
517589,717589,UPI,2168.0,Paid
517590,717590,UPI,744.15,Failed
517591,717591,Net Banking,6125.39,Paid
517592,717592,Net Banking,13303.84,Paid
517593,717593,COD,6802.37,Paid
517594,717594,Net Banking,7292.47,Paid
517595,717595,UPI,9937.51,Paid
517596,717596,UPI,20259.48,Paid
517597,717597,Credit Card,31479.17,Paid
517598,717598,UPI,54885.24,Paid
517599,717599,Net Banking,3012.57,Paid
517600,717600,Credit Card,11681.56,Paid
517601,717601,Wallet,26133.32,Paid
517602,717602,Credit Card,5802.98,Paid
517603,717603,Debit Card,19257.62,Paid
517604,717604,Credit Card,10540.75,Paid
517605,717605,UPI,1007.42,Paid
517606,717606,UPI,1164.22,Paid
517607,717607,Credit Card,11800.69,Paid
517608,717608,UPI,1995.14,Paid
517609,717609,UPI,2265.41,Paid
517610,717610,COD,7998.55,Paid
517611,717611,UPI,22208.64,Paid
517612,717612,UPI,1774.64,Paid
517613,717613,Wallet,12768.76,Paid
517614,717614,UPI,7711.91,Paid
517615,717615,COD,8386.83,Paid
517616,717616,Credit Card,16142.13,Paid
517617,717617,Debit Card,262.81,Paid
517618,717618,UPI,4077.74,Paid
517619,717619,Net Banking,4514.61,Paid
517620,717620,Credit Card,37658.65,Failed
517621,717621,UPI,6025.04,Paid
517622,717622,UPI,2569.05,Paid
517623,717623,Credit Card,2262.12,Paid
517624,717624,Credit Card,2711.95,Paid
517625,717625,Debit Card,14166.8,Paid
517626,717626,COD,5923.64,Paid
517627,717627,UPI,1755.56,Paid
517628,717628,COD,124097.65,Paid
517629,717629,Credit Card,2053.9,Paid
517630,717630,Debit Card,24524.34,Paid
517631,717631,Wallet,5904.91,Paid
517632,717632,Debit Card,10016.15,Paid
517633,717633,UPI,2441.65,Paid
517634,717634,UPI,4221.89,Paid
517635,717635,Credit Card,1734.87,Paid
517636,717636,Credit Card,1462.39,Paid
517637,717637,UPI,1451.55,Paid
517638,717638,UPI,42519.47,Paid
517639,717639,UPI,8272.39,Paid
517640,717640,Credit Card,51533.22,Paid
517641,717641,UPI,1001.94,Paid
517642,717642,Net Banking,3486.17,Paid
517643,717643,UPI,1056.79,Paid
517644,717644,COD,7333.43,Paid
517645,717645,Net Banking,2727.29,Paid
517646,717646,UPI,2889.49,Pending
517647,717647,UPI,4012.46,Paid
517648,717648,UPI,3705.56,Paid
517649,717649,UPI,33228.23,Paid
517650,717650,Net Banking,505.21,Paid
517651,717651,UPI,14081.91,Paid
517652,717652,Credit Card,52757.24,Paid
517653,717653,UPI,13972.59,Paid
517654,717654,Debit Card,7138.17,Paid
517655,717655,UPI,20378.22,Paid
517656,717656,Credit Card,38259.37,Paid
517657,717657,Credit Card,17357.49,Paid
517658,717658,Credit Card,18079.88,Failed
517659,717659,Debit Card,251.76,Paid
517660,717660,UPI,75100.5,Paid
517661,717661,Net Banking,3522.63,Paid
517662,717662,COD,211940.61,Paid
517663,717663,Credit Card,96099.73,Paid
517664,717664,Debit Card,536.78,Paid
517665,717665,Credit Card,1152.74,Paid
517666,717666,Credit Card,19786.54,Paid
517667,717667,Wallet,5942.12,Paid
517668,717668,Wallet,557.1,Paid
517669,717669,Wallet,90684.12,Paid
517670,717670,UPI,7119.24,Paid
517671,717671,UPI,12023.16,Paid
517672,717672,Credit Card,3376.71,Paid
517673,717673,UPI,3514.57,Pending
517674,717674,Credit Card,1897.71,Paid
517675,717675,UPI,11489.99,Paid
517676,717676,UPI,17622.33,Paid
517677,717677,UPI,195791.98,Paid
517678,717678,Credit Card,6321.64,Paid
517679,717679,Credit Card,1016.78,Paid
517680,717680,Debit Card,813.42,Paid
517681,717681,Debit Card,2748.12,Paid
517682,717682,Credit Card,903.57,Paid
517683,717683,Net Banking,59472.59,Paid
517684,717684,Wallet,22061.49,Paid
517685,717685,COD,8957.48,Paid
517686,717686,UPI,14741.88,Paid
517687,717687,Wallet,4662.23,Paid
517688,717688,UPI,6801.43,Paid
517689,717689,Debit Card,13858.51,Pending
517690,717690,UPI,97088.1,Paid
517691,717691,COD,801.51,Paid
517692,717692,UPI,944.46,Paid
517693,717693,Credit Card,23272.19,Paid
517694,717694,Debit Card,20976.41,Pending
517695,717695,Net Banking,924.56,Paid
517696,717696,UPI,1385.46,Paid
517697,717697,Debit Card,1738.3,Paid
517698,717698,UPI,1050.25,Paid
517699,717699,Credit Card,12270.52,Paid
517700,717700,COD,16229.97,Paid
517701,717701,UPI,8307.25,Paid
517702,717702,Debit Card,8479.57,Paid
517703,717703,Net Banking,11753.3,Paid
517704,717704,UPI,6255.9,Paid
517705,717705,UPI,944.39,Paid
517706,717706,Credit Card,2114.14,Paid
517707,717707,Net Banking,2943.86,Paid
517708,717708,Credit Card,2437.63,Paid
517709,717709,UPI,2476.97,Failed
517710,717710,UPI,4283.41,Paid
517711,717711,UPI,17026.7,Paid
517712,717712,COD,55795.86,Paid
517713,717713,COD,14382.68,Paid
517714,717714,Wallet,12986.88,Paid
517715,717715,Wallet,2374.82,Paid
517716,717716,Credit Card,16072.17,Paid
517717,717717,UPI,3406.63,Paid
517718,717718,Credit Card,386.94,Paid
517719,717719,UPI,12690.54,Paid
517720,717720,Wallet,1699.06,Paid
517721,717721,Credit Card,2927.04,Paid
517722,717722,Credit Card,1245.28,Paid
517723,717723,Debit Card,49037.16,Paid
517724,717724,Wallet,903.57,Paid
517725,717725,Wallet,18439.56,Paid
517726,717726,UPI,15729.84,Paid
517727,717727,Credit Card,7503.27,Paid
517728,717728,UPI,101068.57,Paid
517729,717729,Credit Card,7642.67,Paid
517730,717730,COD,8541.64,Paid
517731,717731,Credit Card,6927.49,Paid
517732,717732,Debit Card,10217.34,Paid
517733,717733,Net Banking,15362.08,Paid
517734,717734,UPI,10893.99,Paid
517735,717735,Net Banking,11514.67,Paid
517736,717736,UPI,50781.03,Paid
517737,717737,UPI,2074.85,Paid
517738,717738,Debit Card,7390.74,Paid
517739,717739,Wallet,16671.79,Paid
517740,717740,Credit Card,3401.05,Paid
517741,717741,Credit Card,7186.95,Paid
517742,717742,UPI,50090.2,Paid
517743,717743,UPI,11316.35,Paid
517744,717744,COD,1315.77,Paid
517745,717745,Credit Card,21051.22,Paid
517746,717746,Net Banking,2990.15,Paid
517747,717747,COD,663.76,Pending
517748,717748,Wallet,18835.36,Paid
517749,717749,Credit Card,2168.5,Paid
517750,717750,UPI,8645.3,Paid
517751,717751,Debit Card,17499.1,Paid
517752,717752,COD,2355.66,Paid
517753,717753,UPI,2030.26,Paid
517754,717754,Credit Card,3955.08,Paid
517755,717755,Wallet,1955.59,Paid
517756,717756,UPI,16055.48,Paid
517757,717757,UPI,6933.01,Paid
517758,717758,UPI,22628.34,Paid
517759,717759,UPI,3287.6,Paid
517760,717760,Net Banking,8328.24,Paid
517761,717761,UPI,8903.62,Paid
517762,717762,Credit Card,2379.77,Paid
517763,717763,COD,14290.29,Paid
517764,717764,Net Banking,1356.38,Paid
517765,717765,UPI,5598.24,Paid
517766,717766,Credit Card,13649.79,Paid
517767,717767,Debit Card,425.18,Paid
517768,717768,Net Banking,953.77,Paid
517769,717769,UPI,12107.01,Paid
517770,717770,Credit Card,2811.6,Paid
517771,717771,UPI,3333.96,Paid
517772,717772,Debit Card,1994.93,Paid
517773,717773,Credit Card,2800.29,Paid
517774,717774,Credit Card,4643.38,Paid
517775,717775,UPI,5223.8,Failed
517776,717776,UPI,3155.91,Paid
517777,717777,COD,6025.64,Pending
517778,717778,Credit Card,7766.07,Paid
517779,717779,Net Banking,44635.22,Paid
517780,717780,Net Banking,7572.95,Paid
517781,717781,UPI,15618.74,Paid
517782,717782,Debit Card,48801.99,Paid
517783,717783,Credit Card,1795.0,Paid
517784,717784,Credit Card,3370.43,Paid
517785,717785,Credit Card,2045.06,Paid
517786,717786,Credit Card,60222.44,Paid
517787,717787,Debit Card,51823.07,Paid
517788,717788,Credit Card,97132.58,Paid
517789,717789,UPI,2237.88,Paid
517790,717790,Debit Card,15748.68,Paid
517791,717791,UPI,5667.15,Paid
517792,717792,UPI,506.86,Paid
517793,717793,UPI,29666.35,Paid
517794,717794,Net Banking,4254.19,Paid
517795,717795,UPI,507.3,Paid
517796,717796,UPI,25300.33,Paid
517797,717797,Credit Card,3120.37,Paid
517798,717798,Credit Card,59351.89,Paid
517799,717799,COD,5223.8,Paid
517800,717800,UPI,2437.63,Paid
517801,717801,UPI,4039.77,Paid
517802,717802,UPI,58821.7,Paid
517803,717803,Net Banking,9685.84,Paid
517804,717804,Net Banking,1239.75,Paid
517805,717805,Net Banking,13410.71,Paid
517806,717806,Debit Card,19362.42,Paid
517807,717807,Debit Card,9348.46,Paid
517808,717808,Credit Card,995.84,Paid
517809,717809,UPI,14379.94,Paid
517810,717810,COD,622.82,Paid
517811,717811,UPI,4758.52,Paid
517812,717812,COD,55720.68,Paid
517813,717813,COD,41823.99,Paid
517814,717814,COD,5464.35,Paid
517815,717815,Net Banking,7626.44,Paid
517816,717816,UPI,7538.98,Paid
517817,717817,Debit Card,10607.18,Paid
517818,717818,Net Banking,26706.95,Paid
517819,717819,COD,2926.35,Paid
517820,717820,UPI,97603.98,Paid
517821,717821,Credit Card,11183.14,Paid
517822,717822,UPI,15890.09,Paid
517823,717823,COD,1945.66,Paid
517824,717824,Credit Card,8061.8,Paid
517825,717825,UPI,3094.39,Paid
517826,717826,Debit Card,564.54,Paid
517827,717827,UPI,5820.55,Failed
517828,717828,Debit Card,111535.45,Paid
517829,717829,COD,4061.53,Paid
517830,717830,Debit Card,12056.2,Paid
517831,717831,UPI,24951.55,Paid
517832,717832,UPI,3660.62,Paid
517833,717833,UPI,6018.33,Paid
517834,717834,UPI,59443.64,Paid
517835,717835,Credit Card,396.22,Paid
517836,717836,UPI,800.93,Paid
517837,717837,Net Banking,9691.24,Paid
517838,717838,Net Banking,916.88,Paid
517839,717839,UPI,1001.94,Paid
517840,717840,Credit Card,429.7,Paid
517841,717841,UPI,6717.92,Paid
517842,717842,Credit Card,25841.2,Paid
517843,717843,Credit Card,25384.18,Paid
517844,717844,Credit Card,2384.62,Paid
517845,717845,Net Banking,2708.2,Paid
517846,717846,UPI,494.45,Paid
517847,717847,UPI,377.94,Paid
517848,717848,UPI,4419.66,Paid
517849,717849,Debit Card,4124.05,Paid
517850,717850,UPI,8467.37,Paid
517851,717851,UPI,6233.42,Paid
517852,717852,Debit Card,3317.75,Paid
517853,717853,UPI,1884.53,Paid
517854,717854,Net Banking,38764.71,Paid
517855,717855,UPI,8543.35,Paid
517856,717856,Wallet,63032.22,Paid
517857,717857,Credit Card,15270.64,Paid
517858,717858,Debit Card,130645.56,Paid
517859,717859,Credit Card,1755.56,Paid
517860,717860,Credit Card,1642.3,Paid
517861,717861,UPI,2279.25,Paid
517862,717862,Credit Card,23779.56,Paid
517863,717863,Credit Card,2373.28,Paid
517864,717864,Credit Card,67993.07,Paid
517865,717865,Debit Card,2140.06,Paid
517866,717866,UPI,3430.52,Paid
517867,717867,Credit Card,8952.59,Failed
517868,717868,UPI,46806.9,Paid
517869,717869,UPI,1009.74,Paid
517870,717870,UPI,93294.29,Paid
517871,717871,UPI,4449.9,Paid
517872,717872,Debit Card,28414.74,Paid
517873,717873,Net Banking,3174.42,Paid
517874,717874,UPI,3998.1,Paid
517875,717875,Net Banking,708.63,Paid
517876,717876,UPI,1395.96,Paid
517877,717877,UPI,9333.58,Pending
517878,717878,UPI,9999.44,Failed
517879,717879,Net Banking,7311.54,Paid
517880,717880,Credit Card,33624.23,Paid
517881,717881,UPI,7020.77,Paid
517882,717882,Debit Card,11711.29,Pending
517883,717883,Credit Card,24312.62,Pending
517884,717884,UPI,22319.98,Paid
517885,717885,UPI,38271.99,Paid
517886,717886,UPI,25316.55,Paid
517887,717887,UPI,114221.3,Paid
517888,717888,COD,34193.46,Paid
517889,717889,Debit Card,21787.01,Paid
517890,717890,UPI,19283.56,Paid
517891,717891,COD,8315.26,Paid
517892,717892,UPI,29641.8,Paid
517893,717893,UPI,21787.97,Paid
517894,717894,Debit Card,51399.59,Paid
517895,717895,COD,6146.64,Paid
517896,717896,Credit Card,7644.05,Paid
517897,717897,Wallet,4047.14,Paid
517898,717898,Net Banking,36943.04,Paid
517899,717899,Wallet,3525.14,Paid
517900,717900,UPI,15477.05,Pending
517901,717901,COD,361.52,Paid
517902,717902,UPI,46336.85,Paid
517903,717903,COD,2259.46,Paid
517904,717904,Debit Card,97422.74,Paid
517905,717905,UPI,10287.73,Paid
517906,717906,Debit Card,10078.86,Paid
517907,717907,Wallet,6167.34,Paid
517908,717908,UPI,25535.41,Paid
517909,717909,UPI,16141.32,Paid
517910,717910,Credit Card,3352.6,Paid
517911,717911,Credit Card,425.2,Paid
517912,717912,Debit Card,3725.18,Paid
517913,717913,Debit Card,5165.55,Paid
517914,717914,UPI,942.69,Paid
517915,717915,UPI,7248.77,Paid
517916,717916,COD,69091.13,Paid
517917,717917,UPI,39943.91,Paid
517918,717918,Debit Card,4599.86,Paid
517919,717919,UPI,11114.88,Paid
517920,717920,UPI,2468.27,Paid
517921,717921,Credit Card,67295.81,Paid
517922,717922,UPI,2437.84,Paid
517923,717923,COD,873.69,Paid
517924,717924,UPI,812.03,Paid
517925,717925,Debit Card,9414.49,Paid
517926,717926,UPI,4545.29,Paid
517927,717927,UPI,778.38,Paid
517928,717928,Net Banking,27909.32,Paid
517929,717929,Credit Card,16889.33,Paid
517930,717930,UPI,486.57,Failed
517931,717931,UPI,78083.18,Paid
517932,717932,UPI,13034.52,Paid
517933,717933,COD,10074.93,Paid
517934,717934,UPI,17560.49,Paid
517935,717935,Debit Card,15857.42,Paid
517936,717936,COD,15103.33,Paid
517937,717937,UPI,1712.05,Paid
517938,717938,COD,472.44,Paid
517939,717939,UPI,55272.9,Paid
517940,717940,UPI,12535.14,Paid
517941,717941,Debit Card,27669.14,Paid
517942,717942,Credit Card,41989.63,Paid
517943,717943,COD,58880.51,Paid
517944,717944,COD,28086.44,Failed
517945,717945,UPI,42034.58,Paid
517946,717946,UPI,9200.96,Paid
517947,717947,COD,8833.0,Paid
517948,717948,Credit Card,6700.56,Paid
517949,717949,UPI,1438.51,Paid
517950,717950,Wallet,1805.5,Paid
517951,717951,Debit Card,16715.62,Failed
517952,717952,COD,20915.79,Pending
517953,717953,UPI,9297.1,Paid
517954,717954,Credit Card,62818.45,Failed
517955,717955,UPI,16212.78,Paid
517956,717956,Credit Card,8818.66,Paid
517957,717957,UPI,2562.23,Paid
517958,717958,COD,1561.38,Paid
517959,717959,Debit Card,1169.15,Paid
517960,717960,Debit Card,9880.6,Paid
517961,717961,COD,1351.86,Paid
517962,717962,Wallet,45058.3,Paid
517963,717963,Credit Card,1882.02,Paid
517964,717964,UPI,2833.14,Paid
517965,717965,Credit Card,106432.09,Paid
517966,717966,Debit Card,21370.72,Paid
517967,717967,COD,21007.28,Paid
517968,717968,Wallet,10686.54,Paid
517969,717969,COD,2694.5,Paid
517970,717970,UPI,939.37,Paid
517971,717971,Credit Card,19178.18,Paid
517972,717972,UPI,1097.75,Paid
517973,717973,Credit Card,4599.86,Paid
517974,717974,Debit Card,55786.81,Paid
517975,717975,COD,2468.24,Paid
517976,717976,UPI,15386.29,Paid
517977,717977,Credit Card,23189.54,Paid
517978,717978,UPI,7512.14,Paid
517979,717979,Wallet,18697.69,Paid
517980,717980,Credit Card,5806.29,Paid
517981,717981,UPI,5191.7,Paid
517982,717982,Wallet,42503.31,Failed
517983,717983,COD,5866.74,Paid
517984,717984,Wallet,3939.36,Paid
517985,717985,UPI,902.26,Paid
517986,717986,UPI,6669.58,Paid
517987,717987,UPI,3714.59,Paid
517988,717988,UPI,287.37,Paid
517989,717989,Credit Card,9181.17,Paid
517990,717990,UPI,48078.75,Paid
517991,717991,Credit Card,13825.21,Paid
517992,717992,UPI,661.43,Paid
517993,717993,COD,3180.44,Paid
517994,717994,COD,10296.19,Paid
517995,717995,UPI,30715.09,Paid
517996,717996,Debit Card,5323.64,Paid
517997,717997,Credit Card,20262.65,Paid
517998,717998,Net Banking,3819.72,Paid
517999,717999,COD,1102.66,Paid
518000,718000,UPI,8541.86,Paid
